ID;Nama Makanan;Kategori;Jumlah Sajian;Per Sajian;Energi;Energi dari lemak;Energi dari lemak jenuh;Karbohidrat total;Karbohidrat lain;Protein;Lemak total;Lemak jenuh;Lemak tidak jenuh ganda;Lemak tidak jenuh tunggal;Lemak trans;Kolesterol;Serat pangan;Serat pangan larut;Serat pangan tidak larut;Gula;Gula alkohol;Air;Abu;Vitamin A;B0Karoten;Vitamin B1;Vitamin B2;Vitamin B3;Vitamin B5;Vitamin B6;Vitamin B12;Folat;Biotin;Kolin;Vitamin C;Vitamin D;Vitamin E;Vitamin K;Kalsium;Fosfor;Magnesium;Natrium;Kalium;Besi;Seng;Tembaga;Mangan;Iodium;Selenium;Fluor;Kromium;L0Karnitin;Myo0Inositol;Asam linoleat;Asam a0linolenat
1955;A &W root beer;A & W Restaurant;1;570 ml;290 kkal;0;0;78 g;0;0 g;0 g;0;0;0;0;0;0 g;0;0;75 g;0;0;0;0;0;0;0;0;0;0;0;0;0;0;0;0;0;0;0;0;0;0 mg;0;0;0;0;0;0;0;0;0;0;0;0;0
1960;A &W Beef burger;A&W;1;127 g;342 kkal;0;0;39 g;0;13 g;16 g;0;0;0;0;0;1 g;0;0;8 g;0;0;0;0;0;0;0;0;0;0;0;0;0;0;0;0;0;0;0;0;0;0 mg;0;0;0;0;0;0;0;0;0;0;0;0;0
1957;A &W Burger cheeseburger;A&W;1;144 g;398 kkal;0;0;39 g;0;15 g;21 g;0;0;0;0;0;1 g;0;0;9 g;0;0;0;0;0;0;0;0;0;0;0;0;0;0;0;0;0;0;0;0;0;0 mg;0;0;0;0;0;0;0;0;0;0;0;0;0
1956;A &W burger mozza;A&W;1;266 g;550 kkal;0;0;43 g;0;25 g;33 g;0;0;0;0;0;2 g;0;0;12 g;0;0;0;0;0;0;0;0;0;0;0;0;0;0;0;0;0;0;0;0;0;0 mg;0;0;0;0;0;0;0;0;0;0;0;0;0
1959;A &W Jumbo chicken sandwich;A&W;1;213 g;550 kkal;0;0;52 g;0;30 g;25 g;0;0;0;0;0;5 g;0;0;6 g;0;0;0;0;0;0;0;0;0;0;0;0;0;0;0;0;0;0;0;0;0;0 mg;0;0;0;0;0;0;0;0;0;0;0;0;0
1958;A &W Root beer float;A&W;1;570 ml;350 kkal;0;0;77 g;0;2 g;5 g;0;0;0;0;0;0 g;0;0;64 g;0;0;0;0;0;0;0;0;0;0;0;0;0;0;0;0;0;0;0;0;0;0 mg;0;0;0;0;0;0;0;0;0;0;0;0;0
2220;Susu Ensure;Abbot Indonesia;1;230 ml;230 kkal;0;0;31 g;0;9 g;7 g;0;0;0;0;0;0;0;0;0;0;0;0;0;0;0;0;0;0;0;0;0;0;0;0;0;0;0;0;0;0;0 mg;0;0;0;0;0;0;0;0;0;0;0;0;0
2252;Es krim Aice Blueberry Yoghurt;Aice group holdings Pte. Ltd;1;65 ml;90 kkal;0;0;15 g;0;1 g;2.50 g;0;0;0;0;0;0;0;0;0;0;0;0;0;0;0;0;0;0;0;0;0;0;0;0;0;0;0;0;0;0;15 mg;0;0;0;0;0;0;0;0;0;0;0;0;0
995;Abon haruwan;Alami;1;100 g;513 kkal;0;0;21.30 g;0;23.70 g;37 g;0;0;0;0;0;0 g;0;0;0;0;11.60 g;6.40 g;0 mcg;0 mcg;0 mg;0 mg;0 mg;0;0;0;0;0;0;0 mg;0;0;0;25 mg;25 mg;0;61 mg;15 mg;0.50 mg;0.20 mg;0 mcg;0;0;0;0;0;0;0;0;0
996;Abon ikan;Alami;1;100 g;435 kkal;0;0;36.10 g;0;27.20 g;20.20 g;0;0;0;0;0;0 g;0;0;0;0;6.40 g;10.10 g;0 mcg;0 mcg;0 mg;0.80 mg;24.30 mg;0;0;0;0;0;0;0 mg;0;0;0;0 mg;0 mg;0;0 mg;0 mg;0 mg;0 mg;0 mcg;0;0;0;0;0;0;0;0;0
1183;air putih / air mineral / air minum;Alami;1;100 g;0 kkal;0;0;0 g;0;0 g;0 g;0;0;0;0;0;0 g;0;0;0;0;100 g;0 g;0 mcg;0 mcg;0 mg;0 mg;0 mg;0;0;0;0;0;0;0 mg;0;0;0;0 mg;0 mg;0;0 mg;0 mg;0 mg;0 mg;0 mcg;0;0;0;0;0;0;0;0;0
383;Akar tonjong, segar;Alami;1;100 g;45 kkal;0;0;10.80 g;0;1.10 g;0.40 g;0;0;0;0;0;1.20 g;0;0;0;0;86.70 g;1 g;0 mcg;83 mcg;0.02 mg;0.03 mg;1.90 mg;0;0;0;0;0;0;2 mg;0;0;0;72 mg;125 mg;0;96 mg;1147.10 mg;1.30 mg;0.20 mg;20 mcg;0;0;0;0;0;0;0;0;0
384;Ale, toge, tauge, kecambah, segar;Alami;1;100 g;37 kkal;0;0;3.80 g;0;4.40 g;0.50 g;0;0;0;0;0;1.70 g;0;0;0;0;90.60 g;0.70 g;0 mcg;0 mcg;0.02 mg;0.09 mg;0.60 mg;0;0;0;0;0;0;46 mg;0;0;0;50 mg;248 mg;0;2 mg;105 mg;2 mg;0.40 mg;160 mcg;0;0;0;0;0;0;0;0;0
1195;Almond, kacang Almond;Alami;1;100 g;613 kkal;0;0;16.13 g;0;19.30 g;54.84 g;0;0;0;0;0;9.70 g;0;0;0;0;0;0;0 mcg;0;0;0;0;0;0;0;0;0;0;0 mg;0;0;0;258 mg;0;0;710 mg;0;3.48 mg;0;0;0;0;0;0;0;0;0;0;0
610;Alpukat, segar;Alami;1;100 g;85 kkal;0;0;7.70 g;0;0.90 g;6.50 g;0;0;0;0;0;0 g;0;0;0;0;84.30 g;0.60 g;0 mcg;189 mcg;0.05 mg;0.08 mg;1 mg;0;0;0;0;0;0;13 mg;0;0;0;10 mg;20 mg;0;2 mg;278 mg;0.90 mg;0.40 mg;200 mcg;0;0;0;0;0;0;0;0;0
47;Amparan, tatak;Alami;1;100 g;191 kkal;0;0;34 g;0;1.30 g;5.50 g;0;0;0;0;0;0 g;0;0;0;0;58.40 g;0.80 g;0 mcg;0 mcg;0 mg;0 mg;0 mg;0;0;0;0;0;0;0 mg;0;0;0;0 mg;0 mg;0;0 mg;0 mg;0 mg;0 mg;0 mcg;0;0;0;0;0;0;0;0;0
311;Ampas kacang hijau;Alami;1;100 g;96 kkal;0;0;19.10 g;0;3.70 g;0.60 g;0;0;0;0;0;2.70 g;0;0;0;0;70.60 g;0.60 g;0 mcg;0 mcg;0.05 mg;0 mg;0 mg;0;0;0;0;0;0;0 mg;0;0;0;133 mg;150 mg;0;0 mg;0 mg;1.30 mg;0 mg;0 mcg;0;0;0;0;0;0;0;0;0
314;Ampas tahu kering;Alami;1;100 g;414 kkal;0;0;41.30 g;0;26.60 g;18.30 g;0;0;0;0;0;0 g;0;0;0;0;9 g;5.80 g;0 mcg;24 mcg;0.20 mg;0.10 mg;0.50 mg;0;0;0;0;0;0;0 mg;0;0;0;19 mg;29 mg;0;45 mg;1055.70 mg;4 mg;2.80 mg;990 mcg;0;0;0;0;0;0;0;0;0
313;Ampas tahu kukus;Alami;1;100 g;75 kkal;0;0;10.70 g;0;4.10 g;2.10 g;0;0;0;0;0;5.10 g;0;0;0;0;82.50 g;0.60 g;0 mcg;0 mcg;0.07 mg;0 mg;0 mg;0;0;0;0;0;0;0 mg;0;0;0;203 mg;60 mg;0;0 mg;0 mg;1.30 mg;0 mg;0 mcg;0;0;0;0;0;0;0;0;0
312;Ampas tahu mentah;Alami;1;100 g;67 kkal;0;0;8.10 g;0;5 g;2.10 g;0;0;0;0;0;4.10 g;0;0;0;0;84.10 g;0.60 g;0 mcg;0 mcg;0.06 mg;0.02 mg;0.10 mg;0;0;0;0;0;0;0 mg;0;0;0;460 mg;88 mg;0;8 mg;184.50 mg;1 mg;0.50 mg;170 mcg;0;0;0;0;0;0;0;0;0
737;Anak sapi, daging, gemuk,segar;Alami;1;100 g;184 kkal;0;0;0 g;0;18.80 g;14 g;0;0;0;0;0;0 g;0;0;0;0;62 g;5.20 g;12 mcg;37 mcg;0.13 mg;0.17 mg;7 mg;0;0;0;0;0;0;0 mg;0;0;0;10 mg;200 mg;0;118 mg;490.10 mg;2.20 mg;3.30 mg;170 mcg;0;0;0;0;0;0;0;0;0
738;Anak sapi, daging, kurus,segar;Alami;1;100 g;174 kkal;0;0;0 g;0;19.60 g;10 g;0;0;0;0;0;0 g;0;0;0;0;69 g;1.40 g;6 mcg;30 mcg;0.08 mg;0.14 mg;5.70 mg;0;0;0;0;0;0;0 mg;0;0;0;11 mg;201 mg;0;96 mg;399.80 mg;2.90 mg;2.70 mg;140 mcg;0;0;0;0;0;0;0;0;0
739;Anak sapi, daging,sedang,segar;Alami;1;100 g;190 kkal;0;0;0 g;0;19.10 g;12 g;0;0;0;0;0;0 g;0;0;0;0;68 g;0.90 g;12 mcg;83 mcg;0.14 mg;0.15 mg;5.90 mg;0;0;0;0;0;0;0 mg;0;0;0;11 mg;193 mg;0;99 mg;412.70 mg;2.90 mg;2.80 mg;140 mcg;0;0;0;0;0;0;0;0;0
385;Andaliman, segar;Alami;1;100 g;99 kkal;0;0;18 g;0;4.60 g;1 g;0;0;0;0;0;8.50 g;0;0;0;0;74.20 g;2.20 g;0 mcg;0 mcg;3 mg;0 mg;0 mg;0;0;0;0;0;0;15 mg;0;0;0;383 mg;107 mg;0;0 mg;0 mg;2.90 mg;0 mg;0 mcg;0;0;0;0;0;0;0;0;0
386;Andewi, segar;Alami;1;100 g;226 kkal;0;0;5.30 g;0;1.60 g;0.20 g;0;0;0;0;0;4.10 g;0;0;0;0;91.80 g;1.10 g;0 mcg;1717 mcg;0.14 mg;0.09 mg;0.50 mg;0;0;0;0;0;0;10 mg;0;0;0;33 mg;66 mg;0;29 mg;414.60 mg;1 mg;1 mg;130 mcg;0;0;0;0;0;0;0;0;0
611;Anggur hutan, segar;Alami;1;100 g;30 kkal;0;0;6.80 g;0;0.50 g;0.20 g;0;0;0;0;0;1.20 g;0;0;0;0;92.30 g;0.20 g;0 mcg;0 mcg;0.01 mg;0 mg;0 mg;0;0;0;0;0;0;3 mg;0;0;0;39 mg;12 mg;0;0 mg;0 mg;1.10 mg;0 mg;0 mcg;0;0;0;0;0;0;0;0;0
740;Angsa,daging,segar;Alami;1;100 g;349 kkal;0;0;0 g;0;16.40 g;31.50 g;0;0;0;0;0;0 g;0;0;0;0;51.10 g;1 g;273 mcg;0 mcg;0.10 mg;0.24 mg;7.11 mg;0;0;0;0;0;0;0 mg;0;0;0;15 mg;188 mg;0;71 mg;299.20 mg;1.80 mg;1.70 mg;260 mcg;0;0;0;0;0;0;0;0;0
571;Anyang, sayur;Alami;1;100 g;126 kkal;0;0;10.30 g;0;3.40 g;7.90 g;0;0;0;0;0;5.40 g;0;0;0;0;76.90 g;1.50 g;0 mcg;3263 mcg;0.20 mg;0 mg;0 mg;0;0;0;0;0;0;0 mg;0;0;0;180 mg;1 mg;0;290 mg;181 mg;2.90 mg;1.20 mg;300 mcg;0;0;0;0;0;0;0;0;0
48;Apang kukus, kue;Alami;1;100 g;202 kkal;0;0;46.70 g;0;3 g;0.30 g;0;0;0;0;0;0 g;0;0;0;0;49.50 g;0.50 g;0 mcg;0 mcg;0 mg;0 mg;0 mg;0;0;0;0;0;0;0 mg;0;0;0;0 mg;0 mg;0;0 mg;0 mg;0 mg;0 mg;0 mcg;0;0;0;0;0;0;0;0;0
612;Apel malang, segar;Alami;1;100 g;57 kkal;0;0;12.80 g;0;0.50 g;0.40 g;0;0;0;0;0;0.80 g;0;0;0;0;85.90 g;0.30 g;0 mcg;26 mcg;0.05 mg;0.03 mg;0.10 mg;0;0;0;0;0;0;5 mg;0;0;0;9 mg;18 mg;0;3.60 mg;175.40 mg;0.60 mg;0 mg;110200 mcg;0;0;0;0;0;0;0;0;0
613;Apel, segar;Alami;1;100 g;58 kkal;0;0;14.90 g;0;0.30 g;0.40 g;0;0;0;0;0;2.60 g;0;0;0;0;84.10 g;0.30 g;0 mcg;30 mcg;0.04 mg;0.03 mg;0.10 mg;0;0;0;0;0;0;5 mg;0;0;0;6 mg;10 mg;0;2 mg;130 mg;0.30 mg;0.30 mg;124200 mcg;0;0;0;0;0;0;0;0;0
49;Apem, kue;Alami;1;100 g;148 kkal;0;0;33.90 g;0;2 g;0.50 g;0;0;0;0;0;0 g;0;0;0;0;63.10 g;0.50 g;0 mcg;0 mcg;0 mg;0 mg;0 mg;0;0;0;0;0;0;0 mg;0;0;0;0 mg;0 mg;0;0 mg;0 mg;0 mg;0 mg;0 mcg;0;0;0;0;0;0;0;0;0
1347;Apricot;Alami;1;100 g;241 kkal;0;0;62.64 g;0;3.39 g;0.51 g;0;0;0;0;0;7.30 g;0;0;0;0;0;0;0;0;0;0;0;0;0;0;0;0;0;0;0;0;0;0;0;0;0;0;0;0;0;0;0;0;0;0;0;0;0;0
614;Arbai, segar;Alami;1;100 g;37 kkal;0;0;8.30 g;0;0.80 g;0.50 g;0;0;0;0;0;0 g;0;0;0;0;89.90 g;0.50 g;0 mcg;2 mcg;0.03 mg;0 mg;0.10 mg;0;0;0;0;0;0;60 mg;0;0;0;28 mg;27 mg;0;1.95 mg;43 mg;0.80 mg;18.90 mg;63500 mcg;0;0;0;0;0;0;0;0;0
572;Ares,sayur;Alami;1;100 g;113 kkal;0;0;11.20 g;0;0.90 g;7.20 g;0;0;0;0;0;4.70 g;0;0;0;0;77.70 g;3 g;0 mcg;6 mcg;0.10 mg;0 mg;0.50 mg;0;0;0;0;0;0;0 mg;0;0;0;63 mg;5 mg;0;1413 mg;1030 mg;1.50 mg;3.80 mg;700 mcg;0;0;0;0;0;0;0;0;0
136;Arrowroot, segar;Alami;1;100 g;102 kkal;0;0;24.10 g;0;1 g;0.20 g;0;0;0;0;0;1.70 g;0;0;0;0;73.50 g;1.20 g;0 mcg;15 mcg;0.06 mg;0.10 mg;2.20 mg;0;0;0;0;0;0;2 mg;0;0;0;28 mg;35 mg;0;36 mg;626.60 mg;1.70 mg;0.80 mg;200 mcg;0;0;0;0;0;0;0;0;0
573;Arwan sirsir;Alami;1;100 g;277 kkal;0;0;10.70 g;0;2.40 g;25 g;0;0;0;0;0;4.60 g;0;0;0;0;59 g;2.90 g;0 mcg;1578 mcg;0.10 mg;0.20 mg;0 mg;0;0;0;0;0;0;11 mg;0;0;0;120 mg;40 mg;0;240 mg;320 mg;2.40 mg;0.90 mg;200 mcg;0;0;0;0;0;0;0;0;0
1109;Asam arang coklat, segar;Alami;1;100 g;130 kkal;0;0;30.90 g;0;0.50 g;1.10 g;0;0;0;0;0;1.50 g;0;0;0;0;66.10 g;1.40 g;0 mcg;745 mcg;0.01 mg;0.20 mg;0 mg;0;0;0;0;0;0;0 mg;0;0;0;79 mg;113 mg;0;13 mg;0 mg;4.30 mg;0 mg;0 mcg;0;0;0;0;0;0;0;0;0
1110;Asam arang merah, segar;Alami;1;100 g;99 kkal;0;0;20.30 g;0;0.80 g;1.60 g;0;0;0;0;0;2.80 g;0;0;0;0;75.90 g;1.40 g;0 mcg;529 mcg;0.01 mg;0.34 mg;1.60 mg;0;0;0;0;0;0;0 mg;0;0;0;69 mg;300 mg;0;2 mg;96 mg;4.60 mg;0.10 mg;0 mcg;0;0;0;0;0;0;0;0;0
1111;Asam kandis kering;Alami;1;100 g;261 kkal;0;0;63.30 g;0;0.90 g;1.60 g;0;0;0;0;0;5 g;0;0;0;0;32.20 g;2 g;0 mcg;0 mcg;0 mg;0 mg;0.40 mg;0;0;0;0;0;0;0 mg;0;0;0;192 mg;657 mg;0;26 mg;341 mg;4.40 mg;0.30 mg;400 mcg;0;0;0;0;0;0;0;0;0
1112;Asam kandis segar;Alami;1;100 g;75 kkal;0;0;16.10 g;0;0.20 g;1.10 g;0;0;0;0;0;3.40 g;0;0;0;0;81.50 g;1.10 g;0 mcg;41 mcg;0.01 mg;0 mg;0.10 mg;0;0;0;0;0;0;0 mg;0;0;0;63 mg;139 mg;0;93 mg;93 mg;2.50 mg;0.10 mg;100 mcg;0;0;0;0;0;0;0;0;0
1113;Asam masak pohon, segar;Alami;1;100 g;267 kkal;0;0;62.50 g;0;2.80 g;0.60 g;0;0;0;0;0;1.20 g;0;0;0;0;31.40 g;2.70 g;0 mcg;9 mcg;0.34 mg;0.04 mg;0.70 mg;0;0;0;0;0;0;2 mg;0;0;0;74 mg;113 mg;0;9 mg;139 mg;0.60 mg;0.10 mg;90 mcg;0;0;0;0;0;0;0;0;0
1114;Asam payak, segar;Alami;1;100 g;135 kkal;0;0;32.10 g;0;0.80 g;0.40 g;0;0;0;0;0;10 g;0;0;0;0;65.10 g;1.60 g;0 mcg;0 mcg;0 mg;0 mg;0 mg;0;0;0;0;0;0;0 mg;0;0;0;60 mg;39 mg;0;0 mg;0 mg;5.70 mg;0 mg;0 mcg;0;0;0;0;0;0;0;0;0
570;Asinan bogor,sayuran;Alami;1;100 g;98 kkal;0;0;14.80 g;0;3.90 g;2.60 g;0;0;0;0;0;0.50 g;0;0;0;0;78 g;0.70 g;10 mcg;0 mcg;0.28 mg;0 mg;0 mg;0;0;0;0;0;0;5 mg;0;0;0;314 mg;17 mg;0;483 mg;0 mg;1.20 mg;0 mg;0 mcg;0;0;0;0;0;0;0;0;0
2012;asparagus;Alami;1;100 g;20 kkal;0;0;3.88 g;0;2.20 g;0.12 g;0;0;0;0;0;2.10 g;0;0;0;0;93.22 g;0.58 g;0 mcg;449 mcg;0.14 mg;0.14 mg;0.98 mg;0;0;0;0;0;0;5.60 mg;0;0;0;24 mg;52 mg;0;2 mg;0;2.14 mg;0.54 mg;0;0;0;0;0;0;0;0;0;0
2064;Ayam bakar;Alami;1;100 g;226 kkal;0;0;0.10 g;0;23 g;15 g;0;0;0;0;0;0;0;0;0;0;0;0;0;0;0;0;0;0;0;0;0;0;0;0;0;0;0;255 mg;0;0;335 mg;0;0;0;0;0;0;0;0;0;0;0;0;0
791;Ayam goreng church texas, dada;Alami;1;100 g;338 kkal;0;0;0.40 g;0;35.20 g;20.60 g;0;0;0;0;0;0 g;0;0;0;0;42.20 g;1.50 g;16 mcg;0 mcg;0.52 mg;0.16 mg;12.10 mg;0;0;0;0;0;0;0 mg;0;0;0;79 mg;221 mg;0;800 mg;369.50 mg;5.60 mg;1.10 mg;160 mcg;0;0;0;0;0;0;0;0;0
792;Ayam goreng church texas, paha;Alami;1;100 g;287 kkal;0;0;1.70 g;0;31 g;15.70 g;0;0;0;0;0;0 g;0;0;0;0;50.30 g;1.30 g;22 mcg;0 mcg;0.66 mg;0.20 mg;5.30 mg;0;0;0;0;0;0;0 mg;0;0;0;99 mg;176 mg;0;723 mg;257 mg;4.10 mg;1.50 mg;170 mcg;0;0;0;0;0;0;0;0;0
793;Ayam goreng church texas, sayap;Alami;1;100 g;295 kkal;0;0;1.50 g;0;34 g;16 g;0;0;0;0;0;0 g;0;0;0;0;47.20 g;1.30 g;13 mcg;0 mcg;0.44 mg;0.13 mg;6.20 mg;0;0;0;0;0;0;0 mg;0;0;0;81 mg;179 mg;0;771 mg;237.20 mg;3 mg;1.20 mg;160 mcg;0;0;0;0;0;0;0;0;0
794;Ayam goreng kalasan, paha;Alami;1;100 g;275 kkal;0;0;1.30 g;0;37.40 g;12.20 g;0;0;0;0;0;0 g;0;0;0;0;46.20 g;2.90 g;10 mcg;0 mcg;0.10 mg;0 mg;0 mg;0;0;0;0;0;0;0 mg;0;0;0;116 mg;237 mg;0;176 mg;321.90 mg;5.80 mg;1.50 mg;160 mcg;0;0;0;0;0;0;0;0;0
795;Ayam goreng kentucky, dada;Alami;1;100 g;298 kkal;0;0;0.10 g;0;34.20 g;16.80 g;0;0;0;0;0;0 g;0;0;0;0;46.50 g;2.50 g;36 mcg;0 mcg;0.19 mg;0 mg;0 mg;0;0;0;0;0;0;0 mg;0;0;0;90 mg;284 mg;0;741 mg;432 mg;5.50 mg;1 mg;70 mcg;0;0;0;0;0;0;0;0;0
796;Ayam goreng kentucky, paha;Alami;1;100 g;286 kkal;0;0;1.10 g;0;32.10 g;16.10 g;0;0;0;0;0;0 g;0;0;0;0;48.70 g;2 g;31 mcg;0 mcg;0.50 mg;0.21 mg;5.50 mg;0;0;0;0;0;0;0 mg;0;0;0;89 mg;248 mg;0;746 mg;265.20 mg;6.90 mg;2.30 mg;90 mcg;0;0;0;0;0;0;0;0;0
797;Ayam goreng kentucky, sayap;Alami;1;100 g;297 kkal;0;0;1.60 g;0;35.90 g;15.20 g;0;0;0;0;0;0 g;0;0;0;0;44.70 g;2.60 g;22 mcg;0 mcg;0.73 mg;0.14 mg;6.50 mg;0;0;0;0;0;0;0 mg;0;0;0;103 mg;227 mg;0;807 mg;248.40 mg;4.40 mg;1.40 mg;60 mcg;0;0;0;0;0;0;0;0;0
798;Ayam goreng mbok berek, dada;Alami;1;100 g;295 kkal;0;0;1 g;0;39.20 g;13.60 g;0;0;0;0;0;0 g;0;0;0;0;43.40 g;2.80 g;8 mcg;0 mcg;0.19 mg;0 mg;0 mg;0;0;0;0;0;0;0 mg;0;0;0;114 mg;278 mg;0;0 mg;0 mg;5.40 mg;0 mg;0 mcg;0;0;0;0;0;0;0;0;0
799;Ayam goreng pasundan, dada;Alami;1;100 g;246 kkal;0;0;0.70 g;0;37.90 g;9 g;0;0;0;0;0;0 g;0;0;0;0;50.10 g;2.30 g;6 mcg;0 mcg;0.16 mg;0 mg;0 mg;0;0;0;0;0;0;0 mg;0;0;0;90 mg;260 mg;0;0 mg;0 mg;7.50 mg;0 mg;0 mcg;0;0;0;0;0;0;0;0;0
800;Ayam goreng pasundan, paha;Alami;1;100 g;245 kkal;0;0;0.30 g;0;33.10 g;11.40 g;0;0;0;0;0;0 g;0;0;0;0;52.80 g;2.50 g;8 mcg;0 mcg;0.37 mg;0 mg;0 mg;0;0;0;0;0;0;0 mg;0;0;0;90 mg;283 mg;0;0 mg;0 mg;7.30 mg;0 mg;0 mcg;0;0;0;0;0;0;0;0;0
801;Ayam goreng poineer, dada;Alami;1;100 g;295 kkal;0;0;0.60 g;0;37.40 g;14.70 g;0;0;0;0;0;0 g;0;0;0;0;44.50 g;2.70 g;16 mcg;0 mcg;0.10 mg;0 mg;0 mg;0;0;0;0;0;0;0 mg;0;0;0;108 mg;236 mg;0;0 mg;0 mg;6.80 mg;0 mg;0 mcg;0;0;0;0;0;0;0;0;0
802;Ayam goreng sukabumi, dada;Alami;1;100 g;244 kkal;0;0;1 g;0;36.70 g;9.20 g;0;0;0;0;0;0 g;0;0;0;0;49.80 g;3.40 g;20 mcg;0 mcg;0.66 mg;0 mg;0 mg;0;0;0;0;0;0;0 mg;0;0;0;81 mg;154 mg;0;0 mg;0 mg;6.10 mg;0 mg;0 mcg;0;0;0;0;0;0;0;0;0
803;Ayam goreng sukabumi, paha;Alami;1;100 g;283 kkal;0;0;0.50 g;0;35.70 g;14.30 g;0;0;0;0;0;0 g;0;0;0;0;46 g;3.60 g;11 mcg;0 mcg;0.36 mg;0 mg;0 mg;0;0;0;0;0;0;0 mg;0;0;0;68 mg;106 mg;0;0 mg;0 mg;5.40 mg;0 mg;0 mcg;0;0;0;0;0;0;0;0;0
804;Ayam taliwang, masakan;Alami;1;100 g;264 kkal;0;0;2.70 g;0;18.20 g;20.10 g;0;0;0;0;0;0 g;0;0;0;0;57.50 g;1.50 g;1067 mcg;0 mcg;0 mg;0 mg;0 mg;0;0;0;0;0;0;0 mg;0;0;0;94 mg;164 mg;0;507 mg;408 mg;2 mg;13.20 mg;400 mcg;0;0;0;0;0;0;0;0;0
771;Ayam, ampela, goreng;Alami;1;100 g;270 kkal;0;0;9.90 g;0;32.30 g;11.20 g;0;0;0;0;0;0 g;0;0;0;0;4.80 g;1.80 g;56 mcg;0 mcg;0.21 mg;0 mg;4.72 mg;0;0;0;0;0;0;0 mg;0;0;0;129 mg;314 mg;0;980 mg;0 mg;4.90 mg;3.30 mg;120 mcg;0;0;0;0;0;0;0;0;0
2050;Ayam, daging, segar (Chicken, meat, fresh);Alami;1;100 g;298 kkal;0;0;0 g;0;18.20 g;25 g;0;0;0;0;0;0 g;0;0;0;0;55.90 g;0.90 g;245 mcg;0 mcg;0.08 mg;0.14 mg;10.40 mg;0;0;0;0;0;0;0 mg;0;0;0;14 mg;200 mg;0;109 mg;385.90 mg;1.50 mg;0.60 mg;110 mcg;0;0;0;0;0;0;0;0;0
742;Ayam, dideh/darah, segar;Alami;1;100 g;75 kkal;0;0;0.70 g;0;13.80 g;1.90 g;0;0;0;0;0;0 g;0;0;0;0;82 g;1.60 g;15 mcg;0 mcg;0.02 mg;0 mg;0.60 mg;0;0;0;0;0;0;0 mg;0;0;0;15 mg;9 mg;0;337 mg;234 mg;1.30 mg;0 mg;0 mcg;0;0;0;0;0;0;0;0;0
772;Ayam, usus, goreng;Alami;1;100 g;473 kkal;0;0;13.90 g;0;45.20 g;26.30 g;0;0;0;0;0;0 g;0;0;0;0;4.60 g;10.10 g;6 mcg;0 mcg;0.57 mg;0 mg;0 mg;0;0;0;0;0;0;0 mg;0;0;0;1407 mg;458 mg;0;0 mg;0 mg;8.40 mg;0 mg;0 mcg;0;0;0;0;0;0;0;0;0
743;Ayam,hati,segar;Alami;1;100 g;261 kkal;0;0;1.60 g;0;27.40 g;16.10 g;0;0;0;0;0;0 g;0;0;0;0;53.40 g;1.50 g;4957 mcg;169 mcg;0.64 mg;4.38 mg;4.11 mg;0;0;0;0;0;0;0 mg;0;0;0;118 mg;373 mg;0;1068 mg;22.90 mg;15.80 mg;0 mg;840 mcg;0;0;0;0;0;0;0;0;0
805;Babi hutan masak rica;Alami;1;100 g;491 kkal;0;0;0.20 g;0;24.60 g;16.30 g;0;0;0;0;0;0 g;0;0;0;0;56.20 g;2.70 g;2193 mcg;0 mcg;0.61 mg;0.47 mg;0 mg;0;0;0;0;0;0;0 mg;0;0;0;18 mg;144 mg;0;1415 mg;327 mg;1.20 mg;2.60 mg;200 mcg;0;0;0;0;0;0;0;0;0
744;Babi, daging, gemuk, segar;Alami;1;100 g;453 kkal;0;0;0 g;0;11.90 g;45 g;0;0;0;0;0;0 g;0;0;0;0;42 g;1.10 g;0 mcg;0 mcg;0.58 mg;0.59 mg;5.90 mg;0;0;0;0;0;0;0 mg;0;0;0;7 mg;117 mg;0;112 mg;819.30 mg;1.80 mg;0.40 mg;220 mcg;0;0;0;0;0;0;0;0;0
745;Babi, daging, kurus, segar;Alami;1;100 g;371 kkal;0;0;0 g;0;14.10 g;35 g;0;0;0;0;0;0 g;0;0;0;0;50 g;0.90 g;0 mcg;0 mcg;0.67 mg;0.33 mg;5.40 mg;0;0;0;0;0;0;0 mg;0;0;0;8 mg;151 mg;0;97 mg;706.30 mg;2.10 mg;0.40 mg;190 mcg;0;0;0;0;0;0;0;0;0
746;Babi, ginjal, segar;Alami;1;100 g;110 kkal;0;0;0.80 g;0;16.30 g;4.60 g;0;0;0;0;0;0 g;0;0;0;0;77.10 g;1.20 g;39 mcg;10 mcg;0.58 mg;1.59 mg;9.10 mg;0;0;0;0;0;0;13 mg;0;0;0;11 mg;246 mg;0;139 mg;390 mg;8 mg;3.20 mg;710 mcg;0;0;0;0;0;0;0;0;0
747;Babi, hati, segar;Alami;1;100 g;129 kkal;0;0;1.70 g;0;19.70 g;4.80 g;0;0;0;0;0;0 g;0;0;0;0;72.30 g;1.50 g;4303 mcg;6 mcg;0.40 mg;1.16 mg;5.70 mg;0;0;0;0;0;0;23 mg;0;0;0;10 mg;362 mg;0;110 mg;447 mg;18 mg;0.10 mg;580 mcg;0;0;0;0;0;0;0;0;0
181;Bagea kelapa asin;Alami;1;100 g;450 kkal;0;0;78.10 g;0;3.20 g;13.90 g;0;0;0;0;0;0 g;0;0;0;0;3.50 g;1.30 g;0 mcg;0 mcg;0.30 mg;0 mg;0 mg;0;0;0;0;0;0;0 mg;0;0;0;38 mg;38 mg;0;74 mg;0 mg;0.30 mg;0.20 mg;200 mcg;0;0;0;0;0;0;0;0;0
182;Bagea kelapa manis;Alami;1;100 g;452 kkal;0;0;80.60 g;0;1.30 g;13.80 g;0;0;0;0;0;0 g;0;0;0;0;3 g;1.30 g;0 mcg;0 mcg;0 mg;0 mg;0 mg;0;0;0;0;0;0;0 mg;0;0;0;38 mg;39 mg;0;75 mg;0 mg;0.30 mg;0.20 mg;200 mcg;0;0;0;0;0;0;0;0;0
183;Bagea kenari asin;Alami;1;100 g;529 kkal;0;0;63.60 g;0;3.20 g;29.10 g;0;0;0;0;0;0 g;0;0;0;0;2.80 g;1.30 g;0 mcg;0 mcg;0.30 mg;0 mg;0 mg;0;0;0;0;0;0;0 mg;0;0;0;38 mg;40 mg;0;74 mg;0 mg;0.40 mg;0.20 mg;200 mcg;0;0;0;0;0;0;0;0;0
184;Bagea kenari manis;Alami;1;100 g;523 kkal;0;0;64.20 g;0;3.20 g;28.20 g;0;0;0;0;0;0 g;0;0;0;0;3.10 g;1.30 g;0 mcg;0 mcg;0.30 mg;0 mg;0 mg;0;0;0;0;0;0;0 mg;0;0;0;38 mg;39 mg;0;74 mg;0 mg;0.30 mg;0.20 mg;200 mcg;0;0;0;0;0;0;0;0;0
185;Bagea kw 1;Alami;1;100 g;416 kkal;0;0;76.30 g;0;6.50 g;9.40 g;0;0;0;0;0;0.40 g;0;0;0;0;7.20 g;0.60 g;13 mcg;0 mcg;0.08 mg;0 mg;2.60 mg;0;0;0;0;0;0;0 mg;0;0;0;49 mg;77 mg;0;0 mg;0 mg;4.90 mg;0 mg;0 mcg;0;0;0;0;0;0;0;0;0
186;Bagea kw 2;Alami;1;100 g;382 kkal;0;0;87.20 g;0;0.30 g;3.50 g;0;0;0;0;0;0.90 g;0;0;0;0;7.90 g;1.10 g;0 mcg;0 mcg;0.02 mg;0 mg;0 mg;0;0;0;0;0;0;0 mg;0;0;0;172 mg;120 mg;0;0 mg;0 mg;7.60 mg;0 mg;0 mcg;0;0;0;0;0;0;0;0;0
51;Bakpia, kue;Alami;1;100 g;272 kkal;0;0;44.10 g;0;8.70 g;6.70 g;0;0;0;0;0;0.90 g;0;0;0;0;38.90 g;1.60 g;0 mcg;0 mcg;0.31 mg;1 mg;2.90 mg;0;0;0;0;0;0;0 mg;0;0;0;194 mg;117 mg;0;0 mg;0 mg;4.50 mg;0 mg;0 mcg;0;0;0;0;0;0;0;0;0
387;Bakung, segar;Alami;1;100 g;27 kkal;0;0;4.20 g;0;2 g;0.20 g;0;0;0;0;0;3.80 g;0;0;0;0;92.50 g;1.10 g;0 mcg;1080 mcg;0.20 mg;0.10 mg;0.30 mg;0;0;0;0;0;0;42 mg;0;0;0;19 mg;20 mg;0;37 mg;340 mg;0.50 mg;0.30 mg;200 mcg;0;0;0;0;0;0;0;0;0
52;Bakwan;Alami;1;100 g;280 kkal;0;0;39 g;0;8.20 g;10.20 g;0;0;0;0;0;3.40 g;0;0;0;0;40.50 g;2.10 g;0 mcg;0 mcg;0.08 mg;0 mg;0 mg;0;0;0;0;0;0;0 mg;0;0;0;204 mg;79 mg;0;0 mg;0 mg;7 mg;0 mg;0 mcg;0;0;0;0;0;0;0;0;0
1133;Balichong;Alami;1;100 g;152 kkal;0;0;22.90 g;0;13.20 g;0.80 g;0;0;0;0;0;1.50 g;0;0;0;0;59.90 g;3.60 g;34 mcg;0 mcg;0.01 mg;0.08 mg;0.20 mg;0;0;0;0;0;0;0 mg;0;0;0;380 mg;210 mg;0;120 mg;310 mg;2.90 mg;1.10 mg;800 mcg;0;0;0;0;0;0;0;0;0
388;Balingo, segar;Alami;1;100 g;15 kkal;0;0;3 g;0;0.40 g;0.20 g;0;0;0;0;0;0.40 g;0;0;0;0;96.10 g;0.30 g;0 mcg;0 mcg;0.04 mg;0.02 mg;0.30 mg;0;0;0;0;0;0;13 mg;0;0;0;19 mg;19 mg;0;2 mg;131.10 mg;0.40 mg;0.60 mg;20 mcg;0;0;0;0;0;0;0;0;0
53;Bantal;Alami;1;100 g;190 kkal;0;0;43.50 g;0;3.30 g;0.30 g;0;0;0;0;0;3.40 g;0;0;0;0;52.30 g;0.60 g;0 mcg;0 mcg;0.27 mg;0.02 mg;3.60 mg;0;0;0;0;0;0;0 mg;0;0;0;9 mg;0 mg;0;164 mg;84 mg;0.40 mg;0.90 mg;200 mcg;0;0;0;0;0;0;0;0;0
722;Barongko;Alami;1;100 g;159 kkal;0;0;23.50 g;0;3.10 g;5.80 g;0;0;0;0;0;0 g;0;0;0;0;66.70 g;0.70 g;0 mcg;0 mcg;0 mg;0 mg;0 mg;0;0;0;0;0;0;0 mg;0;0;0;35 mg;65 mg;0;46 mg;78 mg;1.20 mg;0.60 mg;300 mcg;0;0;0;0;0;0;0;0;0
54;Baruasa;Alami;1;100 g;417 kkal;0;0;79.30 g;0;6.50 g;8.20 g;0;0;0;0;0;0 g;0;0;0;0;5.30 g;0.70 g;0 mcg;0 mcg;0 mg;0 mg;0 mg;0;0;0;0;0;0;0 mg;0;0;0;0 mg;0 mg;0;0 mg;0 mg;0 mg;0 mg;0 mcg;0;0;0;0;0;0;0;0;0
55;Batar daan;Alami;1;100 g;107 kkal;0;0;19.60 g;0;2.20 g;2.20 g;0;0;0;0;0;0 g;0;0;0;0;75.30 g;0.70 g;0 mcg;0 mcg;0.18 mg;0.02 mg;0 mg;0;0;0;0;0;0;0 mg;0;0;0;20 mg;30 mg;0;200 mg;90 mg;0.60 mg;0 mg;100 mcg;0;0;0;0;0;0;0;0;0
137;Batatas gembili, segar;Alami;1;100 g;76 kkal;0;0;16 g;0;1.10 g;0.90 g;0;0;0;0;0;4.20 g;0;0;0;0;76.70 g;0.70 g;0 mcg;0 mcg;0.06 mg;0 mg;0.90 mg;0;0;0;0;0;0;0 mg;0;0;0;0 mg;40 mg;0;10 mg;200 mg;0.20 mg;0.30 mg;200 mcg;0;0;0;0;0;0;0;0;0
169;Batatas kelapa bakar;Alami;1;100 g;110 kkal;0;0;23.40 g;0;1.40 g;1.10 g;0;0;0;0;0;4.50 g;0;0;0;0;73.20 g;0.70 g;0 mcg;0 mcg;1.13 mg;0 mg;0 mg;0;0;0;0;0;0;0 mg;0;0;0;1 mg;46 mg;0;12 mg;230 mg;0.20 mg;0.30 mg;200 mcg;0;0;0;0;0;0;0;0;0
170;Batatas kelapa kukus;Alami;1;100 g;92 kkal;0;0;21 g;0;1.20 g;0.30 g;0;0;0;0;0;4.10 g;0;0;0;0;75.70 g;1.80 g;0 mcg;0 mcg;0.28 mg;0 mg;0.70 mg;0;0;0;0;0;0;0 mg;0;0;0;0 mg;42 mg;0;10 mg;209 mg;0.20 mg;0.30 mg;200 mcg;0;0;0;0;0;0;0;0;0
138;Batatas kelapa, ubi, segar;Alami;1;100 g;89 kkal;0;0;21 g;0;1.10 g;0.10 g;0;0;0;0;0;4 g;0;0;0;0;76.10 g;0.70 g;0 mcg;0 mcg;0.38 mg;0 mg;0.90 mg;0;0;0;0;0;0;0 mg;0;0;0;0 mg;40 mg;0;20 mg;340 mg;0.20 mg;0.20 mg;100 mcg;0;0;0;0;0;0;0;0;0
171;Batatas tali rebus;Alami;1;100 g;182 kkal;0;0;42.20 g;0;2.40 g;0.40 g;0;0;0;0;0;9.20 g;0;0;0;0;53.20 g;1.80 g;0 mcg;0 mcg;0.27 mg;0 mg;1.30 mg;0;0;0;0;0;0;0 mg;0;0;0;1 mg;80 mg;0;20 mg;402 mg;0.30 mg;0.60 mg;300 mcg;0;0;0;0;0;0;0;0;0
389;Bawang bombay, segar;Alami;1;100 g;43 kkal;0;0;10.30 g;0;1.40 g;0.20 g;0;0;0;0;0;2 g;0;0;0;0;87.50 g;0.60 g;0 mcg;788 mcg;0.03 mg;0.21 mg;0.40 mg;0;0;0;0;0;0;9 mg;0;0;0;32 mg;44 mg;0;12 mg;9.60 mg;0.50 mg;0.30 mg;100 mcg;0;0;0;0;0;0;0;0;0
1115;Bawang merah, segar;Alami;1;100 g;46 kkal;0;0;9.20 g;0;1.50 g;0.30 g;0;0;0;0;0;1.70 g;0;0;0;0;88 g;1 g;0 mcg;2 mcg;0.03 mg;0.04 mg;0.20 mg;0;0;0;0;0;0;2 mg;0;0;0;36 mg;40 mg;0;7 mg;179 mg;0.80 mg;0.20 mg;60 mcg;0;0;0;0;0;0;0;0;0
1116;Bawang putih, segar;Alami;1;100 g;112 kkal;0;0;21.30 g;0;4.50 g;0.20 g;0;0;0;0;0;0.60 g;0;0;0;0;71 g;1.80 g;0 mcg;0 mcg;0.22 mg;0.07 mg;0.30 mg;0;0;0;0;0;0;15 mg;0;0;0;42 mg;134 mg;0;46 mg;666 mg;1 mg;0.40 mg;90 mcg;0;0;0;0;0;0;0;0;0
549;Bayam kukus;Alami;1;100 g;30 kkal;0;0;5.80 g;0;1.30 g;0.70 g;0;0;0;0;0;1.20 g;0;0;0;0;90.70 g;1.60 g;0 mcg;2699 mcg;0.02 mg;0.10 mg;0.90 mg;0;0;0;0;0;0;32 mg;0;0;0;239 mg;35 mg;0;15 mg;431 mg;5.70 mg;0.30 mg;100 mcg;0;0;0;0;0;0;0;0;0
391;Bayam merah, segar;Alami;1;100 g;41 kkal;0;0;6.30 g;0;2.20 g;0.80 g;0;0;0;0;0;2.20 g;0;0;0;0;88.50 g;2.20 g;0 mcg;7325 mcg;0.20 mg;0.10 mg;0.10 mg;0;0;0;0;0;0;62 mg;0;0;0;520 mg;80 mg;0;20 mg;60 mg;7 mg;0.80 mg;200 mcg;0;0;0;0;0;0;0;0;0
550;Bayam rebus;Alami;1;100 g;23 kkal;0;0;3.70 g;0;1.20 g;0.60 g;0;0;0;0;0;1.10 g;0;0;0;0;93.50 g;1 g;0 mcg;32882 mcg;0.02 mg;0.10 mg;0.90 mg;0;0;0;0;0;0;19 mg;0;0;0;150 mg;35 mg;0;16 mg;308.40 mg;0.50 mg;0.30 mg;200 mcg;0;0;0;0;0;0;0;0;0
390;Bayam, sayur bayam, segar;Alami;1;100 g;16 kkal;0;0;2.90 g;0;0.90 g;0.40 g;0;0;0;0;0;0.70 g;0;0;0;0;94.50 g;1.30 g;0 mcg;2699 mcg;0.04 mg;0.10 mg;1 mg;0;0;0;0;0;0;41 mg;0;0;0;166 mg;76 mg;0;16 mg;456.40 mg;3.50 mg;0.40 mg;130 mcg;0;0;0;0;0;0;0;0;0
1053;Bayau mi balu, masakan;Alami;1;100 g;313 kkal;0;0;44.80 g;0;6 g;12.20 g;0;0;0;0;0;0 g;0;0;0;0;36.10 g;0.90 g;783 mcg;89 mcg;0.14 mg;0.27 mg;9.70 mg;0;0;0;0;0;0;0 mg;0;0;0;0 mg;0 mg;0;0 mg;0 mg;0 mg;0 mg;0 mcg;0;0;0;0;0;0;0;0;0
748;Bebek (itik), daging, segar;Alami;1;100 g;321 kkal;0;0;0 g;0;16 g;28.60 g;0;0;0;0;0;0 g;0;0;0;0;54.30 g;1.10 g;273 mcg;0 mcg;0.10 mg;0.28 mg;4.30 mg;0;0;0;0;0;0;0 mg;0;0;0;15 mg;188 mg;0;54 mg;119 mg;1.80 mg;1.20 mg;210 mcg;0;0;0;0;0;0;0;0;0
749;Bebek albino, daging, segar;Alami;1;100 g;303 kkal;0;0;3.70 g;0;11.30 g;27 g;0;0;0;0;0;0 g;0;0;0;0;57 g;1 g;0 mcg;0 mcg;0.36 mg;0.04 mg;4.10 mg;0;0;0;0;0;0;0 mg;0;0;0;20 mg;293 mg;0;50 mg;260 mg;4.80 mg;2 mg;700 mcg;0;0;0;0;0;0;0;0;0
773;Bebek, daging, goreng;Alami;1;100 g;300 kkal;0;0;4.50 g;0;24 g;20.70 g;0;0;0;0;0;0 g;0;0;0;0;48.80 g;2 g;0 mcg;0 mcg;0.10 mg;0.40 mg;10.60 mg;0;0;0;0;0;0;0 mg;0;0;0;170 mg;170 mg;0;34 mg;6 mg;4.10 mg;3 mg;400 mcg;0;0;0;0;0;0;0;0;0
574;Beberuk;Alami;1;100 g;65 kkal;0;0;3.50 g;0;1.10 g;5.20 g;0;0;0;0;0;3.10 g;0;0;0;0;89.10 g;1.10 g;0 mcg;44 mcg;0.30 mg;0 mg;4.40 mg;0;0;0;0;0;0;0 mg;0;0;0;179 mg;72 mg;0;53 mg;427 mg;8.30 mg;0.20 mg;400 mcg;0;0;0;0;0;0;0;0;0
806;Beef burger;Alami;1;100 g;258 kkal;0;0;32.50 g;0;10.60 g;9.50 g;0;0;0;0;0;0.40 g;0;0;0;0;45.50 g;2.20 g;218 mcg;0 mcg;0.95 mg;0 mg;0 mg;0;0;0;0;0;0;0 mg;0;0;0;210 mg;157 mg;0;572 mg;189.10 mg;2.60 mg;0 mg;0 mcg;0;0;0;0;0;0;0;0;0
807;Beef teriyaki;Alami;1;100 g;151 kkal;0;0;22.30 g;0;8.60 g;3.10 g;0;0;0;0;0;0.30 g;0;0;0;0;65.10 g;0.90 g;22 mcg;0 mcg;0.53 mg;0 mg;0 mg;0;0;0;0;0;0;0 mg;0;0;0;142 mg;62 mg;0;377 mg;0 mg;2.30 mg;0 mg;0 mcg;0;0;0;0;0;0;0;0;0
808;Beef yakiniku;Alami;1;100 g;132 kkal;0;0;20.70 g;0;9.80 g;1.10 g;0;0;0;0;0;0.30 g;0;0;0;0;67.70 g;0.80 g;78 mcg;0 mcg;0.62 mg;0 mg;0 mg;0;0;0;0;0;0;0 mg;0;0;0;302 mg;67 mg;0;409 mg;0 mg;2 mg;0 mg;0 mcg;0;0;0;0;0;0;0;0;0
1338;Beetroot (mentah);Alami;1;100 g;43 kkal;0;0;9.56 g;0;1.61 g;0.17 g;0;0;0;0;0;0;0;0;0;0;0;0;0;0;0;0;0;0;0;0;0;0;0;0;0;0;0;0;0;0;0;0;0;0;0;0;0;0;0;0;0;0;0;0
1134;Bekasam;Alami;1;100 g;116 kkal;0;0;6.10 g;0;11.90 g;4.90 g;0;0;0;0;0;3.50 g;0;0;0;0;65.50 g;11.60 g;0 mcg;0 mcg;0 mg;0.03 mg;2.10 mg;0;0;0;0;0;0;0 mg;0;0;0;704 mg;757 mg;0;711 mg;176 mg;7.50 mg;1.90 mg;800 mcg;0;0;0;0;0;0;0;0;0
1135;Bekasang;Alami;1;100 g;78 kkal;0;0;3.60 g;0;11.40 g;2 g;0;0;0;0;0;0.40 g;0;0;0;0;67.10 g;15.90 g;0 mcg;0 mcg;0.15 mg;0.12 mg;0.60 mg;0;0;0;0;0;0;0 mg;0;0;0;54 mg;97 mg;0;4016 mg;121 mg;2.60 mg;4.80 mg;200 mcg;0;0;0;0;0;0;0;0;0
2066;Bekatul;Alami;1;100 g;245 kkal;0;0;66 g;0;17 g;7 g;0;0;0;0;0;15 g;0;0;0;0;0;0;0;0;0;0;0;0;0;0;0;0;0;0;0;0;0;58 mg;0;0;4 mg;566 mg;5.40 mg;0;0;0;0;0;0;0;0;0;0;0
943;Bekicot, dendeng , mentah;Alami;1;100 g;441 kkal;0;0;15.80 g;0;48.70 g;20.30 g;0;0;0;0;0;0 g;0;0;0;0;6.70 g;8.40 g;6 mcg;0 mcg;0.56 mg;0 mg;0 mg;0;0;0;0;0;0;69 mg;0;0;0;692 mg;523 mg;0;0 mg;0 mg;16.60 mg;0 mg;0 mcg;0;0;0;0;0;0;0;0;0
750;Belibis, daging, segar;Alami;1;100 g;131 kkal;0;0;2.80 g;0;20.20 g;4.30 g;0;0;0;0;0;0 g;0;0;0;0;71.30 g;1.40 g;0 mcg;0 mcg;0.37 mg;0.08 mg;2.70 mg;0;0;0;0;0;0;0 mg;0;0;0;8 mg;192 mg;0;46 mg;104 mg;9.60 mg;1.60 mg;1200 mcg;0;0;0;0;0;0;0;0;0
615;Belimbing, segar;Alami;1;100 g;36 kkal;0;0;8.80 g;0;0.40 g;0.40 g;0;0;0;0;0;3.20 g;0;0;0;0;90 g;0.40 g;0 mcg;29 mcg;0.03 mg;0 mg;0 mg;0;0;0;0;0;0;35 mg;0;0;0;4 mg;12 mg;0;4 mg;130 mg;1.10 mg;0.10 mg;0 mcg;0;0;0;0;0;0;0;0;0
172;Belitung kukus;Alami;1;100 g;145 kkal;0;0;34.20 g;0;1.20 g;0.40 g;0;0;0;0;0;1 g;0;0;0;0;63.10 g;1.10 g;0 mcg;0 mcg;0.08 mg;0.10 mg;2.30 mg;0;0;0;0;0;0;1 mg;0;0;0;21 mg;48 mg;0;7 mg;552.60 mg;0.90 mg;0.90 mg;200 mcg;0;0;0;0;0;0;0;0;0
139;Belitung, talas, segar;Alami;1;100 g;145 kkal;0;0;34.20 g;0;1.20 g;0.40 g;0;0;0;0;0;1.50 g;0;0;0;0;63.10 g;1.10 g;0 mcg;0 mcg;0.10 mg;0.10 mg;2.30 mg;0;0;0;0;0;0;2 mg;0;0;0;26 mg;54 mg;0;6 mg;536.10 mg;1.40 mg;0.90 mg;200 mcg;0;0;0;0;0;0;0;0;0
944;Belut goreng;Alami;1;100 g;417 kkal;0;0;32 g;0;25.90 g;19.40 g;0;0;0;0;0;0 g;0;0;0;0;11.20 g;11.50 g;0 mcg;0 mcg;0 mg;0.20 mg;10.50 mg;0;0;0;0;0;0;0 mg;0;0;0;840 mg;872 mg;0;71 mg;217.70 mg;4.90 mg;1.80 mg;300 mcg;0;0;0;0;0;0;0;0;0
860;Belut laut, segar;Alami;1;100 g;93 kkal;0;0;6.10 g;0;12.80 g;1.50 g;0;0;0;0;0;0 g;0;0;0;0;79.50 g;4.10 g;51 mcg;3 mcg;0.06 mg;0 mg;2.70 mg;0;0;0;0;0;0;0 mg;0;0;0;60 mg;199 mg;0;33 mg;175.90 mg;3 mg;1 mg;100 mcg;0;0;0;0;0;0;0;0;0
859;Belut, segar;Alami;1;100 g;70 kkal;0;0;1 g;0;14.60 g;0.80 g;0;0;0;0;0;0 g;0;0;0;0;81.50 g;2.10 g;0 mcg;0 mcg;0.22 mg;0.12 mg;7.70 mg;0;0;0;0;0;0;0 mg;0;0;0;49 mg;155 mg;0;55 mg;169 mg;1.50 mg;1.20 mg;200 mcg;0;0;0;0;0;0;0;0;0
140;Bengkuang, segar;Alami;1;100 g;59 kkal;0;0;12.80 g;0;1.40 g;0.20 g;0;0;0;0;0;1 g;0;0;0;0;85.10 g;0.50 g;0 mcg;0 mcg;0.04 mg;0.10 mg;0.20 mg;0;0;0;0;0;0;20 mg;0;0;0;15 mg;18 mg;0;2 mg;244.30 mg;0.60 mg;0.30 mg;100 mcg;0;0;0;0;0;0;0;0;0
141;Bentul (Komba), talas, segar;Alami;1;100 g;98 kkal;0;0;20.90 g;0;1.60 g;0.70 g;0;0;0;0;0;0.70 g;0;0;0;0;75.80 g;1.80 g;0 mcg;0 mcg;0.02 mg;0.10 mg;0.80 mg;0;0;0;0;0;0;0 mg;0;0;0;44 mg;66 mg;0;0 mg;195.50 mg;1.50 mg;0.60 mg;200 mcg;0;0;0;0;0;0;0;0;0
173;Bentul kukus;Alami;1;100 g;71 kkal;0;0;15.40 g;0;2.30 g;0.30 g;0;0;0;0;0;0.50 g;0;0;0;0;81.10 g;0.90 g;0 mcg;0 mcg;0.06 mg;0 mg;0 mg;0;0;0;0;0;0;21 mg;0;0;0;29 mg;26 mg;0;0 mg;201 mg;0.60 mg;0.60 mg;200 mcg;0;0;0;0;0;0;0;0;0
187;Beras cerdas;Alami;1;100 g;350 kkal;0;0;82.30 g;0;2.70 g;1.10 g;0;0;0;0;0;6.20 g;0;0;0;0;11.30 g;2.60 g;0 mcg;0 mcg;0.02 mg;0.20 mg;0.30 mg;0;0;0;0;0;0;0 mg;0;0;0;28 mg;351 mg;0;358 mg;568 mg;2.90 mg;0.90 mg;200 mcg;0;0;0;0;0;0;0;0;0
188;Beras ganyong;Alami;1;100 g;364 kkal;0;0;86.30 g;0;3.40 g;0.70 g;0;0;0;0;0;4.70 g;0;0;0;0;9.30 g;0.50 g;0 mcg;1 mcg;0.02 mg;0.02 mg;0.30 mg;0;0;0;0;0;0;0 mg;0;0;0;4 mg;47 mg;0;4 mg;72.20 mg;5 mg;0.60 mg;200 mcg;0;0;0;0;0;0;0;0;0
2;Beras giling var pelita,mentah;Alami;1;100 g;369 kkal;0;0;77.10 g;0;9.50 g;1.40 g;0;0;0;0;0;0.40 g;0;0;0;0;11.40 g;0.60 g;0 mcg;0 mcg;0.26 mg;0 mg;0 mg;0;0;0;0;0;0;0 mg;0;0;0;68 mg;171 mg;0;34 mg;0 mg;1.40 mg;0 mg;0 mcg;0;0;0;0;0;0;0;0;0
3;Beras giling var rojolele, mentah;Alami;1;100 g;357 kkal;0;0;77.10 g;0;8.40 g;1.70 g;0;0;0;0;0;0.20 g;0;0;0;0;12 g;0.80 g;0 mcg;0 mcg;0.20 mg;0.02 mg;1.50 mg;0;0;0;0;0;0;0 mg;0;0;0;147 mg;81 mg;0;34 mg;112.90 mg;1.80 mg;0.10 mg;140 mcg;0;0;0;0;0;0;0;0;0
1;Beras giling, mentah;Alami;1;100 g;357 kkal;0;0;77.10 g;0;8.40 g;1.70 g;0;0;0;0;0;0.20 g;0;0;0;0;12 g;0.80 g;0 mcg;0 mcg;0.20 mg;0.08 mg;2.60 mg;0;0;0;0;0;0;0 mg;0;0;0;147 mg;81 mg;0;27 mg;71 mg;1.80 mg;0.50 mg;100 mcg;0;0;0;0;0;0;0;0;0
4;Beras hitam, mentah;Alami;1;100 g;351 kkal;0;0;76.90 g;0;8 g;1.30 g;0;0;0;0;0;20.10 g;0;0;0;0;12.90 g;0.90 g;0 mcg;0 mcg;0.21 mg;0.06 mg;0 mg;0;0;0;0;0;0;0 mg;0;0;0;6 mg;198 mg;0;15 mg;105 mg;0.10 mg;1.60 mg;100 mcg;0;0;0;0;0;0;0;0;0
5;Beras jagung kuning kering, mentah;Alami;1;100 g;358 kkal;0;0;82.70 g;0;5.50 g;0.10 g;0;0;0;0;0;10 g;0;0;0;0;10.80 g;0.90 g;0 mcg;641 mcg;0.12 mg;0.08 mg;1 mg;0;0;0;0;0;0;3 mg;0;0;0;20 mg;90 mg;0;1 mg;80 mg;1.40 mg;4.10 mg;1100 mcg;0;0;0;0;0;0;0;0;0
6;Beras jagung putih, kering, mentah;Alami;1;100 g;307 kkal;0;0;71.80 g;0;4.80 g;0.10 g;0;0;0;0;0;10 g;0;0;0;0;22.50 g;0.80 g;0 mcg;301 mcg;0.15 mg;0.07 mg;0.90 mg;0;0;0;0;0;0;0 mg;0;0;0;17 mg;78 mg;0;1 mg;70 mg;1.20 mg;3.50 mg;1100 mcg;0;0;0;0;0;0;0;0;0
7;Beras ketan hitam tumbuk, mentah;Alami;1;100 g;360 kkal;0;0;74.50 g;0;8 g;2.30 g;0;0;0;0;0;1 g;0;0;0;0;13.70 g;1.50 g;0 mcg;0 mcg;0.24 mg;0.10 mg;2 mg;0;0;0;0;0;0;0 mg;0;0;0;10 mg;347 mg;0;11 mg;288 mg;6.20 mg;2.20 mg;280 mcg;0;0;0;0;0;0;0;0;0
8;Beras ketan putih tumbuk, mentah;Alami;1;100 g;361 kkal;0;0;78.40 g;0;7.40 g;0.80 g;0;0;0;0;0;0.40 g;0;0;0;0;12.90 g;0.50 g;0 mcg;0 mcg;0.28 mg;0 mg;1.40 mg;0;0;0;0;0;0;0 mg;0;0;0;13 mg;157 mg;0;3 mg;282 mg;3.40 mg;2.20 mg;280 mcg;0;0;0;0;0;0;0;0;0
9;Beras ladang, mentah;Alami;1;100 g;376 kkal;0;0;78 g;0;7.50 g;3.80 g;0;0;0;0;0;5.90 g;0;0;0;0;9.80 g;0.90 g;0 mcg;0 mcg;0.20 mg;0.20 mg;5.10 mg;0;0;0;0;0;0;0 mg;0;0;0;20 mg;110 mg;0;10 mg;70 mg;0.80 mg;1.40 mg;100 mcg;0;0;0;0;0;0;0;0;0
10;Beras menir, mentah;Alami;1;100 g;362 kkal;0;0;73 g;0;7.70 g;4.40 g;0;0;0;0;0;0.20 g;0;0;0;0;12 g;0.20 g;0 mcg;0 mcg;0.55 mg;0 mg;1.90 mg;0;0;0;0;0;0;0 mg;0;0;0;22 mg;272 mg;0;90 mg;201 mg;3.70 mg;0.50 mg;1100 mcg;0;0;0;0;0;0;0;0;0
11;Beras parboiled;Alami;1;100 g;353 kkal;0;0;80 g;0;6.80 g;0.60 g;0;0;0;0;0;0.50 g;0;0;0;0;10 g;2.50 g;0 mcg;0 mcg;0.22 mg;0.11 mg;3.40 mg;0;0;0;0;0;0;0 mg;0;0;0;5 mg;142 mg;0;2 mg;46 mg;0.80 mg;1 mg;280 mcg;0;0;0;0;0;0;0;0;0
189;Beras siger;Alami;1;100 g;344 kkal;0;0;28.30 g;0;1.10 g;0.20 g;0;0;0;0;0;5.60 g;0;0;0;0;13.50 g;0.70 g;0 mcg;0 mcg;0.02 mg;0.10 mg;0.20 mg;0;0;0;0;0;0;0 mg;0;0;0;32 mg;22 mg;0;106 mg;77.90 mg;5.60 mg;0.50 mg;100 mcg;0;0;0;0;0;0;0;0;0
13;Beras tumbuk merah, mentah;Alami;1;100 g;352 kkal;0;0;76.20 g;0;7.30 g;0.90 g;0;0;0;0;0;0.80 g;0;0;0;0;14.60 g;1 g;0 mcg;0 mcg;0.34 mg;0 mg;3.30 mg;0;0;0;0;0;0;0 mg;0;0;0;15 mg;257 mg;0;10 mg;202 mg;4.20 mg;1.90 mg;360 mcg;0;0;0;0;0;0;0;0;0
12;Beras tumbuk, mentah;Alami;1;100 g;354 kkal;0;0;79.90 g;0;7.80 g;0.40 g;0;0;0;0;0;3.80 g;0;0;0;0;11.50 g;0.40 g;0 mcg;0 mcg;0.25 mg;0.22 mg;5.10 mg;0;0;0;0;0;0;0 mg;0;0;0;3 mg;112 mg;0;5 mg;85 mg;0.60 mg;1.50 mg;500 mcg;0;0;0;0;0;0;0;0;0
24;Beras, tapai;Alami;1;100 g;99 kkal;0;0;22.40 g;0;1.70 g;0.30 g;0;0;0;0;0;0 g;0;0;0;0;75.50 g;0.10 g;0 mcg;0 mcg;0 mg;0 mg;0 mg;0;0;0;0;0;0;0 mg;0;0;0;4 mg;19 mg;0;26 mg;2 mg;0 mg;0.50 mg;100 mcg;0;0;0;0;0;0;0;0;0
25;Beras, tepung, mentah;Alami;1;100 g;353 kkal;0;0;80 g;0;7 g;0.50 g;0;0;0;0;0;2.40 g;0;0;0;0;12 g;0.50 g;0 mcg;0 mcg;0.12 mg;0.10 mg;1.20 mg;0;0;0;0;0;0;0 mg;0;0;0;5 mg;140 mg;0;5 mg;241 mg;0.80 mg;0.80 mg;100 mcg;0;0;0;0;0;0;0;0;0
997;Betok wadi, masakan;Alami;1;100 g;145 kkal;0;0;4.10 g;0;16.30 g;7 g;0;0;0;0;0;0 g;0;0;0;0;69.20 g;3.40 g;0 mcg;0 mcg;0.22 mg;0 mg;0 mg;0;0;0;0;0;0;0 mg;0;0;0;405 mg;523 mg;0;69 mg;203 mg;1.80 mg;1.30 mg;1000 mcg;0;0;0;0;0;0;0;0;0
28;Bihun goreng instan;Alami;1;100 g;381 kkal;0;0;80.30 g;0;6.10 g;3.90 g;0;0;0;0;0;0 g;0;0;0;0;9 g;0.70 g;58 mcg;0 mcg;0.37 mg;0 mg;0 mg;0;0;0;0;0;0;0 mg;0;0;0;266 mg;151 mg;0;928 mg;0 mg;2.90 mg;0 mg;0 mcg;0;0;0;0;0;0;0;0;0
29;Bihun jagung, mentah;Alami;1;100 g;354 kkal;0;0;87.40 g;0;0.50 g;0.30 g;0;0;0;0;0;3 g;0;0;0;0;11.30 g;0.50 g;0 mcg;0 mcg;0.02 mg;0.02 mg;0.30 mg;0;0;0;0;0;0;0 mg;0;0;0;13 mg;111 mg;0;49 mg;1.40 mg;0.60 mg;0 mg;400 mcg;0;0;0;0;0;0;0;0;0
27;Bihun, mentah;Alami;1;100 g;348 kkal;0;0;82.10 g;0;4.70 g;0.10 g;0;0;0;0;0;1.20 g;0;0;0;0;12.90 g;0.20 g;0 mcg;0 mcg;0 mg;0 mg;0.20 mg;0;0;0;0;0;0;0 mg;0;0;0;6 mg;35 mg;0;12 mg;5 mg;1.80 mg;0.70 mg;80 mcg;0;0;0;0;0;0;0;0;0
1362;Biji kopi;Alami;1;100 g;399 kkal;0;0;62.70 g;0;12.40 g;15.40 g;0;0;0;0;0;0;0;0;0;0;0;0;0;0;0;0;0;0;0;0;0;0;0;0;0;0;0;0;0;0;0;0;0;0;0;0;0;0;0;0;0;0;0;0
190;Biji nangka / Biji salak;Alami;1;100 g;262 kkal;0;0;51.10 g;0;2.30 g;5.40 g;0;0;0;0;0;8 g;0;0;0;0;40.50 g;0.70 g;0 mcg;1667 mcg;0.10 mg;1 mg;0 mg;0;0;0;0;0;0;10 mg;0;0;0;60 mg;80 mg;0;10 mg;2 mg;0.80 mg;2 mg;600 mcg;0;0;0;0;0;0;0;0;0
1336;Biji wijen;Alami;1;100 g;573 kkal;0;0;23.45 g;0;17.73 g;49.67 g;0;0;0;0;0;0;0;0;0;0;0;0;0;0;0;0;0;0;0;0;0;0;0;0;0;0;0;0;0;0;0;0;0;0;0;0;0;0;0;0;0;0;0;0
56;Bika ambon;Alami;1;100 g;199 kkal;0;0;44.40 g;0;2.10 g;1.50 g;0;0;0;0;0;0.30 g;0;0;0;0;51.50 g;0.60 g;0 mcg;0 mcg;0.10 mg;0 mg;0 mg;0;0;0;0;0;0;0 mg;0;0;0;45 mg;28 mg;0;0 mg;0 mg;1.80 mg;0 mg;0 mcg;0;0;0;0;0;0;0;0;0
57;Bingka;Alami;1;100 g;273 kkal;0;0;39.10 g;0;5.30 g;10.60 g;0;0;0;0;0;0 g;0;0;0;0;44.40 g;0.60 g;0 mcg;0 mcg;0 mg;0 mg;0 mg;0;0;0;0;0;0;0 mg;0;0;0;0 mg;0 mg;0;0 mg;0 mg;0 mg;0 mg;0 mcg;0;0;0;0;0;0;0;0;0
50;Biskuit;Alami;1;100 g;458 kkal;0;0;75.10 g;0;6.90 g;14.40 g;0;0;0;0;0;2.10 g;0;0;0;0;2.20 g;1.40 g;0 mcg;14 mcg;0.09 mg;0.15 mg;1.40 mg;0;0;0;0;0;0;0 mg;0;0;0;62 mg;87 mg;0;241 mg;20.30 mg;2.70 mg;0.60 mg;160 mcg;0;0;0;0;0;0;0;0;0
392;Bit, segar;Alami;1;100 g;41 kkal;0;0;9.60 g;0;1.60 g;0.10 g;0;0;0;0;0;2.60 g;0;0;0;0;87.60 g;1.10 g;0 mcg;0 mcg;0.02 mg;0.05 mg;0.30 mg;0;0;0;0;0;0;10 mg;0;0;0;27 mg;43 mg;0;29 mg;404.90 mg;1 mg;0.70 mg;200 mcg;0;0;0;0;0;0;0;0;0
616;Biwah, segar;Alami;1;100 g;51 kkal;0;0;12.10 g;0;0.30 g;0.10 g;0;0;0;0;0;0.70 g;0;0;0;0;87.10 g;0.50 g;0 mcg;0 mcg;0.10 mg;0.02 mg;0 mg;0;0;0;0;0;0;4 mg;0;0;0;220 mg;14 mg;0;1 mg;258.60 mg;0.80 mg;0 mg;0 mcg;0;0;0;0;0;0;0;0;0
1346;Bluberry;Alami;1;100 g;317 kkal;0;0;80 g;0;2.50 g;2.50 g;0;0;0;0;0;7.50 g;0;0;0;0;0;0;0;0;0;0;0;0;0;0;0;0;0;0;0;0;0;0;0;0;0;0;0;0;0;0;0;0;0;0;0;0;0;0
58;Bobengka;Alami;1;100 g;225 kkal;0;0;45.20 g;0;5.30 g;2.60 g;0;0;0;0;0;0 g;0;0;0;0;46.30 g;0.60 g;0 mcg;0 mcg;0 mg;0 mg;0 mg;0;0;0;0;0;0;0 mg;0;0;0;0 mg;0 mg;0;0 mg;0 mg;0 mg;0 mg;0 mcg;0;0;0;0;0;0;0;0;0
59;Bolu peca;Alami;1;100 g;197 kkal;0;0;35.60 g;0;3.30 g;4.60 g;0;0;0;0;0;0 g;0;0;0;0;55.60 g;0.90 g;0 mcg;0 mcg;0 mg;0 mg;0 mg;0;0;0;0;0;0;0 mg;0;0;0;0 mg;0 mg;0;0 mg;0 mg;0 mg;0 mg;0 mcg;0;0;0;0;0;0;0;0;0
1117;Boros kunci, segar;Alami;1;100 g;40 kkal;0;0;7.20 g;0;1 g;0.80 g;0;0;0;0;0;1 g;0;0;0;0;90 g;1 g;0 mcg;0 mcg;0.08 mg;0.68 mg;1.70 mg;0;0;0;0;0;0;50 mg;0;0;0;50 mg;50 mg;0;33 mg;480 mg;2 mg;0.30 mg;20 mcg;0;0;0;0;0;0;0;0;0
575;Botok lamtoro;Alami;1;100 g;186 kkal;0;0;13 g;0;11.70 g;9.70 g;0;0;0;0;0;2.10 g;0;0;0;0;63.90 g;2.20 g;18 mcg;0 mcg;0.27 mg;0 mg;0 mg;0;0;0;0;0;0;2 mg;0;0;0;771 mg;322 mg;0;0 mg;0 mg;26 mg;0 mg;0 mcg;0;0;0;0;0;0;0;0;0
998;Bou ninahu ndamate, masakan;Alami;1;100 g;79 kkal;0;0;1.10 g;0;6.30 g;1 g;0;0;0;0;0;0 g;0;0;0;0;79.50 g;2.10 g;691 mcg;0 mcg;0.10 mg;0 mg;0.10 mg;0;0;0;0;0;0;0 mg;0;0;0;0 mg;0 mg;0;67 mg;0 mg;0 mg;0 mg;0 mcg;0;0;0;0;0;0;0;0;0
999;Bouiki ninahu nggaluku, masakan;Alami;1;100 g;94 kkal;0;0;10.80 g;0;7.80 g;2.20 g;0;0;0;0;0;0 g;0;0;0;0;73.90 g;5.30 g;0 mcg;0 mcg;0.50 mg;0.03 mg;2.40 mg;0;0;0;0;0;0;0 mg;0;0;0;0 mg;0 mg;0;58 mg;179.40 mg;0 mg;1.50 mg;0 mcg;0;0;0;0;0;0;0;0;0
60;Brem;Alami;1;100 g;249 kkal;0;0;58 g;0;3.40 g;0.40 g;0;0;0;0;0;0 g;0;0;0;0;37.40 g;0.90 g;0 mcg;0 mcg;0.34 mg;0 mg;0 mg;0;0;0;0;0;0;0 mg;0;0;0;198 mg;86 mg;0;0 mg;0 mg;2 mg;0 mg;0 mcg;0;0;0;0;0;0;0;0;0
1161;brokoli , matang;Alami;1;100 g;23.20 kkal;0;0;1.90 g;0;3.20 g;0.20 g;0;0;0;0;0;3 g;0;0;0;0;90.50 g;0;137 mcg;0;0.10 mg;0.10 mg;0;0;0;0;0;0;0;61.10 mg;0;0;0;112 mg;0;0;15 mg;298 mg;1.20 mg;0.60 mg;0;0;0;0;0;0;0;0;0;0
809;Brongkos;Alami;1;100 g;141 kkal;0;0;12.60 g;0;15.30 g;3.30 g;0;0;0;0;0;1 g;0;0;0;0;76.40 g;2.40 g;4 mcg;0 mcg;0.40 mg;0 mg;0 mg;0;0;0;0;0;0;0 mg;0;0;0;87 mg;97 mg;0;0 mg;0 mg;5.10 mg;0 mg;0 mcg;0;0;0;0;0;0;0;0;0
617;Buah atung, segar;Alami;1;100 g;23 kkal;0;0;5.20 g;0;0.80 g;0.20 g;0;0;0;0;0;0 g;0;0;0;0;92 g;1.80 g;0 mcg;0 mcg;0.29 mg;0 mg;0 mg;0;0;0;0;0;0;38 mg;0;0;0;30 mg;50 mg;0;0 mg;0 mg;4.60 mg;0 mg;0 mcg;0;0;0;0;0;0;0;0;0
618;Buah kelenting, segar;Alami;1;100 g;110 kkal;0;0;21.40 g;0;1.40 g;2.10 g;0;0;0;0;0;0 g;0;0;0;0;73.90 g;1.20 g;0 mcg;0 mcg;0.20 mg;0.10 mg;0 mg;0;0;0;0;0;0;6 mg;0;0;0;8 mg;102 mg;0;2 mg;0 mg;1.10 mg;0.90 mg;300 mcg;0;0;0;0;0;0;0;0;0
393;Buah kelor;Alami;1;100 g;38 kkal;0;0;7.50 g;0;1.50 g;0.20 g;0;0;0;0;0;3.20 g;0;0;0;0;89.50 g;1.30 g;0 mcg;31 mcg;0.10 mg;0.10 mg;4.10 mg;0;0;0;0;0;0;25 mg;0;0;0;30 mg;54 mg;0;48 mg;216 mg;0 mg;0.20 mg;0 mcg;0;0;0;0;0;0;0;0;0
619;Buah kom, segar;Alami;1;100 g;264 kkal;0;0;59.60 g;0;4 g;1.10 g;0;0;0;0;0;9 g;0;0;0;0;33.70 g;1.70 g;0 mcg;0 mcg;0.11 mg;0 mg;0 mg;0;0;0;0;0;0;9 mg;0;0;0;306 mg;92 mg;0;0 mg;0 mg;0.80 mg;0 mg;0 mcg;0;0;0;0;0;0;0;0;0
620;Buah mentega (Bisbul), segar;Alami;1;100 g;39 kkal;0;0;9.70 g;0;0.70 g;0.20 g;0;0;0;0;0;2 g;0;0;0;0;89 g;0.40 g;0 mcg;141 mcg;0.02 mg;0.01 mg;0.10 mg;0;0;0;0;0;0;33 mg;0;0;0;43 mg;17 mg;0;1 mg;90 mg;0.80 mg;0.10 mg;100 mcg;0;0;0;0;0;0;0;0;0
394;Buah merah;Alami;1;100 g;87 kkal;0;0;13.10 g;0;2.60 g;2.70 g;0;0;0;0;0;4 g;0;0;0;0;81.20 g;0.40 g;0 mcg;0 mcg;1.50 mg;0.10 mg;0.20 mg;0;0;0;0;0;0;15 mg;0;0;0;30 mg;1 mg;0;110 mg;140 mg;1.10 mg;0.30 mg;100 mcg;0;0;0;0;0;0;0;0;0
621;Buah naga merah, segar;Alami;1;100 g;71 kkal;0;0;9.10 g;0;1.70 g;3.10 g;0;0;0;0;0;3.20 g;0;0;0;0;85.70 g;0.40 g;0 mcg;0 mcg;0.50 mg;0.30 mg;0.50 mg;0;0;0;0;0;0;1 mg;0;0;0;13 mg;14 mg;0;10 mg;128 mg;0.40 mg;0.40 mg;0 mcg;0;0;0;0;0;0;0;0;0
622;Buah naga putih, segar;Alami;1;100 g;56 kkal;0;0;10.90 g;0;0.80 g;1 g;0;0;0;0;0;3.20 g;0;0;0;0;866.60 g;0.60 g;0 mcg;0 mcg;0.02 mg;0.50 mg;0.90 mg;0;0;0;0;0;0;1 mg;0;0;0;13 mg;27 mg;0;7 mg;231 mg;0.50 mg;0.40 mg;0 mcg;0;0;0;0;0;0;0;0;0
623;Buah negri, segar;Alami;1;100 g;55 kkal;0;0;12.20 g;0;1.20 g;0.10 g;0;0;0;0;0;5.20 g;0;0;0;0;85.70 g;0.80 g;0 mcg;460 mcg;0.33 mg;0.03 mg;0.10 mg;0;0;0;0;0;0;9 mg;0;0;0;30 mg;40 mg;0;10 mg;0 mg;0.20 mg;0.30 mg;100 mcg;0;0;0;0;0;0;0;0;0
624;Buah nona, segar;Alami;1;100 g;101 kkal;0;0;25.20 g;0;1.70 g;0.60 g;0;0;0;0;0;2.80 g;0;0;0;0;71.50 g;1 g;0 mcg;49 mcg;0.08 mg;0.16 mg;0.90 mg;0;0;0;0;0;0;22 mg;0;0;0;27 mg;20 mg;0;5 mg;312.50 mg;0.80 mg;0.10 mg;325700 mcg;0;0;0;0;0;0;0;0;0
682;Buah Pepaya, segar;Alami;1;100 g;46 kkal;0;0;12.20 g;0;0.50 g;0.10 g;0;0;0;0;0;1.60 g;0;0;0;0;88.70 g;0.60 g;0 mcg;1038 mcg;0.04 mg;0.06 mg;0.40 mg;0;0;0;0;0;0;78 mg;0;0;0;23 mg;12 mg;0;4 mg;221 mg;1.70 mg;0.30 mg;0 mcg;0;0;0;0;0;0;0;0;0
1190;buah pir / pear;Alami;1;100 g;57 kkal;0;0;15.23 g;0;0.36 g;0.14 g;0;0;0;0;0;3.10 g;0;0;0;0;83.96 g;0;1 mcg;14 mcg;0.01 mg;0.02 mg;0.16 mg;0;0;0;0;0;0;4.30 mg;0;0;0;9 mg;12 mg;0;1 mg;116 mg;0.18 mg;0.10 mg;80 mcg;0;0;0;0;0;0;0;0;0
625;Buah rotan, segar;Alami;1;100 g;78 kkal;0;0;18.20 g;0;0.60 g;0.30 g;0;0;0;0;0;0 g;0;0;0;0;79.40 g;1.50 g;0 mcg;0 mcg;0.12 mg;0 mg;0 mg;0;0;0;0;0;0;5 mg;0;0;0;1 mg;7 mg;0;7 mg;495 mg;3.40 mg;0.70 mg;300 mcg;0;0;0;0;0;0;0;0;0
626;Buah rukam, segar;Alami;1;100 g;113 kkal;0;0;26.80 g;0;0.80 g;0.30 g;0;0;0;0;0;7.70 g;0;0;0;0;71.30 g;0.80 g;0 mcg;17 mcg;0.06 mg;0.01 mg;0 mg;0;0;0;0;0;0;20 mg;0;0;0;108 mg;52 mg;0;2 mg;219 mg;1.20 mg;0.90 mg;300 mcg;0;0;0;0;0;0;0;0;0
627;Buah ruruhi, segar;Alami;1;100 g;29 kkal;0;0;3.60 g;0;2.10 g;0.70 g;0;0;0;0;0;2.60 g;0;0;0;0;93 g;0.30 g;0 mcg;7 mcg;0.06 mg;0.01 mg;0 mg;0;0;0;0;0;0;10 mg;0;0;0;6 mg;7 mg;0;36 mg;45 mg;0 mg;0.10 mg;0 mcg;0;0;0;0;0;0;0;0;0
2413;buah stroberi / strawberry;Alami;1;100 g;32 kkal;0;0;8 g;0;0.70 g;0.30 g;0;0;0;0;0;2 g;0;0;0;0;90.90 g;0;12 mcg;7 mcg;0.03 mg;0.02 mg;0.38 mg;0;0;0;0;0;0;58.80 mg;0;0;0;16 mg;24 mg;0;1 mg;153 mg;0.40 mg;0.14 mg;50 mcg;0;0;0;0;0;0;0;0;0
628;Buah tuppa, segar;Alami;1;100 g;67 kkal;0;0;15.90 g;0;0.40 g;0.20 g;0;0;0;0;0;0 g;0;0;0;0;82.50 g;1 g;0 mcg;0 mcg;0.04 mg;0.01 mg;0 mg;0;0;0;0;0;0;5 mg;0;0;0;12 mg;139 mg;0;2 mg;0 mg;0.50 mg;0.50 mg;200 mcg;0;0;0;0;0;0;0;0;0
1341;Buah zaitun;Alami;1;100 g;116 kkal;0;0;6.04 g;0;0.84 g;10.90 g;0;0;0;0;0;0;0;0;0;0;0;0;0;0;0;0;0;0;0;0;0;0;0;0;0;0;0;0;0;0;0;0;0;0;0;0;0;0;0;0;0;0;0;0
774;Buaya, daging, dendeng, mentah;Alami;1;100 g;365 kkal;0;0;30.80 g;0;49.60 g;4.80 g;0;0;0;0;0;0 g;0;0;0;0;12.30 g;2.50 g;0 mcg;0 mcg;0 mg;0 mg;0.20 mg;0;0;0;0;0;0;0 mg;0;0;0;60 mg;130 mg;0;500 mg;680 mg;4.30 mg;11.60 mg;200 mcg;0;0;0;0;0;0;0;0;0
1332;Bubuk coklat;Alami;1;100 g;228 kkal;0;0;57.90 g;0;19.60 g;13.70 g;0;0;0;0;0;0;0;0;0;0;0;0;0;0;0;0;0;0;0;0;0;0;0;0;0;0;0;0;0;0;0;0;0;0;0;0;0;0;0;0;0;0;0;0
1340;Bubuk coklat;Alami;1;100 g;228 kkal;0;0;57.90 g;0;19.60 g;13.70 g;0;0;0;0;0;0;0;0;0;0;0;0;0;0;0;0;0;0;0;0;0;0;0;0;0;0;0;0;0;0;0;0;0;0;0;0;0;0;0;0;0;0;0;0
1343;Bubuk kayu manis;Alami;1;100 g;247 kkal;0;0;80.59 g;0;3.99 g;1.24 g;0;0;0;0;0;0;0;0;0;0;0;0;0;0;0;0;0;0;0;0;0;0;0;0;0;0;0;0;0;0;0;0;0;0;0;0;0;0;0;0;0;0;0;0
191;Bubur sagu;Alami;1;100 g;167 kkal;0;0;33 g;0;0.20 g;4 g;0;0;0;0;0;0 g;0;0;0;0;62.50 g;0.30 g;0 mcg;0 mcg;9 mg;0 mg;0.10 mg;0;0;0;0;0;0;0 mg;0;0;0;3 mg;3 mg;0;7 mg;0 mg;0.10 mg;0.10 mg;10000 mcg;0;0;0;0;0;0;0;0;0
61;Bubur tinotuan (Manado);Alami;1;100 g;156 kkal;0;0;15.60 g;0;2.30 g;0.20 g;0;0;0;0;0;8.20 g;0;0;0;0;80.90 g;1 g;0 mcg;1437 mcg;0.10 mg;0.04 mg;0 mg;0;0;0;0;0;0;15 mg;0;0;0;41 mg;20 mg;0;486 mg;164 mg;0.40 mg;0.40 mg;300 mcg;0;0;0;0;0;0;0;0;0
810;Bulgogi;Alami;1;100 g;72 kkal;0;0;1.40 g;0;11.40 g;4.90 g;0;0;0;0;0;1.70 g;0;0;0;0;84.20 g;0.70 g;17 mcg;0 mcg;1.08 mg;0 mg;0 mg;0;0;0;0;0;0;0 mg;0;0;0;214 mg;86 mg;0;509 mg;0 mg;2.50 mg;0 mg;0 mcg;0;0;0;0;0;0;0;0;0
551;Buncis rebus;Alami;1;100 g;30 kkal;0;0;6.40 g;0;2.20 g;0.20 g;0;0;0;0;0;1.50 g;0;0;0;0;90.60 g;0.60 g;0 mcg;1 mcg;0.01 mg;0.29 mg;2 mg;0;0;0;0;0;0;8 mg;0;0;0;107 mg;47 mg;0;7 mg;138.90 mg;0.50 mg;0.30 mg;100 mcg;0;0;0;0;0;0;0;0;0
395;Buncis, segar;Alami;1;100 g;34 kkal;0;0;7.20 g;0;2.40 g;0.30 g;0;0;0;0;0;1.90 g;0;0;0;0;89.60 g;0.50 g;0 mcg;772 mcg;0.05 mg;0.40 mg;2.80 mg;0;0;0;0;0;0;11 mg;0;0;0;101 mg;42 mg;0;8 mg;250 mg;0.70 mg;0.30 mg;70 mcg;0;0;0;0;0;0;0;0;0
396;Bunga pepaya, segar;Alami;1;100 g;45 kkal;0;0;8.10 g;0;2.60 g;0.30 g;0;0;0;0;0;1.60 g;0;0;0;0;87.30 g;1.70 g;0 mcg;2792 mcg;0.01 mg;0.28 mg;1 mg;0;0;0;0;0;0;23 mg;0;0;0;290 mg;113 mg;0;2 mg;478.30 mg;4.20 mg;0.80 mg;80 mcg;0;0;0;0;0;0;0;0;0
397;Bunga Turi, segar;Alami;1;100 g;42 kkal;0;0;6.10 g;0;2 g;1.10 g;0;0;0;0;0;3.30 g;0;0;0;0;90.40 g;0.40 g;0 mcg;1200 mcg;0.50 mg;0.02 mg;0.40 mg;0;0;0;0;0;0;1 mg;0;0;0;28 mg;23 mg;0;29 mg;97.40 mg;0.80 mg;0.60 mg;100 mcg;0;0;0;0;0;0;0;0;0
316;Bungkil biji karet;Alami;1;100 g;333 kkal;0;0;50 g;0;29.30 g;3.30 g;0;0;0;0;0;0 g;0;0;0;0;12 g;29.40 g;0 mcg;0 mcg;0.10 mg;0 mg;0 mg;0;0;0;0;0;0;0 mg;0;0;0;102 mg;660 mg;0;0 mg;0 mg;12 mg;0 mg;0 mcg;0;0;0;0;0;0;0;0;0
317;Bungkil kacang tanah;Alami;1;100 g;336 kkal;0;0;30.50 g;0;37.40 g;13 g;0;0;0;0;0;0 g;0;0;0;0;14 g;33.10 g;0 mcg;0 mcg;0.04 mg;0 mg;0 mg;0;0;0;0;0;0;0 mg;0;0;0;730 mg;470 mg;0;0 mg;0 mg;30.70 mg;0 mg;0 mcg;0;0;0;0;0;0;0;0;0
318;Bungkil kelapa;Alami;1;100 g;368 kkal;0;0;40 g;0;23 g;15 g;0;0;0;0;0;0 g;0;0;0;0;16 g;38 g;0 mcg;0 mcg;0 mg;0.46 mg;8.90 mg;0;0;0;0;0;0;0 mg;0;0;0;137 mg;433 mg;0;0 mg;0 mg;41.50 mg;0 mg;0 mcg;0;0;0;0;0;0;0;0;0
576;Buntil daun talas;Alami;1;100 g;141 kkal;0;0;8 g;0;4.40 g;10.20 g;0;0;0;0;0;1.80 g;0;0;0;0;74.50 g;3 g;13 mcg;0 mcg;0.25 mg;0 mg;0 mg;0;0;0;0;0;0;1 mg;0;0;0;149 mg;121 mg;0;0 mg;0 mg;14.50 mg;0 mg;0 mcg;0;0;0;0;0;0;0;0;0
751;Burung, sarang, segar;Alami;1;100 g;281 kkal;0;0;32.10 g;0;37.50 g;0.30 g;0;0;0;0;0;0 g;0;0;0;0;24.80 g;5.30 g;0 mcg;0 mcg;0 mg;0 mg;0 mg;0;0;0;0;0;0;0 mg;0;0;0;485 mg;18 mg;0;0 mg;0 mg;3 mg;0 mg;0 mcg;0;0;0;0;0;0;0;0;0
1119;Cabai gembor merah, segar;Alami;1;100 g;38 kkal;0;0;6.30 g;0;1.60 g;0.80 g;0;0;0;0;0;1.60 g;0;0;0;0;90.80 g;0.60 g;0 mcg;5897 mcg;0.21 mg;0.12 mg;0 mg;0;0;0;0;0;0;16 mg;0;0;0;49 mg;41 mg;0;7 mg;275 mg;1.10 mg;0.20 mg;120 mcg;0;0;0;0;0;0;0;0;0
1120;Cabai hijau segar;Alami;1;100 g;26 kkal;0;0;5.20 g;0;0.70 g;0.30 g;0;0;0;0;0;2.60 g;0;0;0;0;93.40 g;0.40 g;0 mcg;44 mcg;0.05 mg;0.06 mg;0.40 mg;0;0;0;0;0;0;84 mg;0;0;0;14 mg;23 mg;0;7 mg;151 mg;0.40 mg;0.20 mg;80 mcg;0;0;0;0;0;0;0;0;0
1121;Cabai merah kering;Alami;1;100 g;367 kkal;0;0;61.80 g;0;15.90 g;6.20 g;0;0;0;0;0;26.90 g;0;0;0;0;10 g;6.10 g;0 mcg;10955 mcg;0.40 mg;1.36 mg;4.40 mg;0;0;0;0;0;0;50 mg;0;0;0;160 mg;370 mg;0;25 mg;181.50 mg;2.30 mg;1.80 mg;1200 mcg;0;0;0;0;0;0;0;0;0
1122;Cabai merah segar;Alami;1;100 g;36 kkal;0;0;7.30 g;0;1 g;0.30 g;0;0;0;0;0;1.40 g;0;0;0;0;90.90 g;0.50 g;0 mcg;5833 mcg;0.05 mg;0.09 mg;3 mg;0;0;0;0;0;0;18 mg;0;0;0;29 mg;24 mg;0;23 mg;272.40 mg;0.50 mg;0.20 mg;120 mcg;0;0;0;0;0;0;0;0;0
1123;Cabai rawit segar;Alami;1;100 g;120 kkal;0;0;19.90 g;0;4.70 g;2.40 g;0;0;0;0;0;15.20 g;0;0;0;0;71.20 g;1.80 g;0 mcg;1694 mcg;0.24 mg;0.09 mg;1.70 mg;0;0;0;0;0;0;70 mg;0;0;0;45 mg;85 mg;0;34 mg;706.20 mg;2.50 mg;0.60 mg;290 mcg;0;0;0;0;0;0;0;0;0
398;Caisin, segar;Alami;1;100 g;20 kkal;0;0;3.40 g;0;1.70 g;0.40 g;0;0;0;0;0;1.20 g;0;0;0;0;93.60 g;0.90 g;0 mcg;1675 mcg;0.04 mg;0.19 mg;0.60 mg;0;0;0;0;0;0;3 mg;0;0;0;123 mg;40 mg;0;18 mg;358.20 mg;1.90 mg;1.40 mg;50 mcg;0;0;0;0;0;0;0;0;0
1000;Cakalang asar (asap);Alami;1;100 g;155 kkal;0;0;10.20 g;0;20.10 g;3.80 g;0;0;0;0;0;0 g;0;0;0;0;64.30 g;1.60 g;86 mcg;0 mcg;0 mg;0.70 mg;0.20 mg;0;0;0;0;0;0;0 mg;0;0;0;20 mg;240 mg;0;90 mg;390 mg;2.10 mg;0.10 mg;300 mcg;0;0;0;0;0;0;0;0;0
62;Cake tape;Alami;1;100 g;323 kkal;0;0;50.10 g;0;4.90 g;11.50 g;0;0;0;0;0;1.40 g;0;0;0;0;32.20 g;1.40 g;26 mcg;0 mcg;0.38 mg;0.16 mg;0.30 mg;0;0;0;0;0;0;0 mg;0;0;0;131 mg;83 mg;0;0 mg;0 mg;2.60 mg;0 mg;0 mcg;0;0;0;0;0;0;0;0;0
577;Cammetutu;Alami;1;100 g;102 kkal;0;0;8.70 g;0;3.20 g;6 g;0;0;0;0;0;4.30 g;0;0;0;0;79.60 g;2.50 g;0 mcg;1123 mcg;0.30 mg;0.40 mg;0.40 mg;0;0;0;0;0;0;19 mg;0;0;0;41 mg;93 mg;0;443 mg;518 mg;0.50 mg;0.70 mg;300 mcg;0;0;0;0;0;0;0;0;0
63;Cangkuning;Alami;1;100 g;204 kkal;0;0;31.40 g;0;2.80 g;7.50 g;0;0;0;0;0;0 g;0;0;0;0;57.50 g;0.80 g;0 mcg;0 mcg;0 mg;0 mg;0 mg;0;0;0;0;0;0;0 mg;0;0;0;0 mg;0 mg;0;0 mg;0 mg;0 mg;0 mg;0 mcg;0;0;0;0;0;0;0;0;0
14;Cantel / sorgum, mentah;Alami;1;100 g;366 kkal;0;0;73 g;0;11 g;3.30 g;0;0;0;0;0;1.20 g;0;0;0;0;11 g;1.70 g;0 mcg;0 mcg;0.09 mg;0.14 mg;2.80 mg;0;0;0;0;0;0;0 mg;0;0;0;28 mg;287 mg;0;7 mg;249 mg;4.40 mg;0 mg;0 mcg;0;0;0;0;0;0;0;0;0
578;Cap cai / capcay / cap cay, sayur;Alami;1;100 g;97 kkal;0;0;4.20 g;0;5.80 g;6.30 g;0;0;0;0;0;0.60 g;0;0;0;0;82.70 g;1 g;44.50 mcg;0 mcg;0.21 mg;0 mg;0 mg;0;0;0;0;0;0;1 mg;0;0;0;287 mg;89 mg;0;405 mg;0 mg;1.80 mg;0 mg;0 mcg;0;0;0;0;0;0;0;0;0
629;Carica papaya, segar;Alami;1;100 g;24 kkal;0;0;3.70 g;0;1.90 g;0.20 g;0;0;0;0;0;1 g;0;0;0;0;93.40 g;0.90 g;0 mcg;0 mcg;0.32 mg;0.07 mg;0 mg;0;0;0;0;0;0;85 mg;0;0;0;51 mg;33 mg;0;0 mg;0 mg;1.80 mg;0 mg;0 mcg;0;0;0;0;0;0;0;0;0
1265;Cashew;Alami;1;100 g;553 kkal;0;0;30.19 g;0;18.22 g;43.85 g;0;0;0;0;0;3.30 g;0;0;0;0;0;0;0;0;0;0;0;0;0;0;0;0;0;0;0;0;0;0;0;0;0;0;0;0;0;0;0;0;0;0;0;0;0;0
192;Cassavastick;Alami;1;100 g;460 kkal;0;0;17.20 g;0;0.80 g;18.70 g;0;0;0;0;0;1.60 g;0;0;0;0;5.60 g;2.70 g;0 mcg;0 mcg;0.19 mg;0.07 mg;0.10 mg;0;0;0;0;0;0;0 mg;0;0;0;144 mg;58 mg;0;0 mg;0 mg;7.50 mg;0 mg;0 mcg;0;0;0;0;0;0;0;0;0
2218;Ceker ayam;Alami;1;100 g;215 kkal;0;0;0.20 g;0;19 g;15 g;0;0;0;0;0;0;0;0;0;0;0;0;0;0;0;0;0;0;0;0;0;0;0;0;0;0;0;0;0;0;67 mg;31 mg;0;0;0;0;0;0;0;0;0;0;0;0
630;Cempedak, segar;Alami;1;100 g;116 kkal;0;0;28.60 g;0;3 g;0.40 g;0;0;0;0;0;3.40 g;0;0;0;0;67 g;1 g;0 mcg;79 mcg;0 mg;0 mg;0.50 mg;0;0;0;0;0;0;15 mg;0;0;0;20 mg;30 mg;0;25 mg;243.70 mg;1.50 mg;0 mg;0 mcg;0;0;0;0;0;0;0;0;0
1124;Cengkeh kering;Alami;1;100 g;330 kkal;0;0;57.40 g;0;5.20 g;8.90 g;0;0;0;0;0;10 g;0;0;0;0;23.30 g;5.20 g;0 mcg;265 mcg;200 mg;0 mg;0 mg;0;0;0;0;0;0;0 mg;0;0;0;740 mg;100 mg;0;282 mg;961 mg;4.90 mg;0 mg;300 mcg;0;0;0;0;0;0;0;0;0
193;Ceriping getuk singkong;Alami;1;100 g;462 kkal;0;0;67.70 g;0;1.20 g;20.70 g;0;0;0;0;0;0.60 g;0;0;0;0;7.20 g;3.20 g;0 mcg;0 mcg;0.29 mg;0.02 mg;0.50 mg;0;0;0;0;0;0;0 mg;0;0;0;1248 mg;172 mg;0;0 mg;0 mg;8.80 mg;0 mg;0 mcg;0;0;0;0;0;0;0;0;0
811;Chicken teriyaki;Alami;1;100 g;168 kkal;0;0;7.50 g;0;13 g;9.60 g;0;0;0;0;0;0.80 g;0;0;0;0;68.20 g;1.70 g;68 mcg;0 mcg;0.65 mg;0 mg;0 mg;0;0;0;0;0;0;0 mg;0;0;0;137 mg;106 mg;0;959 mg;0 mg;3.10 mg;0 mg;0 mcg;0;0;0;0;0;0;0;0;0
812;Chikiniku, masakan;Alami;1;100 g;143 kkal;0;0;22.80 g;0;9.80 g;1.40 g;0;0;0;0;0;0.40 g;0;0;0;0;65.40 g;0.60 g;27 mcg;0 mcg;0.73 mg;0 mg;0 mg;0;0;0;0;0;0;0 mg;0;0;0;301 mg;63 mg;0;531 mg;0 mg;2 mg;0 mg;0 mcg;0;0;0;0;0;0;0;0;0
1094;Coklat bubuk;Alami;1;100 g;311 kkal;0;0;48.90 g;0;8 g;4 g;0;0;0;0;0;32.60 g;0;0;0;0;3.90 g;15.40 g;0 mcg;0 mcg;0.12 mg;0 mg;0.60 mg;0;0;0;0;0;0;0 mg;0;0;0;125 mg;715 mg;0;0 mg;0 mg;11.60 mg;0 mg;0 mcg;0;0;0;0;0;0;0;0;0
1091;Coklat manis batang;Alami;1;100 g;527 kkal;0;0;62.70 g;0;2 g;29.80 g;0;0;0;0;0;6.50 g;0;0;0;0;1.40 g;4.10 g;0 mcg;0 mcg;0.03 mg;0.02 mg;0 mg;0;0;0;0;0;0;0 mg;0;0;0;63 mg;287 mg;0;6 mg;499.50 mg;2.80 mg;0 mg;0 mcg;0;0;0;0;0;0;0;0;0
1092;Coklat pahit batang;Alami;1;100 g;615 kkal;0;0;29.20 g;0;5.50 g;42.60 g;0;0;0;0;0;10.80 g;0;0;0;0;2.30 g;10.10 g;0 mcg;2 mcg;0.05 mg;0.08 mg;1 mg;0;0;0;0;0;0;0 mg;0;0;0;98 mg;446 mg;0;20 mg;708.30 mg;4.40 mg;3.30 mg;1700 mcg;0;0;0;0;0;0;0;0;0
1093;Coklat susu batang;Alami;1;100 g;565 kkal;0;0;53.60 g;0;9 g;35 g;0;0;0;0;0;3.40 g;0;0;0;0;1 g;1.40 g;0 mcg;54 mcg;0.08 mg;0.45 mg;0.50 mg;0;0;0;0;0;0;0 mg;0;0;0;200 mg;200 mg;0;100 mg;405.50 mg;2 mg;2.30 mg;490 mcg;0;0;0;0;0;0;0;0;0
813;Coto mangkasara, kuda, masakan;Alami;1;100 g;96 kkal;0;0;3.80 g;0;6.80 g;5.90 g;0;0;0;0;0;0 g;0;0;0;0;83.50 g;0.90 g;0 mcg;0 mcg;0.23 mg;0.14 mg;4.20 mg;0;0;0;0;0;0;0 mg;0;0;0;11 mg;106 mg;0;96 mg;31 mg;2.30 mg;1 mg;100 mcg;0;0;0;0;0;0;0;0;0
814;Coto mangkasara, sapi, masakan;Alami;1;100 g;84 kkal;0;0;1.40 g;0;6 g;6 g;0;0;0;0;0;0 g;0;0;0;0;85.90 g;0.70 g;0 mcg;0 mcg;0.16 mg;0.14 mg;10.30 mg;0;0;0;0;0;0;0 mg;0;0;0;8 mg;104 mg;0;90 mg;25 mg;4 mg;0.60 mg;300 mcg;0;0;0;0;0;0;0;0;0
1348;Cranberry;Alami;1;100 g;308 kkal;0;0;82.80 g;0;0.17 g;1.09 g;0;0;0;0;0;5.30 g;0;0;0;0;0;0;0;0;0;0;0;0;0;0;0;0;0;0;0;0;0;0;0;0;0;0;0;0;0;0;0;0;0;0;0;0;0;0
1054;Cucuru bayau, masakan;Alami;1;100 g;349 kkal;0;0;38.30 g;0;6.80 g;18.70 g;0;0;0;0;0;0 g;0;0;0;0;35 g;1.20 g;0 mcg;123 mcg;0.06 mg;0.25 mg;0 mg;0;0;0;0;0;0;0 mg;0;0;0;0 mg;0 mg;0;0 mg;0 mg;0 mg;0 mg;0 mcg;0;0;0;0;0;0;0;0;0
1136;Cuka;Alami;1;100 g;21 kkal;0;0;5 g;0;0.10 g;0.10 g;0;0;0;0;0;0 g;0;0;0;0;94.50 g;0.30 g;0 mcg;0 mcg;0.24 mg;0 mg;0.70 mg;0;0;0;0;0;0;0 mg;0;0;0;7 mg;10 mg;0;21 mg;37.80 mg;0.50 mg;0 mg;0 mcg;0;0;0;0;0;0;0;0;0
861;Cumi-cumi;Alami;1;100 g;75 kkal;0;0;0.10 g;0;16.10 g;0.70 g;0;0;0;0;0;0 g;0;0;0;0;82.20 g;0.90 g;0 mcg;20 mcg;0.08 mg;0 mg;2.50 mg;0;0;0;0;0;0;0 mg;0;0;0;32 mg;200 mg;0;37 mg;204.10 mg;1.80 mg;1.30 mg;1600 mcg;0;0;0;0;0;0;0;0;0
945;Cumi-cumi goreng;Alami;1;100 g;265 kkal;0;0;0 g;0;40.60 g;10.10 g;0;0;0;0;0;0 g;0;0;0;0;54.20 g;3.10 g;0 mcg;56 mcg;0.09 mg;0 mg;6.30 mg;0;0;0;0;0;0;0 mg;0;0;0;62 mg;270 mg;0;86 mg;81.90 mg;2.70 mg;0 mg;0 mcg;0;0;0;0;0;0;0;0;0
2053;Dada ayam tanpa kulit (mentah);Alami;1;100 g;110 kkal;0;0;0 g;0;23.10 g;1.20 g;0;0;0;0;0;0 g;0;0;0;0;0;0;0;0;0;0;0;0;0;0;0;0;0;0;0;0;0;11 mg;0;0;65 mg;0;1 mg;0;0;0;0;0;0;0;0;0;0;0
2054;Dada ayam, mentah;Alami;1;100 g;165 kkal;0;0;0 g;0;31 g;3.60 g;0;0;0;0;0;0 g;0;0;0;0;0;0;0;0;0;0;0;0;0;0;0;0;0;0;0;0;0;0;0;0;74 mg;256 mg;0;0;0;0;0;0;0;0;0;0;0;0
741;Daging Ayam , segar;Alami;1;100 g;298 kkal;0;0;0 g;0;18.20 g;25 g;0;0;0;0;0;0 g;0;0;0;0;55.90 g;0.90 g;245 mcg;0 mcg;0.08 mg;0.14 mg;10.40 mg;0;0;0;0;0;0;0 mg;0;0;0;14 mg;200 mg;0;109 mg;385.90 mg;1.50 mg;0.60 mg;110 mcg;0;0;0;0;0;0;0;0;0
755;Daging kambing (segar);Alami;1;100 g;149 kkal;0;0;0 g;0;16.60 g;9.20 g;0;0;0;0;0;0 g;0;0;0;0;70.30 g;3.90 g;0 mcg;0 mcg;0.09 mg;0.23 mg;5 mg;0;0;0;0;0;0;0 mg;0;0;0;11 mg;124 mg;0;96 mg;268.70 mg;1 mg;4.90 mg;310 mcg;0;0;0;0;0;0;0;0;0
399;Daun bangun-bangun, segar;Alami;1;100 g;27 kkal;0;0;4 g;0;1.30 g;0.60 g;0;0;0;0;0;1 g;0;0;0;0;92.50 g;1.60 g;0 mcg;1489 mcg;0.16 mg;0.10 mg;0 mg;0;0;0;0;0;0;5 mg;0;0;0;279 mg;40 mg;0;4 mg;144 mg;13.60 mg;0 mg;0 mcg;0;0;0;0;0;0;0;0;0
400;Daun bawang merah, segar;Alami;1;100 g;41 kkal;0;0;7.80 g;0;2 g;0.30 g;0;0;0;0;0;2.10 g;0;0;0;0;89.10 g;0.80 g;0 mcg;218 mcg;0.10 mg;0.10 mg;0.20 mg;0;0;0;0;0;0;11 mg;0;0;0;60 mg;40 mg;0;30 mg;90 mg;2.30 mg;0.30 mg;100 mcg;0;0;0;0;0;0;0;0;0
401;Daun bebuas, segar;Alami;1;100 g;41 kkal;0;0;7.30 g;0;2.70 g;1 g;0;0;0;0;0;2.10 g;0;0;0;0;87.90 g;1.10 g;0 mcg;0 mcg;0.01 mg;0 mg;0 mg;0;0;0;0;0;0;3 mg;0;0;0;29 mg;245 mg;0;0 mg;0 mg;1.50 mg;0 mg;0 mcg;0;0;0;0;0;0;0;0;0
402;Daun belem, segar;Alami;1;100 g;50 kkal;0;0;7.80 g;0;4.40 g;1.40 g;0;0;0;0;0;1.90 g;0;0;0;0;84.60 g;1.80 g;0 mcg;0 mcg;0.05 mg;0 mg;0 mg;0;0;0;0;0;0;21 mg;0;0;0;698 mg;151 mg;0;0 mg;0 mg;7.50 mg;0 mg;0 mcg;0;0;0;0;0;0;0;0;0
403;Daun bluntas, segar;Alami;1;100 g;44 kkal;0;0;9.40 g;0;1.80 g;0.50 g;0;0;0;0;0;0 g;0;0;0;0;86 g;2.30 g;0 mcg;0 mcg;0.02 mg;0 mg;0 mg;0;0;0;0;0;0;30 mg;0;0;0;256 mg;49 mg;0;0 mg;0 mg;5.60 mg;0 mg;0 mcg;0;0;0;0;0;0;0;0;0
404;Daun gandaria, segar;Alami;1;100 g;63 kkal;0;0;14 g;0;3.10 g;0.30 g;0;0;0;0;0;2.10 g;0;0;0;0;81 g;1.60 g;0 mcg;503 mcg;0.04 mg;0.04 mg;0.20 mg;0;0;0;0;0;0;61 mg;0;0;0;40 mg;45 mg;0;3 mg;127.70 mg;4.70 mg;0 mg;0 mcg;0;0;0;0;0;0;0;0;0
405;Daun gedi besar, segar;Alami;1;100 g;58 kkal;0;0;10 g;0;2.90 g;0.70 g;0;0;0;0;0;3.30 g;0;0;0;0;84 g;2.40 g;0 mcg;596 mcg;0.40 mg;0.50 mg;2.80 mg;0;0;0;0;0;0;11 mg;0;0;0;440 mg;100 mg;0;30 mg;40 mg;1.90 mg;2.10 mg;200 mcg;0;0;0;0;0;0;0;0;0
406;Daun gedi kecil, segar;Alami;1;100 g;61 kkal;0;0;10.40 g;0;3.20 g;0.70 g;0;0;0;0;0;3.40 g;0;0;0;0;83.70 g;2 g;0 mcg;607 mcg;0.40 mg;0.30 mg;2.90 mg;0;0;0;0;0;0;11 mg;0;0;0;420 mg;70 mg;0;20 mg;50 mg;1.70 mg;1.40 mg;100 mcg;0;0;0;0;0;0;0;0;0
407;Daun gelang, segar;Alami;1;100 g;30 kkal;0;0;5.80 g;0;1.30 g;0.70 g;0;0;0;0;0;1.30 g;0;0;0;0;90.30 g;1.90 g;0 mcg;4701 mcg;0.01 mg;0.14 mg;0.70 mg;0;0;0;0;0;0;1 mg;0;0;0;350 mg;210 mg;0;5 mg;333.30 mg;11.90 mg;1.20 mg;310 mcg;0;0;0;0;0;0;0;0;0
408;Daun gunda bali, segar;Alami;1;100 g;50 kkal;0;0;7 g;0;4.60 g;0.90 g;0;0;0;0;0;1.40 g;0;0;0;0;86.40 g;1.10 g;0 mcg;0 mcg;0.05 mg;0 mg;0 mg;0;0;0;0;0;0;20 mg;0;0;0;167 mg;62 mg;0;0 mg;0 mg;0.50 mg;0 mg;0 mcg;0;0;0;0;0;0;0;0;0
409;Daun gunda serang, segar;Alami;1;100 g;62 kkal;0;0;9.20 g;0;4.20 g;0.90 g;0;0;0;0;0;1.30 g;0;0;0;0;84.60 g;1.10 g;0 mcg;0 mcg;0.02 mg;0 mg;0 mg;0;0;0;0;0;0;20 mg;0;0;0;171 mg;64 mg;0;0 mg;0 mg;0.60 mg;0 mg;0 mcg;0;0;0;0;0;0;0;0;0
410;Daun jambu mente muda, segar;Alami;1;100 g;78 kkal;0;0;16.20 g;0;4.60 g;0.50 g;0;0;0;0;0;3 g;0;0;0;0;78 g;0.70 g;0 mcg;4484 mcg;0.02 mg;1.12 mg;1.10 mg;0;0;0;0;0;0;65 mg;0;0;0;33 mg;64 mg;0;14 mg;670.50 mg;8.90 mg;0 mg;0 mcg;0;0;0;0;0;0;0;0;0
411;Daun jampang, segar;Alami;1;100 g;34 kkal;0;0;5.30 g;0;3.80 g;0.50 g;0;0;0;0;0;1.40 g;0;0;0;0;88.90 g;1.50 g;0 mcg;0 mcg;0.03 mg;0 mg;0 mg;0;0;0;0;0;0;3 mg;0;0;0;21 mg;245 mg;0;0 mg;0 mg;1 mg;0 mg;0 mcg;0;0;0;0;0;0;0;0;0
412;Daun jawaw seluang, segar;Alami;1;100 g;93 kkal;0;0;15.30 g;0;5 g;1.30 g;0;0;0;0;0;3.90 g;0;0;0;0;77.20 g;1.20 g;0 mcg;0 mcg;0.10 mg;0.70 mg;0 mg;0;0;0;0;0;0;9 mg;0;0;0;146 mg;103 mg;0;2 mg;434 mg;5.30 mg;1.50 mg;500 mcg;0;0;0;0;0;0;0;0;0
413;Daun jonghe, segar;Alami;1;100 g;27 kkal;0;0;4.40 g;0;2.10 g;0.70 g;0;0;0;0;0;2 g;0;0;0;0;91.40 g;1.40 g;0 mcg;0 mcg;0.01 mg;0 mg;0 mg;0;0;0;0;0;0;1 mg;0;0;0;253 mg;192 mg;0;0 mg;0 mg;9.50 mg;0 mg;0 mcg;0;0;0;0;0;0;0;0;0
414;Daun kacang ma, segar;Alami;1;100 g;36 kkal;0;0;6.80 g;0;2.90 g;0.60 g;0;0;0;0;0;1.80 g;0;0;0;0;89.10 g;0.60 g;0 mcg;2893 mcg;0.04 mg;0.18 mg;1.20 mg;0;0;0;0;0;0;4 mg;0;0;0;64 mg;220 mg;0;7 mg;485.30 mg;2.20 mg;0.30 mg;200 mcg;0;0;0;0;0;0;0;0;0
552;Daun kacang panjang kukus;Alami;1;100 g;40 kkal;0;0;8 g;0;3.70 g;0.30 g;0;0;0;0;0;1.80 g;0;0;0;0;87.20 g;0.80 g;0 mcg;2645 mcg;0.15 mg;0.20 mg;0.90 mg;0;0;0;0;0;0;11 mg;0;0;0;111 mg;66 mg;0;6 mg;419.50 mg;3.70 mg;0.30 mg;200 mcg;0;0;0;0;0;0;0;0;0
415;Daun kacang panjang, segar;Alami;1;100 g;30 kkal;0;0;5.80 g;0;3.10 g;0.30 g;0;0;0;0;0;1.70 g;0;0;0;0;89.70 g;1.10 g;0 mcg;2734 mcg;0.33 mg;0.20 mg;1.10 mg;0;0;0;0;0;0;30 mg;0;0;0;200 mg;66 mg;0;7 mg;458.60 mg;4.50 mg;0.30 mg;200 mcg;0;0;0;0;0;0;0;0;0
416;Daun kasbi/singkong karet, segar;Alami;1;100 g;92 kkal;0;0;10.90 g;0;4 g;3.60 g;0;0;0;0;0;5.80 g;0;0;0;0;80.30 g;1.20 g;0 mcg;9999 mcg;0.10 mg;0.20 mg;0.10 mg;0;0;0;0;0;0;74 mg;0;0;0;140 mg;70 mg;0;70 mg;90 mg;1.60 mg;1.10 mg;300 mcg;0;0;0;0;0;0;0;0;0
553;Daun katuk rebus;Alami;1;100 g;53 kkal;0;0;9.10 g;0;5.30 g;0.90 g;0;0;0;0;0;1.20 g;0;0;0;0;83.30 g;1.40 g;0 mcg;11131 mcg;0 mg;0.30 mg;2.20 mg;0;0;0;0;0;0;66 mg;0;0;0;185 mg;102 mg;0;16 mg;291.30 mg;3.10 mg;1.30 mg;300 mcg;0;0;0;0;0;0;0;0;0
417;Daun katuk, segar;Alami;1;100 g;59 kkal;0;0;9.90 g;0;6.40 g;1 g;0;0;0;0;0;1.50 g;0;0;0;0;81 g;1.70 g;0 mcg;9152 mcg;0 mg;0.31 mg;2.30 mg;0;0;0;0;0;0;164 mg;0;0;0;233 mg;98 mg;0;21 mg;478.80 mg;3.50 mg;1.30 mg;300 mcg;0;0;0;0;0;0;0;0;0
418;Daun kecipir, segar;Alami;1;100 g;52 kkal;0;0;8.50 g;0;5 g;0.50 g;0;0;0;0;0;0 g;0;0;0;0;85 g;1 g;0 mcg;3981 mcg;0.28 mg;0.40 mg;2.20 mg;0;0;0;0;0;0;29 mg;0;0;0;134 mg;81 mg;0;6 mg;114 mg;6.20 mg;0.80 mg;300 mcg;0;0;0;0;0;0;0;0;0
419;Daun kedongdong, segar;Alami;1;100 g;59 kkal;0;0;13.40 g;0;3.50 g;0.30 g;0;0;0;0;0;10.70 g;0;0;0;0;81 g;1.80 g;0 mcg;1624 mcg;0.06 mg;0.20 mg;1.50 mg;0;0;0;0;0;0;29 mg;0;0;0;540 mg;82 mg;0;12 mg;579 mg;6.20 mg;0 mg;0 mcg;0;0;0;0;0;0;0;0;0
554;Daun kelor rebus;Alami;1;100 g;61 kkal;0;0;10 g;0;6.10 g;0.90 g;0;0;0;0;0;0.90 g;0;0;0;0;80.30 g;2.60 g;0 mcg;3972 mcg;0.10 mg;0.10 mg;4 mg;0;0;0;0;0;0;13 mg;0;0;0;255 mg;36 mg;0;45 mg;181.20 mg;2.10 mg;0.60 mg;100 mcg;0;0;0;0;0;0;0;0;0
420;Daun kelor, segar;Alami;1;100 g;92 kkal;0;0;14.30 g;0;5.10 g;1.60 g;0;0;0;0;0;8.20 g;0;0;0;0;75.50 g;3.50 g;0 mcg;3266 mcg;0.30 mg;0.10 mg;4.20 mg;0;0;0;0;0;0;22 mg;0;0;0;1077 mg;76 mg;0;61 mg;298 mg;6 mg;0.60 mg;100 mcg;0;0;0;0;0;0;0;0;0
421;Daun kemang, segar;Alami;1;100 g;43 kkal;0;0;7.50 g;0;5.50 g;0.30 g;0;0;0;0;0;8.40 g;0;0;0;0;85 g;1.70 g;0 mcg;1282 mcg;0.06 mg;0.10 mg;1.20 mg;0;0;0;0;0;0;30 mg;0;0;0;35 mg;106 mg;0;10 mg;457.10 mg;1 mg;0 mg;0 mcg;0;0;0;0;0;0;0;0;0
422;Daun Kenikir, segar;Alami;1;100 g;45 kkal;0;0;6.60 g;0;3.70 g;0.50 g;0;0;0;0;0;5.80 g;0;0;0;0;87.60 g;1.70 g;0 mcg;30200 mcg;0.50 mg;0.30 mg;4.50 mg;0;0;0;0;0;0;0 mg;0;0;0;328 mg;65 mg;0;6 mg;431 mg;2.70 mg;0.60 mg;100 mcg;0;0;0;0;0;0;0;0;0
423;Daun kesum, segar;Alami;1;100 g;48 kkal;0;0;9.10 g;0;4.50 g;0.80 g;0;0;0;0;0;1.60 g;0;0;0;0;84.80 g;0.80 g;0 mcg;4216 mcg;0.01 mg;0.10 mg;1.60 mg;0;0;0;0;0;0;4 mg;0;0;0;125 mg;142 mg;0;11 mg;174.70 mg;2.60 mg;1.20 mg;400 mcg;0;0;0;0;0;0;0;0;0
424;Daun kol sawi, segar;Alami;1;100 g;22 kkal;0;0;3.60 g;0;2.10 g;0.50 g;0;0;0;0;0;0.90 g;0;0;0;0;93.10 g;0.70 g;0 mcg;1806 mcg;0.03 mg;0.20 mg;0.60 mg;0;0;0;0;0;0;3 mg;0;0;0;200 mg;92 mg;0;19 mg;386.20 mg;3.20 mg;0.20 mg;100 mcg;0;0;0;0;0;0;0;0;0
425;Daun koro, segar;Alami;1;100 g;23 kkal;0;0;3.70 g;0;3 g;0.30 g;0;0;0;0;0;0 g;0;0;0;0;91 g;2 g;0 mcg;2386 mcg;0.28 mg;0.20 mg;1.30 mg;0;0;0;0;0;0;29 mg;0;0;0;134 mg;81 mg;0;4 mg;68.40 mg;6.20 mg;0.50 mg;200 mcg;0;0;0;0;0;0;0;0;0
426;Daun kubis, kol, segar;Alami;1;100 g;51 kkal;0;0;8 g;0;2.50 g;1.10 g;0;0;0;0;0;3.40 g;0;0;0;0;86.20 g;2.20 g;0 mcg;9999 mcg;0.40 mg;0.10 mg;0.20 mg;0;0;0;0;0;0;16 mg;0;0;0;100 mg;50 mg;0;50 mg;100 mg;3.40 mg;0.60 mg;900 mcg;0;0;0;0;0;0;0;0;0
427;Daun kumak, segar;Alami;1;100 g;14 kkal;0;0;2.30 g;0;1.30 g;0.30 g;0;0;0;0;0;0.90 g;0;0;0;0;95.20 g;0.90 g;0 mcg;1274 mcg;0.01 mg;0 mg;0.50 mg;0;0;0;0;0;0;3 mg;0;0;0;90 mg;59 mg;0;2 mg;36.50 mg;2.70 mg;0.30 mg;100 mcg;0;0;0;0;0;0;0;0;0
428;Daun labu siam, segar;Alami;1;100 g;34 kkal;0;0;4.70 g;0;4 g;0.40 g;0;0;0;0;0;3.50 g;0;0;0;0;89.70 g;1.20 g;0 mcg;4773 mcg;0.08 mg;0.40 mg;1.70 mg;0;0;0;0;0;0;16 mg;0;0;0;58 mg;70 mg;0;16 mg;630.70 mg;2.50 mg;0.30 mg;200 mcg;0;0;0;0;0;0;0;0;0
429;Daun labu wuluh/kuning, segar;Alami;1;100 g;34 kkal;0;0;4.50 g;0;3.60 g;0.60 g;0;0;0;0;0;2.90 g;0;0;0;0;89.70 g;1.60 g;0 mcg;1258 mcg;0.14 mg;0.20 mg;1.30 mg;0;0;0;0;0;0;36 mg;0;0;0;138 mg;99 mg;0;16 mg;630.70 mg;3.70 mg;0.30 mg;200 mcg;0;0;0;0;0;0;0;0;0
430;Daun lamtoro, segar;Alami;1;100 g;87 kkal;0;0;14.40 g;0;8.30 g;1.80 g;0;0;0;0;0;3.30 g;0;0;0;0;74 g;1.50 g;0 mcg;6900 mcg;0 mg;0.10 mg;2.30 mg;0;0;0;0;0;0;32 mg;0;0;0;725 mg;174 mg;0;10 mg;197.70 mg;3.90 mg;1.40 mg;500 mcg;0;0;0;0;0;0;0;0;0
431;Daun leilem, segar;Alami;1;100 g;76 kkal;0;0;15.80 g;0;2.80 g;0.20 g;0;0;0;0;0;3.10 g;0;0;0;0;79.40 g;1.80 g;0 mcg;753 mcg;0.30 mg;0.10 mg;2.50 mg;0;0;0;0;0;0;22 mg;0;0;0;296 mg;22 mg;0;6 mg;46 mg;3.40 mg;1.10 mg;500 mcg;0;0;0;0;0;0;0;0;0
432;Daun leunca, segar;Alami;1;100 g;49 kkal;0;0;8.10 g;0;4.70 g;0.50 g;0;0;0;0;0;0 g;0;0;0;0;85 g;1.70 g;0 mcg;0 mcg;0.14 mg;0 mg;0 mg;0;0;0;0;0;0;40 mg;0;0;0;210 mg;80 mg;0;0 mg;0 mg;6.10 mg;0 mg;0 mcg;0;0;0;0;0;0;0;0;0
433;Daun lobak, segar;Alami;1;100 g;30 kkal;0;0;5.80 g;0;2.30 g;0.40 g;0;0;0;0;0;3.20 g;0;0;0;0;90 g;1.40 g;0 mcg;5039 mcg;0.07 mg;1.10 mg;6.50 mg;0;0;0;0;0;0;109 mg;0;0;0;140 mg;33 mg;0;16 mg;747.40 mg;3.70 mg;0.20 mg;200 mcg;0;0;0;0;0;0;0;0;0
434;Daun lompong talas, segar;Alami;1;100 g;44 kkal;0;0;7.40 g;0;3 g;0.80 g;0;0;0;0;0;3.30 g;0;0;0;0;87.20 g;1.60 g;0 mcg;2584 mcg;0.08 mg;0.40 mg;1.40 mg;0;0;0;0;0;0;31 mg;0;0;0;76 mg;59 mg;0;3 mg;578.40 mg;1 mg;0.40 mg;200 mcg;0;0;0;0;0;0;0;0;0
435;Daun mangkokan, segar;Alami;1;100 g;57 kkal;0;0;11.80 g;0;3.70 g;0.30 g;0;0;0;0;0;0 g;0;0;0;0;82 g;2.20 g;0 mcg;0 mcg;0.06 mg;0 mg;0 mg;0;0;0;0;0;0;83 mg;0;0;0;474 mg;49 mg;0;0 mg;0 mg;4 mg;0 mg;0 mcg;0;0;0;0;0;0;0;0;0
436;Daun matel ambon, segar;Alami;1;100 g;71 kkal;0;0;11.50 g;0;6.80 g;1.60 g;0;0;0;0;0;4.60 g;0;0;0;0;77.10 g;3 g;0 mcg;0 mcg;0.08 mg;0 mg;0 mg;0;0;0;0;0;0;25.70 mg;0;0;0;93 mg;95 mg;0;0 mg;0 mg;10.20 mg;0 mg;0 mcg;0;0;0;0;0;0;0;0;0
437;Daun melinjo, segar;Alami;1;100 g;104 kkal;0;0;21.30 g;0;5 g;1.30 g;0;0;0;0;0;10.30 g;0;0;0;0;70.80 g;1.60 g;0 mcg;823 mcg;0.09 mg;0 mg;0 mg;0;0;0;0;0;0;182 mg;0;0;0;219 mg;82 mg;0;12 mg;604.80 mg;4.20 mg;0.60 mg;400 mcg;0;0;0;0;0;0;0;0;0
555;Daun mengkudu kukus;Alami;1;100 g;63 kkal;0;0;11.50 g;0;3.80 g;1.50 g;0;0;0;0;0;2.40 g;0;0;0;0;81.60 g;1.60 g;0 mcg;2 mcg;0.08 mg;0.10 mg;5.20 mg;0;0;0;0;0;0;11 mg;0;0;0;300 mg;43 mg;0;0 mg;0 mg;6 mg;0 mg;0 mcg;0;0;0;0;0;0;0;0;0
438;Daun mengkudu, segar;Alami;1;100 g;65 kkal;0;0;11.40 g;0;4 g;1.70 g;0;0;0;0;0;3.90 g;0;0;0;0;80.90 g;2 g;0 mcg;2 mcg;0.01 mg;0.10 mg;5.70 mg;0;0;0;0;0;0;35 mg;0;0;0;296 mg;40 mg;0;0 mg;0 mg;6.90 mg;0 mg;0 mcg;0;0;0;0;0;0;0;0;0
439;Daun ndusuk, segar;Alami;1;100 g;166 kkal;0;0;38.80 g;0;1.70 g;0.50 g;0;0;0;0;0;10.70 g;0;0;0;0;56 g;3 g;0 mcg;14457 mcg;0.40 mg;0.10 mg;0.10 mg;0;0;0;0;0;0;30 mg;0;0;0;40 mg;20 mg;0;40 mg;310 mg;1.80 mg;0.70 mg;300 mcg;0;0;0;0;0;0;0;0;0
440;Daun oyong, segar;Alami;1;100 g;22 kkal;0;0;5.30 g;0;1 g;0.10 g;0;0;0;0;0;0 g;0;0;0;0;93 g;0.60 g;0 mcg;855 mcg;0.08 mg;0.10 mg;0.80 mg;0;0;0;0;0;0;150 mg;0;0;0;21 mg;44 mg;0;40 mg;295.50 mg;2 mg;0.20 mg;100 mcg;0;0;0;0;0;0;0;0;0
442;Daun pakis loggiho, segar;Alami;1;100 g;54 kkal;0;0;3.10 g;0;2.20 g;3.60 g;0;0;0;0;0;2.10 g;0;0;0;0;89.50 g;1.60 g;0 mcg;167.50 mcg;0.40 mg;0.30 mg;0.20 mg;0;0;0;0;0;0;8 mg;0;0;0;40 mg;80 mg;0;70 mg;500 mg;0.70 mg;0.10 mg;400 mcg;0;0;0;0;0;0;0;0;0
443;Daun pakis wambateu, segar;Alami;1;100 g;53 kkal;0;0;7.20 g;0;3.40 g;1.20 g;0;0;0;0;0;4.80 g;0;0;0;0;86.90 g;1.30 g;0 mcg;191.20 mcg;0.70 mg;0.20 mg;0.30 mg;0;0;0;0;0;0;6 mg;0;0;0;30 mg;100 mg;0;20 mg;200 mg;0.30 mg;0.30 mg;200 mcg;0;0;0;0;0;0;0;0;0
441;Daun pakis, segar;Alami;1;100 g;39 kkal;0;0;6.90 g;0;4.50 g;0.40 g;0;0;0;0;0;2 g;0;0;0;0;86.80 g;1.40 g;0 mcg;1625 mcg;0.02 mg;0.10 mg;0.50 mg;0;0;0;0;0;0;2.50 mg;0;0;0;136 mg;159 mg;0;20 mg;201.90 mg;2.30 mg;0.30 mg;0 mcg;0;0;0;0;0;0;0;0;0
444;Daun paku, segar;Alami;1;100 g;29 kkal;0;0;6.50 g;0;3.40 g;0.10 g;0;0;0;0;0;4.30 g;0;0;0;0;88.80 g;1.20 g;0 mcg;18 mcg;0.20 mg;0.10 mg;11.70 mg;0;0;0;0;0;0;10 mg;0;0;0;13 mg;88 mg;0;19 mg;434 mg;1.30 mg;0.70 mg;500 mcg;0;0;0;0;0;0;0;0;0
445;Daun pangi, segar;Alami;1;100 g;104 kkal;0;0;17.90 g;0;3.90 g;0.60 g;0;0;0;0;0;8.30 g;0;0;0;0;76.10 g;1.50 g;0 mcg;54.90 mcg;0.40 mg;0.10 mg;0.10 mg;0;0;0;0;0;0;23 mg;0;0;0;256 mg;22 mg;0;4 mg;266 mg;1.80 mg;0.50 mg;1700 mcg;0;0;0;0;0;0;0;0;0
446;Daun pare, segar;Alami;1;100 g;49 kkal;0;0;8.40 g;0;2.70 g;1 g;0;0;0;0;0;3 g;0;0;0;0;87.30 g;1.60 g;0 mcg;1800 mcg;0.40 mg;0.20 mg;0.60 mg;0;0;0;0;0;0;7 mg;0;0;0;217 mg;70 mg;0;7 mg;498 mg;3.30 mg;1.20 mg;400 mcg;0;0;0;0;0;0;0;0;0
447;Daun pepaya, segar;Alami;1;100 g;87 kkal;0;0;11.90 g;0;8 g;2 g;0;0;0;0;0;1.50 g;0;0;0;0;75.40 g;2.70 g;0 mcg;5409 mcg;0.15 mg;0.50 mg;1.90 mg;0;0;0;0;0;0;140 mg;0;0;0;353 mg;63 mg;0;4 mg;926.60 mg;0.80 mg;1.50 mg;200 mcg;0;0;0;0;0;0;0;0;0
448;Daun pohpohan, segar;Alami;1;100 g;37 kkal;0;0;6.90 g;0;2.50 g;0.80 g;0;0;0;0;0;2.60 g;0;0;0;0;87.40 g;2.40 g;0 mcg;0 mcg;0.03 mg;0 mg;0 mg;0;0;0;0;0;0;5 mg;0;0;0;744 mg;80 mg;0;0 mg;0 mg;5.90 mg;0 mg;0 mcg;0;0;0;0;0;0;0;0;0
1125;Daun salam kering bubuk;Alami;1;100 g;301 kkal;0;0;49 g;0;14.20 g;10.90 g;0;0;0;0;0;9.40 g;0;0;0;0;13.10 g;12.80 g;0 mcg;5400 mcg;0.10 mg;0.32 mg;5 mg;0;0;0;0;0;0;0 mg;0;0;0;86 mg;250 mg;0;180 mg;619 mg;44.10 mg;0.70 mg;1310 mcg;0;0;0;0;0;0;0;0;0
449;Daun selasih, segar;Alami;1;100 g;62 kkal;0;0;10.50 g;0;4 g;0.50 g;0;0;0;0;0;5.30 g;0;0;0;0;83.10 g;1.90 g;0 mcg;4112 mcg;0.50 mg;0.10 mg;0.20 mg;0;0;0;0;0;0;24 mg;0;0;0;122 mg;16 mg;0;3 mg;259 mg;13.90 mg;0.70 mg;400 mcg;0;0;0;0;0;0;0;0;0
450;Daun semanggi, segar;Alami;1;100 g;45 kkal;0;0;8.50 g;0;4.40 g;0.50 g;0;0;0;0;0;1.90 g;0;0;0;0;84.70 g;1.90 g;0 mcg;64 mcg;0.01 mg;0.50 mg;0.70 mg;0;0;0;0;0;0;6 mg;0;0;0;98 mg;90 mg;0;64 mg;520.70 mg;7 mg;0.30 mg;500 mcg;0;0;0;0;0;0;0;0;0
451;Daun simpur, segar;Alami;1;100 g;53 kkal;0;0;7.60 g;0;3.20 g;2.50 g;0;0;0;0;0;1.60 g;0;0;0;0;86.20 g;0.90 g;0 mcg;0 mcg;0.02 mg;0 mg;0 mg;0;0;0;0;0;0;5 mg;0;0;0;228 mg;194 mg;0;0 mg;0 mg;3.50 mg;0 mg;0 mcg;0;0;0;0;0;0;0;0;0
452;Daun singkil, segar;Alami;1;100 g;68 kkal;0;0;15.20 g;0;2 g;1 g;0;0;0;0;0;3.30 g;0;0;0;0;80.90 g;0.90 g;0 mcg;0 mcg;0.02 mg;0 mg;0 mg;0;0;0;0;0;0;3 mg;0;0;0;178 mg;86 mg;0;0 mg;0 mg;2.10 mg;0 mg;0 mcg;0;0;0;0;0;0;0;0;0
454;Daun singkong ambon, segar;Alami;1;100 g;144 kkal;0;0;25.20 g;0;12.70 g;1.20 g;0;0;0;0;0;10.20 g;0;0;0;0;58 g;2.90 g;0 mcg;8627 mcg;0.21 mg;1 mg;4.20 mg;0;0;0;0;0;0;220 mg;0;0;0;165 mg;54 mg;0;44 mg;62.20 mg;3.90 mg;5.40 mg;200 mcg;0;0;0;0;0;0;0;0;0
455;Daun singkong ampenan, segar;Alami;1;100 g;50 kkal;0;0;7.10 g;0;6.20 g;1.10 g;0;0;0;0;0;2.40 g;0;0;0;0;84.40 g;1.20 g;0 mcg;7917 mcg;0.50 mg;0.10 mg;1.60 mg;0;0;0;0;0;0;103 mg;0;0;0;352 mg;123 mg;0;49 mg;570 mg;2.70 mg;1.30 mg;200 mcg;0;0;0;0;0;0;0;0;0
456;Daun singkong kopang, segar;Alami;1;100 g;74 kkal;0;0;10.70 g;0;6.30 g;0.70 g;0;0;0;0;0;4.60 g;0;0;0;0;81.10 g;1.20 g;0 mcg;3882 mcg;0.50 mg;0.50 mg;1.90 mg;0;0;0;0;0;0;211 mg;0;0;0;142 mg;115 mg;0;32 mg;382 mg;1.70 mg;1.50 mg;200 mcg;0;0;0;0;0;0;0;0;0
556;Daun singkong rebus;Alami;1;100 g;31 kkal;0;0;4.80 g;0;3.70 g;0.60 g;0;0;0;0;0;1.60 g;0;0;0;0;90.50 g;0.40 g;0 mcg;3897 mcg;0.02 mg;0.10 mg;1.70 mg;0;0;0;0;0;0;34 mg;0;0;0;160 mg;50 mg;0;13 mg;14 mg;2.60 mg;2 mg;100 mcg;0;0;0;0;0;0;0;0;0
453;Daun singkong, segar;Alami;1;100 g;50 kkal;0;0;7.10 g;0;6.20 g;1.10 g;0;0;0;0;0;2.40 g;0;0;0;0;84.40 g;1.20 g;0 mcg;3204 mcg;0.04 mg;0.10 mg;1.80 mg;0;0;0;0;0;0;103 mg;0;0;0;166 mg;99 mg;0;17 mg;23.10 mg;1.30 mg;2 mg;100 mcg;0;0;0;0;0;0;0;0;0
457;Daun sintrong, segar;Alami;1;100 g;36 kkal;0;0;6.10 g;0;2.60 g;0.90 g;0;0;0;0;0;1.70 g;0;0;0;0;88.50 g;1.90 g;0 mcg;10178 mcg;0.03 mg;0.20 mg;0.90 mg;0;0;0;0;0;0;3 mg;0;0;0;398 mg;95 mg;0;64 mg;444.40 mg;9.30 mg;0.40 mg;100 mcg;0;0;0;0;0;0;0;0;0
557;Daun talas rebus;Alami;1;100 g;27 kkal;0;0;5.90 g;0;1.30 g;0.20 g;0;0;0;0;0;1.60 g;0;0;0;0;91.60 g;1 g;0 mcg;4641 mcg;0 mg;0.60 mg;1.90 mg;0;0;0;0;0;0;7 mg;0;0;0;119 mg;41 mg;0;3 mg;519.40 mg;1.40 mg;0.50 mg;500 mcg;0;0;0;0;0;0;0;0;0
458;Daun talas, segar;Alami;1;100 g;59 kkal;0;0;13.50 g;0;3 g;0.40 g;0;0;0;0;0;3 g;0;0;0;0;81.10 g;2 g;0 mcg;3816 mcg;0.07 mg;0.60 mg;2 mg;0;0;0;0;0;0;24 mg;0;0;0;236 mg;50 mg;0;4 mg;854.10 mg;2.40 mg;0.50 mg;400 mcg;0;0;0;0;0;0;0;0;0
459;Daun Tespong, segar;Alami;1;100 g;70 kkal;0;0;13.90 g;0;2.90 g;0.30 g;0;0;0;0;0;2.30 g;0;0;0;0;81 g;1.90 g;0 mcg;171 mcg;0.05 mg;0.70 mg;1.40 mg;0;0;0;0;0;0;21 mg;0;0;0;155 mg;65 mg;0;72 mg;0 mg;2.50 mg;0.90 mg;150 mcg;0;0;0;0;0;0;0;0;0
460;Daun ubi kuning, segar;Alami;1;100 g;62 kkal;0;0;11.10 g;0;3.70 g;0.30 g;0;0;0;0;0;6.40 g;0;0;0;0;83.50 g;1.40 g;0 mcg;3564 mcg;0.30 mg;0.30 mg;1.20 mg;0;0;0;0;0;0;4 mg;0;0;0;170 mg;40 mg;0;10 mg;0 mg;0.60 mg;0.50 mg;200 mcg;0;0;0;0;0;0;0;0;0
558;Daun ubi merah kukus;Alami;1;100 g;56 kkal;0;0;13 g;0;3.10 g;0.30 g;0;0;0;0;0;1.50 g;0;0;0;0;82.50 g;1.10 g;0 mcg;5277 mcg;0 mg;0.20 mg;1.10 mg;0;0;0;0;0;0;14 mg;0;0;0;78 mg;52 mg;0;28 mg;472.80 mg;4.30 mg;0.40 mg;100 mcg;0;0;0;0;0;0;0;0;0
461;Daun ubi merah, segar;Alami;1;100 g;48 kkal;0;0;10.80 g;0;3 g;0.30 g;0;0;0;0;0;1.40 g;0;0;0;0;84.40 g;1.50 g;0 mcg;5453 mcg;0.10 mg;0.20 mg;1.20 mg;0;0;0;0;0;0;27 mg;0;0;0;80 mg;81 mg;0;33 mg;517.30 mg;6.40 mg;0.40 mg;0 mcg;0;0;0;0;0;0;0;0;0
462;Daun ubi putih, segar;Alami;1;100 g;46 kkal;0;0;8.20 g;0;2.80 g;0.20 g;0;0;0;0;0;4.80 g;0;0;0;0;87.50 g;1.30 g;0 mcg;103 mcg;0.30 mg;0.30 mg;0.90 mg;0;0;0;0;0;0;8 mg;0;0;0;120 mg;50 mg;0;10 mg;0 mg;0.80 mg;0.50 mg;200 mcg;0;0;0;0;0;0;0;0;0
463;Daun ubi tinta, segar;Alami;1;100 g;55 kkal;0;0;11.90 g;0;1.70 g;0.10 g;0;0;0;0;0;7.60 g;0;0;0;0;85.10 g;1.20 g;0 mcg;516 mcg;0.20 mg;0 mg;0 mg;0;0;0;0;0;0;7 mg;0;0;0;120 mg;40 mg;0;10 mg;0 mg;0.60 mg;0.50 mg;200 mcg;0;0;0;0;0;0;0;0;0
1001;Dendeng belut goreng, masakan;Alami;1;100 g;382 kkal;0;0;8 g;0;55.70 g;14.10 g;0;0;0;0;0;0 g;0;0;0;0;8.20 g;14 g;28 mcg;0 mcg;0.48 mg;0 mg;0 mg;0;0;0;0;0;0;0 mg;0;0;0;1069 mg;654 mg;0;0 mg;0 mg;15.40 mg;0 mg;0 mcg;0;0;0;0;0;0;0;0;0
1002;Dendeng mujahir goreng, masakan;Alami;1;100 g;598 kkal;0;0;9.20 g;0;74.30 g;26.90 g;0;0;0;0;0;0 g;0;0;0;0;6.50 g;13.10 g;18 mcg;0 mcg;0.19 mg;0 mg;0 mg;0;0;0;0;0;0;0 mg;0;0;0;1957 mg;1447 mg;0;0 mg;0 mg;7.40 mg;0 mg;0 mcg;0;0;0;0;0;0;0;0;0
815;Djibokum, masakan;Alami;1;100 g;248 kkal;0;0;40.90 g;0;10 g;2.30 g;0;0;0;0;0;0.10 g;0;0;0;0;43.40 g;3.40 g;52 mcg;0 mcg;0.75 mg;0 mg;0 mg;0;0;0;0;0;0;0 mg;0;0;0;116 mg;110 mg;0;401 mg;0 mg;2.80 mg;0 mg;0 mcg;0;0;0;0;0;0;0;0;0
64;Dodol bali;Alami;1;100 g;298 kkal;0;0;65.90 g;0;3.70 g;2.10 g;0;0;0;0;0;0.40 g;0;0;0;0;26.50 g;1.80 g;0 mcg;0 mcg;0.28 mg;0 mg;2.50 mg;0;0;0;0;0;0;0 mg;0;0;0;70 mg;76 mg;0;0 mg;0 mg;2.50 mg;0 mg;0 mcg;0;0;0;0;0;0;0;0;0
319;Dodol Banjarmasin;Alami;1;100 g;368 kkal;0;0;70 g;0;2.60 g;8.60 g;0;0;0;0;0;0.50 g;0;0;0;0;17.30 g;1.50 g;0 mcg;0 mcg;0.04 mg;0.07 mg;2.30 mg;0;0;0;0;0;0;0 mg;0;0;0;51 mg;180 mg;0;48 mg;96 mg;3.30 mg;2.60 mg;400 mcg;0;0;0;0;0;0;0;0;0
65;Dodol galamai;Alami;1;100 g;348 kkal;0;0;76.10 g;0;0.40 g;3.80 g;0;0;0;0;0;0.50 g;0;0;0;0;16.50 g;1.20 g;0 mcg;0 mcg;0.03 mg;0.06 mg;1.80 mg;0;0;0;0;0;0;0 mg;0;0;0;41 mg;144 mg;0;38 mg;76 mg;2.60 mg;2.10 mg;300 mcg;0;0;0;0;0;0;0;0;0
66;Dodol kedongdong;Alami;1;100 g;331 kkal;0;0;63.80 g;0;1.90 g;7.60 g;0;0;0;0;0;1 g;0;0;0;0;26.40 g;0.40 g;0 mcg;0 mcg;0.11 mg;0 mg;0.80 mg;0;0;0;0;0;0;5 mg;0;0;0;90 mg;55 mg;0;0 mg;0 mg;2.30 mg;0 mg;0 mcg;0;0;0;0;0;0;0;0;0
67;Dodol manado;Alami;1;100 g;373 kkal;0;0;51.90 g;0;4.30 g;16.50 g;0;0;0;0;0;0.40 g;0;0;0;0;26.10 g;1.20 g;0 mcg;0 mcg;0.04 mg;0.06 mg;2.10 mg;0;0;0;0;0;0;0 mg;0;0;0;41 mg;142 mg;0;35 mg;72 mg;2.40 mg;2.10 mg;300 mcg;0;0;0;0;0;0;0;0;0
723;Dodol nanas;Alami;1;100 g;338 kkal;0;0;80.30 g;0;1.50 g;1.20 g;0;0;0;0;0;0 g;0;0;0;0;16.10 g;0.90 g;0 mcg;0 mcg;0.30 mg;0 mg;0 mg;0;0;0;0;0;0;8 mg;0;0;0;0 mg;0 mg;0;0 mg;0 mg;0 mg;0 mg;0 mcg;0;0;0;0;0;0;0;0;0
753;Domba, daging, gemuk, segar;Alami;1;100 g;202 kkal;0;0;0 g;0;17.10 g;14.80 g;0;0;0;0;0;0 g;0;0;0;0;66.30 g;1.80 g;0 mcg;0 mcg;0.15 mg;0.26 mg;5.70 mg;0;0;0;0;0;0;0 mg;0;0;0;10 mg;191 mg;0;90 mg;355 mg;2.60 mg;2.80 mg;80 mcg;0;0;0;0;0;0;0;0;0
752;Domba, daging, gemuk, segar;Alami;1;100 g;317 kkal;0;0;0 g;0;15.70 g;27.70 g;0;0;0;0;0;0 g;0;0;0;0;55.80 g;0.80 g;0 mcg;0 mcg;0.14 mg;0.23 mg;6.50 mg;0;0;0;0;0;0;0 mg;0;0;0;9 mg;157 mg;0;64 mg;242.10 mg;2.40 mg;3.70 mg;110 mcg;0;0;0;0;0;0;0;0;0
754;Domba, ginjal, segar;Alami;1;100 g;100 kkal;0;0;1 g;0;16.60 g;3.30 g;0;0;0;0;0;0 g;0;0;0;0;77.80 g;1.30 g;348 mcg;515 mcg;0.51 mg;2.35 mg;7.50 mg;0;0;0;0;0;0;13 mg;0;0;0;13 mg;237 mg;0;155 mg;276 mg;9.20 mg;2.40 mg;480 mcg;0;0;0;0;0;0;0;0;0
631;Duku, segar;Alami;1;100 g;63 kkal;0;0;16.10 g;0;1 g;0.20 g;0;0;0;0;0;4.30 g;0;0;0;0;82 g;0.70 g;0 mcg;0 mcg;0.05 mg;0.15 mg;1.50 mg;0;0;0;0;0;0;9 mg;0;0;0;18 mg;9 mg;0;2 mg;149 mg;0.90 mg;0.20 mg;100 mcg;0;0;0;0;0;0;0;0;0
632;Durian, segar;Alami;1;100 g;134 kkal;0;0;28 g;0;2.50 g;3 g;0;0;0;0;0;3.50 g;0;0;0;0;65 g;8 g;0 mcg;146 mcg;0.10 mg;0.19 mg;136.50 mg;0;0;0;0;0;0;53 mg;0;0;0;7 mg;44 mg;0;1 mg;601 mg;1.30 mg;0.30 mg;100 mcg;0;0;0;0;0;0;0;0;0
633;Duwet, segar;Alami;1;100 g;80 kkal;0;0;18.20 g;0;0.50 g;0.60 g;0;0;0;0;0;0.90 g;0;0;0;0;80.20 g;0.50 g;0 mcg;329 mcg;0.02 mg;0.01 mg;2.50 mg;0;0;0;0;0;0;130 mg;0;0;0;33 mg;138 mg;0;16 mg;92.70 mg;1.30 mg;0.30 mg;191300 mcg;0;0;0;0;0;0;0;0;0
464;Eceng, segar;Alami;1;100 g;19 kkal;0;0;3.80 g;0;1 g;0.20 g;0;0;0;0;0;1.80 g;0;0;0;0;93 g;2 g;0 mcg;7 mcg;0.08 mg;0.10 mg;0.70 mg;0;0;0;0;0;0;50 mg;0;0;0;80 mg;45 mg;0;45 mg;634.10 mg;3.70 mg;0 mg;0 mcg;0;0;0;0;0;0;0;0;0
634;Embacang, segar;Alami;1;100 g;98 kkal;0;0;25.40 g;0;1.40 g;0.20 g;0;0;0;0;0;1.90 g;0;0;0;0;72.50 g;0.50 g;0 mcg;2533 mcg;0.03 mg;0.09 mg;0.70 mg;0;0;0;0;0;0;56 mg;0;0;0;21 mg;15 mg;0;3 mg;250.90 mg;0.50 mg;0.10 mg;100 mcg;0;0;0;0;0;0;0;0;0
816;Empal (daging) goreng, masakan;Alami;1;100 g;248 kkal;0;0;10.10 g;0;36.20 g;6.90 g;0;0;0;0;0;0 g;0;0;0;0;43.90 g;2 g;112 mcg;0 mcg;0.55 mg;0 mg;0 mg;0;0;0;0;0;0;0 mg;0;0;0;131 mg;235 mg;0;848 mg;0 mg;6.40 mg;0 mg;0 mcg;0;0;0;0;0;0;0;0;0
320;Emping (keripik melinjo);Alami;1;100 g;345 kkal;0;0;71.50 g;0;12 g;1.50 g;0;0;0;0;0;0 g;0;0;0;0;13 g;28 g;0 mcg;0 mcg;0.20 mg;0 mg;0 mg;0;0;0;0;0;0;0 mg;0;0;0;100 mg;400 mg;0;0 mg;0 mg;5 mg;0 mg;0 mcg;0;0;0;0;0;0;0;0;0
68;Emping beras;Alami;1;100 g;403 kkal;0;0;85.30 g;0;10.60 g;2.20 g;0;0;0;0;0;0.20 g;0;0;0;0;13.60 g;1.90 g;0 mcg;0 mcg;0 mg;0.16 mg;0 mg;0;0;0;0;0;0;0 mg;0;0;0;11 mg;240 mg;0;1 mg;113 mg;0.30 mg;2.40 mg;300 mcg;0;0;0;0;0;0;0;0;0
321;Emping komak;Alami;1;100 g;355 kkal;0;0;60.70 g;0;17.80 g;4.60 g;0;0;0;0;0;0 g;0;0;0;0;14.20 g;2.70 g;0 mcg;0 mcg;0 mg;0 mg;0.60 mg;0;0;0;0;0;0;0 mg;0;0;0;87 mg;304 mg;0;24 mg;1233 mg;4.30 mg;2.30 mg;1000 mcg;0;0;0;0;0;0;0;0;0
635;Encung asam, segar;Alami;1;100 g;122 kkal;0;0;17.50 g;0;3.50 g;4.50 g;0;0;0;0;0;9.30 g;0;0;0;0;73 g;1.50 g;0 mcg;0 mcg;0.02 mg;0 mg;0 mg;0;0;0;0;0;0;0 mg;0;0;0;63 mg;69 mg;0;0 mg;0 mg;3.20 mg;0 mg;0 mcg;0;0;0;0;0;0;0;0;0
322;Enting-enting gepuk hello kity;Alami;1;100 g;538 kkal;0;0;52.60 g;0;13.60 g;30.30 g;0;0;0;0;0;0.20 g;0;0;0;0;2.40 g;1 g;0 mcg;0 mcg;1 mg;0 mg;0 mg;0;0;0;0;0;0;0 mg;0;0;0;81 mg;248 mg;0;0 mg;0 mg;1.60 mg;0 mg;0 mcg;0;0;0;0;0;0;0;0;0
323;Enting-enting gepuk kacang tanah;Alami;1;100 g;524 kkal;0;0;52 g;0;13.30 g;29.20 g;0;0;0;0;0;0.20 g;0;0;0;0;4.20 g;1.40 g;0 mcg;0 mcg;0.62 mg;0 mg;0 mg;0;0;0;0;0;0;0 mg;0;0;0;76 mg;248 mg;0;0 mg;0 mg;1.40 mg;0 mg;0 mcg;0;0;0;0;0;0;0;0;0
324;Enting-enting wijen;Alami;1;100 g;565 kkal;0;0;36.80 g;0;18.20 g;38.40 g;0;0;0;0;0;1.90 g;0;0;0;0;3.70 g;3 g;0 mcg;0 mcg;0.92 mg;0 mg;0 mg;0;0;0;0;0;0;0 mg;0;0;0;251 mg;502 mg;0;0 mg;0 mg;10.90 mg;0 mg;0 mcg;0;0;0;0;0;0;0;0;0
636;Erbis, segar;Alami;1;100 g;70 kkal;0;0;18.90 g;0;0.60 g;0 g;0;0;0;0;0;7.70 g;0;0;0;0;80 g;0.50 g;0 mcg;549 mcg;0 mg;0.10 mg;1.10 mg;0;0;0;0;0;0;16 mg;0;0;0;11 mg;50 mg;0;21 mg;257.10 mg;1.10 mg;0.10 mg;100 mcg;0;0;0;0;0;0;0;0;0
1062;Es krim;Alami;1;100 g;210 kkal;0;0;20.60 g;0;4 g;12.50 g;0;0;0;0;0;0 g;0;0;0;0;62.10 g;0.80 g;158 mcg;0 mcg;0.04 mg;0.23 mg;0.10 mg;0;0;0;0;0;0;1 mg;0;0;0;123 mg;99 mg;0;78 mg;193.40 mg;0.10 mg;0.70 mg;0 mcg;0;0;0;0;0;0;0;0;0
1003;Fillet o-fish;Alami;1;100 g;270 kkal;0;0;19.30 g;0;12.30 g;15.90 g;0;0;0;0;0;0.20 g;0;0;0;0;51 g;1.50 g;34 mcg;0 mcg;0.59 mg;0 mg;0 mg;0;0;0;0;0;0;0 mg;0;0;0;239 mg;272 mg;0;439 mg;0 mg;1.80 mg;0 mg;0 mcg;0;0;0;0;0;0;0;0;0
1334;Flax seeds;Alami;1;100 g;534 kkal;0;0;28.88 g;0;18.29 g;42.16 g;0;0;0;0;0;0;0;0;0;0;0;0;0;0;0;0;0;0;0;0;0;0;0;0;0;0;0;0;0;0;0;0;0;0;0;0;0;0;0;0;0;0;0;0
142;Gadeng / Gadung kering;Alami;1;100 g;322 kkal;0;0;76.60 g;0;2.40 g;0.60 g;0;0;0;0;0;0 g;0;0;0;0;20.20 g;0.20 g;0 mcg;0 mcg;0.45 mg;0.02 mg;1 mg;0;0;0;0;0;0;0 mg;0;0;0;39 mg;22 mg;0;5 mg;2 mg;2.20 mg;0.20 mg;500 mcg;0;0;0;0;0;0;0;0;0
579;Gado-gado;Alami;1;100 g;137 kkal;0;0;21 g;0;6.10 g;3.20 g;0;0;0;0;0;1.10 g;0;0;0;0;68.50 g;1.50 g;3 mcg;0 mcg;0.10 mg;0 mg;0 mg;0;0;0;0;0;0;1 mg;0;0;0;301 mg;135 mg;0;0 mg;0 mg;7.50 mg;0 mg;0 mcg;0;0;0;0;0;0;0;0;0
143;Gadung , ubi, segar;Alami;1;100 g;100 kkal;0;0;23.50 g;0;0.90 g;0.30 g;0;0;0;0;0;2.10 g;0;0;0;0;74.40 g;0.90 g;0 mcg;0 mcg;0.23 mg;0 mg;0.50 mg;0;0;0;0;0;0;2 mg;0;0;0;79 mg;66 mg;0;8 mg;687.20 mg;0.90 mg;0.20 mg;200 mcg;0;0;0;0;0;0;0;0;0
174;Gadung kukus;Alami;1;100 g;88 kkal;0;0;20.90 g;0;0.60 g;0.30 g;0;0;0;0;0;0.90 g;0;0;0;0;77.40 g;0.80 g;0 mcg;0 mcg;0.03 mg;0 mg;0.40 mg;0;0;0;0;0;0;0 mg;0;0;0;26 mg;47 mg;0;6 mg;584 mg;0.40 mg;0.20 mg;200 mcg;0;0;0;0;0;0;0;0;0
465;Gambas (oyong), segar;Alami;1;100 g;19 kkal;0;0;4.10 g;0;0.80 g;0.20 g;0;0;0;0;0;1.30 g;0;0;0;0;94.50 g;0.40 g;0 mcg;17 mcg;0.03 mg;0 mg;0.40 mg;0;0;0;0;0;0;8 mg;0;0;0;19 mg;33 mg;0;23 mg;109.10 mg;0.90 mg;0.10 mg;0 mcg;0;0;0;0;0;0;0;0;0
637;Gandaria masak, segar;Alami;1;100 g;68 kkal;0;0;18 g;0;0.70 g;0.10 g;0;0;0;0;0;2.20 g;0;0;0;0;80.80 g;0.40 g;0 mcg;329 mcg;0.03 mg;0.07 mg;0.70 mg;0;0;0;0;0;0;111 mg;0;0;0;9 mg;20 mg;0;3 mg;129 mg;1 mg;0 mg;0 mcg;0;0;0;0;0;0;0;0;0
175;Ganyong rebus;Alami;1;100 g;100 kkal;0;0;23.80 g;0;0.80 g;0.20 g;0;0;0;0;0;0.90 g;0;0;0;0;74.10 g;1.10 g;0 mcg;0 mcg;0.04 mg;0 mg;0 mg;0;0;0;0;0;0;6 mg;0;0;0;15 mg;65 mg;0;0 mg;0 mg;0.90 mg;0 mg;0 mcg;0;0;0;0;0;0;0;0;0
144;Ganyong, segar;Alami;1;100 g;77 kkal;0;0;18.40 g;0;0.60 g;0.20 g;0;0;0;0;0;0.80 g;0;0;0;0;79.90 g;0.90 g;0 mcg;0 mcg;0.10 mg;0 mg;0 mg;0;0;0;0;0;0;9 mg;0;0;0;15 mg;67 mg;0;0 mg;0 mg;1 mg;0 mg;0 mcg;0;0;0;0;0;0;0;0;0
638;Gatep, segar;Alami;1;100 g;191 kkal;0;0;39.70 g;0;4.50 g;1.50 g;0;0;0;0;0;13.40 g;0;0;0;0;52.70 g;1.60 g;0 mcg;51 mcg;0.05 mg;0.20 mg;1.80 mg;0;0;0;0;0;0;0 mg;0;0;0;186 mg;69 mg;0;17 mg;403.30 mg;3.20 mg;1.30 mg;700 mcg;0;0;0;0;0;0;0;0;0
194;Gatot;Alami;1;100 g;347 kkal;0;0;83.80 g;0;1.30 g;0.70 g;0;0;0;0;0;5.80 g;0;0;0;0;12.80 g;1.40 g;0 mcg;0 mcg;0.02 mg;0.10 mg;0.40 mg;0;0;0;0;0;0;0 mg;0;0;0;78 mg;44 mg;0;28 mg;242 mg;17.10 mg;0.70 mg;200 mcg;0;0;0;0;0;0;0;0;0
195;Geblek;Alami;1;100 g;195 kkal;0;0;44.40 g;0;0.40 g;1.70 g;0;0;0;0;0;3.60 g;0;0;0;0;52.10 g;1.40 g;0 mcg;0 mcg;0.02 mg;0 mg;0.10 mg;0;0;0;0;0;0;0 mg;0;0;0;35 mg;13 mg;0;353 mg;125 mg;0.60 mg;0.30 mg;300 mcg;0;0;0;0;0;0;0;0;0
145;Gembili, ubi, segar;Alami;1;100 g;131 kkal;0;0;31.30 g;0;1.10 g;0.20 g;0;0;0;0;0;1.10 g;0;0;0;0;66.40 g;1 g;0 mcg;0 mcg;0.08 mg;0 mg;0.90 mg;0;0;0;0;0;0;4 mg;0;0;0;14 mg;56 mg;0;10 mg;200 mg;0.60 mg;0.30 mg;200 mcg;0;0;0;0;0;0;0;0;0
69;Gemblong;Alami;1;100 g;274 kkal;0;0;55.50 g;0;1.70 g;5.40 g;0;0;0;0;0;2.20 g;0;0;0;0;36.20 g;1.20 g;0 mcg;0 mcg;0 mg;0 mg;0 mg;0;0;0;0;0;0;0 mg;0;0;0;69 mg;55 mg;0;0 mg;0 mg;3.30 mg;0 mg;0 mcg;0;0;0;0;0;0;0;0;0
70;Gendar goreng;Alami;1;100 g;407 kkal;0;0;32 g;0;6.40 g;28.20 g;0;0;0;0;0;0.10 g;0;0;0;0;30.40 g;3 g;0 mcg;0 mcg;0.16 mg;0 mg;0.60 mg;0;0;0;0;0;0;0 mg;0;0;0;216 mg;62 mg;0;0 mg;0 mg;1.60 mg;0 mg;0 mcg;0;0;0;0;0;0;0;0;0
466;Genjer, segar;Alami;1;100 g;35 kkal;0;0;7.70 g;0;1.70 g;0.20 g;0;0;0;0;0;2.50 g;0;0;0;0;90 g;0.40 g;0 mcg;0 mcg;0.07 mg;0.10 mg;1.10 mg;0;0;0;0;0;0;54 mg;0;0;0;62 mg;33 mg;0;64 mg;905.80 mg;2.10 mg;0 mg;0 mcg;0;0;0;0;0;0;0;0;0
325;Geplak;Alami;1;100 g;350 kkal;0;0;53.60 g;0;1.40 g;14.40 g;0;0;0;0;0;1.80 g;0;0;0;0;29.60 g;1 g;0 mcg;0 mcg;0.12 mg;0.02 mg;0.80 mg;0;0;0;0;0;0;0 mg;0;0;0;151 mg;43 mg;0;0 mg;0 mg;2.10 mg;0 mg;0 mcg;0;0;0;0;0;0;0;0;0
326;Geplak Jahe;Alami;1;100 g;462 kkal;0;0;57.70 g;0;3.10 g;14.40 g;0;0;0;0;0;3.30 g;0;0;0;0;12.40 g;2.50 g;0 mcg;0 mcg;0.12 mg;0 mg;0.10 mg;0;0;0;0;0;0;0 mg;0;0;0;212 mg;161 mg;0;0 mg;0 mg;6.60 mg;0 mg;0 mcg;0;0;0;0;0;0;0;0;0
1004;Gete kuah asam, masakan;Alami;1;100 g;75 kkal;0;0;6 g;0;8.20 g;2 g;0;0;0;0;0;0 g;0;0;0;0;80.10 g;3.80 g;0 mcg;0 mcg;0 mg;0 mg;0.10 mg;0;0;0;0;0;0;0 mg;0;0;0;1620 mg;880 mg;0;260 mg;150 mg;0.80 mg;1.50 mg;100 mcg;0;0;0;0;0;0;0;0;0
196;Getuk goreng;Alami;1;100 g;360 kkal;0;0;74.30 g;0;1.30 g;6.40 g;0;0;0;0;0;0.80 g;0;0;0;0;16.50 g;1.50 g;0 mcg;0 mcg;0.21 mg;0 mg;0.10 mg;0;0;0;0;0;0;0 mg;0;0;0;59 mg;81 mg;0;0 mg;0 mg;3.20 mg;0 mg;0 mcg;0;0;0;0;0;0;0;0;0
724;Getuk pisang;Alami;1;100 g;144 kkal;0;0;34.10 g;0;1.10 g;0.40 g;0;0;0;0;0;0.40 g;0;0;0;0;63.70 g;0.70 g;0 mcg;0 mcg;0.55 mg;0 mg;0 mg;0;0;0;0;0;0;0 mg;0;0;0;48 mg;32 mg;0;0 mg;0 mg;1 mg;0 mg;0 mcg;0;0;0;0;0;0;0;0;0
197;Getuk singkong;Alami;1;100 g;204 kkal;0;0;47.40 g;0;0.50 g;1.40 g;0;0;0;0;0;0.80 g;0;0;0;0;49.80 g;1.10 g;0 mcg;0 mcg;0.08 mg;0 mg;0.10 mg;0;0;0;0;0;0;0 mg;0;0;0;97 mg;52 mg;0;0 mg;0 mg;1.50 mg;0 mg;0 mcg;0;0;0;0;0;0;0;0;0
1339;Goji berry (kering);Alami;1;100 g;349 kkal;0;0;77.06 g;0;14.26 g;0.39 g;0;0;0;0;0;0;0;0;0;0;0;0;0;0;0;0;0;0;0;0;0;0;0;0;0;0;0;0;0;0;0;0;0;0;0;0;0;0;0;0;0;0;0;0
1337;Granola (matang);Alami;1;100 g;471 kkal;0;0;64.40 g;0;10.10 g;19.80 g;0;0;0;0;0;0;0;0;0;0;0;0;0;0;0;0;0;0;0;0;0;0;0;0;0;0;0;0;0;0;0;0;0;0;0;0;0;0;0;0;0;0;0;0
580;Gudeg,sayur;Alami;1;100 g;160 kkal;0;0;16 g;0;3.30 g;9.20 g;0;0;0;0;0;2.30 g;0;0;0;0;69.20 g;2.10 g;0 mcg;0 mcg;0.15 mg;0 mg;0 mg;0;0;0;0;0;0;0 mg;0;0;0;62 mg;55 mg;0;0 mg;0 mg;12.80 mg;0 mg;0 mcg;0;0;0;0;0;0;0;0;0
1095;Gula aren / gula merah;Alami;1;100 g;368 kkal;0;0;92 g;0;0 g;0 g;0;0;0;0;0;0 g;0;0;0;0;7 g;1 g;0 mcg;0 mcg;0 mg;0.01 mg;0.50 mg;0;0;0;0;0;0;0 mg;0;0;0;75 mg;35 mg;0;15 mg;390.40 mg;3 mg;26.40 mg;40 mcg;0;0;0;0;0;0;0;0;0
1096;Gula kelapa;Alami;1;100 g;386 kkal;0;0;76 g;0;3 g;10 g;0;0;0;0;0;0 g;0;0;0;0;10 g;1 g;0 mcg;0 mcg;0 mg;0.34 mg;0.50 mg;0;0;0;0;0;0;0 mg;0;0;0;76 mg;37 mg;0;2 mg;0 mg;2.60 mg;0 mg;0 mcg;0;0;0;0;0;0;0;0;0
1097;Gula putih / Gula Pasir;Alami;1;100 g;394 kkal;0;0;94 g;0;0 g;0 g;0;0;0;0;0;0 g;0;0;0;0;5.40 g;0.60 g;0 mcg;0 mcg;0 mg;0 mg;0 mg;0;0;0;0;0;0;0 mg;0;0;0;5 mg;1 mg;0;1 mg;4.75 mg;0.10 mg;0 mg;0 mcg;0;0;0;0;0;0;0;0;0
1005;Gulai asam keueung, masakan;Alami;1;100 g;52 kkal;0;0;1.80 g;0;10 g;0.50 g;0;0;0;0;0;0 g;0;0;0;0;86 g;1.70 g;0 mcg;0 mcg;0.18 mg;0.34 mg;0 mg;0;0;0;0;0;0;0 mg;0;0;0;62 mg;102 mg;0;332 mg;141 mg;0.30 mg;1 mg;0 mcg;0;0;0;0;0;0;0;0;0
1007;Gulai ikan paya, masakan;Alami;1;100 g;148 kkal;0;0;5 g;0;10 g;9.80 g;0;0;0;0;0;0 g;0;0;0;0;72.10 g;3.10 g;0 mcg;0 mcg;0.26 mg;0.02 mg;0 mg;0;0;0;0;0;0;0 mg;0;0;0;103 mg;82 mg;0;525 mg;256 mg;0.70 mg;0.90 mg;100 mcg;0;0;0;0;0;0;0;0;0
1006;Gulai ikan, masakan;Alami;1;100 g;106 kkal;0;0;2.50 g;0;16.50 g;3.30 g;0;0;0;0;0;0 g;0;0;0;0;75.70 g;2 g;86 mcg;0 mcg;0.32 mg;0 mg;0 mg;0;0;0;0;0;0;0 mg;0;0;0;306 mg;196 mg;0;743 mg;0 mg;4.80 mg;0 mg;0 mcg;0;0;0;0;0;0;0;0;0
817;Gulai kambing;Alami;1;100 g;126 kkal;0;0;6.20 g;0;4.20 g;9.40 g;0;0;0;0;0;0 g;0;0;0;0;78.40 g;1.80 g;151 mcg;0 mcg;0.13 mg;0.01 mg;0 mg;0;0;0;0;0;0;0 mg;0;0;0;45 mg;73 mg;0;302 mg;138 mg;1.30 mg;0.10 mg;200 mcg;0;0;0;0;0;0;0;0;0
1008;Gulai keumamah, masakan;Alami;1;100 g;110 kkal;0;0;3.20 g;0;5.90 g;8.20 g;0;0;0;0;0;0 g;0;0;0;0;81.40 g;1.30 g;0 mcg;0 mcg;0.33 mg;0.04 mg;0 mg;0;0;0;0;0;0;0 mg;0;0;0;32 mg;96 mg;0;335 mg;121 mg;1 mg;0.90 mg;200 mcg;0;0;0;0;0;0;0;0;0
581;Gulai pakis;Alami;1;100 g;143 kkal;0;0;6 g;0;4 g;11.40 g;0;0;0;0;0;1.40 g;0;0;0;0;76.10 g;2.60 g;11 mcg;0 mcg;0.35 mg;0 mg;0 mg;0;0;0;0;0;0;1 mg;0;0;0;548 mg;124 mg;0;0 mg;0 mg;1.70 mg;0 mg;0 mcg;0;0;0;0;0;0;0;0;0
582;Gulai pliek;Alami;1;100 g;176 kkal;0;0;3.20 g;0;7.30 g;14.90 g;0;0;0;0;0;0 g;0;0;0;0;71.90 g;2.70 g;0 mcg;0 mcg;0 mg;0 mg;0 mg;0;0;0;0;0;0;0 mg;0;0;0;39 mg;54 mg;0;257 mg;285 mg;1.40 mg;0.60 mg;300 mcg;0;0;0;0;0;0;0;0;0
1009;Gulai tiram, masakan;Alami;1;100 g;132 kkal;0;0;7.80 g;0;9 g;7.20 g;0;0;0;0;0;0 g;0;0;0;0;73.10 g;2.90 g;389 mcg;0 mcg;0.29 mg;0.12 mg;0 mg;0;0;0;0;0;0;0 mg;0;0;0;53 mg;134 mg;0;285 mg;133 mg;3.70 mg;0.70 mg;1100 mcg;0;0;0;0;0;0;0;0;0
1010;Gurame asem manis, masakan;Alami;1;100 g;192 kkal;0;0;12.70 g;0;12.70 g;10.10 g;0;0;0;0;0;0 g;0;0;0;0;63.10 g;2.40 g;19 mcg;0 mcg;0.10 mg;0 mg;0 mg;0;0;0;0;0;0;0 mg;0;0;0;283 mg;169 mg;0;0 mg;0 mg;1.10 mg;0 mg;0 mcg;0;0;0;0;0;0;0;0;0
198;Gurandil;Alami;1;100 g;218 kkal;0;0;48.50 g;0;0.50 g;2.50 g;0;0;0;0;0;3.10 g;0;0;0;0;47.50 g;1 g;0 mcg;0 mcg;0.19 mg;0 mg;0 mg;0;0;0;0;0;0;0 mg;0;0;0;50 mg;25 mg;0;0 mg;0 mg;2.80 mg;0 mg;0 mcg;0;0;0;0;0;0;0;0;0
775;Ham;Alami;1;100 g;384 kkal;0;0;0.30 g;0;16.90 g;35 g;0;0;0;0;0;0 g;0;0;0;0;42 g;5.80 g;0 mcg;0 mcg;0.70 mg;0.95 mg;9.70 mg;0;0;0;0;0;0;0 mg;0;0;0;10 mg;136 mg;0;112 mg;819.30 mg;2.50 mg;0.40 mg;110 mcg;0;0;0;0;0;0;0;0;0
1063;Hangop/Butter milk/Whey;Alami;1;100 g;65 kkal;0;0;3.50 g;0;10 g;1 g;0;0;0;0;0;0 g;0;0;0;0;84 g;1.50 g;0 mcg;22 mcg;0.03 mg;0.43 mg;0.20 mg;0;0;0;0;0;0;0 mg;0;0;0;180 mg;190 mg;0;126 mg;374.40 mg;0.20 mg;0 mg;0 mcg;0;0;0;0;0;0;0;0;0
1263;Hazelnut;Alami;1;100 g;628 kkal;0;0;16.70 g;0;14.95 g;60.75 g;0;0;0;0;0;9.70 g;0;0;0;0;0;0;0;0;0;0;0;0;0;0;0;0;0;0;0;0;0;0;0;0;0;0;0;0;0;0;0;0;0;0;0;0;0;0
146;Hofa / Ubi hutan, segar;Alami;1;100 g;127 kkal;0;0;29.50 g;0;1.20 g;0.50 g;0;0;0;0;0;3.40 g;0;0;0;0;67.90 g;0.90 g;0 mcg;0 mcg;0.30 mg;0.05 mg;0.60 mg;0;0;0;0;0;0;0 mg;0;0;0;30 mg;8 mg;0;3 mg;4 mg;0.70 mg;0.20 mg;100 mcg;0;0;0;0;0;0;0;0;0
903;Ika n Mamar merah, segar;Alami;1;100 g;115 kkal;0;0;4.40 g;0;15.30 g;4 g;0;0;0;0;0;0 g;0;0;0;0;75 g;1.30 g;0 mcg;0 mcg;0.20 mg;0.10 mg;0.10 mg;0;0;0;0;0;0;0 mg;0;0;0;60 mg;190 mg;0;120 mg;240 mg;1.60 mg;1 mg;200 mcg;0;0;0;0;0;0;0;0;0
1011;Ikan asar merah, masakan;Alami;1;100 g;146 kkal;0;0;5.60 g;0;17.70 g;5.90 g;0;0;0;0;0;0 g;0;0;0;0;69.20 g;1.60 g;224 mcg;0 mcg;0 mg;0 mg;0 mg;0;0;0;0;0;0;0 mg;0;0;0;100 mg;240 mg;0;170 mg;310 mg;4 mg;1.40 mg;300 mcg;0;0;0;0;0;0;0;0;0
946;Ikan asin, kering;Alami;1;100 g;193 kkal;0;0;0 g;0;42 g;1.50 g;0;0;0;0;0;0 g;0;0;0;0;40 g;16.50 g;0 mcg;0 mcg;0.01 mg;0 mg;0 mg;0;0;0;0;0;0;0 mg;0;0;0;200 mg;300 mg;0;0 mg;0 mg;0.01 mg;0 mg;0 mcg;0;0;0;0;0;0;0;0;0
862;Ikan Bader, segar;Alami;1;100 g;193 kkal;0;0;0 g;0;19 g;13 g;0;0;0;0;0;0 g;0;0;0;0;66 g;2 g;45 mcg;0 mcg;0.01 mg;0.10 mg;4.10 mg;0;0;0;0;0;0;0 mg;0;0;0;48 mg;150 mg;0;118 mg;264.90 mg;0.40 mg;0.20 mg;100 mcg;0;0;0;0;0;0;0;0;0
863;Ikan Balong, segar;Alami;1;100 g;107 kkal;0;0;1.50 g;0;16.50 g;3.90 g;0;0;0;0;0;0 g;0;0;0;0;76.50 g;1.50 g;25 mcg;0 mcg;0.05 mg;0.10 mg;2.50 mg;0;0;0;0;0;0;0 mg;0;0;0;54 mg;202 mg;0;86 mg;253.40 mg;2 mg;1 mg;500 mcg;0;0;0;0;0;0;0;0;0
864;Ikan Bambangan, segar;Alami;1;100 g;112 kkal;0;0;3.70 g;0;20 g;1.30 g;0;0;0;0;0;0 g;0;0;0;0;73.70 g;1.30 g;0 mcg;0 mcg;0.07 mg;0 mg;0.30 mg;0;0;0;0;0;0;0 mg;0;0;0;98 mg;120 mg;0;148 mg;258.70 mg;3 mg;0.10 mg;0 mcg;0;0;0;0;0;0;0;0;0
947;Ikan Bandeng Presto, masakan;Alami;1;100 g;296 kkal;0;0;11.30 g;0;17.10 g;20.30 g;0;0;0;0;0;0 g;0;0;0;0;45.30 g;6 g;6 mcg;0 mcg;0.14 mg;0 mg;0 mg;0;0;0;0;0;0;69 mg;0;0;0;1422 mg;659 mg;0;0 mg;0 mg;1.90 mg;0 mg;0 mcg;0;0;0;0;0;0;0;0;0
865;Ikan Bandeng, segar;Alami;1;100 g;123 kkal;0;0;0 g;0;20 g;4.80 g;0;0;0;0;0;0 g;0;0;0;0;74 g;1.20 g;45 mcg;21 mcg;0.05 mg;0.10 mg;6 mg;0;0;0;0;0;0;0 mg;0;0;0;20 mg;150 mg;0;67 mg;271.10 mg;0.05 mg;0.90 mg;0 mcg;0;0;0;0;0;0;0;0;0
866;Ikan Banjar, segar;Alami;1;100 g;111 kkal;0;0;4.80 g;0;19.40 g;0.90 g;0;0;0;0;0;0 g;0;0;0;0;73.50 g;1.40 g;0 mcg;62 mcg;0.03 mg;0.20 mg;7.30 mg;0;0;0;0;0;0;0 mg;0;0;0;68 mg;278 mg;0;99 mg;338.70 mg;7.30 mg;0.60 mg;200 mcg;0;0;0;0;0;0;0;0;0
867;Ikan Baronang, segar;Alami;1;100 g;78 kkal;0;0;3.70 g;0;14.50 g;0.60 g;0;0;0;0;0;0 g;0;0;0;0;80 g;1.20 g;732 mcg;0 mcg;0.20 mg;0.04 mg;3 mg;0;0;0;0;0;0;0 mg;0;0;0;26 mg;521 mg;0;26 mg;692 mg;3.80 mg;4.10 mg;4700 mcg;0;0;0;0;0;0;0;0;0
868;Ikan Batung, segar;Alami;1;100 g;115 kkal;0;0;4.20 g;0;14.50 g;4.60 g;0;0;0;0;0;0 g;0;0;0;0;75.70 g;1.10 g;0 mcg;0 mcg;1.20 mg;0.04 mg;1.10 mg;0;0;0;0;0;0;0 mg;0;0;0;0 mg;207 mg;0;42 mg;316 mg;0 mg;0.90 mg;200 mcg;0;0;0;0;0;0;0;0;0
875;Ikan Baubara, segar;Alami;1;100 g;100 kkal;0;0;4.90 g;0;14.70 g;2.40 g;0;0;0;0;0;0 g;0;0;0;0;75.50 g;1.60 g;0 mcg;0 mcg;0 mg;0 mg;0 mg;0;0;0;0;0;0;0 mg;0;0;0;90 mg;90 mg;0;390 mg;390 mg;0.40 mg;0.80 mg;700 mcg;0;0;0;0;0;0;0;0;0
948;Ikan Baung bakar;Alami;1;100 g;144 kkal;0;0;5.20 g;0;17.80 g;5.80 g;0;0;0;0;0;0 g;0;0;0;0;69.80 g;1.40 g;0 mcg;0 mcg;0 mg;0 mg;1.30 mg;0;0;0;0;0;0;0 mg;0;0;0;18 mg;169 mg;0;168 mg;236 mg;0 mg;0.70 mg;100 mcg;0;0;0;0;0;0;0;0;0
869;Ikan Baung, segar;Alami;1;100 g;123 kkal;0;0;3.30 g;0;15.10 g;5.50 g;0;0;0;0;0;0 g;0;0;0;0;74.90 g;1.20 g;0 mcg;0 mcg;0.20 mg;0.03 mg;1.20 mg;0;0;0;0;0;0;0 mg;0;0;0;5 mg;146 mg;0;32 mg;349 mg;1.30 mg;0.70 mg;100 mcg;0;0;0;0;0;0;0;0;0
870;Ikan Bawal, segar;Alami;1;100 g;91 kkal;0;0;0 g;0;19 g;1.70 g;0;0;0;0;0;0 g;0;0;0;0;78 g;1.30 g;45 mcg;0 mcg;0.05 mg;0.10 mg;1.80 mg;0;0;0;0;0;0;0 mg;0;0;0;20 mg;150 mg;0;129 mg;233.30 mg;2 mg;0.30 mg;100 mcg;0;0;0;0;0;0;0;0;0
949;Ikan Belida bakar;Alami;1;100 g;128 kkal;0;0;7.20 g;0;18 g;3 g;0;0;0;0;0;0 g;0;0;0;0;68.20 g;3.60 g;0 mcg;0 mcg;1.80 mg;0.17 mg;1.50 mg;0;0;0;0;0;0;0 mg;0;0;0;58 mg;134 mg;0;293 mg;198 mg;0 mg;0.40 mg;100 mcg;0;0;0;0;0;0;0;0;0
871;Ikan Belida, segar;Alami;1;100 g;80 kkal;0;0;2.20 g;0;14.70 g;1.40 g;0;0;0;0;0;0 g;0;0;0;0;79.20 g;2.30 g;0 mcg;0 mcg;1.20 mg;0.14 mg;1.40 mg;0;0;0;0;0;0;0 mg;0;0;0;303 mg;315 mg;0;41 mg;356 mg;1.30 mg;0.80 mg;0 mcg;0;0;0;0;0;0;0;0;0
872;Ikan Beunteur, segar;Alami;1;100 g;109 kkal;0;0;0 g;0;17 g;4 g;0;0;0;0;0;0 g;0;0;0;0;70 g;9 g;45 mcg;0 mcg;0.05 mg;0.10 mg;2.60 mg;0;0;0;0;0;0;0 mg;0;0;0;500 mg;500 mg;0;109 mg;323.50 mg;1 mg;1.30 mg;600 mcg;0;0;0;0;0;0;0;0;0
873;Ikan Biawan, segar;Alami;1;100 g;90 kkal;0;0;2.10 g;0;14.90 g;2.50 g;0;0;0;0;0;0 g;0;0;0;0;79.10 g;1.40 g;0 mcg;0 mcg;0.36 mg;0.03 mg;2.90 mg;0;0;0;0;0;0;0 mg;0;0;0;125 mg;265 mg;0;35 mg;207 mg;1 mg;0.60 mg;400 mcg;0;0;0;0;0;0;0;0;0
874;Ikan Bili, segar;Alami;1;100 g;88 kkal;0;0;6.20 g;0;14.20 g;0.70 g;0;0;0;0;0;0 g;0;0;0;0;68.30 g;10.60 g;0 mcg;0 mcg;0.72 mg;0.09 mg;2.70 mg;0;0;0;0;0;0;0 mg;0;0;0;27 mg;1760 mg;0;217 mg;202 mg;1.50 mg;4.10 mg;0 mcg;0;0;0;0;0;0;0;0;0
876;Ikan Bulan-bulan, segar;Alami;1;100 g;134 kkal;0;0;5 g;0;25.50 g;1.30 g;0;0;0;0;0;0 g;0;0;0;0;66.70 g;1.50 g;0 mcg;0 mcg;0.30 mg;0.02 mg;0.80 mg;0;0;0;0;0;0;0 mg;0;0;0;29 mg;29 mg;0;197 mg;489 mg;0.50 mg;0.50 mg;100 mcg;0;0;0;0;0;0;0;0;0
950;Ikan Cakalang asap, mentah;Alami;1;100 g;204 kkal;0;0;1.90 g;0;34.20 g;5.60 g;0;0;0;0;0;0 g;0;0;0;0;56.90 g;1.40 g;1546 mcg;0 mcg;0.53 mg;0.07 mg;0 mg;0;0;0;0;0;0;0 mg;0;0;0;14 mg;399 mg;0;176 mg;588 mg;1.30 mg;0.70 mg;300 mcg;0;0;0;0;0;0;0;0;0
951;Ikan Cakalang asin, mentah;Alami;1;100 g;198 kkal;0;0;5.50 g;0;36.50 g;2.20 g;0;0;0;0;0;0 g;0;0;0;0;41.70 g;14.10 g;0 mcg;0 mcg;0.06 mg;0 mg;0 mg;0;0;0;0;0;0;0 mg;0;0;0;236 mg;346 mg;0;4304 mg;302.10 mg;3.70 mg;0 mg;0 mcg;0;0;0;0;0;0;0;0;0
878;Ikan Cakalang, hati, segar;Alami;1;100 g;120 kkal;0;0;10 g;0;11.30 g;3.90 g;0;0;0;0;0;0 g;0;0;0;0;73.40 g;1.40 g;0 mcg;0 mcg;0 mg;0 mg;0 mg;0;0;0;0;0;0;0 mg;0;0;0;30 mg;30 mg;0;420 mg;280 mg;0.90 mg;4.30 mg;1600 mcg;0;0;0;0;0;0;0;0;0
879;Ikan Cakalang, jantung, segar;Alami;1;100 g;116 kkal;0;0;10.20 g;0;11.20 g;1.20 g;0;0;0;0;0;0 g;0;0;0;0;76.30 g;1.10 g;908 mcg;0 mcg;0 mg;0 mg;0.10 mg;0;0;0;0;0;0;0 mg;0;0;0;10 mg;40 mg;0;360 mg;250 mg;3.40 mg;1.90 mg;500 mcg;0;0;0;0;0;0;0;0;0
880;Ikan Cakalang, perut, segar;Alami;1;100 g;86 kkal;0;0;8.70 g;0;10.20 g;1.10 g;0;0;0;0;0;0 g;0;0;0;0;79.10 g;0.90 g;0 mcg;0 mcg;0.24 mg;0 mg;0.30 mg;0;0;0;0;0;0;0 mg;0;0;0;20 mg;110 mg;0;230 mg;210 mg;2.10 mg;9.30 mg;300 mcg;0;0;0;0;0;0;0;0;0
877;Ikan Cakalang, segar;Alami;1;100 g;107 kkal;0;0;5.50 g;0;19.60 g;0.70 g;0;0;0;0;0;0 g;0;0;0;0;73 g;1.20 g;386 mcg;0 mcg;0.17 mg;0.05 mg;21.70 mg;0;0;0;0;0;0;0 mg;0;0;0;23 mg;242 mg;0;66 mg;239 mg;2.90 mg;0.60 mg;200 mcg;0;0;0;0;0;0;0;0;0
952;Ikan Calo / peda, mentah;Alami;1;100 g;81 kkal;0;0;3.80 g;0;11.40 g;1.90 g;0;0;0;0;0;0 g;0;0;0;0;71.30 g;11.60 g;15 mcg;0 mcg;0 mg;0 mg;0 mg;0;0;0;0;0;0;0 mg;0;0;0;743 mg;174 mg;0;0 mg;0 mg;22.60 mg;0 mg;0 mcg;0;0;0;0;0;0;0;0;0
881;Ikan Daun, segar;Alami;1;100 g;101 kkal;0;0;4.60 g;0;11.50 g;4.10 g;0;0;0;0;0;0 g;0;0;0;0;78.60 g;1.20 g;0 mcg;0 mcg;0.08 mg;0.07 mg;0.10 mg;0;0;0;0;0;0;0 mg;0;0;0;80 mg;210 mg;0;120 mg;270 mg;0.80 mg;0.90 mg;100 mcg;0;0;0;0;0;0;0;0;0
964;Ikan Dendeng mujahir, mentah;Alami;1;100 g;582 kkal;0;0;37.20 g;0;68.30 g;15.20 g;0;0;0;0;0;0 g;0;0;0;0;15.20 g;14.10 g;15 mcg;0 mcg;0.27 mg;0 mg;0 mg;0;0;0;0;0;0;0 mg;0;0;0;3258 mg;1699 mg;0;0 mg;0 mg;4.30 mg;0 mg;0 mcg;0;0;0;0;0;0;0;0;0
882;Ikan Ekor kuning, segar;Alami;1;100 g;108 kkal;0;0;2.10 g;0;22.30 g;1.20 g;0;0;0;0;0;0 g;0;0;0;0;74.10 g;0.30 g;40 mcg;29 mcg;0 mg;0.10 mg;0.20 mg;0;0;0;0;0;0;0 mg;0;0;0;30 mg;220 mg;0;50 mg;230 mg;0.50 mg;0.60 mg;100 mcg;0;0;0;0;0;0;0;0;0
953;Ikan Gabus asap, mentah;Alami;1;100 g;261 kkal;0;0;21.90 g;0;38.10 g;2.30 g;0;0;0;0;0;0 g;0;0;0;0;26.40 g;11.30 g;114 mcg;0 mcg;0.10 mg;0.10 mg;14.50 mg;0;0;0;0;0;0;0 mg;0;0;0;2510 mg;1840 mg;0;320 mg;410 mg;2.90 mg;0.80 mg;400 mcg;0;0;0;0;0;0;0;0;0
954;Ikan Gabus kering;Alami;1;100 g;268 kkal;0;0;0 g;0;58 g;4 g;0;0;0;0;0;0 g;0;0;0;0;24 g;14 g;30 mcg;0 mcg;0.10 mg;0 mg;0 mg;0;0;0;0;0;0;0 mg;0;0;0;15 mg;100 mg;0;0 mg;0 mg;0.10 mg;0 mg;0 mcg;0;0;0;0;0;0;0;0;0
883;Ikan Gabus, segar;Alami;1;100 g;80 kkal;0;0;2.60 g;0;16.20 g;0.50 g;0;0;0;0;0;0 g;0;0;0;0;79.60 g;1.10 g;335 mcg;0 mcg;0.40 mg;0.20 mg;0.10 mg;0;0;0;0;0;0;0 mg;0;0;0;170 mg;139 mg;0;65 mg;254 mg;0.10 mg;0.40 mg;300 mcg;0;0;0;0;0;0;0;0;0
955;Ikan Gete goreng;Alami;1;100 g;267 kkal;0;0;0.20 g;0;23.10 g;19.40 g;0;0;0;0;0;0 g;0;0;0;0;44.70 g;12.60 g;0 mcg;0 mcg;0 mg;0 mg;0.20 mg;0;0;0;0;0;0;0 mg;0;0;0;2340 mg;1240 mg;0;590 mg;440 mg;0.80 mg;1.90 mg;100 mcg;0;0;0;0;0;0;0;0;0
2419;Ikan Gurame, Gurami;Alami;1;100 g;125 kkal;0;0;0 g;0;17.48 g;5.49 g;0;0;0;0;0;0 g;0;0;0;0;0;0;0;0;0;0;0;0;0;0;0;0;0;0;0;0;0;0;0;0;48 mg;0;0;0;0;0;0;0;0;0;0;0;0;0
884;Ikan Heu, segar;Alami;1;100 g;81 kkal;0;0;6.60 g;0;10 g;1.60 g;0;0;0;0;0;0 g;0;0;0;0;75.60 g;6.20 g;0 mcg;0 mcg;0.87 mg;0 mg;0.20 mg;0;0;0;0;0;0;0 mg;0;0;0;1910 mg;990 mg;0;240 mg;210 mg;2.10 mg;2.70 mg;100 mcg;0;0;0;0;0;0;0;0;0
885;Ikan Hitam, segar;Alami;1;100 g;101 kkal;0;0;6.70 g;0;10.30 g;3.70 g;0;0;0;0;0;0 g;0;0;0;0;78.20 g;1.10 g;67 mcg;0 mcg;0 mg;0.10 mg;0.10 mg;0;0;0;0;0;0;0 mg;0;0;0;50 mg;140 mg;0;70 mg;210 mg;0.40 mg;0.40 mg;0 mcg;0;0;0;0;0;0;0;0;0
956;Ikan Hiu kering;Alami;1;100 g;298 kkal;0;0;20.20 g;0;46.30 g;3.60 g;0;0;0;0;0;0 g;0;0;0;0;23.10 g;6.80 g;661 mcg;0 mcg;0.84 mg;0.11 mg;22.50 mg;0;0;0;0;0;0;0 mg;0;0;0;335 mg;846 mg;0;957 mg;1457 mg;2.50 mg;2 mg;500 mcg;0;0;0;0;0;0;0;0;0
886;Ikan Hiu, segar;Alami;1;100 g;57 kkal;0;0;2.20 g;0;10.70 g;0.30 g;0;0;0;0;0;0 g;0;0;0;0;85.70 g;1.10 g;0 mcg;0 mcg;0.05 mg;0 mg;0 mg;0;0;0;0;0;0;0 mg;0;0;0;75 mg;206 mg;0;0 mg;0 mg;2 mg;0 mg;20 mcg;0;0;0;0;0;0;0;0;0
887;Ikan Kacangan, segar;Alami;1;100 g;77 kkal;0;0;1.60 g;0;15.60 g;0.90 g;0;0;0;0;0;0 g;0;0;0;0;80.70 g;1.20 g;18 mcg;0 mcg;0.07 mg;0 mg;0 mg;0;0;0;0;0;0;0 mg;0;0;0;94 mg;170 mg;0;0 mg;0 mg;1.70 mg;0 mg;0 mcg;0;0;0;0;0;0;0;0;0
891;Ikan Kakap merah (kamera), segar;Alami;1;100 g;86 kkal;0;0;0 g;0;19.70 g;0.80 g;0;0;0;0;0;0 g;0;0;0;0;78.50 g;1.30 g;26 mcg;0 mcg;0 mg;0.08 mg;0.10 mg;0;0;0;0;0;0;0 mg;0;0;0;50 mg;170 mg;0;90 mg;290 mg;0.30 mg;0.10 mg;300 mcg;0;0;0;0;0;0;0;0;0
888;Ikan Kakap, segar;Alami;1;100 g;92 kkal;0;0;0 g;0;20 g;0.70 g;0;0;0;0;0;0 g;0;0;0;0;77 g;2.30 g;9 mcg;0 mcg;0.05 mg;0 mg;0 mg;0;0;0;0;0;0;0 mg;0;0;0;20 mg;200 mg;0;0 mg;0 mg;1 mg;0 mg;0 mcg;0;0;0;0;0;0;0;0;0
889;Ikan Kakatua, segar;Alami;1;100 g;82 kkal;0;0;6.40 g;0;11.40 g;1.20 g;0;0;0;0;0;0 g;0;0;0;0;79.70 g;1.30 g;18 mcg;0 mcg;0 mg;0 mg;0.20 mg;0;0;0;0;0;0;0 mg;0;0;0;20 mg;160 mg;0;90 mg;300 mg;0.40 mg;0.30 mg;100 mcg;0;0;0;0;0;0;0;0;0
890;Ikan Kalaban, segar;Alami;1;100 g;77 kkal;0;0;1.30 g;0;16.40 g;0.70 g;0;0;0;0;0;0 g;0;0;0;0;80.30 g;1.30 g;0 mcg;0 mcg;0.16 mg;0.15 mg;1.90 mg;0;0;0;0;0;0;0 mg;0;0;0;182 mg;248 mg;0;40 mg;334 mg;0.90 mg;0.80 mg;700 mcg;0;0;0;0;0;0;0;0;0
892;Ikan Kapar, segar;Alami;1;100 g;132 kkal;0;0;0.80 g;0;17 g;6.70 g;0;0;0;0;0;0 g;0;0;0;0;74.20 g;1.30 g;0 mcg;0 mcg;0.07 mg;0.03 mg;0 mg;0;0;0;0;0;0;0 mg;0;0;0;151 mg;272 mg;0;78 mg;229 mg;1.20 mg;0.70 mg;900 mcg;0;0;0;0;0;0;0;0;0
957;Ikan Katombo asin;Alami;1;100 g;162 kkal;0;0;0.30 g;0;31.70 g;2.80 g;0;0;0;0;0;0 g;0;0;0;0;44.70 g;15.50 g;0 mcg;0 mcg;0.09 mg;0 mg;0 mg;0;0;0;0;0;0;0 mg;0;0;0;279 mg;609 mg;0;4393 mg;342.20 mg;4.60 mg;0 mg;2800 mcg;0;0;0;0;0;0;0;0;0
893;Ikan Kawalinya, segar;Alami;1;100 g;110 kkal;0;0;5.40 g;0;12.60 g;4.20 g;0;0;0;0;0;0 g;0;0;0;0;76.10 g;1.70 g;146 mcg;0 mcg;0 mg;0 mg;0.20 mg;0;0;0;0;0;0;0 mg;0;0;0;80 mg;300 mg;0;340 mg;300 mg;1.50 mg;1.40 mg;200 mcg;0;0;0;0;0;0;0;0;0
958;Ikan kayu kering;Alami;1;100 g;302 kkal;0;0;0.40 g;0;70.70 g;1.90 g;0;0;0;0;0;0 g;0;0;0;0;23.10 g;3.90 g;0 mcg;0 mcg;1.40 mg;0.04 mg;20 mg;0;0;0;0;0;0;0 mg;0;0;0;313 mg;22 mg;0;345 mg;1045 mg;4.10 mg;1.80 mg;0 mcg;0;0;0;0;0;0;0;0;0
908;Ikan Kembung / oci, segar;Alami;1;100 g;125 kkal;0;0;2.20 g;0;21.30 g;3.40 g;0;0;0;0;0;0 g;0;0;0;0;71.40 g;1.70 g;0 mcg;0 mcg;0.26 mg;0.03 mg;0.20 mg;0;0;0;0;0;0;0 mg;0;0;0;136 mg;69 mg;0;214 mg;245 mg;0.80 mg;1.10 mg;200 mcg;0;0;0;0;0;0;0;0;0
894;Ikan Keru-keru, segar;Alami;1;100 g;93 kkal;0;0;0.80 g;0;16.50 g;2.10 g;0;0;0;0;0;0 g;0;0;0;0;77.20 g;3.40 g;0 mcg;0 mcg;0.01 mg;0.09 mg;1.60 mg;0;0;0;0;0;0;0 mg;0;0;0;65 mg;217 mg;0;137 mg;255.30 mg;2.40 mg;0.70 mg;340 mcg;0;0;0;0;0;0;0;0;0
895;Ikan Kimia, segar;Alami;1;100 g;70 kkal;0;0;5.20 g;0;10.80 g;0.70 g;0;0;0;0;0;0 g;0;0;0;0;82.10 g;1.20 g;401 mcg;0 mcg;0.22 mg;0.05 mg;5.80 mg;0;0;0;0;0;0;0 mg;0;0;0;53 mg;72 mg;0;342 mg;101 mg;2 mg;0.50 mg;500 mcg;0;0;0;0;0;0;0;0;0
959;Ikan Lais bakar;Alami;1;100 g;147 kkal;0;0;5.40 g;0;17.50 g;6.50 g;0;0;0;0;0;0 g;0;0;0;0;69.40 g;1.20 g;0 mcg;0 mcg;0 mg;0 mg;0 mg;0;0;0;0;0;0;0 mg;0;0;0;54 mg;194 mg;0;142 mg;209 mg;0.10 mg;0.50 mg;0 mcg;0;0;0;0;0;0;0;0;0
896;Ikan Lais, segar;Alami;1;100 g;161 kkal;0;0;2.40 g;0;11.90 g;11.50 g;0;0;0;0;0;0 g;0;0;0;0;65 g;9.20 g;0 mcg;0 mcg;0.05 mg;0 mg;0 mg;0;0;0;0;0;0;0 mg;0;0;0;70 mg;237 mg;0;0 mg;0 mg;0 mg;0 mg;0 mcg;0;0;0;0;0;0;0;0;0
897;Ikan Layang, segar;Alami;1;100 g;109 kkal;0;0;0 g;0;22 g;1.70 g;0;0;0;0;0;0 g;0;0;0;0;74 g;2.30 g;45 mcg;0 mcg;0.05 mg;0 mg;0 mg;0;0;0;0;0;0;0 mg;0;0;0;50 mg;150 mg;0;0 mg;0 mg;2 mg;0 mg;0 mcg;0;0;0;0;0;0;0;0;0
898;Ikan Layur, segar;Alami;1;100 g;82 kkal;0;0;0.40 g;0;18 g;1 g;0;0;0;0;0;0 g;0;0;0;0;80.10 g;0.50 g;4 mcg;0 mcg;0.04 mg;0 mg;0 mg;0;0;0;0;0;0;0 mg;0;0;0;48 mg;229 mg;0;0 mg;0 mg;2.20 mg;0 mg;0 mcg;0;0;0;0;0;0;0;0;0
899;Ikan Lehoma, segar;Alami;1;100 g;90 kkal;0;0;0 g;0;20.40 g;0.90 g;0;0;0;0;0;0 g;0;0;0;0;77.60 g;1.10 g;1047 mcg;0 mcg;0.32 mg;0.03 mg;0.20 mg;0;0;0;0;0;0;0 mg;0;0;0;88 mg;270 mg;0;56 mg;281 mg;0.70 mg;0.90 mg;300 mcg;0;0;0;0;0;0;0;0;0
1189;ikan lele;Alami;1;100 g;92 kkal;0;0;0 g;0;16.20 g;2.82 g;0;0;0;0;0;0 g;0;0;0;0;0;0;70 mcg;0;0;0;0;0;0;0;0;0;0;0;0;0;0;14 mg;0;0;42 mg;0;0.25 mg;0;0;0;0;0;0;0;0;0;0;0
900;Ikan Lemuru, segar;Alami;1;100 g;112 kkal;0;0;0 g;0;20 g;3 g;0;0;0;0;0;0 g;0;0;0;0;76 g;1 g;30 mcg;0 mcg;0.05 mg;0 mg;0 mg;0;0;0;0;0;0;0 mg;0;0;0;20 mg;100 mg;0;0 mg;0 mg;1 mg;0 mg;0 mcg;0;0;0;0;0;0;0;0;0
901;Ikan Lidah, segar;Alami;1;100 g;104 kkal;0;0;2 g;0;15.60 g;3.20 g;0;0;0;0;0;0 g;0;0;0;0;78.30 g;0.90 g;33 mcg;0 mcg;0.03 mg;0 mg;0 mg;0;0;0;0;0;0;0 mg;0;0;0;30 mg;143 mg;0;0 mg;0 mg;2 mg;0 mg;0 mcg;0;0;0;0;0;0;0;0;0
960;Ikan Lomak asin, mentah;Alami;1;100 g;258 kkal;0;0;18.90 g;0;40.30 g;2.30 g;0;0;0;0;0;0 g;0;0;0;0;21.60 g;16.90 g;0 mcg;0 mcg;0 mg;0.30 mg;6 mg;0;0;0;0;0;0;0 mg;0;0;0;140 mg;279 mg;0;6227 mg;485.10 mg;2.30 mg;0 mg;2300 mcg;0;0;0;0;0;0;0;0;0
961;Ikan Mas pepes;Alami;1;100 g;209 kkal;0;0;11.80 g;0;15.20 g;11.30 g;0;0;0;0;0;0.50 g;0;0;0;0;57.50 g;4.30 g;3 mcg;0 mcg;0.13 mg;0.10 mg;2.40 mg;0;0;0;0;0;0;0 mg;0;0;0;686 mg;530 mg;0;74 mg;276.70 mg;6.10 mg;1.90 mg;100 mcg;0;0;0;0;0;0;0;0;0
904;Ikan Mas, segar;Alami;1;100 g;86 kkal;0;0;0 g;0;16 g;2 g;0;0;0;0;0;0 g;0;0;0;0;80 g;2 g;45 mcg;8 mcg;0.05 mg;0.10 mg;2.60 mg;0;0;0;0;0;0;0 mg;0;0;0;20 mg;150 mg;0;65 mg;276.70 mg;2 mg;1.10 mg;100 mcg;0;0;0;0;0;0;0;0;0
905;Ikan Mayong, segar;Alami;1;100 g;97 kkal;0;0;0.40 g;0;17.90 g;2 g;0;0;0;0;0;0 g;0;0;0;0;78.20 g;1.50 g;21 mcg;0 mcg;0.10 mg;0 mg;0 mg;0;0;0;0;0;0;0 mg;0;0;0;40 mg;100 mg;0;0 mg;0 mg;2.50 mg;0 mg;0 mcg;0;0;0;0;0;0;0;0;0
902;Ikan Melalugis, segar;Alami;1;100 g;99 kkal;0;0;0.90 g;0;20.60 g;1.40 g;0;0;0;0;0;0 g;0;0;0;0;75.60 g;1.50 g;661 mcg;0 mcg;0.30 mg;0.02 mg;0.50 mg;0;0;0;0;0;0;0 mg;0;0;0;164 mg;330 mg;0;76 mg;282 mg;0.50 mg;0.90 mg;200 mcg;0;0;0;0;0;0;0;0;0
962;Ikan Mujahir / mujair goreng;Alami;1;100 g;416 kkal;0;0;0 g;0;46.90 g;23.90 g;0;0;0;0;0;0 g;0;0;0;0;44.70 g;2.20 g;12 mcg;3 mcg;0.12 mg;0.10 mg;2.20 mg;0;0;0;0;0;0;0 mg;0;0;0;346 mg;654 mg;0;54 mg;278.90 mg;0.90 mg;0.20 mg;0 mcg;0;0;0;0;0;0;0;0;0
963;Ikan Mujahir / Mujair pepes;Alami;1;100 g;121 kkal;0;0;0.80 g;0;21.70 g;2.80 g;0;0;0;0;0;0 g;0;0;0;0;73.70 g;1 g;8 mcg;0 mcg;0 mg;0.10 mg;1.90 mg;0;0;0;0;0;0;0 mg;0;0;0;83 mg;248 mg;0;58 mg;265.80 mg;1.60 mg;0.30 mg;0 mcg;0;0;0;0;0;0;0;0;0
906;Ikan Mujahir / Mujair, segar;Alami;1;100 g;89 kkal;0;0;0 g;0;18.70 g;1 g;0;0;0;0;0;0 g;0;0;0;0;79.70 g;1.10 g;6 mcg;3 mcg;0.03 mg;0.10 mg;2 mg;0;0;0;0;0;0;0 mg;0;0;0;96 mg;209 mg;0;51 mg;265.80 mg;1.50 mg;0.20 mg;0 mcg;0;0;0;0;0;0;0;0;0
907;Ikan Nasu metti, segar;Alami;1;100 g;154 kkal;0;0;10.50 g;0;16.80 g;5 g;0;0;0;0;0;0 g;0;0;0;0;65.30 g;2.40 g;0 mcg;0 mcg;0.47 mg;0.15 mg;9.60 mg;0;0;0;0;0;0;0 mg;0;0;0;80 mg;244 mg;0;421 mg;488 mg;1.60 mg;1.20 mg;200 mcg;0;0;0;0;0;0;0;0;0
1198;Ikan Nila;Alami;1;100 g;96 kkal;0;0;0 g;0;20.08 g;1.70 g;0;0;0;0;0;0 g;0;0;0;0;0;0;0;0;0;0;0;0;0;0;0;0;0;0;0;0;0;0;0;0;0;302 mg;0;0;0;0;0;0;0;0;0;0;0;0
909;Ikan Paling, segar;Alami;1;100 g;303 kkal;0;0;0 g;0;14 g;27 g;0;0;0;0;0;0 g;0;0;0;0;58 g;1 g;485 mcg;0 mcg;0.10 mg;0 mg;0 mg;0;0;0;0;0;0;2 mg;0;0;0;20 mg;200 mg;0;43 mg;0 mg;1 mg;0 mg;0 mcg;0;0;0;0;0;0;0;0;0
910;Ikan Papuyu / betok, segar;Alami;1;100 g;120 kkal;0;0;4.60 g;0;14.30 g;4.90 g;0;0;0;0;0;0 g;0;0;0;0;75 g;1.20 g;0 mcg;0 mcg;0 mg;0.05 mg;3.10 mg;0;0;0;0;0;0;0 mg;0;0;0;329 mg;436 mg;0;240 mg;169 mg;1.50 mg;1.10 mg;800 mcg;0;0;0;0;0;0;0;0;0
965;Ikan Papuyu bakar;Alami;1;100 g;152 kkal;0;0;6.70 g;0;17.60 g;6.10 g;0;0;0;0;0;0 g;0;0;0;0;66.60 g;3 g;0 mcg;0 mcg;0 mg;0 mg;0 mg;0;0;0;0;0;0;0 mg;0;0;0;244 mg;227 mg;0;320 mg;224 mg;3.40 mg;1 mg;200 mcg;0;0;0;0;0;0;0;0;0
966;Ikan Patin bakar;Alami;1;100 g;144 kkal;0;0;4.30 g;0;17.50 g;6.30 g;0;0;0;0;0;0 g;0;0;0;0;70.30 g;1.60 g;0 mcg;0 mcg;0 mg;0 mg;0 mg;0;0;0;0;0;0;0 mg;0;0;0;191 mg;232 mg;0;379 mg;230 mg;1.40 mg;0.70 mg;100 mcg;0;0;0;0;0;0;0;0;0
911;Ikan Patin, segar;Alami;1;100 g;132 kkal;0;0;1.10 g;0;17 g;6.60 g;0;0;0;0;0;0 g;0;0;0;0;74.40 g;0.90 g;0 mcg;7 mcg;0.20 mg;0.03 mg;1.70 mg;0;0;0;0;0;0;0 mg;0;0;0;31 mg;173 mg;0;77 mg;346 mg;1.60 mg;0.80 mg;700 mcg;0;0;0;0;0;0;0;0;0
967;Ikan Peda banjar, mentah;Alami;1;100 g;156 kkal;0;0;2 g;0;28 g;4 g;0;0;0;0;0;0 g;0;0;0;0;46 g;20 g;33 mcg;4 mcg;0.10 mg;0.10 mg;4.70 mg;0;0;0;0;0;0;0 mg;0;0;0;174 mg;316 mg;0;59 mg;368.80 mg;3.10 mg;0.50 mg;0 mcg;0;0;0;0;0;0;0;0;0
968;Ikan Pepetek, mentah;Alami;1;100 g;176 kkal;0;0;2 g;0;32 g;4.40 g;0;0;0;0;0;0 g;0;0;0;0;33 g;28.60 g;15 mcg;0 mcg;0.05 mg;0.10 mg;2.40 mg;0;0;0;0;0;0;0 mg;0;0;0;120 mg;200 mg;0;79 mg;1 mg;1 mg;0 mg;0 mcg;0;0;0;0;0;0;0;0;0
969;Ikan Pindang banjar,mentah;Alami;1;100 g;157 kkal;0;0;1.80 g;0;28 g;4.20 g;0;0;0;0;0;0 g;0;0;0;0;59 g;7 g;45 mcg;0 mcg;0.10 mg;0 mg;0 mg;0;0;0;0;0;0;0 mg;0;0;0;50 mg;100 mg;0;0 mg;0 mg;1 mg;0 mg;0 mcg;0;0;0;0;0;0;0;0;0
970;Ikan Pindang benggol, mentah;Alami;1;100 g;170 kkal;0;0;0 g;0;31 g;4.20 g;0;0;0;0;0;0 g;0;0;0;0;57 g;7.80 g;45 mcg;0 mcg;0.10 mg;0 mg;0 mg;0;0;0;0;0;0;0 mg;0;0;0;50 mg;100 mg;0;0 mg;0 mg;1 mg;0 mg;0 mcg;0;0;0;0;0;0;0;0;0
971;Ikan Pindang layang, mentah;Alami;1;100 g;153 kkal;0;0;0 g;0;30 g;2.80 g;0;0;0;0;0;0 g;0;0;0;0;60 g;7.20 g;61 mcg;0 mcg;0.07 mg;0 mg;0 mg;0;0;0;0;0;0;0 mg;0;0;0;60 mg;200 mg;0;0 mg;0 mg;3 mg;0 mg;0 mcg;0;0;0;0;0;0;0;0;0
972;Ikan Pindang selar, mentah;Alami;1;100 g;142 kkal;0;0;0 g;0;27 g;3 g;0;0;0;0;0;0 g;0;0;0;0;60 g;10 g;61 mcg;0 mcg;0.07 mg;0 mg;0 mg;0;0;0;0;0;0;0 mg;0;0;0;60 mg;200 mg;0;0 mg;0 mg;3 mg;0 mg;0 mcg;0;0;0;0;0;0;0;0;0
912;Ikan Pomo, segar;Alami;1;100 g;147 kkal;0;0;2.60 g;0;22.50 g;5.20 g;0;0;0;0;0;0 g;0;0;0;0;68.30 g;1.40 g;89 mcg;0 mcg;0 mg;0 mg;0 mg;0;0;0;0;0;0;0 mg;0;0;0;80 mg;230 mg;0;0 mg;380 mg;1.30 mg;0.70 mg;200 mcg;0;0;0;0;0;0;0;0;0
913;Ikan Puntin, segar;Alami;1;100 g;76 kkal;0;0;2.20 g;0;14.40 g;1.10 g;0;0;0;0;0;0 g;0;0;0;0;81.10 g;1.20 g;0 mcg;0 mcg;0.31 mg;0.11 mg;0 mg;0;0;0;0;0;0;0 mg;0;0;0;28 mg;166 mg;0;0 mg;325 mg;0 mg;0.60 mg;100 mcg;0;0;0;0;0;0;0;0;0
974;Ikan Sale lais, mentah;Alami;1;100 g;415 kkal;0;0;2.90 g;0;61.30 g;17.60 g;0;0;0;0;0;0 g;0;0;0;0;12.40 g;5.80 g;0 mcg;0 mcg;0.03 mg;0.10 mg;17.30 mg;0;0;0;0;0;0;0 mg;0;0;0;258 mg;919 mg;0;1767 mg;263 mg;7 mg;1 mg;17600 mcg;0;0;0;0;0;0;0;0;0
973;Ikan Sale, mentah;Alami;1;100 g;534 kkal;0;0;4.90 g;0;40.20 g;39.30 g;0;0;0;0;0;2 g;0;0;0;0;8.50 g;7.10 g;0 mcg;410 mcg;0.02 mg;0.50 mg;0 mg;0;0;0;0;0;0;0 mg;0;0;0;199 mg;1244 mg;0;673 mg;673 mg;2.70 mg;2.60 mg;300 mcg;0;0;0;0;0;0;0;0;0
1187;Ikan salmon;Alami;1;100 g;179 kkal;0;0;0 g;0;19.93 g;10.43 g;0;0;0;0;0;0 g;0;0;0;0;71.64 g;1.33 g;136 mcg;0 mcg;0.05 mg;0.11 mg;8.42 mg;0;0;0;0;0;0;4 mg;0;0;0;26 mg;0 mg;0;47 mg;394 mg;0.25 mg;0.44 mg;40 mcg;0;0;0;0;0;0;0;0;0
975;Ikan Saluang kering, mentah;Alami;1;100 g;284 kkal;0;0;14.60 g;0;34.10 g;9.90 g;0;0;0;0;0;0 g;0;0;0;0;33.60 g;7.80 g;0 mcg;0 mcg;0.49 mg;0.03 mg;0 mg;0;0;0;0;0;0;0 mg;0;0;0;1426 mg;1103 mg;0;1767 mg;263 mg;9.50 mg;18.70 mg;1300 mcg;0;0;0;0;0;0;0;0;0
914;Ikan Saluang, segar;Alami;1;100 g;113 kkal;0;0;3.40 g;0;13.90 g;4.90 g;0;0;0;0;0;0 g;0;0;0;0;74.80 g;3 g;0 mcg;0 mcg;0.21 mg;0.02 mg;1.80 mg;0;0;0;0;0;0;0 mg;0;0;0;642 mg;646 mg;0;51 mg;182 mg;1.90 mg;3.60 mg;800 mcg;0;0;0;0;0;0;0;0;0
976;Ikan sanggang, masakan;Alami;1;100 g;240 kkal;0;0;20.70 g;0;21.70 g;7.70 g;0;0;0;0;0;0 g;0;0;0;0;42.60 g;7.30 g;0 mcg;0 mcg;0.51 mg;0.02 mg;0 mg;0;0;0;0;0;0;0 mg;0;0;0;159 mg;362 mg;0;2041 mg;159 mg;9.80 mg;8.80 mg;1500 mcg;0;0;0;0;0;0;0;0;0
915;Ikan Sarden, segar;Alami;1;100 g;109 kkal;0;0;3.40 g;0;19.90 g;1.80 g;0;0;0;0;0;0 g;0;0;0;0;72.70 g;2.20 g;195 mcg;0 mcg;0.26 mg;0.03 mg;4.40 mg;0;0;0;0;0;0;0 mg;0;0;0;95 mg;597 mg;0;266 mg;227 mg;1.30 mg;2 mg;300 mcg;0;0;0;0;0;0;0;0;0
977;Ikan selar kuning cue, mentah;Alami;1;100 g;138 kkal;0;0;0 g;0;27 g;3.30 g;0;0;0;0;0;0 g;0;0;0;0;59 g;0.70 g;45 mcg;0 mcg;0.10 mg;0 mg;0 mg;0;0;0;0;0;0;0 mg;0;0;0;50 mg;100 mg;0;0 mg;0 mg;2 mg;0 mg;0 mcg;0;0;0;0;0;0;0;0;0
978;Ikan selar, kering, mentah;Alami;1;100 g;194 kkal;0;0;0 g;0;38 g;3.50 g;0;0;0;0;0;0 g;0;0;0;0;43 g;15.50 g;0 mcg;0 mcg;0.01 mg;0 mg;0 mg;0;0;0;0;0;0;0 mg;0;0;0;20 mg;200 mg;0;0 mg;0 mg;1 mg;0 mg;0 mcg;0;0;0;0;0;0;0;0;0
916;Ikan Selar, segar;Alami;1;100 g;100 kkal;0;0;0 g;0;18.80 g;2.20 g;0;0;0;0;0;0 g;0;0;0;0;75.40 g;3.60 g;45 mcg;0 mcg;0.36 mg;0.20 mg;3.40 mg;0;0;0;0;0;0;0 mg;0;0;0;40 mg;179 mg;0;43 mg;392.60 mg;0.50 mg;0.30 mg;100 mcg;0;0;0;0;0;0;0;0;0
979;Ikan sepat, kering, mentah;Alami;1;100 g;289 kkal;0;0;0 g;0;38 g;14 g;0;0;0;0;0;0 g;0;0;0;0;30 g;18 g;0 mcg;0 mcg;0 mg;0 mg;0 mg;0;0;0;0;0;0;0 mg;0;0;0;40 mg;100 mg;0;0 mg;0 mg;0.70 mg;0 mg;0 mcg;0;0;0;0;0;0;0;0;0
917;Ikan Sepat, segar;Alami;1;100 g;84 kkal;0;0;4.70 g;0;15.20 g;0.60 g;0;0;0;0;0;0 g;0;0;0;0;78.80 g;0.80 g;0 mcg;0 mcg;0.16 mg;0.03 mg;1.90 mg;0;0;0;0;0;0;0 mg;0;0;0;68 mg;171 mg;0;211 mg;198 mg;2.10 mg;0.60 mg;700 mcg;0;0;0;0;0;0;0;0;0
918;Ikan Sidat, segar;Alami;1;100 g;81 kkal;0;0;3.80 g;0;11.40 g;1.90 g;0;0;0;0;0;0 g;0;0;0;0;71.30 g;11.60 g;15 mcg;0 mcg;0 mg;0.40 mg;3.20 mg;0;0;0;0;0;0;0 mg;0;0;0;118 mg;174 mg;0;46 mg;245.90 mg;3 mg;1.50 mg;0 mcg;0;0;0;0;0;0;0;0;0
980;Ikan sunu, asin, mentah;Alami;1;100 g;199 kkal;0;0;7.10 g;0;34.10 g;3.80 g;0;0;0;0;0;0 g;0;0;0;0;34.70 g;20.30 g;2481 mcg;0 mcg;1.50 mg;0.13 mg;7.20 mg;0;0;0;0;0;0;0 mg;0;0;0;94 mg;92 mg;0;377 mg;57 mg;2.20 mg;3.20 mg;100 mcg;0;0;0;0;0;0;0;0;0
919;Ikan Sunu, segar;Alami;1;100 g;111 kkal;0;0;6.70 g;0;13.30 g;3.40 g;0;0;0;0;0;0 g;0;0;0;0;75.50 g;1.10 g;309 mcg;0 mcg;1.03 mg;0.10 mg;0.20 mg;0;0;0;0;0;0;0 mg;0;0;0;86 mg;174 mg;0;91 mg;197 mg;1.20 mg;0.60 mg;0 mcg;0;0;0;0;0;0;0;0;0
920;Ikan Tahuman, segar;Alami;1;100 g;88 kkal;0;0;4.10 g;0;15.90 g;0.90 g;0;0;0;0;0;0 g;0;0;0;0;77.40 g;1.80 g;0 mcg;0 mcg;0.20 mg;0.25 mg;1.60 mg;0;0;0;0;0;0;0 mg;0;0;0;221 mg;223 mg;0;24 mg;364 mg;0 mg;0.70 mg;400 mcg;0;0;0;0;0;0;0;0;0
921;Ikan Tarmon, segar;Alami;1;100 g;96 kkal;0;0;2 g;0;19.50 g;1.10 g;0;0;0;0;0;0 g;0;0;0;0;76.70 g;0.80 g;0 mcg;0 mcg;0.15 mg;0.02 mg;1.70 mg;0;0;0;0;0;0;0 mg;0;0;0;9 mg;129 mg;0;43 mg;154 mg;0.30 mg;0.50 mg;100 mcg;0;0;0;0;0;0;0;0;0
922;Ikan Telan, segar;Alami;1;100 g;95 kkal;0;0;6.50 g;0;15.80 g;0.70 g;0;0;0;0;0;0 g;0;0;0;0;75.30 g;1.70 g;0 mcg;0 mcg;0.18 mg;0.02 mg;1.90 mg;0;0;0;0;0;0;0 mg;0;0;0;503 mg;354 mg;0;58 mg;294 mg;0.20 mg;1.20 mg;1600 mcg;0;0;0;0;0;0;0;0;0
923;Ikan Tembang, segar;Alami;1;100 g;204 kkal;0;0;0 g;0;16 g;15 g;0;0;0;0;0;0 g;0;0;0;0;65 g;4 g;30 mcg;0 mcg;0.05 mg;0 mg;5.60 mg;0;0;0;0;0;0;0 mg;0;0;0;20 mg;200 mg;0;341 mg;291 mg;2 mg;2.60 mg;400 mcg;0;0;0;0;0;0;0;0;0
924;Ikan Tempahas, segar;Alami;1;100 g;101 kkal;0;0;1 g;0;15.10 g;4.10 g;0;0;0;0;0;0 g;0;0;0;0;78.90 g;0.90 g;0 mcg;0 mcg;0.02 mg;0.05 mg;1.50 mg;0;0;0;0;0;0;0 mg;0;0;0;32 mg;163 mg;0;50 mg;320 mg;0 mg;0.60 mg;700 mcg;0;0;0;0;0;0;0;0;0
2156;Ikan tenggiri;Alami;1;100 g;139 kkal;0;0;0 g;0;19.30 g;6.30 g;0;0;0;0;0;0 g;0;0;0;0;0;0;0;0;0;0;0;0;0;0;0;0;0;0;0;0;0;0;0;0;59 mg;0;0;0;0;0;0;0;0;0;0;0;0;0
925;Ikan Terbang, segar;Alami;1;100 g;98 kkal;0;0;1 g;0;19.60 g;1.70 g;0;0;0;0;0;0 g;0;0;0;0;76.10 g;1.60 g;39 mcg;0 mcg;0 mg;0.10 mg;0.10 mg;0;0;0;0;0;0;0 mg;0;0;0;90 mg;190 mg;0;90 mg;320 mg;0.60 mg;0.50 mg;100 mcg;0;0;0;0;0;0;0;0;0
982;Ikan teri nasi, kering, mentah;Alami;1;100 g;144 kkal;0;0;0 g;0;32.50 g;0.60 g;0;0;0;0;0;0 g;0;0;0;0;34.50 g;32.40 g;61 mcg;0 mcg;0.10 mg;0 mg;0 mg;0;0;0;0;0;0;0 mg;0;0;0;1000 mg;1000 mg;0;312 mg;0 mg;3 mg;0 mg;0 mcg;0;0;0;0;0;0;0;0;0
983;Ikan Teri, bubuk, mentah;Alami;1;100 g;277 kkal;0;0;1.80 g;0;60 g;2.30 g;0;0;0;0;0;0 g;0;0;0;0;15 g;20.90 g;90 mcg;0 mcg;0.10 mg;0 mg;0 mg;0;0;0;0;0;0;0 mg;0;0;0;1209 mg;1225 mg;0;0 mg;0 mg;3 mg;0 mg;0 mcg;0;0;0;0;0;0;0;0;0
984;Ikan teri, kering, mentah;Alami;1;100 g;170 kkal;0;0;0 g;0;33.40 g;3 g;0;0;0;0;0;0 g;0;0;0;0;37.80 g;25.80 g;64 mcg;0 mcg;0.15 mg;0 mg;0 mg;0;0;0;0;0;0;0 mg;0;0;0;1200 mg;1500 mg;0;0 mg;0 mg;3.60 mg;0 mg;0 mcg;0;0;0;0;0;0;0;0;0
985;Ikan teri, kering, tawar, mentah;Alami;1;100 g;331 kkal;0;0;0 g;0;68.70 g;4.20 g;0;0;0;0;0;0 g;0;0;0;0;16.70 g;10.40 g;61 mcg;0 mcg;0.10 mg;0 mg;0 mg;0;0;0;0;0;0;0 mg;0;0;0;2381 mg;1500 mg;0;0 mg;0 mg;23.40 mg;0 mg;0 mcg;0;0;0;0;0;0;0;0;0
926;Ikan Teri, segar;Alami;1;100 g;74 kkal;0;0;4.10 g;0;10.30 g;1.40 g;0;0;0;0;0;0 g;0;0;0;0;80 g;4.20 g;13 mcg;0 mcg;0.24 mg;0 mg;1.90 mg;0;0;0;0;0;0;0 mg;0;0;0;972 mg;253 mg;0;554 mg;126.10 mg;3.90 mg;0.20 mg;305200 mcg;0;0;0;0;0;0;0;0;0
986;Ikan Teri, tepung, mentah;Alami;1;100 g;347 kkal;0;0;19.60 g;0;48.80 g;6.40 g;0;0;0;0;0;0 g;0;0;0;0;5.20 g;20 g;61 mcg;0 mcg;1.12 mg;0 mg;0 mg;0;0;0;0;0;0;0 mg;0;0;0;4608 mg;1200 mg;0;0 mg;0 mg;18.60 mg;0 mg;0 mcg;0;0;0;0;0;0;0;0;0
927;Ikan Titang, segar;Alami;1;100 g;82 kkal;0;0;2.30 g;0;17.40 g;0.40 g;0;0;0;0;0;0 g;0;0;0;0;78.80 g;1.10 g;581 mcg;0 mcg;0.64 mg;0.03 mg;1.50 mg;0;0;0;0;0;0;0 mg;0;0;0;145 mg;130 mg;0;110 mg;275 mg;1.80 mg;0.80 mg;100 mcg;0;0;0;0;0;0;0;0;0
928;Ikan Tongkol, segar;Alami;1;100 g;100 kkal;0;0;8 g;0;13.70 g;1.50 g;0;0;0;0;0;0 g;0;0;0;0;74.70 g;2.10 g;181 mcg;0 mcg;0.35 mg;0.03 mg;6.60 mg;0;0;0;0;0;0;0 mg;0;0;0;92 mg;606 mg;0;202 mg;227 mg;1.70 mg;1.60 mg;200 mcg;0;0;0;0;0;0;0;0;0
1188;Ikan tuna;Alami;1;100 g;144 kkal;0;0;0 g;0;23.33 g;4.90 g;0;0;0;0;0;0 g;0;0;0;0;68.09 g;1.18 g;655 mcg;0 mcg;0.24 mg;0.25 mg;8.65 mg;0;0;0;0;0;0;0 mg;0;0;0;8 mg;254 mg;0;39 mg;252 mg;1.02 mg;0.60 mg;80 mcg;0;0;0;0;0;0;0;0;0
929;Ikan Turi, segar;Alami;1;100 g;96 kkal;0;0;0.20 g;0;19.20 g;2 g;0;0;0;0;0;0 g;0;0;0;0;76.90 g;2.10 g;26 mcg;0 mcg;0 mg;0 mg;0 mg;0;0;0;0;0;0;0 mg;0;0;0;340 mg;340 mg;0;370 mg;300 mg;0.80 mg;2 mg;100 mcg;0;0;0;0;0;0;0;0;0
1052;Ikan, telur, asin, mentah;Alami;1;100 g;358 kkal;0;0;9.40 g;0;20.70 g;26.40 g;0;0;0;0;0;0 g;0;0;0;0;37.80 g;5.70 g;1866 mcg;0 mcg;0.21 mg;0.54 mg;2.10 mg;0;0;0;0;0;0;0 mg;0;0;0;48 mg;311 mg;0;2684 mg;59 mg;15.10 mg;3 mg;400 mcg;0;0;0;0;0;0;0;0;0
981;Ikan, tepung, mentah;Alami;1;100 g;316 kkal;0;0;22.40 g;0;60.10 g;6.50 g;0;0;0;0;0;0 g;0;0;0;0;4.30 g;6.70 g;320 mcg;0 mcg;0 mg;0 mg;0 mg;0;0;0;0;0;0;0 mg;0;0;0;3196 mg;1976 mg;0;0 mg;0 mg;16.60 mg;0 mg;0 mcg;0;0;0;0;0;0;0;0;0
71;Intip goreng;Alami;1;100 g;474 kkal;0;0;62.30 g;0;7.60 g;21.60 g;0;0;0;0;0;1.20 g;0;0;0;0;6.50 g;2 g;0 mcg;0 mcg;0.25 mg;0.03 mg;0.80 mg;0;0;0;0;0;0;0 mg;0;0;0;36 mg;64 mg;0;0 mg;38 mg;2.50 mg;0.50 mg;50 mcg;0;0;0;0;0;0;0;0;0
776;Itik alabio, daging, dendeng, mentah;Alami;1;100 g;496 kkal;0;0;18.40 g;0;30.30 g;33.50 g;0;0;0;0;0;0 g;0;0;0;0;12.70 g;5.10 g;0 mcg;0 mcg;0 mg;0 mg;0 mg;0;0;0;0;0;0;0 mg;0;0;0;135 mg;370 mg;0;1081 mg;478 mg;12.50 mg;0.30 mg;700 mcg;0;0;0;0;0;0;0;0;0
72;Jagung gerontol;Alami;1;100 g;156 kkal;0;0;33.30 g;0;2.70 g;1.30 g;0;0;0;0;0;1 g;0;0;0;0;61.70 g;0.80 g;0 mcg;0 mcg;0.08 mg;0 mg;0 mg;0;0;0;0;0;0;0 mg;0;0;0;51 mg;105 mg;0;0 mg;0 mg;1.20 mg;0 mg;0 mcg;0;0;0;0;0;0;0;0;0
16;Jagung kuning pipil, kering, mentah;Alami;1;100 g;366 kkal;0;0;69.10 g;0;9.80 g;7.30 g;0;0;0;0;0;2.20 g;0;0;0;0;11.50 g;2.40 g;0 mcg;636 mcg;0.12 mg;0.12 mg;1.80 mg;0;0;0;0;0;0;3 mg;0;0;0;30 mg;538 mg;0;5 mg;79.40 mg;2.30 mg;4.10 mg;100 mcg;0;0;0;0;0;0;0;0;0
33;Jagung kuning pipil, rebus;Alami;1;100 g;154 kkal;0;0;28.40 g;0;3.80 g;3.50 g;0;0;0;0;0;0.70 g;0;0;0;0;63.70 g;0.60 g;0 mcg;818 mcg;0.08 mg;0.10 mg;1.70 mg;0;0;0;0;0;0;0 mg;0;0;0;7 mg;171 mg;0;5 mg;56.40 mg;0.50 mg;4.40 mg;100 mcg;0;0;0;0;0;0;0;0;0
32;Jagung kuning, tepung;Alami;1;100 g;355 kkal;0;0;73.70 g;0;9.20 g;3.90 g;0;0;0;0;0;7.20 g;0;0;0;0;12 g;1.20 g;0 mcg;0 mcg;0.38 mg;0.02 mg;0.30 mg;0;0;0;0;0;0;0 mg;0;0;0;10 mg;256 mg;0;11 mg;24.40 mg;2.40 mg;1.70 mg;230 mcg;0;0;0;0;0;0;0;0;0
2057;Jagung manis, mentah;Alami;1;100 g;86 kkal;0;0;19 g;0;3.30 g;1.40 g;0;0;0;0;0;2 g;0;0;0;0;0;0;0;0;0;0;0;0;0;0;0;0;0;0;0;0;0;0;0;0;15 mg;270 mg;0;0;0;0;0;0;0;0;0;0;0;0
2036;Jagung manis, rebus;Alami;1;100 g;96 kkal;0;0;21 g;0;3.40 g;1.50 g;0;0;0;0;0;2.40 g;0;0;0;0;0;0;0;0;0;0;0;0;0;0;0;0;0;0;0;0;0;0;0;0;1 mg;218 mg;0;0;0;0;0;0;0;0;0;0;0;0
2058;Jagung manis, rebus;Alami;1;100 g;96 kkal;0;0;21 g;0;3.40 g;1.50 g;0;0;0;0;0;2.40 g;0;0;0;0;0;0;0;0;0;0;0;0;0;0;0;0;0;0;0;0;0;0;0;0;1 mg;218 mg;0;0;0;0;0;0;0;0;0;0;0;0
467;Jagung muda / semi, segar;Alami;1;100 g;35 kkal;0;0;7.40 g;0;2.20 g;0.10 g;0;0;0;0;0;1.90 g;0;0;0;0;89.50 g;0.80 g;0 mcg;23 mcg;0.08 mg;0.16 mg;0.90 mg;0;0;0;0;0;0;8 mg;0;0;0;7 mg;100 mg;0;353 mg;230.20 mg;0.50 mg;0.80 mg;100 mcg;0;0;0;0;0;0;0;0;0
15;Jagung muda, kening, mentah;Alami;1;100 g;147 kkal;0;0;31.50 g;0;5.10 g;0.70 g;0;0;0;0;0;1.30 g;0;0;0;0;61.80 g;0.90 g;0 mcg;113 mcg;0.24 mg;0.10 mg;0.80 mg;0;0;0;0;0;0;9 mg;0;0;0;6 mg;122 mg;0;5 mg;33.60 mg;1.10 mg;0.90 mg;130 mcg;0;0;0;0;0;0;0;0;0
31;Jagung muda,rebus;Alami;1;100 g;142 kkal;0;0;30.30 g;0;5 g;0.70 g;0;0;0;0;0;0.80 g;0;0;0;0;53.20 g;0.80 g;0 mcg;145 mcg;0.15 mg;0 mg;0.70 mg;0;0;0;0;0;0;0 mg;0;0;0;5 mg;105 mg;0;5 mg;24.30 mg;0.80 mg;0.90 mg;200 mcg;0;0;0;0;0;0;0;0;0
30;Jagung nasi, mentah;Alami;1;100 g;357 kkal;0;0;79.50 g;0;8.80 g;0.50 g;0;0;0;0;0;6.20 g;0;0;0;0;11 g;0.30 g;0 mcg;0 mcg;0.30 mg;0.02 mg;0.10 mg;0;0;0;0;0;0;0 mg;0;0;0;5 mg;43 mg;0;2 mg;30.40 mg;0.60 mg;0.30 mg;100 mcg;0;0;0;0;0;0;0;0;0
17;Jagung pipil var, harapan, mentah;Alami;1;100 g;367 kkal;0;0;76.20 g;0;6.20 g;5.10 g;0;0;0;0;0;2.60 g;0;0;0;0;11.30 g;1.20 g;0 mcg;637 mcg;0.19 mg;0.08 mg;1 mg;0;0;0;0;0;0;0 mg;0;0;0;7 mg;354 mg;0;1 mg;79.60 mg;2.80 mg;4.10 mg;100 mcg;0;0;0;0;0;0;0;0;0
18;Jagung pipil var, metro,kering;Alami;1;100 g;368 kkal;0;0;78 g;0;5.50 g;4.60 g;0;0;0;0;0;2.90 g;0;0;0;0;10.60 g;1.30 g;0 mcg;642 mcg;0.16 mg;0.08 mg;1 mg;0;0;0;0;0;0;0 mg;0;0;0;7 mg;300 mg;0;1 mg;80.20 mg;2.40 mg;4.10 mg;100 mcg;0;0;0;0;0;0;0;0;0
73;Jagung titi;Alami;1;100 g;374 kkal;0;0;79.10 g;0;9.40 g;2.20 g;0;0;0;0;0;0.80 g;0;0;0;0;9.20 g;0.10 g;0 mcg;0 mcg;0.20 mg;0 mg;0 mg;0;0;0;0;0;0;0 mg;0;0;0;14 mg;142 mg;0;0 mg;0 mg;2.90 mg;0 mg;9000 mcg;0;0;0;0;0;0;0;0;0
34;Jagung, tepung putih;Alami;1;100 g;355 kkal;0;0;73.70 g;0;9.20 g;3.90 g;0;0;0;0;0;7.20 g;0;0;0;0;12 g;1.20 g;0 mcg;0 mcg;0.38 mg;0.02 mg;0.30 mg;0;0;0;0;0;0;0 mg;0;0;0;10 mg;256 mg;0;11 mg;24.40 mg;2.40 mg;1.70 mg;230 mcg;0;0;0;0;0;0;0;0;0
1126;Jahe, segar;Alami;1;100 g;51 kkal;0;0;10.10 g;0;1.50 g;1 g;0;0;0;0;0;12 g;0;0;0;0;55 g;1.20 g;0 mcg;0 mcg;0.02 mg;0.17 mg;3.30 mg;0;0;0;0;0;0;4 mg;0;0;0;21 mg;39 mg;0;12 mg;441.70 mg;1.60 mg;0.70 mg;480 mcg;0;0;0;0;0;0;0;0;0
19;Jali, mentah;Alami;1;100 g;324 kkal;0;0;61 g;0;11 g;4 g;0;0;0;0;0;3.10 g;0;0;0;0;23 g;1 g;0 mcg;0 mcg;0.14 mg;0.08 mg;1.80 mg;0;0;0;0;0;0;0 mg;0;0;0;213 mg;176 mg;0;24 mg;0 mg;11 mg;0.40 mg;100 mcg;0;0;0;0;0;0;0;0;0
1098;Jam, selai;Alami;1;100 g;239 kkal;0;0;64.50 g;0;0.50 g;0.60 g;0;0;0;0;0;1 g;0;0;0;0;34 g;0.40 g;0 mcg;0 mcg;0.01 mg;0.07 mg;0 mg;0;0;0;0;0;0;0 mg;0;0;0;20 mg;20 mg;0;30 mg;73.10 mg;1 mg;0 mg;90 mcg;0;0;0;0;0;0;0;0;0
1012;Jambal goreng, masakan;Alami;1;100 g;286 kkal;0;0;2.30 g;0;48.50 g;9.20 g;0;0;0;0;0;0 g;0;0;0;0;13.40 g;26.60 g;109 mcg;0 mcg;0.40 mg;0 mg;3.06 mg;0;0;0;0;0;0;0 mg;0;0;0;207 mg;457 mg;0;0 mg;0 mg;3.30 mg;0 mg;0 mcg;0;0;0;0;0;0;0;0;0
639;Jambu air, segar;Alami;1;100 g;46 kkal;0;0;11.80 g;0;0.60 g;0.20 g;0;0;0;0;0;2.10 g;0;0;0;0;87 g;0.80 g;0 mcg;92 mcg;0.02 mg;0.38 mg;4.60 mg;0;0;0;0;0;0;5 mg;0;0;0;8 mg;9 mg;0;11 mg;321.20 mg;1.10 mg;0.10 mg;0 mcg;0;0;0;0;0;0;0;0;0
640;Jambu biji;Alami;1;100 g;49 kkal;0;0;12.20 g;0;0.90 g;0.30 g;0;0;0;0;0;2.40 g;0;0;0;0;86 g;0.60 g;0 mcg;27 mcg;0.02 mg;0.03 mg;0.80 mg;0;0;0;0;0;0;87 mg;0;0;0;14 mg;28 mg;0;10 mg;52.80 mg;1.10 mg;0.30 mg;0 mcg;0;0;0;0;0;0;0;0;0
641;Jambu biji putih tidak berbiji;Alami;1;100 g;61 kkal;0;0;15.40 g;0;0.90 g;0.30 g;0;0;0;0;0;4.50 g;0;0;0;0;82.80 g;0.60 g;0 mcg;53 mcg;1.02 mg;0.06 mg;1.30 mg;0;0;0;0;0;0;116 mg;0;0;0;31 mg;41 mg;0;20 mg;103 mg;0.20 mg;0.50 mg;0 mcg;0;0;0;0;0;0;0;0;0
642;Jambu bool, segar;Alami;1;100 g;49 kkal;0;0;9.60 g;0;2.30 g;0.20 g;0;0;0;0;0;3.50 g;0;0;0;0;87.10 g;0.80 g;0 mcg;92 mcg;0.13 mg;0.01 mg;0.50 mg;0;0;0;0;0;0;22 mg;0;0;0;8 mg;8 mg;0;1 mg;14 mg;0.30 mg;0 mg;0 mcg;0;0;0;0;0;0;0;0;0
643;Jambu monyet, segar;Alami;1;100 g;64 kkal;0;0;15.80 g;0;0.70 g;0.60 g;0;0;0;0;0;1.20 g;0;0;0;0;82.60 g;0.30 g;0 mcg;1604 mcg;0.02 mg;0 mg;2 mg;0;0;0;0;0;0;197 mg;0;0;0;4 mg;13 mg;0;12 mg;107.80 mg;0.50 mg;0 mg;0 mcg;0;0;0;0;0;0;0;0;0
21;Jampang huma, mentah;Alami;1;100 g;350 kkal;0;0;78.20 g;0;6.30 g;1.40 g;0;0;0;0;0;1.70 g;0;0;0;0;11.70 g;2.50 g;0 mcg;33 mcg;0.51 mg;0.30 mg;0.70 mg;0;0;0;0;0;0;0 mg;0;0;0;329 mg;254 mg;0;53 mg;396.70 mg;5.30 mg;1.60 mg;700 mcg;0;0;0;0;0;0;0;0;0
468;Jamur encik;Alami;1;100 g;296 kkal;0;0;62 g;0;9.40 g;0.10 g;0;0;0;0;0;0 g;0;0;0;0;24.80 g;2.70 g;0 mcg;0 mcg;1.10 mg;0.10 mg;0 mg;0;0;0;0;0;0;0 mg;0;0;0;5 mg;277 mg;0;2 mg;0 mg;5.30 mg;3.10 mg;200 mcg;0;0;0;0;0;0;0;0;0
469;Jamur kuping kering;Alami;1;100 g;294 kkal;0;0;64.60 g;0;16 g;0.90 g;0;0;0;0;0;46.50 g;0;0;0;0;14.90 g;3.60 g;0 mcg;11 mcg;0.11 mg;0.60 mg;2.70 mg;0;0;0;0;0;0;0 mg;0;0;0;51 mg;223 mg;0;174 mg;726.10 mg;6.70 mg;5.50 mg;290 mcg;0;0;0;0;0;0;0;0;0
470;Jamur kuping segar;Alami;1;100 g;21 kkal;0;0;0.90 g;0;3.80 g;0.60 g;0;0;0;0;0;5.10 g;0;0;0;0;93.70 g;1 g;0 mcg;1 mcg;0.10 mg;0.09 mg;0.10 mg;0;0;0;0;0;0;5 mg;0;0;0;3 mg;94 mg;0;17 mg;33.40 mg;1.70 mg;0.10 mg;190 mcg;0;0;0;0;0;0;0;0;0
471;Jamur merang, segar;Alami;1;100 g;30 kkal;0;0;4 g;0;2.50 g;0.20 g;0;0;0;0;0;2.40 g;0;0;0;0;91.50 g;0.80 g;0 mcg;0 mcg;0.02 mg;0.20 mg;0.50 mg;0;0;0;0;0;0;0 mg;0;0;0;14 mg;117 mg;0;6 mg;300 mg;1 mg;0.80 mg;300 mcg;0;0;0;0;0;0;0;0;0
473;Jamur sagu;Alami;1;100 g;48 kkal;0;0;2.80 g;0;1.90 g;3.20 g;0;0;0;0;0;1 g;0;0;0;0;91.30 g;0.80 g;0 mcg;0 mcg;0.20 mg;0.20 mg;6.50 mg;0;0;0;0;0;0;0 mg;0;0;0;10 mg;90 mg;0;100 mg;440 mg;0.60 mg;0.60 mg;600 mcg;0;0;0;0;0;0;0;0;0
472;Jamur tiram, segar;Alami;1;100 g;30 kkal;0;0;5.50 g;0;1.90 g;0.10 g;0;0;0;0;0;3.60 g;0;0;0;0;92.50 g;0.60 g;0 mcg;0 mcg;0.30 mg;0.20 mg;1 mg;0;0;0;0;0;0;0 mg;0;0;0;9 mg;83 mg;0;22 mg;226 mg;0.70 mg;0.80 mg;0 mcg;0;0;0;0;0;0;0;0;0
818;Jangang bintatoeng, masakan;Alami;1;100 g;107 kkal;0;0;16.50 g;0;5.30 g;2.20 g;0;0;0;0;0;0 g;0;0;0;0;73.60 g;2.40 g;0 mcg;0 mcg;0.18 mg;0.02 mg;3.40 mg;0;0;0;0;0;0;0 mg;0;0;0;64 mg;61 mg;0;482 mg;406 mg;2.50 mg;0.80 mg;200 mcg;0;0;0;0;0;0;0;0;0
474;Jantung pisang segar;Alami;1;100 g;32 kkal;0;0;7.10 g;0;1.20 g;0.30 g;0;0;0;0;0;3.20 g;0;0;0;0;90.20 g;1.20 g;0 mcg;201 mcg;0.05 mg;0.05 mg;0.80 mg;0;0;0;0;0;0;10 mg;0;0;0;30 mg;50 mg;0;3 mg;524 mg;0.10 mg;0.30 mg;90 mcg;0;0;0;0;0;0;0;0;0
74;Japilus;Alami;1;100 g;500 kkal;0;0;67.30 g;0;1.20 g;25.10 g;0;0;0;0;0;0.40 g;0;0;0;0;3.80 g;2.70 g;0 mcg;0 mcg;0.17 mg;0.03 mg;0.40 mg;0;0;0;0;0;0;0 mg;0;0;0;186 mg;29 mg;0;0 mg;0 mg;4.90 mg;0 mg;0 mcg;0;0;0;0;0;0;0;0;0
20;Jawawut,mentah;Alami;1;100 g;364 kkal;0;0;73.40 g;0;9.70 g;3.50 g;0;0;0;0;0;8.20 g;0;0;0;0;11.90 g;1.50 g;0 mcg;33 mcg;0.33 mg;0.28 mg;4.50 mg;0;0;0;0;0;0;0 mg;0;0;0;28 mg;311 mg;0;7 mg;255.10 mg;5.30 mg;1.50 mg;450 mcg;0;0;0;0;0;0;0;0;0
475;Jengkol, segar;Alami;1;100 g;192 kkal;0;0;40.70 g;0;5.40 g;0.30 g;0;0;0;0;0;1.50 g;0;0;0;0;52.70 g;0.90 g;0 mcg;0 mcg;0.05 mg;0.20 mg;0.50 mg;0;0;0;0;0;0;31 mg;0;0;0;4 mg;150 mg;0;60 mg;241 mg;0.70 mg;0.60 mg;300 mcg;0;0;0;0;0;0;0;0;0
644;Jeruk bali, segar;Alami;1;100 g;48 kkal;0;0;12.40 g;0;0.60 g;0.20 g;0;0;0;0;0;0.80 g;0;0;0;0;86.30 g;0.50 g;0 mcg;33 mcg;0.04 mg;0 mg;0.40 mg;0;0;0;0;0;0;43 mg;0;0;0;23 mg;27 mg;0;21 mg;366.10 mg;0.50 mg;0.10 mg;171300 mcg;0;0;0;0;0;0;0;0;0
645;Jeruk banjar, segar;Alami;1;100 g;61 kkal;0;0;14.10 g;0;0.80 g;0.20 g;0;0;0;0;0;5.40 g;0;0;0;0;84.50 g;0.40 g;0 mcg;9 mcg;0.12 mg;0.03 mg;0.30 mg;0;0;0;0;0;0;31 mg;0;0;0;9 mg;13 mg;0;3 mg;79 mg;0.20 mg;0.10 mg;100 mcg;0;0;0;0;0;0;0;0;0
646;Jeruk garut-keprok;Alami;1;100 g;44 kkal;0;0;10.90 g;0;0.80 g;0.30 g;0;0;0;0;0;1.60 g;0;0;0;0;87.30 g;0.70 g;0 mcg;0 mcg;0.07 mg;0.03 mg;0.20 mg;0;0;0;0;0;0;31 mg;0;0;0;33 mg;23 mg;0;5 mg;518.10 mg;0.40 mg;0.20 mg;169300 mcg;0;0;0;0;0;0;0;0;0
647;Jeruk Kalamansi, segar;Alami;1;100 g;39 kkal;0;0;8.90 g;0;0.30 g;0.30 g;0;0;0;0;0;2.30 g;0;0;0;0;90.20 g;0.40 g;0 mcg;1 mcg;0.02 mg;0.10 mg;0 mg;0;0;0;0;0;0;30 mg;0;0;0;42 mg;85 mg;0;3 mg;82 mg;0.50 mg;0.10 mg;300 mcg;0;0;0;0;0;0;0;0;0
648;Jeruk manis, segar;Alami;1;100 g;45 kkal;0;0;11.20 g;0;0.90 g;0.20 g;0;0;0;0;0;1.40 g;0;0;0;0;87.20 g;0.50 g;0 mcg;0 mcg;0.08 mg;0.03 mg;0.20 mg;0;0;0;0;0;0;49 mg;0;0;0;33 mg;23 mg;0;4 mg;472.10 mg;0.40 mg;0.20 mg;160 mcg;0;0;0;0;0;0;0;0;0
649;Jeruk nipis, segar;Alami;1;100 g;44 kkal;0;0;10 g;0;0.50 g;0.20 g;0;0;0;0;0;0.40 g;0;0;0;0;88.90 g;0.40 g;0 mcg;23 mcg;0.01 mg;0.03 mg;0.20 mg;0;0;0;0;0;0;19.70 mg;0;0;0;18 mg;22 mg;0;3 mg;108.90 mg;0.20 mg;0.10 mg;100 mcg;0;0;0;0;0;0;0;0;0
650;Jeruk ragi, segar;Alami;1;100 g;49 kkal;0;0;11.10 g;0;0.70 g;0.20 g;0;0;0;0;0;0.50 g;0;0;0;0;87.60 g;0.40 g;0 mcg;0 mcg;0.03 mg;0.03 mg;0.20 mg;0;0;0;0;0;0;30 mg;0;0;0;36 mg;67 mg;0;4 mg;457.30 mg;0.70 mg;0.20 mg;155000 mcg;0;0;0;0;0;0;0;0;0
476;Jotang, segar;Alami;1;100 g;34 kkal;0;0;7.10 g;0;1.90 g;0.30 g;0;0;0;0;0;3.50 g;0;0;0;0;89 g;1.70 g;0 mcg;2 mcg;0.03 mg;0 mg;0.40 mg;0;0;0;0;0;0;20 mg;0;0;0;162 mg;41 mg;0;59 mg;388.50 mg;4 mg;1.20 mg;300 mcg;0;0;0;0;0;0;0;0;0
1013;Jukku pallu kaloa, masakan;Alami;1;100 g;15 kkal;0;0;8.80 g;0;15.20 g;4.30 g;0;0;0;0;0;0 g;0;0;0;0;69.40 g;2.30 g;0 mcg;0 mcg;0.30 mg;0.14 mg;7.50 mg;0;0;0;0;0;0;0 mg;0;0;0;40 mg;170 mg;0;605 mg;153 mg;1.10 mg;1.10 mg;600 mcg;0;0;0;0;0;0;0;0;0
477;Kabau, segar;Alami;1;100 g;130 kkal;0;0;25.20 g;0;6.70 g;0.30 g;0;0;0;0;0;2.90 g;0;0;0;0;67.20 g;0.60 g;0 mcg;165 mcg;0.80 mg;0.10 mg;0.30 mg;0;0;0;0;0;0;16 mg;0;0;0;4 mg;204 mg;0;1 mg;397.80 mg;0.50 mg;0.50 mg;200 mcg;0;0;0;0;0;0;0;0;0
147;Kaburan, ubi, segar;Alami;1;100 g;133 kkal;0;0;32.20 g;0;1 g;0.20 g;0;0;0;0;0;0.70 g;0;0;0;0;66.50 g;0.50 g;0 mcg;0 mcg;0.01 mg;0 mg;0.30 mg;0;0;0;0;0;0;0 mg;0;0;0;65 mg;50 mg;0;10 mg;899.20 mg;0.60 mg;0.20 mg;200 mcg;0;0;0;0;0;0;0;0;0
199;Kabuto;Alami;1;100 g;250 kkal;0;0;35.40 g;0;2.60 g;2.50 g;0;0;0;0;0;1.80 g;0;0;0;0;58.90 g;0.60 g;0 mcg;0 mcg;0.10 mg;0.10 mg;0.60 mg;0;0;0;0;0;0;0 mg;0;0;0;35 mg;49 mg;0;2 mg;218 mg;1.10 mg;0 mg;0 mcg;0;0;0;0;0;0;0;0;0
245;Kacang arab, kering;Alami;1;100 g;330 kkal;0;0;60.20 g;0;23.80 g;1.40 g;0;0;0;0;0;17.40 g;0;0;0;0;11.60 g;3 g;0 mcg;40 mcg;0.77 mg;0.21 mg;1.50 mg;0;0;0;0;0;0;2 mg;0;0;0;57 mg;388 mg;0;24 mg;874.30 mg;4.70 mg;3.40 mg;850 mcg;0;0;0;0;0;0;0;0;0
327;Kacang atom;Alami;1;100 g;533 kkal;0;0;28.80 g;0;27.80 g;38.10 g;0;0;0;0;0;2.50 g;0;0;0;0;3.10 g;2.20 g;0 mcg;0 mcg;0.06 mg;0 mg;0 mg;0;0;0;0;0;0;0 mg;0;0;0;87 mg;423 mg;0;0 mg;0 mg;3 mg;0 mg;0 mcg;0;0;0;0;0;0;0;0;0
246;Kacang babi, kering;Alami;1;100 g;341 kkal;0;0;51.30 g;0;30.40 g;3.20 g;0;0;0;0;0;4.50 g;0;0;0;0;11.60 g;3.50 g;0 mcg;0 mcg;0.23 mg;0.33 mg;2.80 mg;0;0;0;0;0;0;0 mg;0;0;0;178 mg;521 mg;0;13 mg;1768 mg;6.80 mg;3.10 mg;820 mcg;0;0;0;0;0;0;0;0;0
247;Kacang belimbing (kecipir), kering;Alami;1;100 g;400 kkal;0;0;34.10 g;0;34.40 g;16.90 g;0;0;0;0;0;10.70 g;0;0;0;0;10.40 g;4.20 g;0 mcg;0 mcg;0.30 mg;0.44 mg;3 mg;0;0;0;0;0;0;0 mg;0;0;0;468 mg;182 mg;0;37 mg;955 mg;6.80 mg;2 mg;2820 mcg;0;0;0;0;0;0;0;0;0
297;Kacang belimbing rebus;Alami;1;100 g;204 kkal;0;0;17.50 g;0;16.90 g;8.80 g;0;0;0;0;0;4.80 g;0;0;0;0;55.60 g;1.20 g;0 mcg;0 mcg;0.20 mg;0.48 mg;0.70 mg;0;0;0;0;0;0;0 mg;0;0;0;230 mg;180 mg;0;43 mg;1098 mg;3.30 mg;2.30 mg;3240 mcg;0;0;0;0;0;0;0;0;0
248;Kacang beracun, segar;Alami;1;100 g;118 kkal;0;0;21.60 g;0;4.40 g;1.50 g;0;0;0;0;0;0 g;0;0;0;0;72.10 g;0.40 g;0 mcg;0 mcg;0.43 mg;0 mg;0 mg;0;0;0;0;0;0;0 mg;0;0;0;50 mg;50 mg;0;10 mg;40 mg;1.70 mg;1 mg;300 mcg;0;0;0;0;0;0;0;0;0
298;Kacang bogor goreng;Alami;1;100 g;479 kkal;0;0;58.90 g;0;12.70 g;23.20 g;0;0;0;0;0;1.20 g;0;0;0;0;3 g;2.20 g;0 mcg;0 mcg;0.25 mg;0.45 mg;4.10 mg;0;0;0;0;0;0;0 mg;0;0;0;135 mg;184 mg;0;0 mg;0 mg;2.90 mg;0 mg;0 mcg;0;0;0;0;0;0;0;0;0
249;Kacang bogor kering;Alami;1;100 g;370 kkal;0;0;65 g;0;16 g;6 g;0;0;0;0;0;26.30 g;0;0;0;0;10 g;3 g;0 mcg;0 mcg;0.18 mg;0.26 mg;6.20 mg;0;0;0;0;0;0;0 mg;0;0;0;85 mg;264 mg;0;44 mg;868.80 mg;4.20 mg;2.70 mg;1480 mcg;0;0;0;0;0;0;0;0;0
299;Kacang bogor rebus;Alami;1;100 g;161 kkal;0;0;27.10 g;0;7.70 g;2.80 g;0;0;0;0;0;2 g;0;0;0;0;61.20 g;1.20 g;0 mcg;0 mcg;0.10 mg;0 mg;0 mg;0;0;0;0;0;0;0 mg;0;0;0;56 mg;134 mg;0;0 mg;0 mg;1.40 mg;0 mg;0 mcg;0;0;0;0;0;0;0;0;0
250;Kacang bogor segar;Alami;1;100 g;165 kkal;0;0;27.40 g;0;7.70 g;3.10 g;0;0;0;0;0;2.50 g;0;0;0;0;60.80 g;1 g;0 mcg;29 mcg;0.32 mg;0.35 mg;2.70 mg;0;0;0;0;0;0;0 mg;0;0;0;96 mg;126 mg;0;6 mg;537 mg;5.30 mg;1.20 mg;410 mcg;0;0;0;0;0;0;0;0;0
251;Kacang endel, biji;Alami;1;100 g;331 kkal;0;0;58 g;0;25 g;1 g;0;0;0;0;0;23.60 g;0;0;0;0;14 g;2 g;0 mcg;0 mcg;0.30 mg;0.75 mg;2.30 mg;0;0;0;0;0;0;0 mg;0;0;0;80 mg;400 mg;0;12 mg;1322.40 mg;5 mg;2.70 mg;680 mcg;0;0;0;0;0;0;0;0;0
252;Kacang ercis, segar;Alami;1;100 g;129 kkal;0;0;18.30 g;0;12.40 g;0.70 g;0;0;0;0;0;28.60 g;0;0;0;0;67.60 g;1 g;0 mcg;212 mcg;0.29 mg;0.05 mg;2.70 mg;0;0;0;0;0;0;0 mg;0;0;0;40 mg;130 mg;0;4 mg;310 mg;2.30 mg;2.10 mg;300 mcg;0;0;0;0;0;0;0;0;0
253;Kacang galing, segar;Alami;1;100 g;336 kkal;0;0;59.50 g;0;23.10 g;1.70 g;0;0;0;0;0;0 g;0;0;0;0;12 g;3.80 g;0 mcg;0 mcg;0.60 mg;0 mg;0 mg;0;0;0;0;0;0;0 mg;0;0;0;80 mg;400 mg;0;0 mg;0 mg;5 mg;0 mg;0 mcg;0;0;0;0;0;0;0;0;0
328;Kacang goyang;Alami;1;100 g;516 kkal;0;0;44.40 g;0;14.70 g;31.10 g;0;0;0;0;0;0 g;0;0;0;0;8.30 g;1.50 g;0 mcg;0 mcg;0 mg;0 mg;0 mg;0;0;0;0;0;0;0 mg;0;0;0;34 mg;230 mg;0;2 mg;365 mg;0.70 mg;1.70 mg;600 mcg;0;0;0;0;0;0;0;0;0
300;Kacang gude rebus;Alami;1;100 g;147 kkal;0;0;27.50 g;0;9 g;0.50 g;0;0;0;0;0;3.40 g;0;0;0;0;61.50 g;1.50 g;0 mcg;12 mcg;0.10 mg;0.07 mg;13.20 mg;0;0;0;0;0;0;0 mg;0;0;0;50 mg;175 mg;0;14 mg;1126 mg;2 mg;2.70 mg;800 mcg;0;0;0;0;0;0;0;0;0
254;Kacang gude, biji kering;Alami;1;100 g;316 kkal;0;0;58 g;0;20.70 g;1 g;0;0;0;0;0;4.60 g;0;0;0;0;16.10 g;4.20 g;0 mcg;19 mcg;0.30 mg;0.19 mg;2.40 mg;0;0;0;0;0;0;0 mg;0;0;0;146 mg;445 mg;0;16 mg;1306.20 mg;4.70 mg;2.70 mg;990 mcg;0;0;0;0;0;0;0;0;0
255;Kacang gude, biji segar;Alami;1;100 g;114 kkal;0;0;20.80 g;0;7 g;0.60 g;0;0;0;0;0;4.40 g;0;0;0;0;70.30 g;2.30 g;0 mcg;0 mcg;0.37 mg;0.07 mg;0.80 mg;0;0;0;0;0;0;43 mg;0;0;0;3 mg;122 mg;0;4 mg;480.50 mg;1.50 mg;0.90 mg;120 mcg;0;0;0;0;0;0;0;0;0
301;Kacang hijau rebus;Alami;1;100 g;109 kkal;0;0;18.30 g;0;8.70 g;0.50 g;0;0;0;0;0;1.50 g;0;0;0;0;71.30 g;1.20 g;0 mcg;18 mcg;0.12 mg;0.04 mg;0.40 mg;0;0;0;0;0;0;3 mg;0;0;0;95 mg;149 mg;0;447 mg;657.80 mg;1.50 mg;2.80 mg;1400 mcg;0;0;0;0;0;0;0;0;0
256;Kacang hijau var. Bakti, kering;Alami;1;100 g;350 kkal;0;0;70.70 g;0;17.10 g;1.80 g;0;0;0;0;0;5.70 g;0;0;0;0;7.40 g;3.10 g;0 mcg;171 mcg;0.40 mg;0.27 mg;2.60 mg;0;0;0;0;0;0;11 mg;0;0;0;94 mg;315 mg;0;46 mg;893.90 mg;4.90 mg;3.10 mg;1520 mcg;0;0;0;0;0;0;0;0;0
257;Kacang hijau var. Siwalik, kering;Alami;1;100 g;339 kkal;0;0;64.60 g;0;20.80 g;2.10 g;0;0;0;0;0;7.40 g;0;0;0;0;8.80 g;3.70 g;0 mcg;168 mcg;0.45 mg;0.27 mg;2.60 mg;0;0;0;0;0;0;0 mg;0;0;0;122 mg;136 mg;0;45 mg;880.40 mg;4.90 mg;3.10 mg;1500 mcg;0;0;0;0;0;0;0;0;0
258;Kacang hijau, kering;Alami;1;100 g;323 kkal;0;0;56.80 g;0;22.90 g;1.50 g;0;0;0;0;0;7.50 g;0;0;0;0;15.50 g;3.30 g;0 mcg;156 mcg;0.46 mg;0.15 mg;1.50 mg;0;0;0;0;0;0;10 mg;0;0;0;223 mg;319 mg;0;42 mg;815.70 mg;7.50 mg;2.90 mg;1900 mcg;0;0;0;0;0;0;0;0;0
259;Kacang hitam, kering;Alami;1;100 g;346 kkal;0;0;66.10 g;0;16.60 g;1.70 g;0;0;0;0;0;22.80 g;0;0;0;0;12.50 g;3.10 g;0 mcg;28 mcg;0.16 mg;0.10 mg;2.10 mg;0;0;0;0;0;0;0 mg;0;0;0;70 mg;300 mg;0;3 mg;0 mg;4.70 mg;3.50 mg;900 mcg;0;0;0;0;0;0;0;0;0
260;Kacang kapri segar;Alami;1;100 g;98 kkal;0;0;17.70 g;0;6.70 g;0.40 g;0;0;0;0;0;6.20 g;0;0;0;0;74.30 g;0.90 g;0 mcg;0 mcg;0.34 mg;0.12 mg;2.50 mg;0;0;0;0;0;0;26 mg;0;0;0;22 mg;122 mg;0;6 mg;296.60 mg;1.90 mg;1.50 mg;210 mcg;0;0;0;0;0;0;0;0;0
302;Kacang kedelai goreng;Alami;1;100 g;521 kkal;0;0;22.90 g;0;32.20 g;37.70 g;0;0;0;0;0;7.60 g;0;0;0;0;9.60 g;3.70 g;0 mcg;0 mcg;0.40 mg;1.90 mg;19 mg;0;0;0;0;0;0;0 mg;0;0;0;296 mg;800 mg;0;3492 mg;11890 mg;6.50 mg;60 mg;26300 mcg;0;0;0;0;0;0;0;0;0
303;Kacang kedelai rebus;Alami;1;100 g;189 kkal;0;0;12.70 g;0;20.20 g;8.20 g;0;0;0;0;0;1.60 g;0;0;0;0;56.80 g;2.10 g;0 mcg;4 mcg;0.20 mg;0.04 mg;0.50 mg;0;0;0;0;0;0;0 mg;0;0;0;91 mg;270 mg;0;181 mg;615 mg;3.90 mg;3.70 mg;1300 mcg;0;0;0;0;0;0;0;0;0
262;Kacang kedelai segar;Alami;1;100 g;286 kkal;0;0;30.10 g;0;30.20 g;15.60 g;0;0;0;0;0;2.90 g;0;0;0;0;20 g;4.10 g;0 mcg;0 mcg;0.93 mg;0.26 mg;1.80 mg;0;0;0;0;0;0;0 mg;0;0;0;196 mg;506 mg;0;28 mg;870.90 mg;6.90 mg;3.60 mg;1240 mcg;0;0;0;0;0;0;0;0;0
261;Kacang kedelai, kering;Alami;1;100 g;381 kkal;0;0;24.90 g;0;40.40 g;16.70 g;0;0;0;0;0;3.20 g;0;0;0;0;12.70 g;5.50 g;0 mcg;237 mcg;0.52 mg;0.12 mg;1.20 mg;0;0;0;0;0;0;0 mg;0;0;0;222 mg;682 mg;0;210 mg;713.40 mg;10 mg;3.90 mg;1580 mcg;0;0;0;0;0;0;0;0;0
263;Kacang kincai, kering;Alami;1;100 g;444 kkal;0;0;55 g;0;19.90 g;16 g;0;0;0;0;0;0 g;0;0;0;0;4.20 g;4.90 g;0 mcg;0 mcg;0.10 mg;0.10 mg;1.90 mg;0;0;0;0;0;0;0 mg;0;0;0;26 mg;0 mg;0;0 mg;0 mg;0 mg;0 mg;0 mcg;0;0;0;0;0;0;0;0;0
264;Kacang komak, segar;Alami;1;100 g;327 kkal;0;0;55.80 g;0;16.40 g;4.30 g;0;0;0;0;0;0.50 g;0;0;0;0;20.90 g;2.60 g;0 mcg;0 mcg;0.99 mg;0.12 mg;0.10 mg;0;0;0;0;0;0;0 mg;0;0;0;74 mg;282 mg;0;22 mg;1137 mg;4 mg;2.10 mg;900 mcg;0;0;0;0;0;0;0;0;0
265;Kacang kuning, segar;Alami;1;100 g;355 kkal;0;0;66 g;0;17 g;2.50 g;0;0;0;0;0;15.10 g;0;0;0;0;11.70 g;2.80 g;0 mcg;58 mcg;0.47 mg;0.08 mg;1.90 mg;0;0;0;0;0;0;0 mg;0;0;0;140 mg;220 mg;0;1 mg;0 mg;5.80 mg;3.20 mg;700 mcg;0;0;0;0;0;0;0;0;0
266;Kacang lebui / iris;Alami;1;100 g;346 kkal;0;0;66.60 g;0;16.50 g;1.50 g;0;0;0;0;0;37.30 g;0;0;0;0;11.80 g;3.60 g;0 mcg;64 mcg;0.62 mg;0.20 mg;0 mg;0;0;0;0;0;0;0 mg;0;0;0;144 mg;368 mg;0;17 mg;1225 mg;3.40 mg;3.30 mg;1500 mcg;0;0;0;0;0;0;0;0;0
269;Kacang marah tua;Alami;1;100 g;280 kkal;0;0;63.20 g;0;16.70 g;1.60 g;0;0;0;0;0;4.60 g;0;0;0;0;12.30 g;6.20 g;0 mcg;0 mcg;0.10 mg;0.08 mg;2 mg;0;0;0;0;0;0;6 mg;0;0;0;209 mg;335 mg;0;19 mg;1348.50 mg;6.40 mg;2.80 mg;690 mcg;0;0;0;0;0;0;0;0;0
478;Kacang mekah, polong, segar;Alami;1;100 g;22 kkal;0;0;3.40 g;0;1.10 g;1 g;0;0;0;0;0;1.10 g;0;0;0;0;93.60 g;0.90 g;0 mcg;197 mcg;0.02 mg;0 mg;0.40 mg;0;0;0;0;0;0;0 mg;0;0;0;63 mg;296 mg;0;2 mg;69.20 mg;1 mg;0 mg;300 mcg;0;0;0;0;0;0;0;0;0
267;Kacang mentega;Alami;1;100 g;344 kkal;0;0;64.60 g;0;16.70 g;2.10 g;0;0;0;0;0;13 g;0;0;0;0;13.70 g;2.90 g;0 mcg;0 mcg;0.21 mg;0.07 mg;1.20 mg;0;0;0;0;0;0;0 mg;0;0;0;110 mg;300 mg;0;1 mg;10 mg;6.70 mg;2.50 mg;700 mcg;0;0;0;0;0;0;0;0;0
268;Kacang merah / banda;Alami;1;100 g;350 kkal;0;0;66.90 g;0;13.90 g;3 g;0;0;0;0;0;26.30 g;0;0;0;0;13 g;3.20 g;0 mcg;137 mcg;0.15 mg;0.76 mg;0.30 mg;0;0;0;0;0;0;0 mg;0;0;0;84 mg;242 mg;0;19 mg;1127 mg;6.80 mg;42 mg;0 mcg;0;0;0;0;0;0;0;0;0
270;Kacang merah kering;Alami;1;100 g;314 kkal;0;0;56.20 g;0;22.10 g;1.10 g;0;0;0;0;0;4 g;0;0;0;0;17.70 g;2.90 g;0 mcg;129 mcg;0.40 mg;0.72 mg;2.20 mg;0;0;0;0;0;0;0 mg;0;0;0;502 mg;429 mg;0;11 mg;1265.50 mg;10.30 mg;2.60 mg;650 mcg;0;0;0;0;0;0;0;0;0
304;Kacang merah kering rebus;Alami;1;100 g;158 kkal;0;0;28.20 g;0;10.30 g;0.90 g;0;0;0;0;0;2.60 g;0;0;0;0;59.60 g;1 g;0 mcg;0 mcg;0.20 mg;0.09 mg;0.80 mg;0;0;0;0;0;0;0 mg;0;0;0;160 mg;149 mg;0;6 mg;311 mg;3.70 mg;1.50 mg;270 mcg;0;0;0;0;0;0;0;0;0
271;Kacang merah segar;Alami;1;100 g;171 kkal;0;0;28 g;0;11 g;2.20 g;0;0;0;0;0;2.10 g;0;0;0;0;57.20 g;1.70 g;0 mcg;0 mcg;0.15 mg;0.15 mg;1.10 mg;0;0;0;0;0;0;0 mg;0;0;0;293 mg;134 mg;0;7 mg;360.70 mg;3.70 mg;1.40 mg;340 mcg;0;0;0;0;0;0;0;0;0
305;Kacang merah segar rebus;Alami;1;100 g;144 kkal;0;0;24.70 g;0;10 g;1 g;0;0;0;0;0;3.50 g;0;0;0;0;63.10 g;1.20 g;0 mcg;0 mcg;0.10 mg;0.08 mg;0.70 mg;0;0;0;0;0;0;0 mg;0;0;0;144 mg;150 mg;0;6 mg;311 mg;2.80 mg;1.50 mg;270 mcg;0;0;0;0;0;0;0;0;0
272;Kacang mete/biji jambu monyet;Alami;1;100 g;616 kkal;0;0;28.70 g;0;16.30 g;48.40 g;0;0;0;0;0;0.90 g;0;0;0;0;4.60 g;2 g;0 mcg;5 mcg;0.64 mg;0.03 mg;0 mg;0;0;0;0;0;0;0 mg;0;0;0;26 mg;521 mg;0;26 mg;692 mg;3.80 mg;4.10 mg;4700 mcg;0;0;0;0;0;0;0;0;0
306;Kacang mete/biji jambu monyet goreng;Alami;1;100 g;629 kkal;0;0;19.80 g;0;20.40 g;56.30 g;0;0;0;0;0;1.10 g;0;0;0;0;1 g;2.50 g;0 mcg;5 mcg;0.37 mg;0.22 mg;1.80 mg;0;0;0;0;0;0;0 mg;0;0;0;502 mg;493 mg;0;13 mg;641.70 mg;8 mg;5.40 mg;4700 mcg;0;0;0;0;0;0;0;0;0
329;Kacang negara;Alami;1;100 g;480 kkal;0;0;58.50 g;0;18.40 g;19.10 g;0;0;0;0;0;11.70 g;0;0;0;0;3.10 g;0.90 g;0 mcg;0 mcg;0.63 mg;0.05 mg;2.60 mg;0;0;0;0;0;0;0 mg;0;0;0;34 mg;404 mg;0;1010 mg;385 mg;10.30 mg;7.10 mg;2500 mcg;0;0;0;0;0;0;0;0;0
273;Kacang panjang biji;Alami;1;100 g;357 kkal;0;0;68.60 g;0;17.30 g;1.50 g;0;0;0;0;0;10.60 g;0;0;0;0;12.20 g;0.40 g;0 mcg;2182 mcg;0.57 mg;0.98 mg;7.10 mg;0;0;0;0;0;0;2 mg;0;0;0;163 mg;437 mg;0;16 mg;1109.40 mg;6.90 mg;2.80 mg;350 mcg;0;0;0;0;0;0;0;0;0
559;Kacang panjang kukus;Alami;1;100 g;39 kkal;0;0;7.60 g;0;3 g;0.60 g;0;0;0;0;0;1.70 g;0;0;0;0;88.20 g;0.60 g;0 mcg;131 mcg;0.02 mg;0.10 mg;0.30 mg;0;0;0;0;0;0;20 mg;0;0;0;100 mg;91 mg;0;28 mg;199 mg;1.20 mg;0.50 mg;110 mcg;0;0;0;0;0;0;0;0;0
560;Kacang panjang rebus;Alami;1;100 g;30 kkal;0;0;5.80 g;0;2.30 g;0.40 g;0;0;0;0;0;1.40 g;0;0;0;0;90.90 g;0.60 g;0 mcg;128 mcg;0 mg;0.07 mg;0.20 mg;0;0;0;0;0;0;15 mg;0;0;0;71 mg;68 mg;0;24 mg;114.50 mg;0.80 mg;0.40 mg;100 mcg;0;0;0;0;0;0;0;0;0
479;Kacang panjang, segar;Alami;1;100 g;31 kkal;0;0;5.30 g;0;2.30 g;0.10 g;0;0;0;0;0;2.70 g;0;0;0;0;91.80 g;0.50 g;0 mcg;125 mcg;0.70 mg;0.10 mg;0.30 mg;0;0;0;0;0;0;46 mg;0;0;0;60 mg;64 mg;0;30 mg;213 mg;0.60 mg;0.50 mg;100 mcg;0;0;0;0;0;0;0;0;0
480;Kacang ranti polong;Alami;1;100 g;37 kkal;0;0;7.90 g;0;3.10 g;0.20 g;0;0;0;0;0;2.50 g;0;0;0;0;88.50 g;0.30 g;0 mcg;0 mcg;0.02 mg;0 mg;0 mg;0;0;0;0;0;0;6 mg;0;0;0;103 mg;126 mg;0;0 mg;0 mg;0.80 mg;0 mg;0 mcg;0;0;0;0;0;0;0;0;0
330;Kacang sukro;Alami;1;100 g;484 kkal;0;0;57.70 g;0;8.80 g;26.10 g;0;0;0;0;0;1.80 g;0;0;0;0;4.70 g;2.70 g;0 mcg;0 mcg;0.06 mg;0 mg;0 mg;0;0;0;0;0;0;0 mg;0;0;0;49 mg;194 mg;0;0 mg;0 mg;2.50 mg;0 mg;0 mcg;0;0;0;0;0;0;0;0;0
276;Kacang tanah;Alami;1;100 g;525 kkal;0;0;17.40 g;0;27.90 g;42.70 g;0;0;0;0;0;2.40 g;0;0;0;0;9.60 g;2.40 g;0 mcg;0 mcg;0.44 mg;0.27 mg;1.40 mg;0;0;0;0;0;0;0 mg;0;0;0;316 mg;456 mg;0;31 mg;466.50 mg;5.70 mg;1.90 mg;1550 mcg;0;0;0;0;0;0;0;0;0
308;Kacang tanah goreng;Alami;1;100 g;564 kkal;0;0;25.50 g;0;25.50 g;44.40 g;0;0;0;0;0;2.80 g;0;0;0;0;2.50 g;2.80 g;0 mcg;0 mcg;0.40 mg;0 mg;0 mg;0;0;0;0;0;0;0 mg;0;0;0;106 mg;390 mg;0;0 mg;0 mg;4.10 mg;0 mg;0 mcg;0;0;0;0;0;0;0;0;0
309;Kacang tanah rebus;Alami;1;100 g;220 kkal;0;0;8 g;0;10.60 g;18 g;0;0;0;0;0;1 g;0;0;0;0;62.10 g;1.30 g;0 mcg;0 mcg;0.10 mg;0 mg;0 mg;0;0;0;0;0;0;0 mg;0;0;0;89 mg;273 mg;0;36 mg;536.20 mg;1.90 mg;2.20 mg;1780 mcg;0;0;0;0;0;0;0;0;0
307;Kacang tanah rebus dengan kulit;Alami;1;100 g;360 kkal;0;0;12.80 g;0;13.50 g;31.20 g;0;0;0;0;0;0 g;0;0;0;0;40.20 g;2.30 g;0 mcg;0 mcg;0.44 mg;0.13 mg;9 mg;0;0;0;0;0;0;5 mg;0;0;0;42 mg;177 mg;0;32 mg;483 mg;1.40 mg;2 mg;1600 mcg;0;0;0;0;0;0;0;0;0
274;Kacang tanah sangan;Alami;1;100 g;560 kkal;0;0;24.10 g;0;29.50 g;43 g;0;0;0;0;0;2.90 g;0;0;0;0;1.20 g;2.10 g;0 mcg;0 mcg;0.31 mg;0.30 mg;15.50 mg;0;0;0;0;0;0;0 mg;0;0;0;107 mg;366 mg;0;34 mg;509.80 mg;4.10 mg;2.10 mg;1690 mcg;0;0;0;0;0;0;0;0;0
275;Kacang tanah sangan tanpa selaput;Alami;1;100 g;559 kkal;0;0;23.60 g;0;26.90 g;44.20 g;0;0;0;0;0;2.60 g;0;0;0;0;2.60 g;2.70 g;0 mcg;0 mcg;0.30 mg;29.47 mg;8 mg;0;0;0;0;0;0;0 mg;0;0;0;74 mg;393 mg;0;33 mg;202.30 mg;1.90 mg;1.70 mg;520400 mcg;0;0;0;0;0;0;0;0;0
331;Kacang tanah sari;Alami;1;100 g;561 kkal;0;0;26 g;0;25.50 g;43.80 g;0;0;0;0;0;2.20 g;0;0;0;0;2.10 g;2.60 g;0 mcg;0 mcg;0.08 mg;0 mg;0 mg;0;0;0;0;0;0;0 mg;0;0;0;50 mg;324 mg;0;0 mg;0 mg;3.10 mg;0 mg;0 mcg;0;0;0;0;0;0;0;0;0
277;Kacang tolo / tunggak;Alami;1;100 g;331 kkal;0;0;56.60 g;0;24.40 g;1.90 g;0;0;0;0;0;1.60 g;0;0;0;0;13.50 g;3.60 g;0 mcg;65 mcg;0.06 mg;0.20 mg;4.30 mg;0;0;0;0;0;0;0 mg;0;0;0;481 mg;399 mg;0;15 mg;7.80 mg;13.90 mg;5.90 mg;1030 mcg;0;0;0;0;0;0;0;0;0
310;Kacang tolo rebus;Alami;1;100 g;138 kkal;0;0;22.60 g;0;10.70 g;1.10 g;0;0;0;0;0;0.90 g;0;0;0;0;64.40 g;1.20 g;0 mcg;0 mcg;0.01 mg;0.17 mg;3.20 mg;0;0;0;0;0;0;0 mg;0;0;0;165 mg;172 mg;0;13 mg;6.70 mg;4 mg;6.10 mg;800 mcg;0;0;0;0;0;0;0;0;0
278;Kacang tunis;Alami;1;100 g;351 kkal;0;0;72.90 g;0;12.20 g;1.20 g;0;0;0;0;0;29.50 g;0;0;0;0;10.50 g;3.20 g;0 mcg;0 mcg;0.57 mg;0.13 mg;2.50 mg;0;0;0;0;0;0;0 mg;0;0;0;120 mg;220 mg;0;1 mg;0 mg;6.90 mg;2.90 mg;1400 mcg;0;0;0;0;0;0;0;0;0
279;Kacang uci;Alami;1;100 g;358 kkal;0;0;60.60 g;0;23.40 g;2.40 g;0;0;0;0;0;7.40 g;0;0;0;0;9.90 g;3.70 g;0 mcg;20 mcg;0.10 mg;0.20 mg;2.50 mg;0;0;0;0;0;0;2 mg;0;0;0;269 mg;264 mg;0;13 mg;1457.70 mg;0.50 mg;0 mg;350 mcg;0;0;0;0;0;0;0;0;0
280;Kacang urei;Alami;1;100 g;354 kkal;0;0;69.30 g;0;12.80 g;1.80 g;0;0;0;0;0;26.10 g;0;0;0;0;12.80 g;3.30 g;0 mcg;0 mcg;0.55 mg;0.05 mg;3.50 mg;0;0;0;0;0;0;0 mg;0;0;0;220 mg;220 mg;0;1 mg;0 mg;5.10 mg;3.10 mg;700 mcg;0;0;0;0;0;0;0;0;0
1273;Kacang walnut;Alami;1;100 g;654 kkal;0;0;13.71 g;0;15.23 g;65.21 g;0;0;0;0;0;6.70 g;0;0;0;0;0;0;0;0;0;0;0;0;0;0;0;0;0;0;0;0;0;0;0;0;0 mg;0;0;0;0;0;0;0;0;0;0;0;0;0
583;Kadada katembe;Alami;1;100 g;110 kkal;0;0;7.10 g;0;4.50 g;6.90 g;0;0;0;0;0;3.90 g;0;0;0;0;80 g;1.50 g;0 mcg;46 mcg;0.10 mg;0 mg;3.70 mg;0;0;0;0;0;0;23 mg;0;0;0;26 mg;77 mg;0;178 mg;131 mg;0 mg;0.70 mg;200 mcg;0;0;0;0;0;0;0;0;0
1014;Kaholeo, masakan;Alami;1;100 g;413 kkal;0;0;29.80 g;0;28.70 g;19.80 g;0;0;0;0;0;0 g;0;0;0;0;11.20 g;10.50 g;4236 mcg;0 mcg;1.34 mg;0.03 mg;5.70 mg;0;0;0;0;0;0;0 mg;0;0;0;909 mg;1291 mg;0;0 mg;1171 mg;0 mg;3.10 mg;100 mcg;0;0;0;0;0;0;0;0;0
75;Kakicak;Alami;1;100 g;296 kkal;0;0;36.70 g;0;3.40 g;15.10 g;0;0;0;0;0;0 g;0;0;0;0;43.90 g;0.90 g;0 mcg;0 mcg;0 mg;0 mg;0 mg;0;0;0;0;0;0;0 mg;0;0;0;0 mg;0 mg;0;0 mg;0 mg;0 mg;0 mg;0 mcg;0;0;0;0;0;0;0;0;0
481;Kalakai, segar;Alami;1;100 g;38 kkal;0;0;6.60 g;0;2.40 g;0.20 g;0;0;0;0;0;5.80 g;0;0;0;0;89.90 g;0.90 g;0 mcg;44 mcg;0.30 mg;0.10 mg;0 mg;0;0;0;0;0;0;8 mg;0;0;0;18 mg;90 mg;0;7 mg;443 mg;1.10 mg;0.90 mg;400 mcg;0;0;0;0;0;0;0;0;0
819;Kalio ayam, masakan;Alami;1;100 g;203 kkal;0;0;4.40 g;0;16 g;13.50 g;0;0;0;0;0;0 g;0;0;0;0;64.70 g;1.40 g;105 mcg;0 mcg;0.35 mg;0 mg;0 mg;0;0;0;0;0;0;0 mg;0;0;0;278 mg;177 mg;0;534 mg;0 mg;4.20 mg;0 mg;0 mcg;0;0;0;0;0;0;0;0;0
820;Kalio jeroan, masakan;Alami;1;100 g;163 kkal;0;0;4.10 g;0;16.50 g;9 g;0;0;0;0;0;0 g;0;0;0;0;68.90 g;1.50 g;298 mcg;0 mcg;0.70 mg;0 mg;0 mg;0;0;0;0;0;0;0 mg;0;0;0;102 mg;268 mg;0;570 mg;0 mg;7.10 mg;0 mg;0 mcg;0;0;0;0;0;0;0;0;0
821;Kalio kikil (tunjang), masakan;Alami;1;100 g;122 kkal;0;0;3.90 g;0;13.80 g;5.70 g;0;0;0;0;0;0 g;0;0;0;0;75.30 g;1.30 g;36 mcg;0 mcg;0.38 mg;0 mg;0 mg;0;0;0;0;0;0;0 mg;0;0;0;154 mg;59 mg;0;519 mg;0 mg;3.40 mg;0 mg;0 mcg;0;0;0;0;0;0;0;0;0
822;Kalio otak, masakan;Alami;1;100 g;157 kkal;0;0;11.40 g;0;8.10 g;8.80 g;0;0;0;0;0;0 g;0;0;0;0;70.30 g;1.40 g;32 mcg;0 mcg;0.45 mg;0 mg;0 mg;0;0;0;0;0;0;0 mg;0;0;0;212 mg;69 mg;0;604 mg;0 mg;3.30 mg;0 mg;0 mcg;0;0;0;0;0;0;0;0;0
76;Kambose;Alami;1;100 g;164 kkal;0;0;32.60 g;0;3 g;2.40 g;0;0;0;0;0;4.30 g;0;0;0;0;61.50 g;0.70 g;0 mcg;256 mcg;0.10 mg;0.10 mg;0.40 mg;0;0;0;0;0;0;0 mg;0;0;0;16 mg;36 mg;0;0 mg;32 mg;0.70 mg;1.60 mg;100 mcg;0;0;0;0;0;0;0;0;0
561;Kangkung kukus;Alami;1;100 g;30 kkal;0;0;4.70 g;0;3.20 g;0.70 g;0;0;0;0;0;1.80 g;0;0;0;0;90.40 g;1 g;0 mcg;2370 mcg;0.03 mg;0.28 mg;1.40 mg;0;0;0;0;0;0;11 mg;0;0;0;70 mg;49 mg;0;45 mg;184.90 mg;4.40 mg;0.30 mg;100 mcg;0;0;0;0;0;0;0;0;0
562;Kangkung rebus;Alami;1;100 g;22 kkal;0;0;3.10 g;0;2.50 g;0.60 g;0;0;0;0;0;1.20 g;0;0;0;0;93 g;0.80 g;0 mcg;2370 mcg;0.01 mg;0.22 mg;1.20 mg;0;0;0;0;0;0;13 mg;0;0;0;50 mg;51 mg;0;31 mg;98 mg;3.50 mg;0.30 mg;100 mcg;0;0;0;0;0;0;0;0;0
483;Kangkung tondano;Alami;1;100 g;43 kkal;0;0;8.40 g;0;1.80 g;0.20 g;0;0;0;0;0;4.30 g;0;0;0;0;88.50 g;1.10 g;0 mcg;2741 mcg;0.80 mg;0.10 mg;1.10 mg;0;0;0;0;0;0;23 mg;0;0;0;72 mg;9 mg;0;30 mg;361 mg;0.70 mg;0.40 mg;300 mcg;0;0;0;0;0;0;0;0;0
482;Kangkung, segar;Alami;1;100 g;28 kkal;0;0;3.90 g;0;3.40 g;0.70 g;0;0;0;0;0;2 g;0;0;0;0;91 g;1 g;0 mcg;2868 mcg;0.07 mg;0.36 mg;2 mg;0;0;0;0;0;0;17 mg;0;0;0;67 mg;54 mg;0;65 mg;250.10 mg;2.30 mg;0.40 mg;130 mcg;0;0;0;0;0;0;0;0;0
584;Kaparende, sayur;Alami;1;100 g;38 kkal;0;0;2.60 g;0;2.40 g;2 g;0;0;0;0;0;1.50 g;0;0;0;0;91.70 g;1.30 g;0 mcg;40 mcg;0.10 mg;0 mg;3.70 mg;0;0;0;0;0;0;22 mg;0;0;0;126 mg;68 mg;0;170 mg;43 mg;0 mg;0.30 mg;0 mcg;0;0;0;0;0;0;0;0;0
484;Kapri muda, segar;Alami;1;100 g;45 kkal;0;0;9 g;0;3.30 g;0.20 g;0;0;0;0;0;1.80 g;0;0;0;0;86.80 g;0.70 g;0 mcg;71 mcg;0.20 mg;0.10 mg;0.90 mg;0;0;0;0;0;0;49 mg;0;0;0;51 mg;85 mg;0;2 mg;118.40 mg;0.10 mg;0.70 mg;90 mcg;0;0;0;0;0;0;0;0;0
200;Kapurung;Alami;1;100 g;41 kkal;0;0;7.80 g;0;2 g;0.30 g;0;0;0;0;0;2 g;0;0;0;0;79.60 g;0.60 g;0 mcg;213 mcg;0.12 mg;0.25 mg;2.70 mg;0;0;0;0;0;0;15 mg;0;0;0;34 mg;12 mg;0;185 mg;566 mg;0.30 mg;0.30 mg;100 mcg;0;0;0;0;0;0;0;0;0
77;Kapusa;Alami;1;100 g;158 kkal;0;0;27.80 g;0;4.40 g;3.20 g;0;0;0;0;0;5.30 g;0;0;0;0;63.50 g;1 g;0 mcg;1374 mcg;0.06 mg;0.05 mg;0.10 mg;0;0;0;0;0;0;0 mg;0;0;0;79 mg;115 mg;0;104 mg;149 mg;1.20 mg;1.10 mg;500 mcg;0;0;0;0;0;0;0;0;0
485;Karawila;Alami;1;100 g;25 kkal;0;0;3.50 g;0;2.30 g;0.20 g;0;0;0;0;0;2.10 g;0;0;0;0;93.70 g;0.30 g;0 mcg;21 mcg;0.10 mg;0.10 mg;0.40 mg;0;0;0;0;0;0;39 mg;0;0;0;25 mg;67 mg;0;8 mg;88.40 mg;0.30 mg;0.30 mg;80 mcg;0;0;0;0;0;0;0;0;0
585;Karedok,sayur;Alami;1;100 g;92 kkal;0;0;14.10 g;0;2.20 g;3.30 g;0;0;0;0;0;1.40 g;0;0;0;0;79 g;1.40 g;0 mcg;0 mcg;0.08 mg;0 mg;0 mg;0;0;0;0;0;0;3 mg;0;0;0;174 mg;85 mg;0;0 mg;0 mg;2.40 mg;0 mg;0 mcg;0;0;0;0;0;0;0;0;0
651;Kawista, segar;Alami;1;100 g;120 kkal;0;0;20.80 g;0;3.50 g;2.50 g;0;0;0;0;0;4.60 g;0;0;0;0;71.80 g;1.40 g;0 mcg;99 mcg;0.07 mg;0.70 mg;0.40 mg;0;0;0;0;0;0;3 mg;0;0;0;190 mg;230 mg;0;9 mg;1015.60 mg;1.60 mg;0.40 mg;308400 mcg;0;0;0;0;0;0;0;0;0
1137;Kecap;Alami;1;100 g;71 kkal;0;0;9 g;0;5.70 g;1.30 g;0;0;0;0;0;0 g;0;0;0;0;63 g;21 g;0 mcg;0 mcg;0 mg;0 mg;0 mg;0;0;0;0;0;0;0 mg;0;0;0;123 mg;96 mg;0;1114 mg;0 mg;5.70 mg;0 mg;40 mcg;0;0;0;0;0;0;0;0;0
201;Kecimpring singkong goreng;Alami;1;100 g;464 kkal;0;0;73 g;0;1.20 g;18.60 g;0;0;0;0;0;1.30 g;0;0;0;0;3.70 g;3.50 g;0 mcg;0 mcg;0.34 mg;0 mg;0 mg;0;0;0;0;0;0;0 mg;0;0;0;82 mg;52 mg;0;0 mg;0 mg;3.40 mg;0 mg;0 mcg;0;0;0;0;0;0;0;0;0
486;Kecipir muda, segar;Alami;1;100 g;32 kkal;0;0;5.80 g;0;2.90 g;0.20 g;0;0;0;0;0;5.50 g;0;0;0;0;90.40 g;0.70 g;0 mcg;261 mcg;0.24 mg;0.11 mg;0.70 mg;0;0;0;0;0;0;19 mg;0;0;0;63 mg;37 mg;0;3 mg;103.80 mg;0.30 mg;0.40 mg;180 mcg;0;0;0;0;0;0;0;0;0
487;Kecombrang, segar;Alami;1;100 g;34 kkal;0;0;6.70 g;0;0.90 g;1 g;0;0;0;0;0;2.60 g;0;0;0;0;90 g;1.40 g;0 mcg;0 mcg;0 mg;0.02 mg;0.80 mg;0;0;0;0;0;0;0 mg;0;0;0;60 mg;16 mg;0;47 mg;650.60 mg;1 mg;0 mg;0 mcg;0;0;0;0;0;0;0;0;0
78;Keddo bodong;Alami;1;100 g;290 kkal;0;0;55.20 g;0;4.60 g;5.70 g;0;0;0;0;0;0 g;0;0;0;0;33.90 g;1 g;0 mcg;0 mcg;0 mg;0 mg;0 mg;0;0;0;0;0;0;0 mg;0;0;0;0 mg;0 mg;0;0 mg;0 mg;0 mg;0 mg;0 mcg;0;0;0;0;0;0;0;0;0
652;Kedongdong masak, segar;Alami;1;100 g;46 kkal;0;0;10.30 g;0;1 g;0.10 g;0;0;0;0;0;2.60 g;0;0;0;0;88 g;0.60 g;0 mcg;164 mcg;0.08 mg;0.23 mg;0.30 mg;0;0;0;0;0;0;30 mg;0;0;0;15 mg;22 mg;0;2 mg;216.20 mg;2.80 mg;0.10 mg;0 mcg;0;0;0;0;0;0;0;0;0
653;Kedongdong, segar;Alami;1;100 g;47 kkal;0;0;10.40 g;0;0.50 g;0.20 g;0;0;0;0;0;2.70 g;0;0;0;0;87.80 g;0.60 g;0 mcg;167 mcg;0.07 mg;0.04 mg;0.40 mg;0;0;0;0;0;0;32 mg;0;0;0;7 mg;58 mg;0;2 mg;0 mg;0.80 mg;0.20 mg;0 mcg;0;0;0;0;0;0;0;0;0
1064;Keju;Alami;1;100 g;326 kkal;0;0;13.10 g;0;22.80 g;20.30 g;0;0;0;0;0;0 g;0;0;0;0;38.50 g;5.30 g;227 mcg;128 mcg;0.01 mg;0.37 mg;0.10 mg;0;0;0;0;0;0;1 mg;0;0;0;777 mg;338 mg;0;1410 mg;82.70 mg;1.50 mg;3.10 mg;30 mcg;0;0;0;0;0;0;0;0;0
332;Keju kcang tanah (peanut butter);Alami;1;100 g;590 kkal;0;0;20.90 g;0;27 g;49 g;0;0;0;0;0;1.60 g;0;0;0;0;3 g;0.10 g;0 mcg;0 mcg;0.30 mg;0.20 mg;16.20 mg;0;0;0;0;0;0;0 mg;0;0;0;60 mg;360 mg;0;355 mg;492.40 mg;2 mg;2.70 mg;570 mcg;0;0;0;0;0;0;0;0;0
654;Kelapa Hutan,kerig;Alami;1;100 g;623 kkal;0;0;36.50 g;0;2 g;52.10 g;0;0;0;0;0;15.30 g;0;0;0;0;6 g;3.40 g;0 mcg;0 mcg;0 mg;0 mg;0.20 mg;0;0;0;0;0;0;0 mg;0;0;0;120 mg;280 mg;0;100 mg;460 mg;3.80 mg;1.90 mg;1700 mcg;0;0;0;0;0;0;0;0;0
655;Kelapa Muda , daging, segar;Alami;1;100 g;68 kkal;0;0;14 g;0;1 g;0.90 g;0;0;0;0;0;0 g;0;0;0;0;83.30 g;0.80 g;0 mcg;0 mcg;0.60 mg;0.02 mg;0 mg;0;0;0;0;0;0;4 mg;0;0;0;0.70 mg;30 mg;0;17.90 mg;564.60 mg;1 mg;0.30 mg;100 mcg;0;0;0;0;0;0;0;0;0
1146;Kelapa muda,air, segar;Alami;1;100 g;17 kkal;0;0;3.80 g;0;0.20 g;0.10 g;0;0;0;0;0;0 g;0;0;0;0;95.50 g;0.40 g;0 mcg;0 mcg;0 mg;0 mg;0 mg;0;0;0;0;0;0;1 mg;0;0;0;15 mg;8 mg;0;1 mg;149 mg;0.20 mg;0.10 mg;40 mcg;0;0;0;0;0;0;0;0;0
1073;Kelapa setengah tua, daging, segar;Alami;1;100 g;180 kkal;0;0;10 g;0;4 g;15 g;0;0;0;0;0;2.40 g;0;0;0;0;70 g;1 g;0 mcg;0 mcg;0.10 mg;0.01 mg;0.10 mg;0;0;0;0;0;0;4 mg;0;0;0;8 mg;55 mg;0;4 mg;317.70 mg;1.30 mg;2.90 mg;300 mcg;0;0;0;0;0;0;0;0;0
1074;Kelapa tua, daging, segar;Alami;1;100 g;359 kkal;0;0;14 g;0;3.40 g;34.70 g;0;0;0;0;0;4.70 g;0;0;0;0;46.90 g;1 g;0 mcg;0 mcg;0.10 mg;0 mg;0 mg;0;0;0;0;0;0;2 mg;0;0;0;21 mg;98 mg;0;3 mg;293.90 mg;2 mg;1.10 mg;400 mcg;0;0;0;0;0;0;0;0;0
488;Kelawi, kluwih, segar;Alami;1;100 g;118 kkal;0;0;27.20 g;0;1.50 g;0.30 g;0;0;0;0;0;5 g;0;0;0;0;70 g;1 g;0 mcg;0 mcg;0.10 mg;0.03 mg;0.90 mg;0;0;0;0;0;0;19 mg;0;0;0;28 mg;32 mg;0;2 mg;500.90 mg;0.90 mg;0.10 mg;90 mcg;0;0;0;0;0;0;0;0;0
756;Kelinci, daging, segar;Alami;1;100 g;142 kkal;0;0;0 g;0;16.90 g;7.80 g;0;0;0;0;0;0 g;0;0;0;0;74.30 g;1 g;0 mcg;0 mcg;0.11 mg;0.11 mg;6.80 mg;0;0;0;0;0;0;0 mg;0;0;0;7 mg;350 mg;0;49 mg;371.10 mg;1 mg;0 mg;0 mcg;0;0;0;0;0;0;0;0;0
1055;Kelio telur, masakan;Alami;1;100 g;193 kkal;0;0;9.70 g;0;10.60 g;12.40 g;0;0;0;0;0;0 g;0;0;0;0;79 g;1.40 g;160 mcg;0 mcg;0.44 mg;0 mg;0 mg;0;0;0;0;0;0;0 mg;0;0;0;148 mg;246 mg;0;540 mg;0 mg;3.80 mg;0 mg;0 mcg;0;0;0;0;0;0;0;0;0
656;Kemang, segar;Alami;1;100 g;48 kkal;0;0;11.90 g;0;1 g;0.20 g;0;0;0;0;0;1.70 g;0;0;0;0;86.50 g;0.40 g;0 mcg;318 mcg;0.08 mg;0.01 mg;0.30 mg;0;0;0;0;0;0;58 mg;0;0;0;10 mg;24 mg;0;2 mg;88.60 mg;0.10 mg;0.10 mg;0 mcg;0;0;0;0;0;0;0;0;0
495;Kembang Kol;Alami;1;100 g;25 kkal;0;0;4.90 g;0;2.40 g;0.20 g;0;0;0;0;0;1.60 g;0;0;0;0;91.70 g;0.80 g;0 mcg;24 mcg;0.11 mg;0.09 mg;0.60 mg;0;0;0;0;0;0;69 mg;0;0;0;22 mg;72 mg;0;47 mg;187 mg;1.10 mg;0.30 mg;40 mcg;0;0;0;0;0;0;0;0;0
333;Kembang tahu;Alami;1;100 g;380 kkal;0;0;23.30 g;0;48.90 g;13.80 g;0;0;0;0;0;0 g;0;0;0;0;10.80 g;3.20 g;0 mcg;0 mcg;0.15 mg;0.08 mg;0.70 mg;0;0;0;0;0;0;0 mg;0;0;0;378 mg;781 mg;0;55 mg;455.30 mg;2.10 mg;4.20 mg;680 mcg;0;0;0;0;0;0;0;0;0
334;Kembang tahu rebus;Alami;1;100 g;90 kkal;0;0;4.70 g;0;10.70 g;4 g;0;0;0;0;0;0 g;0;0;0;0;79.80 g;0.80 g;0 mcg;0 mcg;0 mg;0 mg;0 mg;0;0;0;0;0;0;0 mg;0;0;0;85 mg;0 mg;0;0 mg;0 mg;0 mg;0 mg;0 mcg;0;0;0;0;0;0;0;0;0
489;Kembang turi, segar;Alami;1;100 g;51 kkal;0;0;9.60 g;0;1.80 g;0.60 g;0;0;0;0;0;5 g;0;0;0;0;87.40 g;0.60 g;0 mcg;201 mcg;0.13 mg;0.12 mg;0.60 mg;0;0;0;0;0;0;41 mg;0;0;0;23 mg;29 mg;0;22 mg;275.30 mg;0.90 mg;0.90 mg;150 mcg;0;0;0;0;0;0;0;0;0
1127;Kemiri;Alami;1;100 g;675 kkal;0;0;8 g;0;19 g;63 g;0;0;0;0;0;3 g;0;0;0;0;7 g;3 g;0 mcg;0 mcg;0.06 mg;0.06 mg;0.40 mg;0;0;0;0;0;0;0 mg;0;0;0;80 mg;200 mg;0;25 mg;430.70 mg;2 mg;0.80 mg;230 mcg;0;0;0;0;0;0;0;0;0
281;Kenari banda;Alami;1;100 g;616 kkal;0;0;13.70 g;0;13.90 g;56.20 g;0;0;0;0;0;0 g;0;0;0;0;13 g;3.20 g;0 mcg;90 mcg;0.83 mg;0.08 mg;0.50 mg;0;0;0;0;0;0;0 mg;0;0;0;0 mg;380 mg;0;11 mg;460 mg;1.40 mg;3.20 mg;1100 mcg;0;0;0;0;0;0;0;0;0
282;Kenari kering;Alami;1;100 g;657 kkal;0;0;13 g;0;15 g;66 g;0;0;0;0;0;0 g;0;0;0;0;3 g;3 g;0 mcg;0 mcg;0.42 mg;0.09 mg;0.50 mg;0;0;0;0;0;0;0 mg;0;0;0;92 mg;691 mg;0;3 mg;505.80 mg;7.70 mg;3 mg;970 mcg;0;0;0;0;0;0;0;0;0
149;Kentang hitam, segar;Alami;1;100 g;142 kkal;0;0;33.70 g;0;0.90 g;0.40 g;0;0;0;0;0;5.40 g;0;0;0;0;64 g;1 g;0 mcg;0 mcg;0.02 mg;0.10 mg;2.20 mg;0;0;0;0;0;0;38 mg;0;0;0;34 mg;75 mg;0;22 mg;890.30 mg;0.20 mg;0.60 mg;900 mcg;0;0;0;0;0;0;0;0;0
148;Kentang, segar;Alami;1;100 g;62 kkal;0;0;13.50 g;0;2.10 g;0.20 g;0;0;0;0;0;0.50 g;0;0;0;0;83.40 g;0.80 g;0 mcg;0 mcg;0.09 mg;0.10 mg;1 mg;0;0;0;0;0;0;21 mg;0;0;0;63 mg;58 mg;0;7 mg;396 mg;0.70 mg;0.30 mg;400 mcg;0;0;0;0;0;0;0;0;0
930;Keong, segar;Alami;1;100 g;64 kkal;0;0;2 g;0;12 g;1 g;0;0;0;0;0;0 g;0;0;0;0;81 g;4 g;0 mcg;244 mcg;0 mg;0 mg;0 mg;0;0;0;0;0;0;0 mg;0;0;0;217 mg;78 mg;0;231 mg;0 mg;1.70 mg;0.10 mg;370 mcg;0;0;0;0;0;0;0;0;0
1056;Kepala susu - krim, segar;Alami;1;100 g;204 kkal;0;0;4 g;0;2.60 g;20 g;0;0;0;0;0;0 g;0;0;0;0;75.20 g;0.90 g;252 mcg;191 mcg;0.03 mg;0.20 mg;0.10 mg;0;0;0;0;0;0;1 mg;0;0;0;97 mg;77 mg;0;0 mg;0 mg;0.10 mg;0 mg;0 mcg;0;0;0;0;0;0;0;0;0
931;Kepiting, , segar;Alami;1;100 g;151 kkal;0;0;14.10 g;0;13.80 g;3.80 g;0;0;0;0;0;0 g;0;0;0;0;68.10 g;0.20 g;61 mcg;0 mcg;0.05 mg;0 mg;0 mg;0;0;0;0;0;0;0 mg;0;0;0;210 mg;250 mg;0;0 mg;0 mg;1.10 mg;0 mg;0 mcg;0;0;0;0;0;0;0;0;0
987;Kerang asap, mentah;Alami;1;100 g;393 kkal;0;0;29.40 g;0;38.90 g;13.30 g;0;0;0;0;0;0 g;0;0;0;0;9.30 g;9.10 g;0 mcg;0 mcg;0.30 mg;1.70 mg;0.20 mg;0;0;0;0;0;0;0 mg;0;0;0;420 mg;410 mg;0;160 mg;50 mg;8.50 mg;3.70 mg;600 mcg;0;0;0;0;0;0;0;0;0
988;Kerang, Dendeng, mentah;Alami;1;100 g;357 kkal;0;0;25.60 g;0;41.10 g;10 g;0;0;0;0;0;0 g;0;0;0;0;18.30 g;5 g;0 mcg;0 mcg;0.27 mg;0 mg;0 mg;0;0;0;0;0;0;0 mg;0;0;0;217 mg;904 mg;0;0 mg;0 mg;5.20 mg;0 mg;0 mcg;0;0;0;0;0;0;0;0;0
932;Kerang, segar;Alami;1;100 g;101 kkal;0;0;3.90 g;0;14.40 g;2.60 g;0;0;0;0;0;0 g;0;0;0;0;78.20 g;0.90 g;0 mcg;0 mcg;0.01 mg;0 mg;0 mg;0;0;0;0;0;0;0 mg;0;0;0;321 mg;270 mg;0;0 mg;0 mg;15.60 mg;0 mg;0 mcg;0;0;0;0;0;0;0;0;0
757;Kerbau, daging, segar;Alami;1;100 g;79 kkal;0;0;0 g;0;18.70 g;0.50 g;0;0;0;0;0;0 g;0;0;0;0;80 g;0.80 g;0 mcg;0 mcg;0.06 mg;0.17 mg;5 mg;0;0;0;0;0;0;0 mg;0;0;0;14 mg;221 mg;0;91 mg;273 mg;3.30 mg;1.60 mg;130 mcg;0;0;0;0;0;0;0;0;0
202;Keremes;Alami;1;100 g;475 kkal;0;0;64.40 g;0;1.60 g;25.20 g;0;0;0;0;0;2.10 g;0;0;0;0;6.70 g;2.10 g;0 mcg;0 mcg;0 mg;0 mg;0 mg;0;0;0;0;0;0;0 mg;0;0;0;153 mg;88 mg;0;0 mg;0 mg;1 mg;0 mg;0 mcg;0;0;0;0;0;0;0;0;0
80;Kereput;Alami;1;100 g;580 kkal;0;0;51.10 g;0;4.80 g;39.60 g;0;0;0;0;0;0 g;0;0;0;0;3.50 g;1 g;0 mcg;0 mcg;0 mg;0 mg;0 mg;0;0;0;0;0;0;0 mg;0;0;0;0 mg;0 mg;0;0 mg;0 mg;0 mg;0 mg;0 mcg;0;0;0;0;0;0;0;0;0
150;Keribang, ubi, segar;Alami;1;100 g;137 kkal;0;0;29.80 g;0;1.30 g;1.10 g;0;0;0;0;0;0.60 g;0;0;0;0;67 g;0.80 g;0 mcg;0 mcg;0 mg;0 mg;0.70 mg;0;0;0;0;0;0;0 mg;0;0;0;45 mg;56 mg;0;10 mg;885.80 mg;0.80 mg;0.30 mg;200 mcg;0;0;0;0;0;0;0;0;0
586;Keripik bayam;Alami;1;100 g;586 kkal;0;0;50.20 g;0;4.90 g;40.60 g;0;0;0;0;0;0.50 g;0;0;0;0;2.30 g;1.90 g;0 mcg;0 mcg;0.16 mg;0 mg;0 mg;0;0;0;0;0;0;0 mg;0;0;0;236 mg;117 mg;0;0 mg;0 mg;3.60 mg;0 mg;0 mcg;0;0;0;0;0;0;0;0;0
203;Keripik gadung;Alami;1;100 g;446 kkal;0;0;76 g;0;2.80 g;14.50 g;0;0;0;0;0;1.70 g;0;0;0;0;4 g;2.80 g;0 mcg;0 mcg;0.95 mg;0 mg;0 mg;0;0;0;0;0;0;0 mg;0;0;0;147 mg;52 mg;0;0 mg;0 mg;1.90 mg;0 mg;0 mcg;0;0;0;0;0;0;0;0;0
210;Keripik kemplang goreng;Alami;1;100 g;504 kkal;0;0;57.10 g;0;5.60 g;28.10 g;0;0;0;0;0;0.30 g;0;0;0;0;5.80 g;3.40 g;6 mcg;0 mcg;0.31 mg;0 mg;0 mg;0;0;0;0;0;0;0 mg;0;0;0;50 mg;94 mg;0;0 mg;0 mg;2.90 mg;0 mg;0 mcg;0;0;0;0;0;0;0;0;0
204;Keripik kentang;Alami;1;100 g;448 kkal;0;0;67.10 g;0;2.70 g;18.80 g;0;0;0;0;0;3.80 g;0;0;0;0;7.80 g;3.60 g;0 mcg;15 mcg;0.10 mg;0.05 mg;2.80 mg;0;0;0;0;0;0;0 mg;0;0;0;25 mg;130 mg;0;712 mg;406 mg;1.20 mg;0 mg;1100 mcg;0;0;0;0;0;0;0;0;0
725;Keripik lampung;Alami;1;100 g;485 kkal;0;0;69.70 g;0;1.70 g;22.20 g;0;0;0;0;0;0.60 g;0;0;0;0;5 g;1.50 g;0 mcg;0 mcg;0.34 mg;0 mg;0 mg;0;0;0;0;0;0;0 mg;0;0;0;43 mg;65 mg;0;0 mg;0 mg;0.80 mg;0 mg;0 mcg;0;0;0;0;0;0;0;0;0
335;Keripik oncom;Alami;1;100 g;598 kkal;0;0;42.60 g;0;8.30 g;43.80 g;0;0;0;0;0;3.30 g;0;0;0;0;3 g;2.20 g;0 mcg;0 mcg;1.13 mg;0 mg;0 mg;0;0;0;0;0;0;0 mg;0;0;0;85 mg;153 mg;0;0 mg;0 mg;27 mg;0 mg;0 mcg;0;0;0;0;0;0;0;0;0
205;Keripik singkong;Alami;1;100 g;478 kkal;0;0;72 g;0;0.90 g;20.70 g;0;0;0;0;0;2 g;0;0;0;0;4.20 g;2.20 g;0 mcg;0 mcg;0.24 mg;0 mg;0 mg;0;0;0;0;0;0;0 mg;0;0;0;189 mg;101 mg;0;0 mg;0 mg;1.90 mg;0 mg;0 mcg;0;0;0;0;0;0;0;0;0
206;Keripik singkong bumbu;Alami;1;100 g;481 kkal;0;0;73.60 g;0;2.20 g;19.70 g;0;0;0;0;0;1.60 g;0;0;0;0;2.20 g;2.30 g;0 mcg;0 mcg;0.31 mg;0 mg;0 mg;0;0;0;0;0;0;0 mg;0;0;0;156 mg;103 mg;0;0 mg;0 mg;1.60 mg;0 mg;0 mcg;0;0;0;0;0;0;0;0;0
336;Keripik tempe;Alami;1;100 g;581 kkal;0;0;41.70 g;0;12.10 g;40.60 g;0;0;0;0;0;2.20 g;0;0;0;0;3.30 g;2.30 g;0 mcg;0 mcg;0.35 mg;0 mg;0 mg;0;0;0;0;0;0;0 mg;0;0;0;237 mg;116 mg;0;0 mg;0 mg;6.90 mg;0 mg;0 mcg;0;0;0;0;0;0;0;0;0
337;Keripik tempe abadi besar;Alami;1;100 g;556 kkal;0;0;39.80 g;0;15.80 g;37.10 g;0;0;0;0;0;3.50 g;0;0;0;0;4.50 g;2.80 g;0 mcg;0 mcg;0.63 mg;0 mg;0 mg;0;0;0;0;0;0;0 mg;0;0;0;112 mg;215 mg;0;0 mg;0 mg;5.40 mg;0 mg;0 mcg;0;0;0;0;0;0;0;0;0
338;Keripik tempe abadi murni;Alami;1;100 g;542 kkal;0;0;11.60 g;0;40.30 g;42.40 g;0;0;0;0;0;2.20 g;0;0;0;0;3.20 g;2.70 g;0 mcg;0 mcg;0.10 mg;0 mg;0 mg;0;0;0;0;0;0;0 mg;0;0;0;175 mg;529 mg;0;0 mg;0 mg;5.20 mg;0 mg;0 mcg;0;0;0;0;0;0;0;0;0
341;Keripik tempe abadi prima;Alami;1;100 g;540 kkal;0;0;42 g;0;16.70 g;33.90 g;0;0;0;0;0;2.20 g;0;0;0;0;4.80 g;2.60 g;0 mcg;0 mcg;0.38 mg;0 mg;0 mg;0;0;0;0;0;0;0 mg;0;0;0;92 mg;184 mg;0;0 mg;0 mg;3.20 mg;0 mg;0 mcg;0;0;0;0;0;0;0;0;0
339;Keripik tempe abadi sedang;Alami;1;100 g;510 kkal;0;0;52.40 g;0;12.30 g;27.90 g;0;0;0;0;0;3.60 g;0;0;0;0;4.40 g;3.10 g;0 mcg;0 mcg;0.52 mg;0 mg;0 mg;0;0;0;0;0;0;0 mg;0;0;0;122 mg;211 mg;0;0 mg;0 mg;8.40 mg;0 mg;0 mcg;0;0;0;0;0;0;0;0;0
340;Keripik tempe abadi telur;Alami;1;100 g;529 kkal;0;0;40.20 g;0;20.80 g;31.70 g;0;0;0;0;0;3 g;0;0;0;0;4.50 g;2.90 g;0 mcg;0 mcg;0.86 mg;0 mg;0 mg;0;0;0;0;0;0;0 mg;0;0;0;124 mg;222 mg;0;0 mg;0 mg;5.40 mg;0 mg;0 mcg;0;0;0;0;0;0;0;0;0
207;Keripik ubi;Alami;1;100 g;486 kkal;0;0;67.60 g;0;0.20 g;23.90 g;0;0;0;0;0;14.30 g;0;0;0;0;6 g;2.30 g;0 mcg;920 mcg;0.10 mg;0.10 mg;0.50 mg;0;0;0;0;0;0;0 mg;0;0;0;68 mg;92 mg;0;52 mg;2 mg;0.90 mg;2.30 mg;700 mcg;0;0;0;0;0;0;0;0;0
490;Kerokot, segar;Alami;1;100 g;26 kkal;0;0;3.80 g;0;1.70 g;0.40 g;0;0;0;0;0;1 g;0;0;0;0;93 g;1.10 g;0 mcg;0 mcg;0.03 mg;0.09 mg;0.20 mg;0;0;0;0;0;0;25 mg;0;0;0;103 mg;39 mg;0;4 mg;240.50 mg;3.60 mg;0.90 mg;230 mcg;0;0;0;0;0;0;0;0;0
208;Kerupuk cumi goreng;Alami;1;100 g;444 kkal;0;0;71.30 g;0;6.90 g;14.60 g;0;0;0;0;0;5 g;0;0;0;0;3.40 g;3.80 g;0 mcg;0 mcg;0.40 mg;0.10 mg;1.80 mg;0;0;0;0;0;0;0 mg;0;0;0;47 mg;375 mg;0;837 mg;191 mg;1.80 mg;0.30 mg;100 mcg;0;0;0;0;0;0;0;0;0
209;Kerupuk kemplang (ikan) mentah;Alami;1;100 g;325 kkal;0;0;78.50 g;0;1.80 g;0.40 g;0;0;0;0;0;4.50 g;0;0;0;0;14.20 g;5.10 g;32 mcg;0 mcg;0.60 mg;0.10 mg;2.30 mg;0;0;0;0;0;0;0 mg;0;0;0;59 mg;268 mg;0;1123 mg;273 mg;2.30 mg;0.50 mg;200 mcg;0;0;0;0;0;0;0;0;0
211;Kerupuk kemplang panggang;Alami;1;100 g;356 kkal;0;0;76.90 g;0;9.70 g;1.10 g;0;0;0;0;0;1 g;0;0;0;0;9.40 g;3 g;7 mcg;0 mcg;0.36 mg;0 mg;0 mg;0;0;0;0;0;0;0 mg;0;0;0;62 mg;129 mg;0;0 mg;0 mg;2.90 mg;0 mg;0 mcg;0;0;0;0;0;0;0;0;0
212;Kerupuk mie kuning goreng;Alami;1;100 g;476 kkal;0;0;71.30 g;0;0.10 g;21.10 g;0;0;0;0;0;4.20 g;0;0;0;0;7.20 g;0.30 g;0 mcg;0 mcg;0.22 mg;0 mg;0 mg;0;0;0;0;0;0;0 mg;0;0;0;57 mg;36 mg;0;0 mg;109 mg;4.60 mg;0 mg;100 mcg;0;0;0;0;0;0;0;0;0
213;Kerupuk udang goreng;Alami;1;100 g;477 kkal;0;0;68.50 g;0;4.70 g;20.50 g;0;0;0;0;0;5 g;0;0;0;0;4.40 g;1.90 g;0 mcg;0 mcg;0.20 mg;0 mg;0.90 mg;0;0;0;0;0;0;0 mg;0;0;0;24 mg;188 mg;0;449 mg;109 mg;0.90 mg;0.20 mg;100 mcg;0;0;0;0;0;0;0;0;0
777;Kerupuk urat;Alami;1;100 g;588 kkal;0;0;1.20 g;0;53.70 g;40.90 g;0;0;0;0;0;0 g;0;0;0;0;3.60 g;0.60 g;2802 mcg;0 mcg;0 mg;0 mg;0 mg;0;0;0;0;0;0;0 mg;0;0;0;36 mg;15 mg;0;1024 mg;37 mg;1.30 mg;0.20 mg;100 mcg;0;0;0;0;0;0;0;0;0
657;Kesemek, segar;Alami;1;100 g;78 kkal;0;0;20 g;0;0.80 g;0.40 g;0;0;0;0;0;0.60 g;0;0;0;0;78.20 g;0.60 g;0 mcg;109 mcg;0.05 mg;0 mg;0.10 mg;0;0;0;0;0;0;11 mg;0;0;0;6 mg;26 mg;0;0 mg;34.50 mg;0.30 mg;0.10 mg;100 mcg;0;0;0;0;0;0;0;0;0
36;Ketan hitam, matang;Alami;1;100 g;181 kkal;0;0;37.30 g;0;4 g;1.20 g;0;0;0;0;0;0.30 g;0;0;0;0;56.90 g;0.60 g;0 mcg;0 mcg;0.06 mg;0 mg;0.50 mg;0;0;0;0;0;0;0 mg;0;0;0;9 mg;144 mg;0;9 mg;18.40 mg;1.70 mg;0.70 mg;100 mcg;0;0;0;0;0;0;0;0;0
37;Ketan hitam, tapai;Alami;1;100 g;166 kkal;0;0;34.40 g;0;3.80 g;1 g;0;0;0;0;0;0.30 g;0;0;0;0;50.20 g;0.60 g;0 mcg;0 mcg;0.02 mg;0 mg;0 mg;0;0;0;0;0;0;0 mg;0;0;0;8 mg;106 mg;0;5 mg;12 mg;1.60 mg;0 mg;0 mcg;0;0;0;0;0;0;0;0;0
38;Ketan putih, matang;Alami;1;100 g;163 kkal;0;0;35.70 g;0;3 g;0.40 g;0;0;0;0;0;0.20 g;0;0;0;0;60.70 g;0.20 g;0 mcg;0 mcg;0.07 mg;0 mg;0.50 mg;0;0;0;0;0;0;0 mg;0;0;0;4 mg;55 mg;0;8 mg;16.80 mg;0.70 mg;0.70 mg;100 mcg;0;0;0;0;0;0;0;0;0
39;Ketan putih, tapai;Alami;1;100 g;172 kkal;0;0;37.50 g;0;3 g;0.50 g;0;0;0;0;0;0.60 g;0;0;0;0;58.90 g;0.10 g;0 mcg;0 mcg;0.04 mg;0 mg;0.20 mg;0;0;0;0;0;0;0 mg;0;0;0;6 mg;35 mg;0;1 mg;0 mg;0.50 mg;0 mg;0 mcg;0;0;0;0;0;0;0;0;0
35;Ketan, ketupat;Alami;1;100 g;212 kkal;0;0;38.60 g;0;4 g;4.60 g;0;0;0;0;0;0.20 g;0;0;0;0;52 g;0.90 g;0 mcg;0 mcg;0.07 mg;0 mg;0.20 mg;0;0;0;0;0;0;0 mg;0;0;0;8 mg;46 mg;0;0 mg;0 mg;1 mg;0 mg;0 mcg;0;0;0;0;0;0;0;0;0
151;Ketela pohon / singkong, segar;Alami;1;100 g;154 kkal;0;0;36.80 g;0;1 g;0.30 g;0;0;0;0;0;0.90 g;0;0;0;0;61.40 g;0.50 g;0 mcg;0 mcg;0.06 mg;0.10 mg;0.50 mg;0;0;0;0;0;0;31 mg;0;0;0;77 mg;24 mg;0;2 mg;394 mg;1.10 mg;0.40 mg;300 mcg;0;0;0;0;0;0;0;0;0
176;Ketela pohon kukus;Alami;1;100 g;153 kkal;0;0;36.40 g;0;1.20 g;0.30 g;0;0;0;0;0;1.30 g;0;0;0;0;61.50 g;0.60 g;0 mcg;0 mcg;0 mg;0 mg;0.30 mg;0;0;0;0;0;0;20 mg;0;0;0;56 mg;22 mg;0;2 mg;345.30 mg;0.40 mg;0.10 mg;300 mcg;0;0;0;0;0;0;0;0;0
492;Ketimun krai, segar;Alami;1;100 g;10 kkal;0;0;2 g;0;0.50 g;0.20 g;0;0;0;0;0;0.60 g;0;0;0;0;96.80 g;0.50 g;0 mcg;19 mcg;0.02 mg;0.03 mg;0.10 mg;0;0;0;0;0;0;3 mg;0;0;0;20 mg;98 mg;0;10 mg;82.10 mg;1 mg;0.10 mg;30 mcg;0;0;0;0;0;0;0;0;0
493;Ketimun madura, segar;Alami;1;100 g;9 kkal;0;0;1.90 g;0;0.50 g;0.10 g;0;0;0;0;0;0.70 g;0;0;0;0;97.10 g;0.40 g;0 mcg;25 mcg;0.02 mg;0.02 mg;0.10 mg;0;0;0;0;0;0;5 mg;0;0;0;15 mg;102 mg;0;2 mg;78.90 mg;0.60 mg;0.10 mg;20 mcg;0;0;0;0;0;0;0;0;0
491;Ketimun, mentimun, timun, segar;Alami;1;100 g;8 kkal;0;0;1.40 g;0;0.20 g;0.20 g;0;0;0;0;0;0.30 g;0;0;0;0;97.90 g;0.30 g;0 mcg;18 mcg;0.01 mg;0.02 mg;0.10 mg;0;0;0;0;0;0;1 mg;0;0;0;29 mg;95 mg;0;2 mg;57.10 mg;0.80 mg;0.10 mg;20 mcg;0;0;0;0;0;0;0;0;0
81;Ketoprak;Alami;1;100 g;153 kkal;0;0;13 g;0;7.90 g;7.70 g;0;0;0;0;0;2.90 g;0;0;0;0;69.10 g;2.60 g;3 mcg;0 mcg;0.05 mg;0 mg;0 mg;0;0;0;0;0;0;0 mg;0;0;0;153 mg;134 mg;0;0 mg;0 mg;3.40 mg;0 mg;0 mcg;0;0;0;0;0;0;0;0;0
1128;Ketumbar, kering;Alami;1;100 g;418 kkal;0;0;54.20 g;0;14.10 g;16.10 g;0;0;0;0;0;12.30 g;0;0;0;0;11.20 g;4.40 g;0 mcg;75 mcg;0.20 mg;0.35 mg;1.80 mg;0;0;0;0;0;0;0 mg;0;0;0;630 mg;370 mg;0;91 mg;1787 mg;17.90 mg;4.60 mg;950 mcg;0;0;0;0;0;0;0;0;0
82;Ketupat kandangan;Alami;1;100 g;109 kkal;0;0;13.40 g;0;2.20 g;5.20 g;0;0;0;0;0;0 g;0;0;0;0;78.50 g;0.70 g;0 mcg;0 mcg;0 mg;0 mg;0 mg;0;0;0;0;0;0;0 mg;0;0;0;0 mg;0 mg;0;0 mg;0 mg;0 mg;0 mg;0 mcg;0;0;0;0;0;0;0;0;0
1345;Kismis kering);Alami;1;100 g;299 kkal;0;0;79.32 g;0;3.30 g;0.25 g;0;0;0;0;0;4.50 g;0;0;0;0;0;0;0;0;0;0;0;0;0;0;0;0;0;0;0;0;0;0;0;0;0;0;0;0;0;0;0;0;0;0;0;0;0;0
1193;kiwi, segar;Alami;1;100 g;61 kkal;0;0;14.66 g;0;1.14 g;0.52 g;0;0;0;0;0;3 g;0;0;0;0;83.07 g;0;4 mcg;52 mcg;0.02 mg;0.02 mg;0.34 mg;0;0;0;0;0;0;92.70 mg;0;0;0;34 mg;34 mg;0;3 mg;312 mg;0.31 mg;0.14 mg;130 mcg;0;0;0;0;0;0;0;0;0
1129;Kluwek;Alami;1;100 g;310 kkal;0;0;13.50 g;0;10 g;24 g;0;0;0;0;0;0 g;0;0;0;0;51 g;1.50 g;0 mcg;0 mcg;0.15 mg;0 mg;0 mg;0;0;0;0;0;0;30 mg;0;0;0;40 mg;100 mg;0;0 mg;0 mg;2 mg;0 mg;0 mcg;0;0;0;0;0;0;0;0;0
933;Kodok, segar;Alami;1;100 g;73 kkal;0;0;0 g;0;16.40 g;0.30 g;0;0;0;0;0;0 g;0;0;0;0;81.90 g;1.40 g;0 mcg;0 mcg;0.14 mg;0 mg;0 mg;0;0;0;0;0;0;0 mg;0;0;0;18 mg;147 mg;0;0 mg;0 mg;1.10 mg;0 mg;0 mcg;0;0;0;0;0;0;0;0;0
658;Kokosan, segar;Alami;1;100 g;86 kkal;0;0;13 g;0;1.60 g;0.20 g;0;0;0;0;0;1.40 g;0;0;0;0;85 g;0.20 g;0 mcg;0 mcg;0.04 mg;0.04 mg;1.50 mg;0;0;0;0;0;0;3 mg;0;0;0;22 mg;38 mg;0;2 mg;118.30 mg;1.30 mg;0.20 mg;100 mcg;0;0;0;0;0;0;0;0;0
283;Komak polong;Alami;1;100 g;99 kkal;0;0;21.20 g;0;3.30 g;0.10 g;0;0;0;0;0;10.30 g;0;0;0;0;74.30 g;1.10 g;0 mcg;5 mcg;0.13 mg;0.03 mg;0.20 mg;0;0;0;0;0;0;0 mg;0;0;0;50 mg;99 mg;0;15 mg;567 mg;13.10 mg;0.60 mg;200 mcg;0;0;0;0;0;0;0;0;0
494;Komak, segar;Alami;1;100 g;99 kkal;0;0;21.20 g;0;3.30 g;0.10 g;0;0;0;0;0;10.30 g;0;0;0;0;74.30 g;1.10 g;0 mcg;5 mcg;0 mg;0.19 mg;0.10 mg;0;0;0;0;0;0;0 mg;0;0;0;50 mg;99 mg;0;15 mg;567 mg;13.10 mg;0.60 mg;200 mcg;0;0;0;0;0;0;0;0;0
496;Kool merah, kool putih;Alami;1;100 g;29 kkal;0;0;5.30 g;0;1.40 g;0.20 g;0;0;0;0;0;1.90 g;0;0;0;0;92.40 g;0.90 g;0 mcg;46 mcg;0.06 mg;0.07 mg;0.30 mg;0;0;0;0;0;0;50 mg;0;0;0;46 mg;31 mg;0;28 mg;236.80 mg;0.50 mg;0.30 mg;290 mcg;0;0;0;0;0;0;0;0;0
1099;Kopi bubuk instan;Alami;1;100 g;129 kkal;0;0;35 g;0;12.30 g;0.50 g;0;0;0;0;0;0 g;0;0;0;0;2.60 g;9.70 g;0 mcg;0 mcg;0 mg;0.21 mg;30.60 mg;0;0;0;0;0;0;0 mg;0;0;0;179 mg;383 mg;0;72 mg;3256 mg;5.60 mg;0 mg;140 mcg;0;0;0;0;0;0;0;0;0
284;Koro andong;Alami;1;100 g;356 kkal;0;0;61.60 g;0;20.50 g;4.10 g;0;0;0;0;0;7 g;0;0;0;0;10.80 g;3 g;0 mcg;0 mcg;0.29 mg;0.02 mg;1.40 mg;0;0;0;0;0;0;1 mg;0;0;0;150 mg;272 mg;0;18 mg;301.80 mg;6.20 mg;2.80 mg;730 mcg;0;0;0;0;0;0;0;0;0
285;Koro benguk, biji;Alami;1;100 g;332 kkal;0;0;55 g;0;24 g;3 g;0;0;0;0;0;5.60 g;0;0;0;0;15 g;3 g;0 mcg;0 mcg;0.30 mg;0.12 mg;1.70 mg;0;0;0;0;0;0;0 mg;0;0;0;30 mg;200 mg;0;42 mg;389.20 mg;20 mg;8.70 mg;1250 mcg;0;0;0;0;0;0;0;0;0
497;Koro kerupuk polong;Alami;1;100 g;128 kkal;0;0;22.10 g;0;8.30 g;0.70 g;0;0;0;0;0;0 g;0;0;0;0;67.20 g;1.70 g;0 mcg;0 mcg;0.11 mg;0 mg;0 mg;0;0;0;0;0;0;31 mg;0;0;0;17 mg;12 mg;0;0 mg;0 mg;2.70 mg;0 mg;0 mcg;0;0;0;0;0;0;0;0;0
286;Koro kerupuk, biji;Alami;1;100 g;125 kkal;0;0;22.10 g;0;8.30 g;0.70 g;0;0;0;0;0;2.20 g;0;0;0;0;67.20 g;1.70 g;0 mcg;0 mcg;0.11 mg;0.04 mg;1.10 mg;0;0;0;0;0;0;31 mg;0;0;0;17 mg;12 mg;0;16 mg;150.30 mg;2.70 mg;3.40 mg;480 mcg;0;0;0;0;0;0;0;0;0
287;Koro loke, biji;Alami;1;100 g;33 kkal;0;0;7.90 g;0;2.70 g;0.20 g;0;0;0;0;0;3.50 g;0;0;0;0;88.60 g;0.60 g;0 mcg;0 mcg;0.10 mg;0 mg;0.20 mg;0;0;0;0;0;0;0 mg;0;0;0;60 mg;40 mg;0;2 mg;38.60 mg;2 mg;0.40 mg;90 mcg;0;0;0;0;0;0;0;0;0
288;Koro roay;Alami;1;100 g;344 kkal;0;0;69.40 g;0;12.50 g;2.10 g;0;0;0;0;0;7.50 g;0;0;0;0;13 g;3 g;0 mcg;0 mcg;0.11 mg;0.21 mg;1.40 mg;0;0;0;0;0;0;1 mg;0;0;0;70 mg;103 mg;0;18 mg;294.30 mg;4.40 mg;2.70 mg;720 mcg;0;0;0;0;0;0;0;0;0
498;Koro wedus / polong;Alami;1;100 g;46 kkal;0;0;7.90 g;0;3 g;0.30 g;0;0;0;0;0;3.30 g;0;0;0;0;88 g;0.80 g;0 mcg;66 mcg;0.09 mg;0.09 mg;0.50 mg;0;0;0;0;0;0;17 mg;0;0;0;56 mg;47 mg;0;2 mg;249.30 mg;1.10 mg;0.40 mg;90 mcg;0;0;0;0;0;0;0;0;0
289;Koro wedus, biji, kering;Alami;1;100 g;338 kkal;0;0;61 g;0;22.20 g;1.50 g;0;0;0;0;0;5.80 g;0;0;0;0;11.80 g;3.50 g;0 mcg;0 mcg;0.62 mg;0.12 mg;1.80 mg;0;0;0;0;0;0;0 mg;0;0;0;88 mg;395 mg;0;43 mg;403.80 mg;3.50 mg;9.10 mg;1300 mcg;0;0;0;0;0;0;0;0;0
587;Kotiu hinela tawang nggole;Alami;1;100 g;46 kkal;0;0;6 g;0;2.20 g;1.50 g;0;0;0;0;0;3.80 g;0;0;0;0;88.40 g;1.90 g;0 mcg;75 mcg;0.30 mg;0 mg;9.70 mg;0;0;0;0;0;0;7 mg;0;0;0;64 mg;44 mg;0;316 mg;103 mg;0 mg;0.80 mg;1600 mcg;0;0;0;0;0;0;0;0;0
83;Koya;Alami;1;100 g;366 kkal;0;0;77.50 g;0;4.20 g;4.30 g;0;0;0;0;0;0.80 g;0;0;0;0;13.20 g;0.80 g;0 mcg;0 mcg;0 mg;0 mg;0 mg;0;0;0;0;0;0;0 mg;0;0;0;153 mg;222 mg;0;0 mg;0 mg;7 mg;0 mg;0 mcg;0;0;0;0;0;0;0;0;0
84;Koya mirasa;Alami;1;100 g;370 kkal;0;0;82.20 g;0;8 g;1 g;0;0;0;0;0;0.40 g;0;0;0;0;7.20 g;1.60 g;3 mcg;0 mcg;0.19 mg;0.45 mg;2.60 mg;0;0;0;0;0;0;0 mg;0;0;0;83 mg;110 mg;0;0 mg;0 mg;17 mg;0 mg;0 mcg;0;0;0;0;0;0;0;0;0
85;Koyabu;Alami;1;100 g;241 kkal;0;0;47.20 g;0;3.40 g;4.30 g;0;0;0;0;0;0 g;0;0;0;0;44.20 g;0.90 g;0 mcg;0 mcg;0 mg;0 mg;0 mg;0;0;0;0;0;0;0 mg;0;0;0;0 mg;0 mg;0;0 mg;0 mg;0 mg;0 mg;0 mcg;0;0;0;0;0;0;0;0;0
659;Kranji, segar;Alami;1;100 g;315 kkal;0;0;73.50 g;0;2.10 g;1.40 g;0;0;0;0;0;3.60 g;0;0;0;0;20.10 g;2.90 g;0 mcg;0 mcg;0.02 mg;0 mg;0 mg;0;0;0;0;0;0;0 mg;0;0;0;160 mg;120 mg;0;0 mg;0 mg;3.70 mg;0 mg;0 mcg;0;0;0;0;0;0;0;0;0
1335;Kuaci bunga matahari;Alami;1;100 g;584 kkal;0;0;20 g;0;20.78 g;51.46 g;0;0;0;0;0;0;0;0;0;0;0;0;0;0;0;0;0;0;0;0;0;0;0;0;0;0;0;0;0;0;0;0;0;0;0;0;0;0;0;0;0;0;0;0
500;Kucai muda (lokio), segar;Alami;1;100 g;42 kkal;0;0;7.80 g;0;3.80 g;0.60 g;0;0;0;0;0;4.90 g;0;0;0;0;86 g;1.80 g;0 mcg;2744 mcg;0.11 mg;0.20 mg;1.80 mg;0;0;0;0;0;0;59 mg;0;0;0;76 mg;91 mg;0;22 mg;449.10 mg;2.50 mg;0.50 mg;110 mcg;0;0;0;0;0;0;0;0;0
499;Kucai, segar;Alami;1;100 g;45 kkal;0;0;10.30 g;0;2.20 g;0.30 g;0;0;0;0;0;4.80 g;0;0;0;0;86.30 g;0.90 g;0 mcg;2685 mcg;0.11 mg;0.20 mg;1.80 mg;0;0;0;0;0;0;17 mg;0;0;0;52 mg;50 mg;0;21 mg;439.50 mg;1.10 mg;0.50 mg;110 mcg;0;0;0;0;0;0;0;0;0
758;Kuda, daging, segar;Alami;1;100 g;113 kkal;0;0;0.90 g;0;18.10 g;4.10 g;0;0;0;0;0;0 g;0;0;0;0;76 g;0.90 g;0 mcg;0 mcg;0.07 mg;0.07 mg;3 mg;0;0;0;0;0;0;0 mg;0;0;0;10 mg;150 mg;0;46 mg;315.70 mg;2.70 mg;2.50 mg;130 mcg;0;0;0;0;0;0;0;0;0
86;Kue ali;Alami;1;100 g;440 kkal;0;0;64.50 g;0;3.80 g;18.50 g;0;0;0;0;0;0.30 g;0;0;0;0;12.80 g;0.40 g;0 mcg;0 mcg;0.13 mg;0.09 mg;0 mg;0;0;0;0;0;0;0 mg;0;0;0;27 mg;47 mg;0;0 mg;0 mg;2.50 mg;0 mg;0 mcg;0;0;0;0;0;0;0;0;0
87;Kue bangen;Alami;1;100 g;442 kkal;0;0;74.20 g;0;3.30 g;14.70 g;0;0;0;0;0;0 g;0;0;0;0;5.60 g;2.20 g;0 mcg;0 mcg;0 mg;0 mg;0 mg;0;0;0;0;0;0;0 mg;0;0;0;0 mg;0 mg;0;0 mg;0 mg;0 mg;0 mg;0 mcg;0;0;0;0;0;0;0;0;0
214;Kue bangket;Alami;1;100 g;388 kkal;0;0;80.30 g;0;1.50 g;1.20 g;0;0;0;0;0;0 g;0;0;0;0;16.10 g;0.90 g;0 mcg;0 mcg;0.30 mg;0 mg;0 mg;0;0;0;0;0;0;0 mg;0;0;0;34 mg;35 mg;0;67 mg;0 mg;0.30 mg;0.20 mg;200 mcg;0;0;0;0;0;0;0;0;0
88;Kue gelang;Alami;1;100 g;448 kkal;0;0;70 g;0;5.80 g;16.10 g;0;0;0;0;0;0 g;0;0;0;0;7.10 g;1 g;0 mcg;0 mcg;0 mg;0 mg;0 mg;0;0;0;0;0;0;0 mg;0;0;0;0 mg;0 mg;0;0 mg;0 mg;0 mg;0 mg;0 mcg;0;0;0;0;0;0;0;0;0
89;Kue jahe;Alami;1;100 g;425 kkal;0;0;84.60 g;0;1.60 g;8.80 g;0;0;0;0;0;1.20 g;0;0;0;0;3.70 g;1.30 g;0 mcg;0 mcg;0.20 mg;0 mg;0 mg;0;0;0;0;0;0;0 mg;0;0;0;155 mg;61 mg;0;0 mg;0 mg;4 mg;0 mg;0 mcg;0;0;0;0;0;0;0;0;0
90;Kue kelapa;Alami;1;100 g;591 kkal;0;0;47.50 g;0;5.60 g;42.10 g;0;0;0;0;0;0 g;0;0;0;0;3.30 g;1.50 g;0 mcg;0 mcg;0 mg;0 mg;0 mg;0;0;0;0;0;0;0 mg;0;0;0;32 mg;180 mg;0;33 mg;443 mg;1.60 mg;1.10 mg;500 mcg;0;0;0;0;0;0;0;0;0
79;Kue Kelepon;Alami;1;100 g;215 kkal;0;0;41.80 g;0;3.70 g;3.70 g;0;0;0;0;0;1 g;0;0;0;0;49.60 g;1.20 g;0 mcg;0 mcg;0.09 mg;0.07 mg;0.20 mg;0;0;0;0;0;0;0 mg;0;0;0;232 mg;45 mg;0;0 mg;0 mg;3.30 mg;0 mg;0 mcg;0;0;0;0;0;0;0;0;0
91;Kue koa;Alami;1;100 g;340 kkal;0;0;79.30 g;0;4.80 g;0.40 g;0;0;0;0;0;0 g;0;0;0;0;14.50 g;1 g;0 mcg;0 mcg;0 mg;0 mg;0 mg;0;0;0;0;0;0;0 mg;0;0;0;0 mg;0 mg;0;0 mg;0 mg;0 mg;0 mg;0 mcg;0;0;0;0;0;0;0;0;0
92;Kue ku temu;Alami;1;100 g;214 kkal;0;0;49.60 g;0;3.50 g;0.20 g;0;0;0;0;0;0 g;0;0;0;0;46.20 g;0.50 g;0 mcg;0 mcg;0 mg;0 mg;0 mg;0;0;0;0;0;0;0 mg;0;0;0;0 mg;0 mg;0;0 mg;0 mg;0 mg;0 mg;0 mcg;0;0;0;0;0;0;0;0;0
93;Kue lumpur;Alami;1;100 g;291 kkal;0;0;44.10 g;0;3.60 g;11.10 g;0;0;0;0;0;0 g;0;0;0;0;40.10 g;1.10 g;20 mcg;0 mcg;0.24 mg;0 mg;0 mg;0;0;0;0;0;0;0 mg;0;0;0;96 mg;60 mg;0;0 mg;0 mg;2.30 mg;0 mg;0 mcg;0;0;0;0;0;0;0;0;0
94;Kue pelita;Alami;1;100 g;141 kkal;0;0;17.60 g;0;5.30 g;5.50 g;0;0;0;0;0;0 g;0;0;0;0;71 g;0.60 g;0 mcg;0 mcg;0 mg;0 mg;0 mg;0;0;0;0;0;0;0 mg;0;0;0;0 mg;0 mg;0;0 mg;0 mg;0 mg;0 mg;0 mcg;0;0;0;0;0;0;0;0;0
95;Kue putu cangkir;Alami;1;100 g;304 kkal;0;0;54.90 g;0;5.30 g;7 g;0;0;0;0;0;0.90 g;0;0;0;0;32.60 g;0.20 g;0 mcg;0 mcg;0.06 mg;0 mg;0 mg;0;0;0;0;0;0;0 mg;0;0;0;18 mg;193 mg;0;0 mg;0 mg;4 mg;0 mg;0 mcg;0;0;0;0;0;0;0;0;0
215;Kue putu singkong;Alami;1;100 g;217 kkal;0;0;53.20 g;0;1.20 g;0.50 g;0;0;0;0;0;2.40 g;0;0;0;0;44.20 g;0.90 g;0 mcg;0 mcg;0.10 mg;0.10 mg;0.80 mg;0;0;0;0;0;0;0 mg;0;0;0;48 mg;68 mg;0;3 mg;305 mg;1.50 mg;0 mg;0 mcg;0;0;0;0;0;0;0;0;0
96;Kue sus;Alami;1;100 g;221 kkal;0;0;24.80 g;0;7.50 g;10.20 g;0;0;0;0;0;0 g;0;0;0;0;56.60 g;0.90 g;26 mcg;0 mcg;0.12 mg;0 mg;0 mg;0;0;0;0;0;0;0 mg;0;0;0;105 mg;85 mg;0;0 mg;0 mg;2.50 mg;0 mg;0 mcg;0;0;0;0;0;0;0;0;0
97;Kue thipan;Alami;1;100 g;247 kkal;0;0;49.50 g;0;2.90 g;4.20 g;0;0;0;0;0;0 g;0;0;0;0;43 g;0.40 g;0 mcg;0 mcg;0.17 mg;0 mg;0 mg;0;0;0;0;0;0;0 mg;0;0;0;16 mg;107 mg;0;95 mg;56 mg;1.80 mg;0.80 mg;1300 mcg;0;0;0;0;0;0;0;0;0
501;Kulit melinjo;Alami;1;100 g;111 kkal;0;0;20.70 g;0;4.50 g;1.10 g;0;0;0;0;0;5 g;0;0;0;0;71.90 g;1.80 g;0 mcg;0 mcg;0.07 mg;0 mg;0 mg;0;0;0;0;0;0;7 mg;0;0;0;117 mg;179 mg;0;0 mg;0 mg;2.60 mg;0 mg;0 mcg;0;0;0;0;0;0;0;0;0
502;Kundur, segar;Alami;1;100 g;22 kkal;0;0;4.70 g;0;0.40 g;0.20 g;0;0;0;0;0;1.30 g;0;0;0;0;94 g;0.70 g;0 mcg;7 mcg;0.10 mg;0.03 mg;0.40 mg;0;0;0;0;0;0;1 mg;0;0;0;3 mg;54 mg;0;2 mg;200 mg;0.50 mg;0.30 mg;100 mcg;0;0;0;0;0;0;0;0;0
1130;Kunyit, segar;Alami;1;100 g;69 kkal;0;0;9.10 g;0;2 g;2.70 g;0;0;0;0;0;0.60 g;0;0;0;0;84.90 g;1.30 g;0 mcg;12 mcg;0.03 mg;0.02 mg;0.40 mg;0;0;0;0;0;0;1 mg;0;0;0;24 mg;78 mg;0;6 mg;406.70 mg;3.30 mg;0.40 mg;50 mcg;0;0;0;0;0;0;0;0;0
934;Kura-kura, segar;Alami;1;100 g;83 kkal;0;0;0 g;0;19.10 g;0.20 g;0;0;0;0;0;0 g;0;0;0;0;80 g;0.70 g;0 mcg;0 mcg;0.20 mg;0 mg;0 mg;0;0;0;0;0;0;0 mg;0;0;0;27 mg;87 mg;0;0 mg;0 mg;0.70 mg;0 mg;0 mcg;0;0;0;0;0;0;0;0;0
1173;kurma;Alami;1;100 g;282 kkal;0;0;75.03 g;0;2.45 g;0.39 g;0;0;0;0;0;7.99 g;0;0;0;0;20.53 g;0;10 mcg;0 mcg;0.05 mg;0.07 mg;1.27 mg;0;0;0;0;0;0;0.40 mg;0;0;0;39 mg;62 mg;0;2 mg;656 mg;1.05 mg;0.29 mg;0 mcg;0;0;0;0;0;0;0;0;0
935;Kuro, segar;Alami;1;100 g;87 kkal;0;0;1 g;0;16 g;2.20 g;0;0;0;0;0;0 g;0;0;0;0;79.90 g;0.90 g;6 mcg;0 mcg;0.04 mg;0 mg;0 mg;0;0;0;0;0;0;0 mg;0;0;0;75 mg;136 mg;0;0 mg;0 mg;1 mg;0 mg;0 mcg;0;0;0;0;0;0;0;0;0
342;Kwaci;Alami;1;100 g;515 kkal;0;0;13.80 g;0;30.60 g;42.10 g;0;0;0;0;0;13.60 g;0;0;0;0;9.90 g;3.70 g;0 mcg;0 mcg;0.02 mg;0.19 mg;0.30 mg;0;0;0;0;0;0;0 mg;0;0;0;54 mg;312 mg;0;124 mg;448.60 mg;6.20 mg;9.70 mg;650 mcg;0;0;0;0;0;0;0;0;0
1065;Kwark / Bagot;Alami;1;100 g;242 kkal;0;0;3 g;0;19 g;17 g;0;0;0;0;0;0 g;0;0;0;0;59 g;2 g;173 mcg;0 mcg;0.03 mg;0.38 mg;0 mg;0;0;0;0;0;0;0 mg;0;0;0;300 mg;350 mg;0;37 mg;72.70 mg;0.50 mg;0.20 mg;10 mcg;0;0;0;0;0;0;0;0;0
503;Labu air, segar;Alami;1;100 g;19 kkal;0;0;3.80 g;0;0.60 g;0.20 g;0;0;0;0;0;0.60 g;0;0;0;0;95 g;0.40 g;0 mcg;11 mcg;0.04 mg;0.02 mg;0.40 mg;0;0;0;0;0;0;10 mg;0;0;0;12 mg;18 mg;0;2 mg;168.20 mg;0.60 mg;0.80 mg;30 mcg;0;0;0;0;0;0;0;0;0
504;Labu kuning, segar;Alami;1;100 g;51 kkal;0;0;10 g;0;1.70 g;0.50 g;0;0;0;0;0;2.70 g;0;0;0;0;86.60 g;1.20 g;0 mcg;1569 mcg;0.20 mg;0 mg;0.10 mg;0;0;0;0;0;0;2 mg;0;0;0;40 mg;180 mg;0;280 mg;220 mg;0.70 mg;1.50 mg;350 mcg;0;0;0;0;0;0;0;0;0
505;Labu siam, segar;Alami;1;100 g;30 kkal;0;0;6.70 g;0;0.60 g;0.10 g;0;0;0;0;0;6.20 g;0;0;0;0;92.30 g;0.30 g;0 mcg;48 mcg;0.02 mg;0 mg;0.60 mg;0;0;0;0;0;0;18 mg;0;0;0;14 mg;25 mg;0;3 mg;167.10 mg;0.50 mg;1 mg;160 mcg;0;0;0;0;0;0;0;0;0
98;Laksa/Putu mayang;Alami;1;100 g;121 kkal;0;0;21.10 g;0;1.70 g;3.40 g;0;0;0;0;0;0 g;0;0;0;0;73.20 g;0.60 g;0 mcg;0 mcg;0 mg;0 mg;0 mg;0;0;0;0;0;0;0 mg;0;0;0;0 mg;0 mg;0;0 mg;0 mg;0 mg;0 mg;0 mcg;0;0;0;0;0;0;0;0;0
290;Lamtoro biji muda, segar;Alami;1;100 g;85 kkal;0;0;15.40 g;0;5.70 g;0.30 g;0;0;0;0;0;10.80 g;0;0;0;0;77.40 g;1.20 g;0 mcg;0 mcg;0.08 mg;1.15 mg;1 mg;0;0;0;0;0;0;15 mg;0;0;0;180 mg;53 mg;0;35 mg;485.70 mg;2.70 mg;1.40 mg;20 mcg;0;0;0;0;0;0;0;0;0
291;Lamtoro biji tua, segar;Alami;1;100 g;148 kkal;0;0;26.20 g;0;10.60 g;0.50 g;0;0;0;0;0;17 g;0;0;0;0;61.40 g;1.30 g;0 mcg;0 mcg;0.23 mg;0.49 mg;2.80 mg;0;0;0;0;0;0;20 mg;0;0;0;155 mg;59 mg;0;28 mg;628.50 mg;2.20 mg;2.40 mg;30 mcg;0;0;0;0;0;0;0;0;0
292;Lamtoro var. gung tanpa kulit;Alami;1;100 g;367 kkal;0;0;32.50 g;0;46.40 g;5.40 g;0;0;0;0;0;2.60 g;0;0;0;0;10.20 g;4.40 g;0 mcg;0 mcg;0.06 mg;1.15 mg;1 mg;0;0;0;0;0;0;9 mg;0;0;0;136 mg;441 mg;0;65 mg;1462.30 mg;23.30 mg;5.60 mg;70 mcg;0;0;0;0;0;0;0;0;0
293;Lamtoro var. lokal dengan kulit;Alami;1;100 g;336 kkal;0;0;59.70 g;0;23.80 g;1.20 g;0;0;0;0;0;15.40 g;0;0;0;0;13.50 g;1.80 g;0 mcg;0 mcg;0.15 mg;1.34 mg;0.90 mg;0;0;0;0;0;0;16 mg;0;0;0;867 mg;321 mg;0;134 mg;1858.90 mg;1.50 mg;5.40 mg;70 mcg;0;0;0;0;0;0;0;0;0
660;Langsat, segar;Alami;1;100 g;56 kkal;0;0;14.30 g;0;0.90 g;0.20 g;0;0;0;0;0;1.40 g;0;0;0;0;84.10 g;0.50 g;0 mcg;0 mcg;0.07 mg;0 mg;0.80 mg;0;0;0;0;0;0;9 mg;0;0;0;17 mg;24 mg;0;1 mg;232 mg;1.10 mg;0.20 mg;100 mcg;0;0;0;0;0;0;0;0;0
507;Lantar, segar;Alami;1;100 g;34 kkal;0;0;5.50 g;0;2.20 g;0.30 g;0;0;0;0;0;2.90 g;0;0;0;0;91.20 g;0.80 g;0 mcg;38 mcg;0.30 mg;0.07 mg;0.40 mg;0;0;0;0;0;0;4 mg;0;0;0;10 mg;58 mg;0;3 mg;155 mg;0.40 mg;0.40 mg;200 mcg;0;0;0;0;0;0;0;0;0
216;Lanting getuk;Alami;1;100 g;422 kkal;0;0;80.40 g;0;0.90 g;10.80 g;0;0;0;0;0;1.40 g;0;0;0;0;4.20 g;3.80 g;0 mcg;0 mcg;0.43 mg;0 mg;0 mg;0;0;0;0;0;0;0 mg;0;0;0;206 mg;104 mg;0;0 mg;0 mg;3.60 mg;0 mg;0 mcg;0;0;0;0;0;0;0;0;0
99;Lapis legit;Alami;1;100 g;389 kkal;0;0;55.50 g;0;6.60 g;15.70 g;0;0;0;0;0;0.50 g;0;0;0;0;21.30 g;0.90 g;41 mcg;0 mcg;0.26 mg;0.09 mg;3 mg;0;0;0;0;0;0;0 mg;0;0;0;16 mg;136 mg;0;0 mg;0 mg;1.90 mg;0 mg;0 mcg;0;0;0;0;0;0;0;0;0
823;Lawar babi, masakan;Alami;1;100 g;174 kkal;0;0;3 g;0;17 g;10 g;0;0;0;0;0;0 g;0;0;0;0;68.80 g;1.20 g;0 mcg;0 mcg;0.10 mg;0 mg;0 mg;0;0;0;0;0;0;0 mg;0;0;0;61 mg;141 mg;0;0 mg;0 mg;3 mg;0 mg;0 mcg;0;0;0;0;0;0;0;0;0
824;Lawar penyu, masakan;Alami;1;100 g;141 kkal;0;0;7.60 g;0;23 g;1.50 g;0;0;0;0;0;0 g;0;0;0;0;66.30 g;1.60 g;0 mcg;0 mcg;0.10 mg;0 mg;0 mg;0;0;0;0;0;0;0 mg;0;0;0;69 mg;141 mg;0;0 mg;0 mg;6 mg;0 mg;0 mcg;0;0;0;0;0;0;0;0;0
825;Lawara jangang, masakan;Alami;1;100 g;159 kkal;0;0;10.10 g;0;5 g;10.90 g;0;0;0;0;0;0 g;0;0;0;0;72.40 g;1.60 g;14 mcg;0 mcg;0.25 mg;0.16 mg;0 mg;0;0;0;0;0;0;0 mg;0;0;0;57 mg;107 mg;0;400 mg;2368 mg;1.50 mg;1 mg;100 mcg;0;0;0;0;0;0;0;0;0
1015;Lawara penjah, masakan;Alami;1;100 g;207 kkal;0;0;9.60 g;0;7.40 g;15.40 g;0;0;0;0;0;0 g;0;0;0;0;64.50 g;2.90 g;0 mcg;38 mcg;0.19 mg;0.04 mg;0 mg;0;0;0;0;0;0;14 mg;0;0;0;114 mg;219 mg;0;683 mg;117 mg;5.90 mg;0.70 mg;500 mcg;0;0;0;0;0;0;0;0;0
726;Ledre pisang;Alami;1;100 g;405 kkal;0;0;84.90 g;0;4.80 g;5.10 g;0;0;0;0;0;0.40 g;0;0;0;0;3.60 g;1.60 g;0 mcg;4 mcg;0.41 mg;0 mg;0 mg;0;0;0;0;0;0;0 mg;0;0;0;59 mg;124 mg;0;0 mg;0 mg;2.60 mg;0 mg;0 mcg;0;0;0;0;0;0;0;0;0
588;Lema / rebung asam;Alami;1;100 g;15 kkal;0;0;1.90 g;0;1 g;0.40 g;0;0;0;0;0;0 g;0;0;0;0;96.30 g;0.40 g;0 mcg;0 mcg;0.30 mg;0 mg;0 mg;0;0;0;0;0;0;0 mg;0;0;0;17 mg;230 mg;0;3 mg;156 mg;2.90 mg;0.70 mg;100 mcg;0;0;0;0;0;0;0;0;0
1076;Lemak babi (bacon);Alami;1;100 g;626 kkal;0;0;1.10 g;0;9.10 g;65 g;0;0;0;0;0;0 g;0;0;0;0;20 g;4.80 g;0 mcg;0 mcg;0.40 mg;0 mg;0 mg;0;0;0;0;0;0;0 mg;0;0;0;13 mg;108 mg;0;0 mg;0 mg;0.80 mg;0.90 mg;0 mcg;0;0;0;0;0;0;0;0;0
1075;Lemak babi (lard);Alami;1;100 g;902 kkal;0;0;0 g;0;0 g;100 g;0;0;0;0;0;0 g;0;0;0;0;0 g;0 g;0 mcg;0 mcg;0 mg;0 mg;0 mg;0;0;0;0;0;0;0 mg;0;0;0;0 mg;0 mg;0;0 mg;0 mg;0 mg;0.10 mg;9000 mcg;0;0;0;0;0;0;0;0;0
1077;Lemak ikan;Alami;1;100 g;372 kkal;0;0;14.40 g;0;12 g;29.40 g;0;0;0;0;0;0 g;0;0;0;0;43.30 g;0.30 g;0 mcg;0 mcg;0.50 mg;0.13 mg;0 mg;0;0;0;0;0;0;0 mg;0;0;0;20 mg;230 mg;0;60 mg;52 mg;32.70 mg;1.10 mg;400 mcg;0;0;0;0;0;0;0;0;0
1078;Lemak kerbau (lemak sapi);Alami;1;100 g;818 kkal;0;0;0 g;0;1.50 g;90 g;0;0;0;0;0;0 g;0;0;0;0;5 g;3.50 g;0 mcg;283 mcg;0 mg;0 mg;0.70 mg;0;0;0;0;0;0;0 mg;0;0;0;0 mg;0 mg;0;29 mg;25.80 mg;0 mg;0 mg;0 mcg;0;0;0;0;0;0;0;0;0
661;Lemon, segar;Alami;1;100 g;34 kkal;0;0;6.20 g;0;0.50 g;0.80 g;0;0;0;0;0;0.10 g;0;0;0;0;92.20 g;0.30 g;0 mcg;0 mcg;0.09 mg;0.12 mg;0.30 mg;0;0;0;0;0;0;50 mg;0;0;0;23 mg;20 mg;0;31 mg;140 mg;0.30 mg;0.20 mg;100 mcg;0;0;0;0;0;0;0;0;0
727;Lempog durian;Alami;1;100 g;320 kkal;0;0;63.70 g;0;3.50 g;5.70 g;0;0;0;0;0;4.90 g;0;0;0;0;25.20 g;1.90 g;0 mcg;0 mcg;0.05 mg;0.04 mg;0 mg;0;0;0;0;0;0;0 mg;0;0;0;190 mg;93 mg;0;0 mg;0 mg;2.50 mg;0 mg;0 mcg;0;0;0;0;0;0;0;0;0
1118;Lengkuas/Boros laja, segar;Alami;1;100 g;26 kkal;0;0;4.70 g;0;1 g;0.30 g;0;0;0;0;0;1.10 g;0;0;0;0;93 g;1 g;0 mcg;5 mcg;0.08 mg;0.06 mg;0.30 mg;0;0;0;0;0;0;50 mg;0;0;0;50 mg;50 mg;0;24 mg;137 mg;2 mg;0.30 mg;70 mcg;0;0;0;0;0;0;0;0;0
152;Lepok / Ubi rumput;Alami;1;100 g;181 kkal;0;0;39.80 g;0;2.80 g;1.20 g;0;0;0;0;0;10.70 g;0;0;0;0;55.30 g;0.90 g;0 mcg;0 mcg;0.28 mg;0.05 mg;1.50 mg;0;0;0;0;0;0;0 mg;0;0;0;7 mg;50 mg;0;116 mg;306 mg;3.10 mg;0.90 mg;1600 mcg;0;0;0;0;0;0;0;0;0
589;Lilin bungkus gedi;Alami;1;100 g;79 kkal;0;0;5.80 g;0;2.30 g;5.20 g;0;0;0;0;0;2.50 g;0;0;0;0;84.80 g;1.90 g;0 mcg;0 mcg;0.20 mg;0.10 mg;0 mg;0;0;0;0;0;0;18 mg;0;0;0;170 mg;70 mg;0;170 mg;50 mg;0.90 mg;0.80 mg;200 mcg;0;0;0;0;0;0;0;0;0
508;Lobak, segar;Alami;1;100 g;21 kkal;0;0;4.20 g;0;0.90 g;0.10 g;0;0;0;0;0;1.40 g;0;0;0;0;94.10 g;0.70 g;0 mcg;0 mcg;0.03 mg;0.04 mg;0.30 mg;0;0;0;0;0;0;32 mg;0;0;0;35 mg;26 mg;0;49 mg;109.30 mg;0.60 mg;0.20 mg;30 mcg;0;0;0;0;0;0;0;0;0
1197;Lobster;Alami;1;100 g;77 kkal;0;0;0 g;0;16.52 g;0.75 g;0;0;0;0;0;0 g;0;0;0;0;80.95 g;1.88 g;1 mcg;0 mcg;0.02 mg;0.01 mg;1.59 mg;0;0;0;0;0;0;0 mg;0;0;0;84 mg;161 mg;0;423 mg;200 mg;0.26 mg;3.53 mg;1340 mcg;0;0;0;0;0;0;0;0;0
728;Loka anjoro;Alami;1;100 g;163 kkal;0;0;30 g;0;1.10 g;4.30 g;0;0;0;0;0;0 g;0;0;0;0;63.30 g;1.30 g;0 mcg;0 mcg;0 mg;0 mg;0 mg;0;0;0;0;0;0;0 mg;0;0;0;0 mg;0 mg;0;0 mg;0 mg;0 mg;0 mg;0 mcg;0;0;0;0;0;0;0;0;0
936;Lokan, segar;Alami;1;100 g;217 kkal;0;0;5.10 g;0;11 g;1.70 g;0;0;0;0;0;0 g;0;0;0;0;80.90 g;1.30 g;0 mcg;0 mcg;0.45 mg;0.07 mg;0 mg;0;0;0;0;0;0;0 mg;0;0;0;20 mg;390 mg;0;3 mg;7 mg;10.90 mg;2.70 mg;200 mcg;0;0;0;0;0;0;0;0;0
662;Lontar, segar;Alami;1;100 g;27 kkal;0;0;6 g;0;0.40 g;0.20 g;0;0;0;0;0;1.60 g;0;0;0;0;93 g;0.40 g;0 mcg;0 mcg;0.03 mg;0 mg;0 mg;0;0;0;0;0;0;0 mg;0;0;0;91 mg;243 mg;0;0 mg;0 mg;0.50 mg;0 mg;0 mcg;0;0;0;0;0;0;0;0;0
509;Lumai / leunca, segar;Alami;1;100 g;38 kkal;0;0;7.60 g;0;1.10 g;0.30 g;0;0;0;0;0;2 g;0;0;0;0;90.50 g;0.50 g;0 mcg;25 mcg;0.20 mg;0.10 mg;0.60 mg;0;0;0;0;0;0;17 mg;0;0;0;7 mg;55 mg;0;2 mg;0 mg;1 mg;0.30 mg;100 mcg;0;0;0;0;0;0;0;0;0
100;Lupis ketan;Alami;1;100 g;164 kkal;0;0;34.50 g;0;1.80 g;2.10 g;0;0;0;0;0;0.70 g;0;0;0;0;61 g;0.60 g;0 mcg;0 mcg;0.09 mg;0 mg;0.20 mg;0;0;0;0;0;0;0 mg;0;0;0;119 mg;31 mg;0;0 mg;0 mg;1.50 mg;0 mg;0 mcg;0;0;0;0;0;0;0;0;0
1100;Madu;Alami;1;100 g;294 kkal;0;0;79.50 g;0;0.30 g;0 g;0;0;0;0;0;0.20 g;0;0;0;0;20 g;0.20 g;0 mcg;0 mcg;0 mg;0.04 mg;0.10 mg;0;0;0;0;0;0;4 mg;0;0;0;5 mg;16 mg;0;6 mg;26.90 mg;0.90 mg;0.20 mg;40 mcg;0;0;0;0;0;0;0;0;0
40;Maizena, tepung;Alami;1;100 g;341 kkal;0;0;85 g;0;0.30 g;0 g;0;0;0;0;0;7 g;0;0;0;0;14 g;0.70 g;0 mcg;0 mcg;0 mg;0.09 mg;1.30 mg;0;0;0;0;0;0;0 mg;0;0;0;20 mg;30 mg;0;6 mg;9 mg;1.50 mg;1.60 mg;220 mcg;0;0;0;0;0;0;0;0;0
41;Makaroni, mentah;Alami;1;100 g;353 kkal;0;0;78.70 g;0;8.70 g;0.40 g;0;0;0;0;0;4.90 g;0;0;0;0;11.70 g;2.50 g;0 mcg;0 mcg;0.10 mg;0.13 mg;2.20 mg;0;0;0;0;0;0;0 mg;0;0;0;20 mg;80 mg;0;5 mg;0 mg;0.30 mg;1.40 mg;280 mcg;0;0;0;0;0;0;0;0;0
1103;Malase;Alami;1;100 g;276 kkal;0;0;71 g;0;0 g;0.10 g;0;0;0;0;0;0 g;0;0;0;0;21.20 g;7.70 g;0 mcg;0 mcg;0.04 mg;0 mg;0 mg;0;0;0;0;0;0;0 mg;0;0;0;6 mg;83 mg;0;14 mg;0 mg;0.60 mg;0.30 mg;0 mcg;0;0;0;0;0;0;0;0;0
101;Manan samin;Alami;1;100 g;379 kkal;0;0;50.60 g;0;3.40 g;18.10 g;0;0;0;0;0;0 g;0;0;0;0;27.10 g;0.80 g;0 mcg;0 mcg;0 mg;0 mg;0 mg;0;0;0;0;0;0;0 mg;0;0;0;0 mg;0 mg;0;0 mg;0 mg;0 mg;0 mg;0 mcg;0;0;0;0;0;0;0;0;0
664;Mangga benggala, segar;Alami;1;100 g;63 kkal;0;0;12.40 g;0;2.40 g;0.40 g;0;0;0;0;0;5.80 g;0;0;0;0;84.40 g;0.40 g;0 mcg;10 mcg;0.18 mg;0.01 mg;0.40 mg;0;0;0;0;0;0;43 mg;0;0;0;9 mg;13 mg;0;3 mg;79 mg;0.20 mg;0.10 mg;100 mcg;0;0;0;0;0;0;0;0;0
665;Mangga gedung, segar;Alami;1;100 g;44 kkal;0;0;11.20 g;0;0.70 g;0.20 g;0;0;0;0;0;1.60 g;0;0;0;0;87.40 g;0.50 g;0 mcg;113 mcg;0.08 mg;0.01 mg;0.30 mg;0;0;0;0;0;0;30 mg;0;0;0;13 mg;10 mg;0;2 mg;83.60 mg;0.20 mg;0.10 mg;0 mcg;0;0;0;0;0;0;0;0;0
666;Mangga golek, segar;Alami;1;100 g;63 kkal;0;0;16.70 g;0;0.50 g;0.20 g;0;0;0;0;0;2.30 g;0;0;0;0;82.20 g;0.40 g;0 mcg;160 mcg;0.08 mg;0.02 mg;0.40 mg;0;0;0;0;0;0;65 mg;0;0;0;14 mg;10 mg;0;3 mg;118.10 mg;0.70 mg;0.10 mg;100 mcg;0;0;0;0;0;0;0;0;0
667;Mangga harumanis, segar;Alami;1;100 g;46 kkal;0;0;11.90 g;0;0.40 g;0.20 g;0;0;0;0;0;1.70 g;0;0;0;0;86.60 g;0.80 g;0 mcg;120 mcg;0.08 mg;0.01 mg;0.30 mg;0;0;0;0;0;0;6 mg;0;0;0;15 mg;9 mg;0;2 mg;88.90 mg;0.20 mg;0.10 mg;0 mcg;0;0;0;0;0;0;0;0;0
668;Mangga indramayu, segar;Alami;1;100 g;72 kkal;0;0;18.70 g;0;0.80 g;0.20 g;0;0;0;0;0;2.50 g;0;0;0;0;80.20 g;0.10 g;0 mcg;178 mcg;0.06 mg;0.02 mg;0.50 mg;0;0;0;0;0;0;16 mg;0;0;0;13 mg;10 mg;0;3 mg;131.40 mg;1.90 mg;0.10 mg;100 mcg;0;0;0;0;0;0;0;0;0
669;Mangga kopek, segar;Alami;1;100 g;56 kkal;0;0;14.60 g;0;0.40 g;0.20 g;0;0;0;0;0;2 g;0;0;0;0;84.50 g;0.30 g;0 mcg;139 mcg;0.03 mg;0.01 mg;0.40 mg;0;0;0;0;0;0;27 mg;0;0;0;16 mg;10 mg;0;2 mg;102.90 mg;1.70 mg;0.10 mg;0 mcg;0;0;0;0;0;0;0;0;0
670;Mangga kwini, segar;Alami;1;100 g;86 kkal;0;0;19.80 g;0;0.70 g;0.50 g;0;0;0;0;0;6.50 g;0;0;0;0;78.60 g;0.40 g;0 mcg;932 mcg;0.15 mg;0.02 mg;0.50 mg;0;0;0;0;0;0;18 mg;0;0;0;11 mg;11 mg;0;1 mg;16 mg;0.20 mg;0.10 mg;100 mcg;0;0;0;0;0;0;0;0;0
671;Mangga manalagi, segar;Alami;1;100 g;133 kkal;0;0;32.10 g;0;1 g;0.10 g;0;0;0;0;0;11.80 g;0;0;0;0;66.50 g;0.30 g;0 mcg;4 mcg;0.07 mg;0 mg;0.60 mg;0;0;0;0;0;0;61 mg;0;0;0;20 mg;23 mg;0;70 mg;161 mg;1 mg;0 mg;0 mcg;0;0;0;0;0;0;0;0;0
672;Mangga muda, segar;Alami;1;100 g;59 kkal;0;0;15.10 g;0;0.50 g;0.40 g;0;0;0;0;0;0 g;0;0;0;0;83.70 g;0.30 g;0 mcg;146 mcg;0.06 mg;0.02 mg;0.40 mg;0;0;0;0;0;0;2 mg;0;0;0;12 mg;11 mg;0;2 mg;108.20 mg;0.40 mg;0.10 mg;100 mcg;0;0;0;0;0;0;0;0;0
663;Mangga, segar;Alami;1;100 g;52 kkal;0;0;12.30 g;0;0.70 g;0 g;0;0;0;0;0;1.60 g;0;0;0;0;86.60 g;0.20 g;0 mcg;316 mcg;0.03 mg;0.01 mg;0.30 mg;0;0;0;0;0;0;12 mg;0;0;0;20 mg;16 mg;0;3 mg;140 mg;1 mg;0 mg;300 mcg;0;0;0;0;0;0;0;0;0
673;Manggis, segar;Alami;1;100 g;63 kkal;0;0;15.60 g;0;0.60 g;0.60 g;0;0;0;0;0;1.50 g;0;0;0;0;83 g;0.20 g;0 mcg;0 mcg;0.03 mg;0.03 mg;0.30 mg;0;0;0;0;0;0;5 mg;0;0;0;8 mg;12 mg;0;10 mg;61.90 mg;0.80 mg;0.10 mg;100 mcg;0;0;0;0;0;0;0;0;0
1087;Margarine;Alami;1;100 g;720 kkal;0;0;0.40 g;0;0.60 g;81 g;0;0;0;0;0;0 g;0;0;0;0;15.50 g;2.50 g;606 mcg;633 mcg;0 mg;0 mg;0 mg;0;0;0;0;0;0;0 mg;0;0;0;20 mg;16 mg;0;760 mg;25.90 mg;0 mg;0 mg;0 mcg;0;0;0;0;0;0;0;0;0
1101;Markisa squash;Alami;1;100 g;217 kkal;0;0;49.60 g;0;2.50 g;1 g;0;0;0;0;0;0 g;0;0;0;0;46.70 g;0.20 g;0 mcg;23 mcg;0.07 mg;0.02 mg;0 mg;0;0;0;0;0;0;14 mg;0;0;0;6 mg;83 mg;0;14 mg;65 mg;0.60 mg;0.10 mg;0 mcg;0;0;0;0;0;0;0;0;0
1102;Markisa squash, BD;Alami;1;100 g;104 kkal;0;0;23.70 g;0;1.20 g;0.50 g;0;0;0;0;0;0 g;0;0;0;0;74.40 g;0.20 g;0 mcg;7 mcg;0.20 mg;0.02 mg;0 mg;0;0;0;0;0;0;12 mg;0;0;0;1 mg;88 mg;0;40 mg;40 mg;0.50 mg;0.10 mg;0 mcg;0;0;0;0;0;0;0;0;0
674;Markisa, segar;Alami;1;100 g;144 kkal;0;0;29.80 g;0;3.50 g;1.20 g;0;0;0;0;0;11.40 g;0;0;0;0;64.70 g;0.80 g;0 mcg;969 mcg;0.02 mg;0.17 mg;2 mg;0;0;0;0;0;0;10 mg;0;0;0;27 mg;203 mg;0;37 mg;453.80 mg;1.40 mg;0.10 mg;100 mcg;0;0;0;0;0;0;0;0;0
102;Martabak india;Alami;1;100 g;153 kkal;0;0;24.30 g;0;4.50 g;4.20 g;0;0;0;0;0;0 g;0;0;0;0;65.80 g;1.20 g;0 mcg;0 mcg;0 mg;0 mg;0 mg;0;0;0;0;0;0;0 mg;0;0;0;14 mg;108 mg;0;240 mg;112 mg;2.40 mg;0.50 mg;400 mcg;0;0;0;0;0;0;0;0;0
103;Martabak mesir;Alami;1;100 g;278 kkal;0;0;45 g;0;5.10 g;8.60 g;0;0;0;0;0;0 g;0;0;0;0;40.20 g;1.10 g;0 mcg;0 mcg;0 mg;0 mg;0 mg;0;0;0;0;0;0;0 mg;0;0;0;49 mg;168 mg;0;193 mg;123 mg;3.40 mg;0.90 mg;200 mcg;0;0;0;0;0;0;0;0;0
104;Masekat;Alami;1;100 g;369 kkal;0;0;74.10 g;0;2.10 g;7 g;0;0;0;0;0;4 g;0;0;0;0;15.60 g;0.80 g;155 mcg;0 mcg;0 mg;0 mg;0 mg;0;0;0;0;0;0;0 mg;0;0;0;17 mg;52 mg;0;141 mg;12 mg;0.80 mg;0.30 mg;400 mcg;0;0;0;0;0;0;0;0;0
675;Matoa, segar;Alami;1;100 g;90 kkal;0;0;21.10 g;0;1.20 g;0.10 g;0;0;0;0;0;0.50 g;0;0;0;0;76.50 g;1.10 g;0 mcg;2 mcg;0.18 mg;0.09 mg;0.50 mg;0;0;0;0;0;0;54 mg;0;0;0;20 mg;40 mg;0;10 mg;190 mg;0.60 mg;0.60 mg;300 mcg;0;0;0;0;0;0;0;0;0
344;Melinjo emping tebal goreng asin;Alami;1;100 g;431 kkal;0;0;63 g;0;11.10 g;16.20 g;0;0;0;0;0;0 g;0;0;0;0;8 g;1.60 g;0 mcg;0 mcg;0.08 mg;0 mg;0 mg;0;0;0;0;0;0;0 mg;0;0;0;77 mg;0 mg;0;0 mg;0 mg;0 mg;0 mg;0 mcg;0;0;0;0;0;0;0;0;0
343;Melinjo emping tebal goreng manis;Alami;1;100 g;439 kkal;0;0;65.70 g;0;10 g;16.40 g;0;0;0;0;0;0 g;0;0;0;0;5.60 g;2.30 g;0 mcg;0 mcg;0.11 mg;0 mg;0 mg;0;0;0;0;0;0;0 mg;0;0;0;66 mg;225 mg;0;0 mg;0 mg;0 mg;0 mg;0 mcg;0;0;0;0;0;0;0;0;0
345;Melinjo emping tipis goreng;Alami;1;100 g;485 kkal;0;0;59.10 g;0;11.50 g;24.50 g;0;0;0;0;0;0 g;0;0;0;0;3.30 g;1.50 g;0 mcg;0 mcg;0.11 mg;0 mg;0 mg;0;0;0;0;0;0;0 mg;0;0;0;85 mg;218 mg;0;0 mg;0 mg;0 mg;0 mg;0 mcg;0;0;0;0;0;0;0;0;0
510;Melinjo segar;Alami;1;100 g;66 kkal;0;0;13.30 g;0;5 g;0.70 g;0;0;0;0;0;0 g;0;0;0;0;80 g;1 g;0 mcg;0 mcg;0.10 mg;0 mg;0 mg;0;0;0;0;0;0;100 mg;0;0;0;163 mg;75 mg;0;0 mg;0 mg;2.80 mg;0 mg;0 mcg;0;0;0;0;0;0;0;0;0
676;Melon, segar;Alami;1;100 g;37 kkal;0;0;7.80 g;0;0.60 g;0.40 g;0;0;0;0;0;1 g;0;0;0;0;90.80 g;0.50 g;0 mcg;1 mcg;0.02 mg;0.10 mg;0 mg;0;0;0;0;0;0;0 mg;0;0;0;12 mg;14 mg;0;27 mg;167 mg;0.40 mg;0.10 mg;300 mcg;0;0;0;0;0;0;0;0;0
778;Menjangan, daging, dendeng, mentah;Alami;1;100 g;322 kkal;0;0;22.70 g;0;55.80 g;2 g;0;0;0;0;0;0 g;0;0;0;0;14.30 g;5.30 g;3391 mcg;0 mcg;0 mg;0 mg;0 mg;0;0;0;0;0;0;0 mg;0;0;0;55 mg;310 mg;0;765 mg;1282 mg;2.10 mg;3.20 mg;1700 mcg;0;0;0;0;0;0;0;0;0
1088;Mentega;Alami;1;100 g;742 kkal;0;0;1.40 g;0;0.50 g;81.60 g;0;0;0;0;0;0 g;0;0;0;0;16 g;1.90 g;1000 mcg;155 mcg;0 mg;0 mg;0 mg;0;0;0;0;0;0;0 mg;0;0;0;15 mg;16 mg;0;653 mg;103 mg;1.10 mg;0.40 mg;0 mcg;0;0;0;0;0;0;0;0;0
677;Menteng, segar;Alami;1;100 g;65 kkal;0;0;16.10 g;0;1.70 g;0.25 g;0;0;0;0;0;0 g;0;0;0;0;79 g;2.90 g;0 mcg;0 mcg;0 mg;0 mg;0 mg;0;0;0;0;0;0;0 mg;0;0;0;13 mg;20 mg;0;0 mg;0 mg;0.80 mg;0 mg;0 mcg;0;0;0;0;0;0;0;0;0
1131;Merica, kering;Alami;1;100 g;365 kkal;0;0;64.40 g;0;11.50 g;6.80 g;0;0;0;0;0;1 g;0;0;0;0;12.90 g;4.40 g;0 mcg;0 mcg;0.20 mg;0.10 mg;2.50 mg;0;0;0;0;0;0;0 mg;0;0;0;460 mg;200 mg;0;4 mg;99.70 mg;16.40 mg;1.10 mg;890 mcg;0;0;0;0;0;0;0;0;0
42;Mi basah;Alami;1;100 g;88 kkal;0;0;14 g;0;0.60 g;3.30 g;0;0;0;0;0;0.10 g;0;0;0;0;80 g;2.10 g;0 mcg;0 mcg;0 mg;0 mg;0 mg;0;0;0;0;0;0;0 mg;0;0;0;14 mg;13 mg;0;63 mg;13.50 mg;6.80 mg;0.40 mg;60 mcg;0;0;0;0;0;0;0;0;0
217;Mi golosor;Alami;1;100 g;71 kkal;0;0;15.90 g;0;0.20 g;0.80 g;0;0;0;0;0;0.10 g;0;0;0;0;82.90 g;0.20 g;0 mcg;0 mcg;0.05 mg;0.02 mg;0 mg;0;0;0;0;0;0;0 mg;0;0;0;117 mg;5 mg;0;0 mg;0 mg;0.20 mg;0 mg;0 mcg;0;0;0;0;0;0;0;0;0
43;Mi kering;Alami;1;100 g;339 kkal;0;0;6.30 g;0;10 g;1.70 g;0;0;0;0;0;0.40 g;0;0;0;0;10.60 g;1.40 g;0 mcg;0 mcg;0 mg;0.08 mg;2.20 mg;0;0;0;0;0;0;0 mg;0;0;0;31 mg;143 mg;0;760 mg;83 mg;3.90 mg;1.90 mg;290 mcg;0;0;0;0;0;0;0;0;0
105;Mie aceh rebus;Alami;1;100 g;113 kkal;0;0;18.10 g;0;3 g;3.20 g;0;0;0;0;0;0 g;0;0;0;0;74.60 g;1.10 g;0 mcg;0 mcg;0 mg;0 mg;0 mg;0;0;0;0;0;0;0 mg;0;0;0;22 mg;44 mg;0;191 mg;36 mg;1.40 mg;0.30 mg;200 mcg;0;0;0;0;0;0;0;0;0
106;Mie ayam;Alami;1;100 g;102 kkal;0;0;10.50 g;0;6.20 g;3.90 g;0;0;0;0;0;0 g;0;0;0;0;78.60 g;0.80 g;39 mcg;0 mcg;0.85 mg;0 mg;0 mg;0;0;0;0;0;0;0 mg;0;0;0;262 mg;51 mg;0;279 mg;0 mg;1.80 mg;0 mg;0 mcg;0;0;0;0;0;0;0;0;0
107;Mie bakso;Alami;1;100 g;114 kkal;0;0;16.40 g;0;5.30 g;3 g;0;0;0;0;0;0.10 g;0;0;0;0;74.50 g;0.80 g;17 mcg;0 mcg;0.16 mg;0 mg;0 mg;0;0;0;0;0;0;0 mg;0;0;0;286 mg;53 mg;0;760 mg;0 mg;1.90 mg;0 mg;0 mcg;0;0;0;0;0;0;0;0;0
218;Mie bendo;Alami;1;100 g;353 kkal;0;0;88 g;0;0.30 g;0 g;0;0;0;0;0;2.40 g;0;0;0;0;11.50 g;0.20 g;0 mcg;2 mcg;0.02 mg;0 mg;0.10 mg;0;0;0;0;0;0;0 mg;0;0;0;28 mg;14 mg;0;9 mg;49.20 mg;2.80 mg;0.10 mg;500 mcg;0;0;0;0;0;0;0;0;0
108;Mie celon;Alami;1;100 g;102 kkal;0;0;17.80 g;0;3 g;2.10 g;0;0;0;0;0;0 g;0;0;0;0;75.90 g;1.20 g;0 mcg;0 mcg;0 mg;0 mg;0 mg;0;0;0;0;0;0;0 mg;0;0;0;12 mg;84 mg;0;451 mg;112 mg;1.40 mg;0.50 mg;100 mcg;0;0;0;0;0;0;0;0;0
109;Mie pangsit basah;Alami;1;100 g;105 kkal;0;0;9.40 g;0;5.90 g;4.90 g;0;0;0;0;0;0 g;0;0;0;0;79.20 g;0.70 g;25 mcg;0 mcg;0.46 mg;0 mg;0 mg;0;0;0;0;0;0;0 mg;0;0;0;208 mg;48 mg;0;530 mg;0 mg;2 mg;0 mg;0 mcg;0;0;0;0;0;0;0;0;0
219;Mie Sagu;Alami;1;100 g;190 kkal;0;0;46.50 g;0;0.20 g;0.40 g;0;0;0;0;0;1.40 g;0;0;0;0;52.80 g;0.10 g;0 mcg;2 mcg;0 mg;0.40 mg;0 mg;0;0;0;0;0;0;0 mg;0;0;0;8 mg;7 mg;0;10 mg;2.60 mg;0.30 mg;0 mg;100 mcg;0;0;0;0;0;0;0;0;0
1084;Minyak goreng kelapa sawit;Alami;1;100 g;884 kkal;0;0;0 g;0;0 g;100 g;0;0;0;0;0;0 g;0;0;0;0;0 g;0 g;0 mcg;18181 mcg;0 mg;0 mg;0 mg;0;0;0;0;0;0;0 mg;0;0;0;0 mg;0 mg;0;0 mg;0 mg;0 mg;0 mg;0 mcg;0;0;0;0;0;0;0;0;0
1079;Minyak hati hiu;Alami;1;100 g;902 kkal;0;0;0 g;0;0 g;100 g;0;0;0;0;0;0 g;0;0;0;0;0 g;0 g;21212 mcg;0 mcg;0 mg;0 mg;0 mg;0;0;0;0;0;0;0 mg;0;0;0;0 mg;0 mg;0;0 mg;0 mg;0 mg;0 mg;0 mcg;0;0;0;0;0;0;0;0;0
1080;Minyak ikan;Alami;1;100 g;902 kkal;0;0;0 g;0;0 g;100 g;0;0;0;0;0;0 g;0;0;0;0;0 g;0 g;24242 mcg;0 mcg;0 mg;0 mg;0 mg;0;0;0;0;0;0;0 mg;0;0;0;0 mg;0 mg;0;0 mg;0 mg;0 mg;0 mg;0 mcg;0;0;0;0;0;0;0;0;0
1081;Minyak kacang tanah;Alami;1;100 g;902 kkal;0;0;0 g;0;0 g;100 g;0;0;0;0;0;0 g;0;0;0;0;0 g;0 g;0 mcg;0 mcg;0 mg;0 mg;0 mg;0;0;0;0;0;0;0 mg;0;0;0;0 mg;0 mg;0;0 mg;0 mg;0 mg;0 mg;0 mcg;0;0;0;0;0;0;0;0;0
1082;Minyak kedele;Alami;1;100 g;883 kkal;0;0;0 g;0;0 g;99.90 g;0;0;0;0;0;0 g;0;0;0;0;0.10 g;0 g;0 mcg;0 mcg;0 mg;0 mg;0 mg;0;0;0;0;0;0;0 mg;0;0;0;0 mg;0 mg;0;0 mg;0.10 mg;0 mg;0 mg;0 mcg;0;0;0;0;0;0;0;0;0
1083;Minyak kelapa;Alami;1;100 g;870 kkal;0;0;0 g;0;1 g;98 g;0;0;0;0;0;0 g;0;0;0;0;0 g;1 g;0 mcg;0 mcg;0 mg;0 mg;0 mg;0;0;0;0;0;0;0 mg;0;0;0;0 mg;0 mg;0;0 mg;0 mg;0 mg;0 mg;0 mcg;0;0;0;0;0;0;0;0;0
1085;Minyak wijen;Alami;1;100 g;881 kkal;0;0;0 g;0;0.20 g;99.70 g;0;0;0;0;0;0 g;0;0;0;0;0.10 g;0 g;0 mcg;0 mcg;0 mg;0.07 mg;0.10 mg;0;0;0;0;0;0;0 mg;0;0;0;10 mg;5 mg;0;2 mg;20 mg;0.10 mg;0 mg;0 mcg;0;0;0;0;0;0;0;0;0
1086;Minyak zaitun;Alami;1;100 g;884 kkal;0;0;0 g;0;0 g;100 g;0;0;0;0;0;0 g;0;0;0;0;0 g;0 g;0 mcg;0 mcg;0 mg;0 mg;5 mg;0;0;0;0;0;0;0 mg;0;0;0;14 mg;0 mg;0;7 mg;0 mg;1.20 mg;0 mg;0 mcg;0;0;0;0;0;0;0;0;0
44;Misoa;Alami;1;100 g;345 kkal;0;0;78 g;0;8.50 g;2.20 g;0;0;0;0;0;0.50 g;0;0;0;0;10 g;1.30 g;0 mcg;0 mcg;0 mg;0.02 mg;0.20 mg;0;0;0;0;0;0;0 mg;0;0;0;52 mg;120 mg;0;3064 mg;44 mg;8.70 mg;0 mg;80 mcg;0;0;0;0;0;0;0;0;0
1016;Model, masakan;Alami;1;100 g;79 kkal;0;0;8.60 g;0;2.20 g;4 g;0;0;0;0;0;0 g;0;0;0;0;83.90 g;1.30 g;0 mcg;0 mcg;0.16 mg;0.02 mg;0 mg;0;0;0;0;0;0;0 mg;0;0;0;8 mg;33 mg;0;147 mg;34 mg;0.80 mg;0.50 mg;100 mcg;0;0;0;0;0;0;0;0;0
346;Moon tahu;Alami;1;100 g;128 kkal;0;0;1.30 g;0;8 g;10 g;0;0;0;0;0;0.20 g;0;0;0;0;79.90 g;0.80 g;131 mcg;0 mcg;0.46 mg;0 mg;0 mg;0;0;0;0;0;0;0 mg;0;0;0;205 mg;92 mg;0;393 mg;0 mg;2.50 mg;0 mg;0 mcg;0;0;0;0;0;0;0;0;0
511;Mostarda metan-sawi;Alami;1;100 g;33 kkal;0;0;4.70 g;0;2.30 g;0.50 g;0;0;0;0;0;1.80 g;0;0;0;0;91.40 g;1.10 g;0 mcg;1575 mcg;0.20 mg;0.10 mg;0.10 mg;0;0;0;0;0;0;12 mg;0;0;0;60 mg;30 mg;0;20 mg;100 mg;3.10 mg;0.40 mg;100 mcg;0;0;0;0;0;0;0;0;0
1017;Mujahir acar kuning, masakan;Alami;1;100 g;330 kkal;0;0;12.10 g;0;17.80 g;23.40 g;0;0;0;0;0;1.10 g;0;0;0;0;43.10 g;4.60 g;24 mcg;0 mcg;0.15 mg;0 mg;0 mg;0;0;0;0;0;0;0 mg;0;0;0;154 mg;357 mg;0;0 mg;0 mg;5.30 mg;0 mg;0 mcg;0;0;0;0;0;0;0;0;0
826;Naan maran sapi, masakan;Alami;1;100 g;478 kkal;0;0;5.10 g;0;38.30 g;33.90 g;0;0;0;0;0;0 g;0;0;0;0;14.80 g;7.90 g;33 mcg;0 mcg;0 mg;0 mg;0.20 mg;0;0;0;0;0;0;0 mg;0;0;0;30 mg;390 mg;0;220 mg;320 mg;11.80 mg;3.90 mg;600 mcg;0;0;0;0;0;0;0;0;0
678;Nanas palembang, segar;Alami;1;100 g;58 kkal;0;0;13.30 g;0;0.70 g;0.20 g;0;0;0;0;0;1.60 g;0;0;0;0;85.50 g;0.30 g;0 mcg;17 mcg;0.26 mg;0.03 mg;0.20 mg;0;0;0;0;0;0;11 mg;0;0;0;29 mg;15 mg;0;7 mg;117 mg;0.60 mg;0.10 mg;0 mcg;0;0;0;0;0;0;0;0;0
679;Nanas, segar;Alami;1;100 g;40 kkal;0;0;9.90 g;0;0.60 g;0.30 g;0;0;0;0;0;0.60 g;0;0;0;0;88.90 g;0.30 g;0 mcg;17 mcg;0.02 mg;0.04 mg;0.20 mg;0;0;0;0;0;0;22 mg;0;0;0;22 mg;14 mg;0;18 mg;111 mg;0.90 mg;0.10 mg;0 mcg;0;0;0;0;0;0;0;0;0
680;Nangka masak pohon, segar;Alami;1;100 g;106 kkal;0;0;27.60 g;0;1.20 g;0.30 g;0;0;0;0;0;3.70 g;0;0;0;0;70 g;2.70 g;0 mcg;149 mcg;0.07 mg;0.10 mg;1 mg;0;0;0;0;0;0;7 mg;0;0;0;20 mg;19 mg;0;2 mg;407 mg;0.90 mg;1.40 mg;246600 mcg;0;0;0;0;0;0;0;0;0
512;Nangka muda, segar;Alami;1;100 g;57 kkal;0;0;11.30 g;0;2 g;0.40 g;0;0;0;0;0;8.30 g;0;0;0;0;85.40 g;0.90 g;0 mcg;21 mcg;0.07 mg;0.06 mg;0.70 mg;0;0;0;0;0;0;9 mg;0;0;0;45 mg;29 mg;0;1 mg;246.50 mg;0.50 mg;0.10 mg;40 mcg;0;0;0;0;0;0;0;0;0
294;Nangka, biji, segar;Alami;1;100 g;165 kkal;0;0;36.70 g;0;4.20 g;0.10 g;0;0;0;0;0;1.80 g;0;0;0;0;57.70 g;1.30 g;0 mcg;0 mcg;0.20 mg;0.03 mg;1.40 mg;0;0;0;0;0;0;10 mg;0;0;0;33 mg;200 mg;0;69 mg;179 mg;1 mg;0.20 mg;120 mcg;0;0;0;0;0;0;0;0;0
22;Nasi / Nasi Putih;Alami;1;100 g;180 kkal;0;0;39.80 g;0;3 g;0.30 g;0;0;0;0;0;0.20 g;0;0;0;0;56.70 g;0.20 g;0 mcg;0 mcg;0.05 mg;0.10 mg;2.60 mg;0;0;0;0;0;0;0 mg;0;0;0;25 mg;27 mg;0;1 mg;38 mg;0.40 mg;0.60 mg;100 mcg;0;0;0;0;0;0;0;0;0
110;Nasi gemuk;Alami;1;100 g;192 kkal;0;0;24.40 g;0;3.80 g;8.80 g;0;0;0;0;0;0.70 g;0;0;0;0;61.40 g;1.60 g;0 mcg;0 mcg;0.19 mg;0.05 mg;2 mg;0;0;0;0;0;0;0 mg;0;0;0;15 mg;74 mg;0;355 mg;63 mg;1 mg;1.40 mg;200 mcg;0;0;0;0;0;0;0;0;0
111;Nasi gurih;Alami;1;100 g;190 kkal;0;0;26 g;0;4.70 g;7.50 g;0;0;0;0;0;0.70 g;0;0;0;0;60.50 g;1.30 g;0 mcg;0 mcg;0.11 mg;0.06 mg;2.10 mg;0;0;0;0;0;0;0 mg;0;0;0;12 mg;62 mg;0;296 mg;52 mg;0.80 mg;1.20 mg;200 mcg;0;0;0;0;0;0;0;0;0
26;Nasi merah;Alami;1;100 g;149 kkal;0;0;32.50 g;0;2.80 g;0.40 g;0;0;0;0;0;0.30 g;0;0;0;0;64 g;0.30 g;0 mcg;0 mcg;0.06 mg;0 mg;1.60 mg;0;0;0;0;0;0;0 mg;0;0;0;6 mg;63 mg;0;5 mg;91.40 mg;0.80 mg;0.90 mg;200 mcg;0;0;0;0;0;0;0;0;0
112;Nasi minyak;Alami;1;100 g;207 kkal;0;0;37.10 g;0;3.50 g;5 g;0;0;0;0;0;0.80 g;0;0;0;0;53.30 g;1.10 g;0 mcg;0 mcg;0.14 mg;0.07 mg;2.60 mg;0;0;0;0;0;0;0 mg;0;0;0;26 mg;100 mg;0;74 mg;174 mg;1.50 mg;2.20 mg;200 mcg;0;0;0;0;0;0;0;0;0
113;Nasi rames;Alami;1;100 g;155 kkal;0;0;19.10 g;0;10.30 g;4.20 g;0;0;0;0;0;0 g;0;0;0;0;65.80 g;0.60 g;96 mcg;0 mcg;0.59 mg;0 mg;0 mg;0;0;0;0;0;0;0 mg;0;0;0;239 mg;62 mg;0;265 mg;0 mg;1.80 mg;0 mg;0 mcg;0;0;0;0;0;0;0;0;0
23;Nasi tim;Alami;1;100 g;120 kkal;0;0;26 g;0;3.40 g;0.40 g;0;0;0;0;0;0.50 g;0;0;0;0;71 g;0.20 g;0 mcg;0 mcg;0.10 mg;0 mg;1.40 mg;0;0;0;0;0;0;0 mg;0;0;0;3 mg;7 mg;0;0 mg;23.90 mg;0.40 mg;0.40 mg;100 mcg;0;0;0;0;0;0;0;0;0
827;Nasu liku, masakan;Alami;1;100 g;196 kkal;0;0;15.90 g;0;14.50 g;8.30 g;0;0;0;0;0;0 g;0;0;0;0;59 g;2.30 g;0 mcg;0 mcg;0.20 mg;0.24 mg;1.50 mg;0;0;0;0;0;0;0 mg;0;0;0;69 mg;157 mg;0;386 mg;470 mg;1 mg;2 mg;0 mcg;0;0;0;0;0;0;0;0;0
114;Nopia spesial;Alami;1;100 g;387 kkal;0;0;74.30 g;0;5.30 g;7.60 g;0;0;0;0;0;0.30 g;0;0;0;0;11.50 g;1.30 g;0 mcg;0 mcg;0.17 mg;0 mg;0 mg;0;0;0;0;0;0;0 mg;0;0;0;903 mg;133 mg;0;0 mg;0 mg;4.20 mg;0 mg;0 mcg;0;0;0;0;0;0;0;0;0
2059;Oatmeal;Alami;1;100 g;68 kkal;0;0;12 g;0;2.40 g;1.40 g;0;0;0;0;0;1.70 g;0;0;0;0;0;0;0;0;0;0;0;0;0;0;0;0;0;0;0;0;0;0;0;0;49 mg;61 mg;0;0;0;0;0;0;0;0;0;0;0;0
590;Olah-olah;Alami;1;100 g;9.10 kkal;0;0;7.10 g;0;2.10 g;6 g;0;0;0;0;0;4.40 g;0;0;0;0;83.90 g;0.90 g;0 mcg;36 mcg;0.20 mg;0.10 mg;0.40 mg;0;0;0;0;0;0;0 mg;0;0;0;26 mg;3 mg;0;289 mg;266 mg;1.20 mg;0.60 mg;300 mcg;0;0;0;0;0;0;0;0;0
347;Oncom;Alami;1;100 g;187 kkal;0;0;22.60 g;0;13 g;6 g;0;0;0;0;0;0 g;0;0;0;0;57 g;1.40 g;0 mcg;0 mcg;0.09 mg;0 mg;1.60 mg;0;0;0;0;0;0;0 mg;0;0;0;96 mg;115 mg;0;0 mg;0 mg;27 mg;0 mg;0 mcg;0;0;0;0;0;0;0;0;0
348;Oncom ampas kacang hijau;Alami;1;100 g;376 kkal;0;0;65.70 g;0;14.90 g;6 g;0;0;0;0;0;12.30 g;0;0;0;0;13.40 g;1.70 g;0 mcg;0 mcg;0.03 mg;0 mg;0 mg;0;0;0;0;0;0;0 mg;0;0;0;199 mg;110 mg;0;0 mg;0 mg;10.90 mg;0 mg;0 mcg;0;0;0;0;0;0;0;0;0
349;Oncom kacang hijau + singkong;Alami;1;100 g;351 kkal;0;0;65.90 g;0;11 g;5.30 g;0;0;0;0;0;9 g;0;0;0;0;16.50 g;1.30 g;0 mcg;0 mcg;0.01 mg;0 mg;0 mg;0;0;0;0;0;0;0 mg;0;0;0;164 mg;113 mg;0;0 mg;0 mg;7.80 mg;0 mg;0 mcg;0;0;0;0;0;0;0;0;0
350;Oncom kacang tanah pepes;Alami;1;100 g;132 kkal;0;0;13.70 g;0;11.70 g;3.80 g;0;0;0;0;0;3.10 g;0;0;0;0;65 g;4.80 g;0 mcg;0 mcg;0.08 mg;0.20 mg;0.70 mg;0;0;0;0;0;0;0 mg;0;0;0;133 mg;335 mg;0;0 mg;0 mg;34.40 mg;0 mg;0 mcg;0;0;0;0;0;0;0;0;0
115;Onde-onde;Alami;1;100 g;336 kkal;0;0;57.90 g;0;4 g;9.80 g;0;0;0;0;0;0 g;0;0;0;0;27.70 g;0.60 g;0 mcg;0 mcg;0 mg;0 mg;0 mg;0;0;0;0;0;0;0 mg;0;0;0;0 mg;0 mg;0;0 mg;0 mg;0 mg;0 mg;0 mcg;0;0;0;0;0;0;0;0;0
220;Ongol-ongol sagu;Alami;1;100 g;111 kkal;0;0;21.20 g;0;0.30 g;2.70 g;0;0;0;0;0;0.30 g;0;0;0;0;75.30 g;0.50 g;0 mcg;0 mcg;0.06 mg;0 mg;0 mg;0;0;0;0;0;0;0 mg;0;0;0;79 mg;15 mg;0;0 mg;0 mg;1.70 mg;0 mg;0 mcg;0;0;0;0;0;0;0;0;0
828;Oramu ninahu ndawa olaho, masakan;Alami;1;100 g;117 kkal;0;0;4.30 g;0;13.70 g;5 g;0;0;0;0;0;0 g;0;0;0;0;74.90 g;0.10 g;4095 mcg;0 mcg;0.77 mg;0.04 mg;1.70 mg;0;0;0;0;0;0;0 mg;0;0;0;964 mg;804 mg;0;0 mg;727 mg;2 mg;1.50 mg;300 mcg;0;0;0;0;0;0;0;0;0
221;Oyek;Alami;1;100 g;351 kkal;0;0;84.90 g;0;0.90 g;0.90 g;0;0;0;0;0;4.30 g;0;0;0;0;12.60 g;0.70 g;0 mcg;0 mcg;0.02 mg;0.02 mg;0.50 mg;0;0;0;0;0;0;0 mg;0;0;0;60 mg;36 mg;0;5 mg;229 mg;2.10 mg;0.50 mg;100 mcg;0;0;0;0;0;0;0;0;0
116;Padamaran;Alami;1;100 g;171 kkal;0;0;18.80 g;0;3.90 g;8.90 g;0;0;0;0;0;0 g;0;0;0;0;67.60 g;0.80 g;0 mcg;0 mcg;0 mg;0 mg;0 mg;0;0;0;0;0;0;0 mg;0;0;0;0 mg;0 mg;0;0 mg;0 mg;0 mg;0 mg;0 mcg;0;0;0;0;0;0;0;0;0
3728;pakcoy / Pak choi / Bok choy;Alami;1;100 g;9 kkal;0;0;2.03 g;0;0.64 g;0.08 g;0;0;0;0;0;0.80 g;0;0;0;0;0;0;0;0;0;0;0;0;0;0;0;0;0;0;0;0;0;0;0;0;8 mg;118 mg;0;0;0;0;0;0;0;0;0;0;0;0
591;Paku hinela wulelenggapaya;Alami;1;100 g;77 kkal;0;0;5.40 g;0;3.50 g;4.60 g;0;0;0;0;0;3.60 g;0;0;0;0;83.40 g;3.10 g;0 mcg;55 mcg;0.80 mg;0.10 mg;0.20 mg;0;0;0;0;0;0;4 mg;0;0;0;63 mg;85 mg;0;469 mg;37 mg;0 mg;0.70 mg;300 mcg;0;0;0;0;0;0;0;0;0
1132;Pala biji, kering;Alami;1;100 g;518 kkal;0;0;40.10 g;0;7.50 g;36.40 g;0;0;0;0;0;3.50 g;0;0;0;0;14.30 g;1.70 g;0 mcg;7 mcg;0.20 mg;0.02 mg;0.50 mg;0;0;0;0;0;0;0 mg;0;0;0;120 mg;240 mg;0;2 mg;78.70 mg;4.60 mg;2 mg;940 mcg;0;0;0;0;0;0;0;0;0
681;Pala, daging, segar;Alami;1;100 g;42 kkal;0;0;10.90 g;0;0.30 g;0.20 g;0;0;0;0;0;0.50 g;0;0;0;0;88.10 g;0.50 g;0 mcg;0 mcg;0 mg;0 mg;0 mg;0;0;0;0;0;0;22 mg;0;0;0;32 mg;24 mg;0;0 mg;0 mg;1.50 mg;0 mg;0 mcg;0;0;0;0;0;0;0;0;0
829;Paniki masak santan, masakan;Alami;1;100 g;460 kkal;0;0;7.20 g;0;28.50 g;35.20 g;0;0;0;0;0;0 g;0;0;0;0;25.40 g;3.70 g;954 mcg;0 mcg;0.27 mg;0.19 mg;0 mg;0;0;0;0;0;0;0 mg;0;0;0;188 mg;357 mg;0;2002 mg;532 mg;5.50 mg;2.50 mg;400 mcg;0;0;0;0;0;0;0;0;0
222;Papeda;Alami;1;100 g;61 kkal;0;0;14.90 g;0;0.20 g;0.10 g;0;0;0;0;0;0.50 g;0;0;0;0;84.80 g;0.10 g;0 mcg;0 mcg;0.06 mg;0 mg;0 mg;0;0;0;0;0;0;0 mg;0;0;0;3 mg;1 mg;0;4 mg;20 mg;0.20 mg;0.10 mg;100 mcg;0;0;0;0;0;0;0;0;0
2062;Paprika;Alami;1;100 g;282 kkal;0;0;54 g;0;14 g;13 g;0;0;0;0;0;35 g;0;0;0;0;0;0;49.25 mcg;0;0;0;0;0;0;0;0;0;0;0.90 mg;0;0;0;229 mg;0;0;68 mg;2280 mg;21.10 mg;0;0;0;0;0;0;0;0;0;0;0
1018;Parede baleh, masakan;Alami;1;100 g;87 kkal;0;0;5.50 g;0;10.50 g;2.50 g;0;0;0;0;0;0 g;0;0;0;0;80 g;1.50 g;0 mcg;0 mcg;0.24 mg;0 mg;0.70 mg;0;0;0;0;0;0;0 mg;0;0;0;35 mg;215 mg;0;416 mg;59 mg;0.90 mg;0.20 mg;100 mcg;0;0;0;0;0;0;0;0;0
563;Paria putih kukus;Alami;1;100 g;16 kkal;0;0;3.40 g;0;0.80 g;0.20 g;0;0;0;0;0;1.20 g;0;0;0;0;95 g;0.60 g;0 mcg;187 mcg;0.15 mg;0.04 mg;0.30 mg;0;0;0;0;0;0;35 mg;0;0;0;16 mg;33 mg;0;4 mg;236 mg;0.50 mg;0.70 mg;0 mcg;0;0;0;0;0;0;0;0;0
513;Paria putih, segar;Alami;1;100 g;19 kkal;0;0;3.60 g;0;1 g;0.40 g;0;0;0;0;0;1.30 g;0;0;0;0;94.40 g;0.60 g;0 mcg;197 mcg;0.18 mg;0.04 mg;0.40 mg;0;0;0;0;0;0;58 mg;0;0;0;31 mg;65 mg;0;5 mg;277.70 mg;0.90 mg;0.80 mg;30 mcg;0;0;0;0;0;0;0;0;0
117;Pastel;Alami;1;100 g;307 kkal;0;0;42.40 g;0;4.50 g;13.30 g;0;0;0;0;0;0 g;0;0;0;0;38.30 g;1.50 g;0 mcg;0 mcg;0.15 mg;0 mg;0 mg;0;0;0;0;0;0;0 mg;0;0;0;296 mg;53 mg;0;0 mg;0 mg;2.50 mg;0 mg;0 mcg;0;0;0;0;0;0;0;0;0
1264;Peanut;Alami;1;100 g;567 kkal;0;0;16.13 g;0;25.80 g;49.24 g;0;0;0;0;0;8.50 g;0;0;0;0;0;0;0;0;0;0;0;0;0;0;0;0;0;0;0;0;0;0;0;0;0;0;0;0;0;0;0;0;0;0;0;0;0;0
830;Pelolah manuk, masakan;Alami;1;100 g;219 kkal;0;0;4.40 g;0;19.70 g;13.60 g;0;0;0;0;0;0 g;0;0;0;0;60 g;2.30 g;137 mcg;0 mcg;0.42 mg;0 mg;0 mg;0;0;0;0;0;0;0 mg;0;0;0;33 mg;160 mg;0;577 mg;0 mg;1.60 mg;0 mg;0 mcg;0;0;0;0;0;0;0;0;0
1019;Pempek adaan, masakan;Alami;1;100 g;162 kkal;0;0;27.80 g;0;4.90 g;3 g;0;0;0;0;0;0 g;0;0;0;0;62.60 g;1.70 g;0 mcg;0 mcg;0.30 mg;0.03 mg;1 mg;0;0;0;0;0;0;0 mg;0;0;0;26 mg;116 mg;0;488 mg;119 mg;1 mg;0.20 mg;100 mcg;0;0;0;0;0;0;0;0;0
1020;Pempek belida, masakan;Alami;1;100 g;156 kkal;0;0;31.60 g;0;4.20 g;1.40 g;0;0;0;0;0;0.20 g;0;0;0;0;61.40 g;1.40 g;0 mcg;0 mcg;0.03 mg;0 mg;0 mg;0;0;0;0;0;0;0 mg;0;0;0;100 mg;55 mg;0;0 mg;0 mg;3.30 mg;0 mg;0 mcg;0;0;0;0;0;0;0;0;0
1021;Pempek kapal selam, masakan;Alami;1;100 g;152 kkal;0;0;28.20 g;0;4.50 g;2.30 g;0;0;0;0;0;0 g;0;0;0;0;63.40 g;1.60 g;0 mcg;0 mcg;0.20 mg;0.03 mg;1 mg;0;0;0;0;0;0;0 mg;0;0;0;19 mg;115 mg;0;628 mg;91 mg;1.60 mg;0.20 mg;100 mcg;0;0;0;0;0;0;0;0;0
1022;Pempek kelesan, masakan;Alami;1;100 g;211 kkal;0;0;26.60 g;0;12.30 g;6.10 g;0;0;0;0;0;0.40 g;0;0;0;0;53 g;2 g;14 mcg;0 mcg;0.25 mg;0 mg;0 mg;0;0;0;0;0;0;0 mg;0;0;0;840 mg;176 mg;0;0 mg;0 mg;1.80 mg;0 mg;0 mcg;0;0;0;0;0;0;0;0;0
1023;Pempek kulit, masakan;Alami;1;100 g;243 kkal;0;0;39.10 g;0;5.20 g;7.30 g;0;0;0;0;0;0 g;0;0;0;0;45.70 g;2.70 g;0 mcg;0 mcg;0.20 mg;0.02 mg;0.90 mg;0;0;0;0;0;0;0 mg;0;0;0;16 mg;96 mg;0;555 mg;102 mg;2 mg;0.60 mg;100 mcg;0;0;0;0;0;0;0;0;0
1024;Pempek telur, masakan;Alami;1;100 g;156 kkal;0;0;28.30 g;0;4.70 g;2.70 g;0;0;0;0;0;0 g;0;0;0;0;62.40 g;1.90 g;0 mcg;0 mcg;0.20 mg;0.05 mg;1.10 mg;0;0;0;0;0;0;0 mg;0;0;0;13 mg;83 mg;0;448 mg;48 mg;1.30 mg;0.60 mg;100 mcg;0;0;0;0;0;0;0;0;0
1025;Pempek tenggiri, masakan;Alami;1;100 g;173 kkal;0;0;33.40 g;0;7.20 g;1.20 g;0;0;0;0;0;0.20 g;0;0;0;0;56.30 g;1.90 g;0 mcg;0 mcg;0.02 mg;0 mg;0 mg;0;0;0;0;0;0;0 mg;0;0;0;164 mg;80 mg;0;0 mg;0 mg;3.10 mg;0 mg;0 mcg;0;0;0;0;0;0;0;0;0
1026;Pencok lele, masakan;Alami;1;100 g;372 kkal;0;0;3.50 g;0;7.80 g;36.30 g;0;0;0;0;0;0 g;0;0;0;0;47.50 g;4.90 g;64 mcg;0 mcg;0.12 mg;0 mg;0 mg;0;0;0;0;0;0;0 mg;0;0;0;289 mg;295 mg;0;0 mg;0 mg;5.30 mg;0 mg;0 mcg;0;0;0;0;0;0;0;0;0
836;Penyu, serapah, masakan;Alami;1;100 g;174 kkal;0;0;2.20 g;0;13.10 g;12.20 g;0;0;0;0;0;0 g;0;0;0;0;71.30 g;1.20 g;1302 mcg;0 mcg;0 mg;0 mg;0 mg;0;0;0;0;0;0;0 mg;0;0;0;72 mg;186 mg;0;0 mg;507 mg;9.50 mg;2.40 mg;800 mcg;0;0;0;0;0;0;0;0;0
514;Pepare ular, segar;Alami;1;100 g;19 kkal;0;0;3.90 g;0;0.60 g;0.10 g;0;0;0;0;0;1 g;0;0;0;0;95.10 g;0.30 g;0 mcg;69 mcg;0.10 mg;0.10 mg;0.10 mg;0;0;0;0;0;0;9 mg;0;0;0;20 mg;10 mg;0;130 mg;30 mg;0.40 mg;0.10 mg;100 mcg;0;0;0;0;0;0;0;0;0
515;Pepaya muda, segar;Alami;1;100 g;29 kkal;0;0;4.90 g;0;2.10 g;0.10 g;0;0;0;0;0;2.10 g;0;0;0;0;92.30 g;0.60 g;0 mcg;0 mcg;0.02 mg;0.03 mg;0.30 mg;0;0;0;0;0;0;19 mg;0;0;0;50 mg;16 mg;0;22 mg;211.20 mg;0.40 mg;0 mg;10 mcg;0;0;0;0;0;0;0;0;0
315;Pepea oncom ampas tahu;Alami;1;100 g;76 kkal;0;0;10.60 g;0;5.20 g;1.80 g;0;0;0;0;0;2.20 g;0;0;0;0;80.90 g;1.50 g;0 mcg;0 mcg;0.11 mg;0 mg;0 mg;0;0;0;0;0;0;0 mg;0;0;0;215 mg;66 mg;0;0 mg;0 mg;12.50 mg;0 mg;0 mcg;0;0;0;0;0;0;0;0;0
516;Petai, segar;Alami;1;100 g;92 kkal;0;0;15.20 g;0;5.40 g;1.10 g;0;0;0;0;0;2 g;0;0;0;0;77.20 g;1.10 g;0 mcg;114 mcg;0.80 mg;0.10 mg;6.10 mg;0;0;0;0;0;0;34 mg;0;0;0;14 mg;170 mg;0;55 mg;221 mg;1.60 mg;0.80 mg;200 mcg;0;0;0;0;0;0;0;0;0
517;Peterseli, segar;Alami;1;100 g;53 kkal;0;0;9 g;0;3.70 g;1 g;0;0;0;0;0;0 g;0;0;0;0;83.90 g;2.40 g;0 mcg;2940 mcg;0.11 mg;0.29 mg;0.70 mg;0;0;0;0;0;0;193 mg;0;0;0;193 mg;84 mg;0;18 mg;1125.60 mg;4.30 mg;1.40 mg;200 mcg;0;0;0;0;0;0;0;0;0
1138;Petis ikan;Alami;1;100 g;165 kkal;0;0;20.80 g;0;20 g;0.20 g;0;0;0;0;0;0 g;0;0;0;0;56 g;3 g;0 mcg;0 mcg;0.01 mg;0.20 mg;0.80 mg;0;0;0;0;0;0;0 mg;0;0;0;37 mg;36 mg;0;0 mg;0 mg;2.80 mg;0 mg;0 mcg;0;0;0;0;0;0;0;0;0
1139;Petis udang kering;Alami;1;100 g;345 kkal;0;0;59.30 g;0;23.80 g;1.40 g;0;0;0;0;0;0 g;0;0;0;0;8.30 g;7.10 g;0 mcg;0 mcg;1.02 mg;0.40 mg;2.20 mg;0;0;0;0;0;0;0 mg;0;0;0;221 mg;397 mg;0;11998 mg;462.80 mg;3.80 mg;1.90 mg;750 mcg;0;0;0;0;0;0;0;0;0
1140;Petis udang pasta;Alami;1;100 g;220 kkal;0;0;38 g;0;15 g;0.90 g;0;0;0;0;0;2.30 g;0;0;0;0;39 g;7.10 g;0 mcg;0 mcg;0.01 mg;0.13 mg;1.70 mg;0;0;0;0;0;0;0 mg;0;0;0;37 mg;36 mg;0;7981 mg;307.90 mg;2.80 mg;1.30 mg;500 mcg;0;0;0;0;0;0;0;0;0
1027;Pinda;Alami;1;100 g;107 kkal;0;0;0.40 g;0;15.90 g;0.60 g;0;0;0;0;0;0 g;0;0;0;0;71 g;3.10 g;896 mcg;0 mcg;0.89 mg;0.05 mg;0.50 mg;0;0;0;0;0;0;0 mg;0;0;0;375 mg;336 mg;0;526 mg;330 mg;1.90 mg;1 mg;200 mcg;0;0;0;0;0;0;0;0;0
1028;Pindang kenari, masakan;Alami;1;100 g;124 kkal;0;0;0 g;0;9.50 g;9.60 g;0;0;0;0;0;0 g;0;0;0;0;80.10 g;2.80 g;18 mcg;381 mcg;0 mg;0 mg;0.10 mg;0;0;0;0;0;0;0 mg;0;0;0;120 mg;220 mg;0;370 mg;270 mg;1.30 mg;1.20 mg;300 mcg;0;0;0;0;0;0;0;0;0
683;Pisang ambon, segar;Alami;1;100 g;108 kkal;0;0;24.30 g;0;1 g;0.80 g;0;0;0;0;0;1.90 g;0;0;0;0;72.90 g;1 g;0 mcg;37 mcg;0.05 mg;0.11 mg;0.10 mg;0;0;0;0;0;0;9 mg;0;0;0;20 mg;30 mg;0;10 mg;0 mg;0.20 mg;0.20 mg;200 mcg;0;0;0;0;0;0;0;0;0
684;Pisang angleng (pisang ampyang), segar;Alami;1;100 g;68 kkal;0;0;17.20 g;0;1.30 g;0.20 g;0;0;0;0;0;0.80 g;0;0;0;0;80.30 g;1 g;0 mcg;9 mcg;0.08 mg;0.05 mg;2.50 mg;0;0;0;0;0;0;6 mg;0;0;0;10 mg;26 mg;0;23 mg;215.70 mg;0.60 mg;0 mg;0 mcg;0;0;0;0;0;0;0;0;0
685;Pisang ayam, segar;Alami;1;100 g;120 kkal;0;0;26.80 g;0;1.10 g;0.20 g;0;0;0;0;0;4.10 g;0;0;0;0;71.20 g;0.70 g;0 mcg;24 mcg;0.10 mg;0.02 mg;1 mg;0;0;0;0;0;0;26 mg;0;0;0;20 mg;61 mg;0;6 mg;392 mg;0.40 mg;0.30 mg;100 mcg;0;0;0;0;0;0;0;0;0
686;Pisang gapi, segar;Alami;1;100 g;131 kkal;0;0;31.10 g;0;1.60 g;0.10 g;0;0;0;0;0;11.70 g;0;0;0;0;66.30 g;1 g;0 mcg;13 mcg;0.18 mg;0.02 mg;0.30 mg;0;0;0;0;0;0;13 mg;0;0;0;58 mg;40 mg;0;6 mg;392 mg;0.30 mg;0.30 mg;100 mcg;0;0;0;0;0;0;0;0;0
687;Pisang goroho, segar;Alami;1;100 g;119 kkal;0;0;27.90 g;0;1.50 g;0.20 g;0;0;0;0;0;4.60 g;0;0;0;0;69.40 g;1 g;0 mcg;11 mcg;0.15 mg;0.02 mg;1.10 mg;0;0;0;0;0;0;10 mg;0;0;0;2 mg;30 mg;0;36 mg;359 mg;0.20 mg;0.30 mg;100 mcg;0;0;0;0;0;0;0;0;0
688;Pisang hijau, segar;Alami;1;100 g;121 kkal;0;0;28.90 g;0;1 g;0.10 g;0;0;0;0;0;0.40 g;0;0;0;0;68.90 g;1.10 g;0 mcg;48 mcg;0.13 mg;0.06 mg;0 mg;0;0;0;0;0;0;13 mg;0;0;0;9 mg;37 mg;0;31 mg;529.40 mg;0.90 mg;0.60 mg;300 mcg;0;0;0;0;0;0;0;0;0
689;Pisang kayu, segar;Alami;1;100 g;100 kkal;0;0;23.60 g;0;1.40 g;0.50 g;0;0;0;0;0;2.60 g;0;0;0;0;74.40 g;0.60 g;0 mcg;3 mcg;0.10 mg;0 mg;0.60 mg;0;0;0;0;0;0;11 mg;0;0;0;15 mg;0 mg;0;1 mg;493 mg;0.10 mg;0.30 mg;100 mcg;0;0;0;0;0;0;0;0;0
690;Pisang kepok, segar;Alami;1;100 g;109 kkal;0;0;26.30 g;0;0.80 g;0.50 g;0;0;0;0;0;5.70 g;0;0;0;0;71.90 g;1 g;0 mcg;0 mcg;0.10 mg;0 mg;0.10 mg;0;0;0;0;0;0;9 mg;0;0;0;10 mg;30 mg;0;10 mg;300 mg;0.50 mg;0.20 mg;100 mcg;0;0;0;0;0;0;0;0;0
691;Pisang ketip, segar;Alami;1;100 g;145 kkal;0;0;34.50 g;0;1.10 g;0.30 g;0;0;0;0;0;6.60 g;0;0;0;0;63.40 g;0.70 g;0 mcg;3 mcg;0.13 mg;0.02 mg;0.80 mg;0;0;0;0;0;0;95 mg;0;0;0;5 mg;54 mg;0;4 mg;726 mg;0.10 mg;0.50 mg;200 mcg;0;0;0;0;0;0;0;0;0
692;Pisang kidang, segar;Alami;1;100 g;96 kkal;0;0;22.50 g;0;1 g;0.20 g;0;0;0;0;0;0.60 g;0;0;0;0;75.40 g;0.90 g;0 mcg;38 mcg;0.04 mg;0.10 mg;0.90 mg;0;0;0;0;0;0;2 mg;0;0;0;87 mg;173 mg;0;6 mg;418.80 mg;0.60 mg;0.50 mg;200 mcg;0;0;0;0;0;0;0;0;0
693;Pisang lampung, segar;Alami;1;100 g;99 kkal;0;0;25.60 g;0;1.30 g;0.20 g;0;0;0;0;0;4.30 g;0;0;0;0;72.10 g;0.80 g;0 mcg;43 mcg;0.07 mg;0.12 mg;1 mg;0;0;0;0;0;0;4 mg;0;0;0;10 mg;19 mg;0;28 mg;475 mg;0.90 mg;0.50 mg;300 mcg;0;0;0;0;0;0;0;0;0
694;Pisang mas bali ampenan, segar;Alami;1;100 g;92 kkal;0;0;21 g;0;1.40 g;0.20 g;0;0;0;0;0;3.70 g;0;0;0;0;76.80 g;0.50 g;0 mcg;14 mcg;0.09 mg;0.03 mg;0.60 mg;0;0;0;0;0;0;11 mg;0;0;0;7 mg;29 mg;0;32 mg;272 mg;1.20 mg;0.40 mg;200 mcg;0;0;0;0;0;0;0;0;0
695;Pisang mas bali kopang, segar;Alami;1;100 g;127 kkal;0;0;31.80 g;0;1.40 g;0.20 g;0;0;0;0;0;3.70 g;0;0;0;0;64.20 g;2.40 g;0 mcg;21 mcg;0.21 mg;0.05 mg;0.90 mg;0;0;0;0;0;0;17 mg;0;0;0;10 mg;0 mg;0;43 mg;616 mg;0.10 mg;0.40 mg;100 mcg;0;0;0;0;0;0;0;0;0
696;Pisang mas, segar;Alami;1;100 g;127 kkal;0;0;33.60 g;0;1.40 g;0.20 g;0;0;0;0;0;1.40 g;0;0;0;0;64.20 g;0.60 g;0 mcg;17 mcg;0.09 mg;0.08 mg;4.50 mg;0;0;0;0;0;0;2 mg;0;0;0;7 mg;25 mg;0;42 mg;392 mg;0.80 mg;0.50 mg;195800 mcg;0;0;0;0;0;0;0;0;0
697;Pisang raja sereh, segar;Alami;1;100 g;108 kkal;0;0;28.20 g;0;1.30 g;0.30 g;0;0;0;0;0;0.70 g;0;0;0;0;69.30 g;1 g;0 mcg;48 mcg;0.02 mg;0.08 mg;1.10 mg;0;0;0;0;0;0;2 mg;0;0;0;16 mg;38 mg;0;31 mg;522.60 mg;0.10 mg;0.60 mg;300 mcg;0;0;0;0;0;0;0;0;0
698;Pisang raja, segar;Alami;1;100 g;120 kkal;0;0;31.80 g;0;1.20 g;0.20 g;0;0;0;0;0;5.30 g;0;0;0;0;65.80 g;1 g;0 mcg;53 mcg;0.06 mg;0.14 mg;1.20 mg;0;0;0;0;0;0;10 mg;0;0;0;10 mg;22 mg;0;35 mg;582.20 mg;0.80 mg;0.70 mg;300 mcg;0;0;0;0;0;0;0;0;0
699;Pisang rotan, segar;Alami;1;100 g;98 kkal;0;0;20.50 g;0;1.30 g;1.20 g;0;0;0;0;0;1 g;0;0;0;0;76.10 g;0.90 g;0 mcg;37 mcg;0.01 mg;0.10 mg;0.90 mg;0;0;0;0;0;0;2 mg;0;0;0;17 mg;51 mg;0;24 mg;406.90 mg;1.10 mg;0.50 mg;200 mcg;0;0;0;0;0;0;0;0;0
700;Pisang talas, segar;Alami;1;100 g;113 kkal;0;0;26.70 g;0;1.20 g;0.20 g;0;0;0;0;0;4.40 g;0;0;0;0;71 g;0.90 g;0 mcg;159 mcg;0.12 mg;0.03 mg;1 mg;0;0;0;0;0;0;9 mg;0;0;0;22 mg;22 mg;0;29 mg;48 mg;0.60 mg;0.10 mg;300 mcg;0;0;0;0;0;0;0;0;0
701;Pisang tujuh bulan;Alami;1;100 g;94 kkal;0;0;22.50 g;0;0.60 g;0.20 g;0;0;0;0;0;3.70 g;0;0;0;0;75.90 g;0.80 g;0 mcg;72 mcg;0.03 mg;0.03 mg;0.30 mg;0;0;0;0;0;0;6 mg;0;0;0;50 mg;20 mg;0;0 mg;4 mg;0.20 mg;0.40 mg;100 mcg;0;0;0;0;0;0;0;0;0
702;Pisang ua, segar;Alami;1;100 g;128 kkal;0;0;30.20 g;0;0.80 g;0.50 g;0;0;0;0;0;8.10 g;0;0;0;0;67.80 g;0.70 g;0 mcg;5 mcg;0.09 mg;0.01 mg;1.20 mg;0;0;0;0;0;0;4 mg;0;0;0;12 mg;28 mg;0;33 mg;382 mg;0.70 mg;0.30 mg;200 mcg;0;0;0;0;0;0;0;0;0
703;Pisang uli, segar;Alami;1;100 g;134 kkal;0;0;35.50 g;0;1.10 g;0.50 g;0;0;0;0;0;1.40 g;0;0;0;0;61.80 g;1.10 g;0 mcg;59 mcg;0.11 mg;0.16 mg;1.40 mg;0;0;0;0;0;0;3 mg;0;0;0;31 mg;53 mg;0;39 mg;650.30 mg;0.90 mg;0.70 mg;300 mcg;0;0;0;0;0;0;0;0;0
1266;Pistachio;Alami;1;100 g;560 kkal;0;0;27.17 g;0;20.16 g;45.32 g;0;0;0;0;0;10.60 g;0;0;0;0;0;0;0;0;0;0;0;0;0;0;0;0;0;0;0;0;0;0;0;0;0;0;0;0;0;0;0;0;0;0;0;0;0;0
592;Plecing kangkung;Alami;1;100 g;75 kkal;0;0;10 g;0;2.50 g;2.80 g;0;0;0;0;0;5.40 g;0;0;0;0;83.80 g;0.90 g;0 mcg;870 mcg;0.70 mg;0 mg;0.20 mg;0;0;0;0;0;0;12 mg;0;0;0;36 mg;3 mg;0;408 mg;381 mg;2.10 mg;0.40 mg;100 mcg;0;0;0;0;0;0;0;0;0
1256;Pork Belly;Alami;1;100 g;518 kkal;0;0;0 g;0;9.34 g;53.01 g;0;0;0;0;0;0;0;0;0;0;0;0;0;0;0;0;0;0;0;0;0;0;0;0;0;0;0;0;0;0;0;0;0;0;0;0;0;0;0;0;0;0;0;0
1255;Pork loin;Alami;1;100 g;198 kkal;0;0;0 g;0;19.74 g;12.58 g;0;0;0;0;0;0;0;0;0;0;0;0;0;0;0;0;0;0;0;0;0;0;0;0;0;0;0;0;0;0;0;0;0;0;0;0;0;0;0;0;0;0;0;0
1257;Pork rib;Alami;1;100 g;211 kkal;0;0;0 g;0;19.90 g;12.01 g;0;0;0;0;0;0;0;0;0;0;0;0;0;0;0;0;0;0;0;0;0;0;0;0;0;0;0;0;0;0;0;0;0;0;0;0;0;0;0;0;0;0;0;0
1344;Prunes (kering);Alami;1;100 g;240 kkal;0;0;63.88 g;0;2.18 g;0.38 g;0;0;0;0;0;7.10 g;0;0;0;0;0;0;0;0;0;0;0;0;0;0;0;0;0;0;0;0;0;0;0;0;0;0;0;0;0;0;0;0;0;0;0;0;0;0
518;Pucuk lumai / daun leunca, segar;Alami;1;100 g;33 kkal;0;0;2.80 g;0;4.50 g;0.40 g;0;0;0;0;0;0 g;0;0;0;0;91 g;1.30 g;0 mcg;0 mcg;0.50 mg;0.10 mg;0 mg;0;0;0;0;0;0;41 mg;0;0;0;13 mg;75 mg;0;2 mg;0 mg;2.90 mg;0.60 mg;200 mcg;0;0;0;0;0;0;0;0;0
118;Pulut;Alami;1;100 g;216 kkal;0;0;44.40 g;0;2.60 g;3.10 g;0;0;0;0;0;0 g;0;0;0;0;49.10 g;0.80 g;0 mcg;0 mcg;0.14 mg;0 mg;0 mg;0;0;0;0;0;0;0 mg;0;0;0;6 mg;70 mg;0;100 mg;22 mg;3.80 mg;1.30 mg;400 mcg;0;0;0;0;0;0;0;0;0
779;Punai, daging, goreng;Alami;1;100 g;224 kkal;0;0;4.40 g;0;26.20 g;11.30 g;0;0;0;0;0;0 g;0;0;0;0;54.50 g;3.60 g;0 mcg;0 mcg;0 mg;0 mg;0 mg;0;0;0;0;0;0;0 mg;0;0;0;362 mg;362 mg;0;2 mg;19 mg;3.10 mg;1.60 mg;300 mcg;0;0;0;0;0;0;0;0;0
119;Pundut nasi;Alami;1;100 g;104 kkal;0;0;15.10 g;0;1.90 g;4.10 g;0;0;0;0;0;0.40 g;0;0;0;0;77.80 g;1.10 g;0 mcg;0 mcg;0 mg;0 mg;0 mg;0;0;0;0;0;0;0 mg;0;0;0;26 mg;100 mg;0;74 mg;174 mg;1.50 mg;0 mg;0 mcg;0;0;0;0;0;0;0;0;0
593;Purundawa;Alami;1;100 g;25 kkal;0;0;3.60 g;0;1.50 g;0.50 g;0;0;0;0;0;1.70 g;0;0;0;0;91.80 g;2.60 g;0 mcg;55 mcg;0.10 mg;0.10 mg;11.60 mg;0;0;0;0;0;0;2 mg;0;0;0;147 mg;39 mg;0;239 mg;201 mg;0 mg;0.60 mg;100 mcg;0;0;0;0;0;0;0;0;0
704;Purut;Alami;1;100 g;76 kkal;0;0;15.20 g;0;4.10 g;1.10 g;0;0;0;0;0;1.70 g;0;0;0;0;81.10 g;1.40 g;0 mcg;27 mcg;0.01 mg;0.11 mg;0 mg;0;0;0;0;0;0;0 mg;0;0;0;30 mg;76 mg;0;10 mg;285.20 mg;0.60 mg;0 mg;0 mcg;0;0;0;0;0;0;0;0;0
120;Putri hijau;Alami;1;100 g;189 kkal;0;0;37.20 g;0;5.40 g;2.10 g;0;0;0;0;0;0 g;0;0;0;0;54.80 g;0.50 g;0 mcg;0 mcg;0 mg;0 mg;0 mg;0;0;0;0;0;0;0 mg;0;0;0;0 mg;0 mg;0;0 mg;0 mg;0 mg;0 mg;0 mcg;0;0;0;0;0;0;0;0;0
519;Putri malu, segar;Alami;1;100 g;76 kkal;0;0;14.60 g;0;3.60 g;0.30 g;0;0;0;0;0;7.10 g;0;0;0;0;80.20 g;1.30 g;0 mcg;4762 mcg;0.60 mg;0.60 mg;0 mg;0;0;0;0;0;0;6 mg;0;0;0;119 mg;84 mg;0;1 mg;631 mg;3.30 mg;1.40 mg;600 mcg;0;0;0;0;0;0;0;0;0
121;Putri selat;Alami;1;100 g;163 kkal;0;0;13.80 g;0;2.20 g;6.50 g;0;0;0;0;0;0 g;0;0;0;0;66.60 g;0.90 g;0 mcg;0 mcg;0 mg;0 mg;0 mg;0;0;0;0;0;0;0 mg;0;0;0;72 mg;3 mg;0;6 mg;68 mg;4 mg;0 mg;0 mcg;0;0;0;0;0;0;0;0;0
122;Putu sopa;Alami;1;100 g;215 kkal;0;0;41.10 g;0;3.30 g;4.10 g;0;0;0;0;0;0 g;0;0;0;0;50.70 g;0.80 g;0 mcg;0 mcg;0 mg;0 mg;0 mg;0;0;0;0;0;0;0 mg;0;0;0;0 mg;0 mg;0;0 mg;0 mg;0 mg;0 mg;0 mcg;0;0;0;0;0;0;0;0;0
1342;Quinoa;Alami;1;100 g;120 kkal;0;0;21.30 g;0;4.40 g;1.92 g;0;0;0;0;0;0;0;0;0;0;0;0;0;0;0;0;0;0;0;0;0;0;0;0;0;0;0;0;0;0;0;0;0;0;0;0;0;0;0;0;0;0;0;0
937;Rajungan, segar;Alami;1;100 g;76 kkal;0;0;2.40 g;0;12.10 g;2 g;0;0;0;0;0;0 g;0;0;0;0;80.20 g;2.70 g;599 mcg;40 mcg;0.20 mg;0.25 mg;0.20 mg;0;0;0;0;0;0;0 mg;0;0;0;721 mg;214 mg;0;69 mg;192 mg;2.20 mg;2.60 mg;1700 mcg;0;0;0;0;0;0;0;0;0
706;Rambutan;Alami;1;100 g;69 kkal;0;0;18.10 g;0;0.90 g;0.10 g;0;0;0;0;0;0.80 g;0;0;0;0;80.50 g;0.40 g;0 mcg;0 mcg;0 mg;0.07 mg;0.50 mg;0;0;0;0;0;0;58 mg;0;0;0;16 mg;16 mg;0;16 mg;104.20 mg;0.50 mg;0.10 mg;200 mcg;0;0;0;0;0;0;0;0;0
705;Rambutan binjai;Alami;1;100 g;76 kkal;0;0;18 g;0;0.50 g;0.20 g;0;0;0;0;0;3.80 g;0;0;0;0;81 g;0.30 g;0 mcg;0 mcg;0.19 mg;0.01 mg;0.40 mg;0;0;0;0;0;0;13 mg;0;0;0;15 mg;22 mg;0;22 mg;120 mg;1.20 mg;0.20 mg;200 mcg;0;0;0;0;0;0;0;0;0
223;Rasbi (Beras Ubi);Alami;1;100 g;394 kkal;0;0;76.60 g;0;2.20 g;8.80 g;0;0;0;0;0;6.80 g;0;0;0;0;11.10 g;1.30 g;0 mcg;0 mcg;0.02 mg;0.30 mg;1.20 mg;0;0;0;0;0;0;0 mg;0;0;0;68 mg;76 mg;0;165 mg;388 mg;1.60 mg;0.40 mg;400 mcg;0;0;0;0;0;0;0;0;0
224;Rasi (Beras Singkong);Alami;1;100 g;350 kkal;0;0;85.70 g;0;0.90 g;0.40 g;0;0;0;0;0;14.40 g;0;0;0;0;12.60 g;0.50 g;0 mcg;0 mcg;0.02 mg;0.02 mg;0.40 mg;0;0;0;0;0;0;0 mg;0;0;0;42 mg;21 mg;0;8 mg;14 mg;1.50 mg;0.50 mg;300 mcg;0;0;0;0;0;0;0;0;0
831;Rawon, masakan;Alami;1;100 g;60 kkal;0;0;4 g;0;5.40 g;2.50 g;0;0;0;0;0;0 g;0;0;0;0;86 g;2.10 g;10 mcg;0 mcg;0.09 mg;0 mg;0 mg;0;0;0;0;0;0;0 mg;0;0;0;272 mg;153 mg;0;0 mg;0 mg;3.30 mg;0 mg;0 mcg;0;0;0;0;0;0;0;0;0
989;Rebon kering, mentah;Alami;1;100 g;299 kkal;0;0;3.20 g;0;59.40 g;3.60 g;0;0;0;0;0;0 g;0;0;0;0;21.60 g;12.20 g;0 mcg;0 mcg;0.60 mg;0 mg;0 mg;0;0;0;0;0;0;0 mg;0;0;0;2306 mg;625 mg;0;0 mg;0 mg;21.40 mg;0 mg;0 mcg;0;0;0;0;0;0;0;0;0
938;Rebon, udang kecil, segar;Alami;1;100 g;81 kkal;0;0;0.70 g;0;16.20 g;1.20 g;0;0;0;0;0;0 g;0;0;0;0;79 g;2.90 g;18 mcg;0 mcg;0.04 mg;0.10 mg;2.40 mg;0;0;0;0;0;0;0 mg;0;0;0;757 mg;292 mg;0;169 mg;202.90 mg;2.20 mg;1.20 mg;700 mcg;0;0;0;0;0;0;0;0;0
990;Rebung laut, mentah;Alami;1;100 g;320 kkal;0;0;63.30 g;0;7.20 g;4.20 g;0;0;0;0;0;0 g;0;0;0;0;18.20 g;7.10 g;917 mcg;0 mcg;0 mg;0 mg;4.90 mg;0;0;0;0;0;0;0 mg;0;0;0;240 mg;570 mg;0;20 mg;1040 mg;6.60 mg;6.20 mg;1500 mcg;0;0;0;0;0;0;0;0;0
520;Rebung, segar;Alami;1;100 g;25 kkal;0;0;5.30 g;0;0.80 g;0.10 g;0;0;0;0;0;9.70 g;0;0;0;0;93.30 g;0.50 g;0 mcg;10 mcg;0.20 mg;0.07 mg;0.50 mg;0;0;0;0;0;0;0 mg;0;0;0;3 mg;5 mg;0;3 mg;206 mg;0.50 mg;0.40 mg;100 mcg;0;0;0;0;0;0;0;0;0
351;Rempeyek kacang tanah;Alami;1;100 g;513 kkal;0;0;44.30 g;0;17.50 g;32.50 g;0;0;0;0;0;1.70 g;0;0;0;0;3.90 g;1.80 g;0 mcg;0 mcg;0.10 mg;0 mg;0 mg;0;0;0;0;0;0;0 mg;0;0;0;65 mg;202 mg;0;0 mg;0 mg;2.60 mg;0 mg;0 mcg;0;0;0;0;0;0;0;0;0
352;Rempeyek kacang tolo;Alami;1;100 g;451 kkal;0;0;59.70 g;0;11.20 g;20.20 g;0;0;0;0;0;1.80 g;0;0;0;0;6.10 g;2.80 g;0 mcg;0 mcg;0.02 mg;0 mg;0 mg;0;0;0;0;0;0;0 mg;0;0;0;156 mg;221 mg;0;0 mg;0 mg;4.60 mg;0 mg;0 mcg;0;0;0;0;0;0;0;0;0
353;Rempeyek kacang uci;Alami;1;100 g;497 kkal;0;0;50.80 g;0;17 g;27.60 g;0;0;0;0;0;2.40 g;0;0;0;0;4 g;3.40 g;0 mcg;0 mcg;0.05 mg;0 mg;0 mg;0;0;0;0;0;0;0 mg;0;0;0;166 mg;89 mg;0;0 mg;0 mg;6.70 mg;0 mg;0 mcg;0;0;0;0;0;0;0;0;0
832;Rendang sapi, masakan;Alami;1;100 g;193 kkal;0;0;7.80 g;0;22.60 g;7.90 g;0;0;0;0;0;0 g;0;0;0;0;57.90 g;3.80 g;21 mcg;0 mcg;0.12 mg;0 mg;0 mg;0;0;0;0;0;0;0 mg;0;0;0;474 mg;211 mg;0;0 mg;0 mg;14.90 mg;0 mg;0 mcg;0;0;0;0;0;0;0;0;0
123;Renggi Goreng;Alami;1;100 g;471 kkal;0;0;64.10 g;0;4.70 g;21.80 g;0;0;0;0;0;6.40 g;0;0;0;0;8.80 g;0.60 g;0 mcg;0 mcg;0.53 mg;0.05 mg;8.20 mg;0;0;0;0;0;0;0 mg;0;0;0;4 mg;80 mg;0;126 mg;29 mg;1.10 mg;1.30 mg;900 mcg;0;0;0;0;0;0;0;0;0
1253;Ribeye;Alami;1;100 g;217 kkal;0;0;0.11 g;0;19.80 g;15.21 g;0;0;0;0;0;0;0;0;0;0;0;0;0;0;0;0;0;0;0;0;0;0;0;0;0;0;0;0;0;0;0;0;0;0;0;0;0;0;0;0;0;0;0;0
729;Rica-rica taipa;Alami;1;100 g;49 kkal;0;0;10 g;0;1.60 g;0.30 g;0;0;0;0;0;0 g;0;0;0;0;86.70 g;1.40 g;0 mcg;13 mcg;0.18 mg;0.04 mg;0 mg;0;0;0;0;0;0;15 mg;0;0;0;11 mg;48 mg;0;426 mg;42 mg;3 mg;0.50 mg;500 mcg;0;0;0;0;0;0;0;0;0
521;Rimbang, segar;Alami;1;100 g;75 kkal;0;0;15.80 g;0;1.60 g;0.60 g;0;0;0;0;0;10 g;0;0;0;0;80.80 g;1.20 g;0 mcg;51 mcg;0.40 mg;0.10 mg;1.30 mg;0;0;0;0;0;0;38 mg;0;0;0;55 mg;97 mg;0;20 mg;234 mg;0.60 mg;0.40 mg;400 mcg;0;0;0;0;0;0;0;0;0
124;Roti boong;Alami;1;100 g;341 kkal;0;0;43.30 g;0;5.50 g;16.20 g;0;0;0;0;0;0 g;0;0;0;0;34 g;1 g;0 mcg;0 mcg;0.40 mg;0.30 mg;2.40 mg;0;0;0;0;0;0;0 mg;0;0;0;15 mg;65 mg;0;161 mg;41 mg;1.10 mg;0.90 mg;0 mcg;0;0;0;0;0;0;0;0;0
45;Roti putih / roti tawar;Alami;1;100 g;248 kkal;0;0;50 g;0;8 g;1.20 g;0;0;0;0;0;9.10 g;0;0;0;0;40 g;0.80 g;0 mcg;0 mcg;0.10 mg;0.29 mg;2.40 mg;0;0;0;0;0;0;0 mg;0;0;0;10 mg;95 mg;0;530 mg;91 mg;1.50 mg;0.90 mg;150 mcg;0;0;0;0;0;0;0;0;0
125;Roti warna sawo matang;Alami;1;100 g;249 kkal;0;0;49.70 g;0;7.90 g;1.50 g;0;0;0;0;0;0 g;0;0;0;0;40 g;0.90 g;0 mcg;0 mcg;0.15 mg;0 mg;0 mg;0;0;0;0;0;0;0 mg;0;0;0;20 mg;140 mg;0;500 mg;91 mg;2.50 mg;0 mg;0 mcg;0;0;0;0;0;0;0;0;0
730;Rujak aceh;Alami;1;100 g;82 kkal;0;0;19.70 g;0;0.40 g;0.30 g;0;0;0;0;0;2.40 g;0;0;0;0;78.70 g;0.90 g;0 mcg;10 mcg;0.22 mg;0.03 mg;0 mg;0;0;0;0;0;0;42 mg;0;0;0;0 mg;0 mg;0;0 mg;0 mg;0 mg;0 mg;0 mcg;0;0;0;0;0;0;0;0;0
594;Rujak cingur;Alami;1;100 g;153 kkal;0;0;8 g;0;11.30 g;8.40 g;0;0;0;0;0;1.40 g;0;0;0;0;70.10 g;1.40 g;18 mcg;0 mcg;0.16 mg;0 mg;0 mg;0;0;0;0;0;0;2 mg;0;0;0;256 mg;143 mg;0;0 mg;0 mg;4.40 mg;0 mg;0 mcg;0;0;0;0;0;0;0;0;0
522;Rumput laut;Alami;1;100 g;41 kkal;0;0;8.10 g;0;1.40 g;0.30 g;0;0;0;0;0;2.20 g;0;0;0;0;87 g;3.20 g;0 mcg;1958 mcg;0.20 mg;0 mg;0.10 mg;0;0;0;0;0;0;7 mg;0;0;0;80 mg;20 mg;0;150 mg;380 mg;1.60 mg;0.40 mg;200 mcg;0;0;0;0;0;0;0;0;0
780;Rusa, daging, dendeng, mentah;Alami;1;100 g;536 kkal;0;0;0 g;0;40.50 g;41.50 g;0;0;0;0;0;0 g;0;0;0;0;18.30 g;2.50 g;285 mcg;0 mcg;0 mg;0 mg;0.20 mg;0;0;0;0;0;0;0 mg;0;0;0;90 mg;420 mg;0;130 mg;690 mg;13.40 mg;10.70 mg;300 mcg;0;0;0;0;0;0;0;0;0
939;Rusip;Alami;1;100 g;110 kkal;0;0;11.70 g;0;11.50 g;2 g;0;0;0;0;0;0 g;0;0;0;0;58.50 g;16.30 g;0 mcg;0 mcg;0.04 mg;0 mg;0 mg;0;0;0;0;0;0;0 mg;0;0;0;479 mg;348 mg;0;0 mg;0 mg;7.10 mg;0 mg;0 mcg;0;0;0;0;0;0;0;0;0
833;RW, anjing, masakan;Alami;1;100 g;198 kkal;0;0;0.90 g;0;24.60 g;10.70 g;0;0;0;0;0;0 g;0;0;0;0;60.80 g;3 g;256 mcg;0 mcg;0.35 mg;0.20 mg;0 mg;0;0;0;0;0;0;0 mg;0;0;0;1071 mg;876 mg;0;1604 mg;226 mg;4 mg;2.80 mg;100 mcg;0;0;0;0;0;0;0;0;0
1029;Saboko gurita, masakan;Alami;1;100 g;87 kkal;0;0;2.60 g;0;15.70 g;1.50 g;0;0;0;0;0;0 g;0;0;0;0;76.20 g;4.10 g;38 mcg;0 mcg;0 mg;0 mg;0 mg;0;0;0;0;0;0;0 mg;0;0;0;60 mg;14 mg;0;200 mg;180 mg;2.10 mg;4 mg;900 mcg;0;0;0;0;0;0;0;0;0
1030;Saboko saltan, masakan;Alami;1;100 g;113 kkal;0;0;3 g;0;17.10 g;3.60 g;0;0;0;0;0;0 g;0;0;0;0;76 g;0.30 g;27 mcg;0 mcg;0 mg;0 mg;0.10 mg;0;0;0;0;0;0;0 mg;0;0;0;240 mg;60 mg;0;40 mg;350 mg;0.50 mg;0.60 mg;200 mcg;0;0;0;0;0;0;0;0;0
1031;Saboko sardin, masakan;Alami;1;100 g;110 kkal;0;0;4.90 g;0;12.90 g;4.30 g;0;0;0;0;0;0 g;0;0;0;0;70 g;7.90 g;37 mcg;0 mcg;0 mg;0 mg;0 mg;0;0;0;0;0;0;0 mg;0;0;0;220 mg;520 mg;0;200 mg;280 mg;6 mg;3.90 mg;200 mcg;0;0;0;0;0;0;0;0;0
295;Saga merah terkupas, mentah;Alami;1;100 g;449 kkal;0;0;31.90 g;0;30.60 g;25.50 g;0;0;0;0;0;3.50 g;0;0;0;0;8.10 g;3.90 g;0 mcg;0 mcg;0.09 mg;1.50 mg;10.90 mg;0;0;0;0;0;0;7 mg;0;0;0;1062 mg;161 mg;0;66 mg;1496.50 mg;14.20 mg;5.70 mg;70 mcg;0;0;0;0;0;0;0;0;0
153;Sagu aren kering;Alami;1;100 g;355 kkal;0;0;85.60 g;0;0.60 g;1.10 g;0;0;0;0;0;0.30 g;0;0;0;0;11.90 g;0.80 g;0 mcg;0 mcg;0.04 mg;0.10 mg;0.50 mg;0;0;0;0;0;0;0 mg;0;0;0;91 mg;167 mg;0;2 mg;200 mg;2.20 mg;0.30 mg;0 mcg;0;0;0;0;0;0;0;0;0
154;Sagu aren segar;Alami;1;100 g;231 kkal;0;0;56.60 g;0;0.60 g;0.20 g;0;0;0;0;0;3.20 g;0;0;0;0;42.50 g;0.10 g;0 mcg;0 mcg;0.20 mg;0 mg;0 mg;0;0;0;0;0;0;0 mg;0;0;0;20 mg;20 mg;0;7 mg;0 mg;0.10 mg;0.10 mg;100 mcg;0;0;0;0;0;0;0;0;0
225;Sagu forno;Alami;1;100 g;291 kkal;0;0;63.40 g;0;0.50 g;4 g;0;0;0;0;0;0 g;0;0;0;0;31.50 g;0.60 g;0 mcg;0 mcg;0 mg;0 mg;0 mg;0;0;0;0;0;0;0 mg;0;0;0;10 mg;20 mg;0;40 mg;50 mg;0.80 mg;0.20 mg;100 mcg;0;0;0;0;0;0;0;0;0
155;Sagu kasbi segar;Alami;1;100 g;230 kkal;0;0;56.50 g;0;0.60 g;0.20 g;0;0;0;0;0;3 g;0;0;0;0;42.50 g;0.20 g;0 mcg;0 mcg;0.20 mg;0 mg;0 mg;0;0;0;0;0;0;0 mg;0;0;0;20 mg;1 mg;0;100 mg;410 mg;0.30 mg;0.20 mg;100 mcg;0;0;0;0;0;0;0;0;0
226;Sagu Lemak (Kue Sagon);Alami;1;100 g;452 kkal;0;0;76.80 g;0;2.80 g;14.80 g;0;0;0;0;0;1.10 g;0;0;0;0;4.30 g;0.70 g;0 mcg;1220 mcg;0.32 mg;0.04 mg;0.10 mg;0;0;0;0;0;0;0 mg;0;0;0;15 mg;39 mg;0;182 mg;52.70 mg;1.10 mg;0.80 mg;40 mcg;0;0;0;0;0;0;0;0;0
156;Sagu lempeng;Alami;1;100 g;347 kkal;0;0;85.20 g;0;0.90 g;0.30 g;0;0;0;0;0;4.70 g;0;0;0;0;13.50 g;0.10 g;0 mcg;0 mcg;0.30 mg;0 mg;0 mg;0;0;0;0;0;0;0 mg;0;0;0;30 mg;30 mg;0;11 mg;0 mg;0.20 mg;0.10 mg;100 mcg;0;0;0;0;0;0;0;0;0
227;Sagu manis;Alami;1;100 g;287 kkal;0;0;62.40 g;0;0.50 g;3.90 g;0;0;0;0;0;0 g;0;0;0;0;32.60 g;0.60 g;0 mcg;0 mcg;0 mg;0 mg;0 mg;0;0;0;0;0;0;0 mg;0;0;0;8 mg;17 mg;0;34 mg;42 mg;0.70 mg;0.20 mg;100 mcg;0;0;0;0;0;0;0;0;0
228;Sagu rendang;Alami;1;100 g;364 kkal;0;0;90.50 g;0;0.10 g;0.20 g;0;0;0;0;0;1.90 g;0;0;0;0;8.20 g;1 g;0 mcg;0 mcg;0.02 mg;0.60 mg;0.80 mg;0;0;0;0;0;0;0 mg;0;0;0;13 mg;9 mg;0;42 mg;15.10 mg;3.90 mg;0.10 mg;100 mcg;0;0;0;0;0;0;0;0;0
157;Sagu singkong kering;Alami;1;100 g;362 kkal;0;0;86.90 g;0;0.50 g;0.30 g;0;0;0;0;0;0 g;0;0;0;0;12 g;0.30 g;0 mcg;0 mcg;0 mg;0 mg;0 mg;0;0;0;0;0;0;0 mg;0;0;0;0 mg;0 mg;0;0 mg;0 mg;0 mg;0 mg;0 mcg;0;0;0;0;0;0;0;0;0
229;Sagu sinole;Alami;1;100 g;354 kkal;0;0;68.90 g;0;0.80 g;8.30 g;0;0;0;0;0;0 g;0;0;0;0;22 g;0.10 g;0 mcg;0 mcg;0 mg;0 mg;0 mg;0;0;0;0;0;0;0 mg;0;0;0;10 mg;30 mg;0;30 mg;11 mg;0.80 mg;0.30 mg;200 mcg;0;0;0;0;0;0;0;0;0
710;Salak;Alami;1;100 g;77 kkal;0;0;20.90 g;0;0.40 g;0 g;0;0;0;0;0;0 g;0;0;0;0;78 g;0.70 g;0 mcg;4 mcg;0.04 mg;0 mg;0 mg;0;0;0;0;0;0;2 mg;0;0;0;28 mg;18 mg;0;0 mg;0 mg;4.20 mg;0.20 mg;100 mcg;0;0;0;0;0;0;0;0;0
707;Salak bali;Alami;1;100 g;57 kkal;0;0;13.60 g;0;0.50 g;0.10 g;0;0;0;0;0;1.30 g;0;0;0;0;85.10 g;0.70 g;0 mcg;3 mcg;0 mg;0 mg;0 mg;0;0;0;0;0;0;0 mg;0;0;0;94 mg;25 mg;0;0 mg;0 mg;2.10 mg;0.20 mg;100 mcg;0;0;0;0;0;0;0;0;0
708;Salak medan;Alami;1;100 g;55 kkal;0;0;12.80 g;0;0.40 g;0.20 g;0;0;0;0;0;3.20 g;0;0;0;0;78.10 g;8.50 g;0 mcg;4 mcg;0.04 mg;0.03 mg;0 mg;0;0;0;0;0;0;58 mg;0;0;0;6 mg;46 mg;0;39 mg;113 mg;0.50 mg;0.30 mg;200 mcg;0;0;0;0;0;0;0;0;0
709;Salak pondoh;Alami;1;100 g;87 kkal;0;0;20.10 g;0;0.80 g;0.40 g;0;0;0;0;0;0 g;0;0;0;0;77.90 g;0.80 g;0 mcg;0 mcg;0 mg;0.12 mg;0.10 mg;0;0;0;0;0;0;8 mg;0;0;0;38 mg;31 mg;0;0 mg;0 mg;3.90 mg;0.20 mg;100 mcg;0;0;0;0;0;0;0;0;0
731;Sale kesemek;Alami;1;100 g;296 kkal;0;0;71.40 g;0;1.10 g;0.60 g;0;0;0;0;0;0 g;0;0;0;0;25 g;1.80 g;0 mcg;0 mcg;0 mg;0 mg;0 mg;0;0;0;0;0;0;3 mg;0;0;0;0 mg;0 mg;0;0 mg;0 mg;0 mg;0 mg;0 mcg;0;0;0;0;0;0;0;0;0
732;Sale pisang siam;Alami;1;100 g;281 kkal;0;0;66.10 g;0;2.40 g;0.70 g;0;0;0;0;0;1 g;0;0;0;0;28.90 g;2 g;0 mcg;0 mcg;0.10 mg;0 mg;0 mg;0;0;0;0;0;0;0 mg;0;0;0;41 mg;64 mg;0;0 mg;0 mg;1.20 mg;0 mg;0 mcg;0;0;0;0;0;0;0;0;0
733;Sale pisang, cilacap;Alami;1;100 g;295 kkal;0;0;66.90 g;0;2.30 g;2.10 g;0;0;0;0;0;1.30 g;0;0;0;0;27.10 g;1.70 g;0 mcg;0 mcg;0.14 mg;0 mg;0 mg;0;0;0;0;0;0;0 mg;0;0;0;47 mg;97 mg;0;0 mg;0 mg;2.80 mg;0 mg;0 mcg;0;0;0;0;0;0;0;0;0
734;Sanggara belanda;Alami;1;100 g;242 kkal;0;0;38.20 g;0;6.40 g;7.10 g;0;0;0;0;0;0 g;0;0;0;0;47.10 g;1.20 g;0 mcg;0 mcg;0 mg;0 mg;0 mg;0;0;0;0;0;0;0 mg;0;0;0;0 mg;0 mg;0;0 mg;0 mg;0 mg;0 mg;0 mcg;0;0;0;0;0;0;0;0;0
1089;Santan (dengan air);Alami;1;100 g;122 kkal;0;0;7.60 g;0;2 g;10 g;0;0;0;0;0;1.40 g;0;0;0;0;80 g;0.40 g;0 mcg;0 mcg;0 mg;0 mg;0.50 mg;0;0;0;0;0;0;2 mg;0;0;0;25 mg;30 mg;0;9 mg;162.40 mg;0.10 mg;0.40 mg;200 mcg;0;0;0;0;0;0;0;0;0
1090;Santan murni;Alami;1;100 g;324 kkal;0;0;5.60 g;0;4.20 g;34.30 g;0;0;0;0;0;0 g;0;0;0;0;54.90 g;1 g;0 mcg;0 mcg;0 mg;0 mg;0.50 mg;0;0;0;0;0;0;2 mg;0;0;0;14 mg;45 mg;0;18 mg;514.10 mg;1.90 mg;0.90 mg;400 mcg;0;0;0;0;0;0;0;0;0
158;Sante, talas, segar;Alami;1;100 g;353 kkal;0;0;84.70 g;0;0.70 g;0.20 g;0;0;0;0;0;6.60 g;0;0;0;0;14 g;0.40 g;0 mcg;41 mcg;0.05 mg;0.20 mg;2.80 mg;0;0;0;0;0;0;5 mg;0;0;0;11 mg;13 mg;0;30 mg;694.60 mg;1.50 mg;2.20 mg;600 mcg;0;0;0;0;0;0;0;0;0
1141;Saos tomat;Alami;1;100 g;110 kkal;0;0;24.50 g;0;2 g;0.40 g;0;0;0;0;0;0.90 g;0;0;0;0;69.50 g;3.60 g;0 mcg;357 mcg;0.09 mg;0.06 mg;1.70 mg;0;0;0;0;0;0;11 mg;0;0;0;12 mg;18 mg;0;890 mg;129.60 mg;0.80 mg;0.30 mg;180 mcg;0;0;0;0;0;0;0;0;0
781;Sapi, abon;Alami;1;100 g;212 kkal;0;0;59.30 g;0;18 g;10.60 g;0;0;0;0;0;7.50 g;0;0;0;0;7.10 g;4.70 g;0 mcg;240 mcg;0.17 mg;0 mg;0 mg;0;0;0;0;0;0;0 mg;0;0;0;150 mg;209 mg;0;0 mg;0 mg;12.30 mg;0 mg;0 mcg;0;0;0;0;0;0;0;0;0
782;Sapi, abon, asli;Alami;1;100 g;358 kkal;0;0;38.60 g;0;14.60 g;16.10 g;0;0;0;0;0;2.50 g;0;0;0;0;24.80 g;5.80 g;3 mcg;194 mcg;0.13 mg;0 mg;0 mg;0;0;0;0;0;0;0 mg;0;0;0;165 mg;136 mg;0;0 mg;0 mg;14.60 mg;0 mg;0 mcg;0;0;0;0;0;0;0;0;0
759;Sapi, babat, segar;Alami;1;100 g;108 kkal;0;0;0 g;0;17.60 g;4.20 g;0;0;0;0;0;0 g;0;0;0;0;76.70 g;1.50 g;0 mcg;49 mcg;0.15 mg;0.17 mg;1.70 mg;0;0;0;0;0;0;0 mg;0;0;0;12 mg;144 mg;0;147 mg;101.40 mg;1 mg;2.20 mg;110 mcg;0;0;0;0;0;0;0;0;0
783;Sapi, daging, asap;Alami;1;100 g;182 kkal;0;0;0 g;0;32 g;6 g;0;0;0;0;0;0 g;0;0;0;0;60 g;2 g;6 mcg;0 mcg;0.12 mg;0.23 mg;5.90 mg;0;0;0;0;0;0;0 mg;0;0;0;15 mg;300 mg;0;1620 mg;485.40 mg;5 mg;5.10 mg;30 mcg;0;0;0;0;0;0;0;0;0
784;sapi, daging, dendeng, mentah;Alami;1;100 g;301 kkal;0;0;0 g;0;55 g;9 g;0;0;0;0;0;0 g;0;0;0;0;25 g;11 g;0 mcg;0 mcg;0.10 mg;0 mg;0 mg;0;0;0;0;0;0;0 mg;0;0;0;30 mg;370 mg;0;0 mg;0 mg;5.10 mg;0 mg;0 mcg;0;0;0;0;0;0;0;0;0
761;Sapi, daging, gemuk, segar;Alami;1;100 g;174 kkal;0;0;0 g;0;19.60 g;10 g;0;0;0;0;0;0 g;0;0;0;0;69 g;1.40 g;6 mcg;181 mcg;0.07 mg;0.51 mg;1.20 mg;0;0;0;0;0;0;0 mg;0;0;0;11 mg;181 mg;0;83 mg;489 mg;2.90 mg;4.90 mg;70 mcg;0;0;0;0;0;0;0;0;0
760;Sapi, daging, gemuk, segar;Alami;1;100 g;273 kkal;0;0;0 g;0;17.50 g;22 g;0;0;0;0;0;0 g;0;0;0;0;60 g;0.50 g;12 mcg;0 mcg;0.08 mg;0.18 mg;7.30 mg;0;0;0;0;0;0;0 mg;0;0;0;10 mg;150 mg;0;93 mg;267 mg;2.60 mg;6.40 mg;170 mcg;0;0;0;0;0;0;0;0;0
785;Sapi, daging, kornet;Alami;1;100 g;289 kkal;0;0;0 g;0;16 g;25 g;0;0;0;0;0;0 g;0;0;0;0;53 g;6 g;0 mcg;52 mcg;0.01 mg;0.16 mg;2.70 mg;0;0;0;0;0;0;0 mg;0;0;0;10 mg;170 mg;0;794 mg;94.40 mg;4 mg;4 mg;70 mcg;0;0;0;0;0;0;0;0;0
762;Sapi, daging, lemak, sedang, segar;Alami;1;100 g;201 kkal;0;0;0 g;0;18.80 g;14 g;0;0;0;0;0;0 g;0;0;0;0;66 g;1.20 g;9 mcg;198 mcg;0.08 mg;0.56 mg;1.30 mg;0;0;0;0;0;0;0 mg;0;0;0;11 mg;170 mg;0;105 mg;378 mg;2.80 mg;5.20 mg;4580 mcg;0;0;0;0;0;0;0;0;0
786;Sapi, daging, sosis (Worst);Alami;1;100 g;448 kkal;0;0;2.30 g;0;14.50 g;42.30 g;0;0;0;0;0;0 g;0;0;0;0;37.60 g;3.30 g;0 mcg;0 mcg;0.10 mg;0.18 mg;4.90 mg;0;0;0;0;0;0;0 mg;0;0;0;28 mg;61 mg;0;765 mg;284.50 mg;1.10 mg;1.70 mg;60 mcg;0;0;0;0;0;0;0;0;0
763;Sapi, daleman, segar;Alami;1;100 g;183 kkal;0;0;1.40 g;0;12 g;14.40 g;0;0;0;0;0;0 g;0;0;0;0;70.10 g;2.10 g;0 mcg;104 mcg;0.31 mg;0.22 mg;8.40 mg;0;0;0;0;0;0;0 mg;0;0;0;43 mg;319 mg;0;277 mg;160 mg;1.80 mg;0.80 mg;100 mcg;0;0;0;0;0;0;0;0;0
764;Sapi, dideh/darah;Alami;1;100 g;98 kkal;0;0;0 g;0;21.90 g;1.10 g;0;0;0;0;0;0 g;0;0;0;0;75.60 g;1.40 g;15 mcg;214 mcg;0.01 mg;0.03 mg;0.90 mg;0;0;0;0;0;0;0 mg;0;0;0;7 mg;24 mg;0;150 mg;170 mg;1.30 mg;0.20 mg;0 mcg;0;0;0;0;0;0;0;0;0
765;Sapi, ginjal, segar;Alami;1;100 g;137 kkal;0;0;0.90 g;0;15 g;8.10 g;0;0;0;0;0;0 g;0;0;0;0;74.90 g;1.10 g;348 mcg;583 mcg;0.37 mg;1.22 mg;6.10 mg;0;0;0;0;0;0;13 mg;0;0;0;9 mg;221 mg;0;200 mg;230.20 mg;7.90 mg;0 mg;0 mcg;0;0;0;0;0;0;0;0;0
787;Sapi, hati, sosis (Leverworst);Alami;1;100 g;274 kkal;0;0;3 g;0;16 g;22 g;0;0;0;0;0;2.30 g;0;0;0;0;56.60 g;2.40 g;1201.20 mcg;0 mcg;0.20 mg;0.96 mg;4 mg;0;0;0;0;0;0;0 mg;0;0;0;20 mg;150 mg;0;654 mg;158.80 mg;4 mg;2.20 mg;220 mcg;0;0;0;0;0;0;0;0;0
766;Sapi, keleponan, segar;Alami;1;100 g;84 kkal;0;0;0.20 g;0;10.50 g;4.60 g;0;0;0;0;0;0 g;0;0;0;0;83.80 g;0.90 g;857 mcg;34 mcg;0.10 mg;0.14 mg;0.30 mg;0;0;0;0;0;0;0 mg;0;0;0;20 mg;13 mg;0;73 mg;318 mg;2.10 mg;1.70 mg;200 mcg;0;0;0;0;0;0;0;0;0
767;Sapi, liver, segar;Alami;1;100 g;132 kkal;0;0;6 g;0;19.70 g;3.20 g;0;0;0;0;0;0 g;0;0;0;0;69.70 g;1.40 g;13303 mcg;355 mcg;0.26 mg;1.52 mg;11.40 mg;0;0;0;0;0;0;31 mg;0;0;0;7 mg;358 mg;0;110 mg;213 mg;6.60 mg;2.30 mg;510 mcg;0;0;0;0;0;0;0;0;0
768;Sapi, otak, segar;Alami;1;100 g;123 kkal;0;0;0.80 g;0;10.40 g;8.60 g;0;0;0;0;0;0 g;0;0;0;0;78.90 g;1.30 g;0 mcg;0 mcg;0.23 mg;0.19 mg;3.90 mg;0;0;0;0;0;0;18 mg;0;0;0;16 mg;330 mg;0;112 mg;243.80 mg;3.60 mg;0.90 mg;260 mcg;0;0;0;0;0;0;0;0;0
788;Sapi, paru, dendeng, mentah;Alami;1;100 g;360 kkal;0;0;19.20 g;0;57.30 g;6 g;0;0;0;0;0;0 g;0;0;0;0;9.70 g;7.80 g;2827 mcg;0 mcg;0 mg;0 mg;0 mg;0;0;0;0;0;0;0 mg;0;0;0;126 mg;903 mg;0;1483 mg;864 mg;21.10 mg;6.10 mg;1200 mcg;0;0;0;0;0;0;0;0;0
789;Sapi, paru, goreng;Alami;1;100 g;268 kkal;0;0;14.50 g;0;23.90 g;12.70 g;0;0;0;0;0;0 g;0;0;0;0;45.50 g;3.10 g;790 mcg;0 mcg;0 mg;0 mg;0 mg;0;0;0;0;0;0;0 mg;0;0;0;102 mg;315 mg;0;923.10 mg;299 mg;8.80 mg;1.50 mg;0 mcg;0;0;0;0;0;0;0;0;0
769;Sapi, usus, segar;Alami;1;100 g;126 kkal;0;0;1.50 g;0;14 g;7.20 g;0;0;0;0;0;0 g;0;0;0;0;76.70 g;0.60 g;61 mcg;0 mcg;0.08 mg;0.33 mg;0.20 mg;0;0;0;0;0;0;0 mg;0;0;0;14 mg;115 mg;0;0 mg;0 mg;4 mg;0 mg;0 mcg;0;0;0;0;0;0;0;0;0
991;Sardines dalam kaleng;Alami;1;100 g;338 kkal;0;0;1 g;0;21.10 g;27 g;0;0;0;0;0;0 g;0;0;0;0;47.10 g;3.80 g;76 mcg;0 mcg;0.10 mg;0 mg;0 mg;0;0;0;0;0;0;0 mg;0;0;0;354 mg;434 mg;0;0 mg;0 mg;3.50 mg;0 mg;0 mcg;0;0;0;0;0;0;0;0;0
355;Saridele, bubuk;Alami;1;100 g;344 kkal;0;0;43 g;0;30 g;20 g;0;0;0;0;0;6.20 g;0;0;0;0;3 g;4 g;0 mcg;0 mcg;0.70 mg;0.16 mg;2 mg;0;0;0;0;0;0;10 mg;0;0;0;450 mg;500 mg;0;56 mg;2572.30 mg;4 mg;4 mg;2990 mcg;0;0;0;0;0;0;0;0;0
126;Sarimuka;Alami;1;100 g;166 kkal;0;0;32.90 g;0;2.30 g;2.80 g;0;0;0;0;0;0 g;0;0;0;0;61.50 g;0.50 g;0 mcg;0 mcg;0 mg;0 mg;0 mg;0;0;0;0;0;0;0 mg;0;0;0;36 mg;13 mg;0;3 mg;34 mg;2 mg;0 mg;0 mcg;0;0;0;0;0;0;0;0;0
1032;Sate bandeng;Alami;1;100 g;283 kkal;0;0;20.90 g;0;12.10 g;16.80 g;0;0;0;0;0;2 g;0;0;0;0;47.10 g;3.10 g;0 mcg;0 mcg;0.02 mg;0.02 mg;0 mg;0;0;0;0;0;0;0 mg;0;0;0;118 mg;186 mg;0;543 mg;199 mg;1.20 mg;0.90 mg;200 mcg;0;0;0;0;0;0;0;0;0
835;Sate pusut, masakan;Alami;1;100 g;274 kkal;0;0;13.60 g;0;12.90 g;18.60 g;0;0;0;0;0;0 g;0;0;0;0;52.10 g;2.80 g;133 mcg;0 mcg;0.06 mg;0 mg;0 mg;0;0;0;0;0;0;0 mg;0;0;0;63 mg;190 mg;0;609 mg;0 mg;2.70 mg;0 mg;0 mcg;0;0;0;0;0;0;0;0;0
834;Sate, penyu, masakan;Alami;1;100 g;179 kkal;0;0;13.30 g;0;22.50 g;3.50 g;0;0;0;0;0;0 g;0;0;0;0;57.40 g;3.30 g;0 mcg;0 mcg;0.10 mg;0 mg;0 mg;0;0;0;0;0;0;0 mg;0;0;0;187 mg;238 mg;0;0 mg;0 mg;14.40 mg;0 mg;0 mcg;0;0;0;0;0;0;0;0;0
523;Sawi hijau, segar;Alami;1;100 g;28 kkal;0;0;4 g;0;2.30 g;0.30 g;0;0;0;0;0;2.50 g;0;0;0;0;92.20 g;1.20 g;0 mcg;2042 mcg;0.09 mg;0.23 mg;0.70 mg;0;0;0;0;0;0;102 mg;0;0;0;220 mg;38 mg;0;22 mg;436.50 mg;2.90 mg;0.20 mg;120 mcg;0;0;0;0;0;0;0;0;0
524;Sawi putih / pecai, segar;Alami;1;100 g;9 kkal;0;0;1.70 g;0;1 g;0.10 g;0;0;0;0;0;0.80 g;0;0;0;0;96.60 g;0.60 g;0 mcg;862 mcg;0.05 mg;0.18 mg;0.40 mg;0;0;0;0;0;0;3 mg;0;0;0;56 mg;42 mg;0;5 mg;193.10 mg;1.10 mg;0.10 mg;50 mcg;0;0;0;0;0;0;0;0;0
525;Sawi taiwan, segar;Alami;1;100 g;30 kkal;0;0;4.40 g;0;1.90 g;0.50 g;0;0;0;0;0;2.70 g;0;0;0;0;91.80 g;1.40 g;0 mcg;1340 mcg;0.20 mg;0.10 mg;0.60 mg;0;0;0;0;0;0;33 mg;0;0;0;100 mg;58 mg;0;27 mg;217 mg;1.60 mg;0.70 mg;100 mcg;0;0;0;0;0;0;0;0;0
526;Sawi tanah, segar;Alami;1;100 g;19 kkal;0;0;2.90 g;0;1.30 g;0.20 g;0;0;0;0;0;2.20 g;0;0;0;0;94.90 g;1 g;0 mcg;815 mcg;0.20 mg;0.10 mg;0.10 mg;0;0;0;0;0;0;36 mg;0;0;0;92 mg;45 mg;0;17 mg;145 mg;1.20 mg;0.40 mg;100 mcg;0;0;0;0;0;0;0;0;0
711;Sawo duren;Alami;1;100 g;64 kkal;0;0;8 g;0;1 g;3.10 g;0;0;0;0;0;0.80 g;0;0;0;0;87.30 g;0.60 g;0 mcg;0 mcg;0.01 mg;0.02 mg;0.10 mg;0;0;0;0;0;0;1 mg;0;0;0;18 mg;45 mg;0;13 mg;111.40 mg;0.80 mg;0.10 mg;0 mcg;0;0;0;0;0;0;0;0;0
712;Sawo kecik;Alami;1;100 g;111 kkal;0;0;21.60 g;0;0.90 g;2.30 g;0;0;0;0;0;1 g;0;0;0;0;73.80 g;1.40 g;0 mcg;119 mcg;0 mg;0.04 mg;1.50 mg;0;0;0;0;0;0;19 mg;0;0;0;20 mg;185 mg;0;28 mg;117.80 mg;0.70 mg;0.10 mg;0 mcg;0;0;0;0;0;0;0;0;0
713;Sawo Manila;Alami;1;100 g;92 kkal;0;0;22.40 g;0;0.50 g;1.10 g;0;0;0;0;0;9.50 g;0;0;0;0;75.50 g;0.50 g;0 mcg;111 mcg;0.01 mg;0.04 mg;1.40 mg;0;0;0;0;0;0;21 mg;0;0;0;25 mg;12 mg;0;26 mg;110.20 mg;1 mg;0.10 mg;0 mcg;0;0;0;0;0;0;0;0;0
595;Sayur asem;Alami;1;100 g;29 kkal;0;0;5 g;0;0.70 g;0.60 g;0;0;0;0;0;0.60 g;0;0;0;0;93.20 g;0.80 g;14 mcg;0 mcg;0.10 mg;0 mg;0 mg;0;0;0;0;0;0;0 mg;0;0;0;40 mg;61 mg;0;0 mg;0 mg;3.10 mg;0 mg;0 mcg;0;0;0;0;0;0;0;0;0
596;Sayur bunga pepaya;Alami;1;100 g;49 kkal;0;0;9.80 g;0;1.70 g;0.30 g;0;0;0;0;0;2.70 g;0;0;0;0;83.40 g;2.10 g;0 mcg;372 mcg;0 mg;0.10 mg;0 mg;0;0;0;0;0;0;0 mg;0;0;0;220 mg;220 mg;0;90 mg;350 mg;1.30 mg;0.10 mg;100 mcg;0;0;0;0;0;0;0;0;0
597;Sayur garu;Alami;1;100 g;178 kkal;0;0;10.60 g;0;2.60 g;13.90 g;0;0;0;0;0;8.40 g;0;0;0;0;70.80 g;2.10 g;0 mcg;0 mcg;0.20 mg;0.10 mg;0 mg;0;0;0;0;0;0;9 mg;0;0;0;30 mg;130 mg;0;20 mg;120 mg;0.90 mg;0.30 mg;100 mcg;0;0;0;0;0;0;0;0;0
598;Sayur kohu-kohu;Alami;1;100 g;133 kkal;0;0;11.20 g;0;7.30 g;6.60 g;0;0;0;0;0;1.20 g;0;0;0;0;72.80 g;2.10 g;0 mcg;944 mcg;0.20 mg;0.20 mg;0 mg;0;0;0;0;0;0;9 mg;0;0;0;40 mg;120 mg;0;20 mg;50 mg;0.20 mg;0.30 mg;100 mcg;0;0;0;0;0;0;0;0;0
354;Sayur lebui;Alami;1;100 g;64 kkal;0;0;12.50 g;0;2.10 g;0.60 g;0;0;0;0;0;5.70 g;0;0;0;0;83.90 g;0.90 g;0 mcg;14 mcg;0 mg;0 mg;0.10 mg;0;0;0;0;0;0;0 mg;0;0;0;21 mg;2 mg;0;124 mg;146 mg;1 mg;0.70 mg;200 mcg;0;0;0;0;0;0;0;0;0
599;Sayur lilin-terubuk;Alami;1;100 g;36 kkal;0;0;4.80 g;0;2.70 g;0.70 g;0;0;0;0;0;1.40 g;0;0;0;0;90.40 g;1.40 g;0 mcg;0 mcg;0.30 mg;0.20 mg;0 mg;0;0;0;0;0;0;18 mg;0;0;0;10 mg;90 mg;0;30 mg;44 mg;0.10 mg;1 mg;200 mcg;0;0;0;0;0;0;0;0;0
600;Sayur ndusuk;Alami;1;100 g;49 kkal;0;0;3.60 g;0;3.10 g;2.50 g;0;0;0;0;0;0 g;0;0;0;0;87.50 g;3.10 g;0 mcg;0 mcg;0.20 mg;0.10 mg;0 mg;0;0;0;0;0;0;15 mg;0;0;0;11 mg;6 mg;0;1011 mg;88 mg;0.50 mg;0.20 mg;0 mcg;0;0;0;0;0;0;0;0;0
601;Sayur sop;Alami;1;100 g;27 kkal;0;0;1 g;0;1.30 g;2 g;0;0;0;0;0;0.30 g;0;0;0;0;92.70 g;2.70 g;20 mcg;0 mcg;0.10 mg;0 mg;0 mg;0;0;0;0;0;0;0.20 mg;0;0;0;168 mg;57 mg;0;0 mg;0 mg;1.80 mg;0 mg;0 mcg;0;0;0;0;0;0;0;0;0
602;Sayur umbut kelapa;Alami;1;100 g;67 kkal;0;0;5.10 g;0;5.20 g;2.90 g;0;0;0;0;0;1.40 g;0;0;0;0;85.50 g;1.30 g;0 mcg;21 mcg;0.20 mg;0 mg;0 mg;0;0;0;0;0;0;5 mg;0;0;0;48 mg;81 mg;0;313 mg;108 mg;3.20 mg;1.10 mg;200 mcg;0;0;0;0;0;0;0;0;0
603;Sayur umbut rotan;Alami;1;100 g;57 kkal;0;0;3.10 g;0;5.40 g;2.60 g;0;0;0;0;0;1.60 g;0;0;0;0;87.60 g;1.30 g;0 mcg;18 mcg;0.20 mg;0 mg;0 mg;0;0;0;0;0;0;6 mg;0;0;0;184 mg;135 mg;0;256 mg;81 mg;1.20 mg;0.90 mg;200 mcg;0;0;0;0;0;0;0;0;0
837;Sei reuboh, masakan;Alami;1;100 g;474 kkal;0;0;11.70 g;0;11.20 g;42.50 g;0;0;0;0;0;0 g;0;0;0;0;32.40 g;2.20 g;141 mcg;9 mcg;0.46 mg;0.26 mg;0 mg;0;0;0;0;0;0;0 mg;0;0;0;26 mg;62 mg;0;677 mg;176 mg;1.30 mg;3.20 mg;2400 mcg;0;0;0;0;0;0;0;0;0
528;Selada air,segar;Alami;1;100 g;17 kkal;0;0;2.20 g;0;3.10 g;0.20 g;0;0;0;0;0;0.70 g;0;0;0;0;93.30 g;1.20 g;0 mcg;1230 mcg;0.09 mg;0.14 mg;0.70 mg;0;0;0;0;0;0;56 mg;0;0;0;95 mg;152 mg;0;65 mg;260.70 mg;2.40 mg;0.20 mg;110 mcg;0;0;0;0;0;0;0;0;0
564;Selada rebus;Alami;1;100 g;19 kkal;0;0;2.90 g;0;2.70 g;0.20 g;0;0;0;0;0;0.70 g;0;0;0;0;93.50 g;0.70 g;0 mcg;2499 mcg;0.08 mg;0.20 mg;0.60 mg;0;0;0;0;0;0;27 mg;0;0;0;83 mg;74 mg;0;24 mg;160.70 mg;1.40 mg;0.20 mg;50 mcg;0;0;0;0;0;0;0;0;0
527;Selada, segar;Alami;1;100 g;18 kkal;0;0;2.90 g;0;1.20 g;0.20 g;0;0;0;0;0;1.80 g;0;0;0;0;94.80 g;0.90 g;0 mcg;1526 mcg;0.04 mg;0.13 mg;0.40 mg;0;0;0;0;0;0;8 mg;0;0;0;22 mg;25 mg;0;19 mg;186.40 mg;0.50 mg;0.20 mg;30 mcg;0;0;0;0;0;0;0;0;0
529;Seledri, segar;Alami;1;100 g;23 kkal;0;0;4.60 g;0;1 g;0.10 g;0;0;0;0;0;2 g;0;0;0;0;93 g;1.30 g;0 mcg;63 mcg;0.03 mg;0.07 mg;0.40 mg;0;0;0;0;0;0;11 mg;0;0;0;50 mg;40 mg;0;64 mg;258.80 mg;1 mg;0.40 mg;80 mcg;0;0;0;0;0;0;0;0;0
714;Semangka;Alami;1;100 g;28 kkal;0;0;6.90 g;0;0.50 g;0.20 g;0;0;0;0;0;9.40 g;0;0;0;0;92.10 g;0.30 g;0 mcg;315 mcg;0.05 mg;0.05 mg;0.30 mg;0;0;0;0;0;0;6 mg;0;0;0;7 mg;12 mg;0;7 mg;93.80 mg;0.20 mg;0.10 mg;0 mcg;0;0;0;0;0;0;0;0;0
605;Semur jengkol;Alami;1;100 g;212 kkal;0;0;29.10 g;0;6 g;10 g;0;0;0;0;0;0 g;0;0;0;0;52.70 g;2.20 g;0 mcg;0 mcg;0.14 mg;0 mg;0 mg;0;0;0;0;0;0;4 mg;0;0;0;77 mg;99 mg;0;0 mg;0 mg;1 mg;0 mg;0 mcg;0;0;0;0;0;0;0;0;0
1033;Sepi, masakan;Alami;1;100 g;88 kkal;0;0;10.60 g;0;7.90 g;1.60 g;0;0;0;0;0;0 g;0;0;0;0;66.10 g;13.80 g;783 mcg;0 mcg;0 mg;0 mg;0 mg;0;0;0;0;0;0;0 mg;0;0;0;924 mg;350 mg;0;873 mg;258 mg;2.30 mg;1.10 mg;1000 mcg;0;0;0;0;0;0;0;0;0
230;Serimping talas kebumen;Alami;1;100 g;478 kkal;0;0;69.20 g;0;2.50 g;21.20 g;0;0;0;0;0;1.70 g;0;0;0;0;4.80 g;2.30 g;0 mcg;0 mcg;0.25 mg;0 mg;0 mg;0;0;0;0;0;0;0 mg;0;0;0;112 mg;118 mg;0;0 mg;0 mg;2.30 mg;0 mg;0 mcg;0;0;0;0;0;0;0;0;0
604;Shabu-shabu;Alami;1;100 g;88 kkal;0;0;0.80 g;0;3.20 g;8 g;0;0;0;0;0;0.90 g;0;0;0;0;87.10 g;0.90 g;82 mcg;0 mcg;0.20 mg;0 mg;0 mg;0;0;0;0;0;0;0 mg;0;0;0;217 mg;48 mg;0;514 mg;0 mg;2.90 mg;0 mg;0 mcg;0;0;0;0;0;0;0;0;0
715;Sirsak;Alami;1;100 g;65 kkal;0;0;16.30 g;0;1 g;0.30 g;0;0;0;0;0;3.20 g;0;0;0;0;81.70 g;0.70 g;0 mcg;8 mcg;0.07 mg;0.08 mg;0.70 mg;0;0;0;0;0;0;20 mg;0;0;0;14 mg;27 mg;0;2 mg;298.90 mg;0.60 mg;1 mg;100 mcg;0;0;0;0;0;0;0;0;0
1104;Sirup;Alami;1;100 g;213 kkal;0;0;55 g;0;0 g;0 g;0;0;0;0;0;0 g;0;0;0;0;44 g;1 g;0 mcg;0 mcg;0 mg;0 mg;0 mg;0;0;0;0;0;0;0 mg;0;0;0;0 mg;0 mg;0;3 mg;4.20 mg;0 mg;0 mg;0 mcg;0;0;0;0;0;0;0;0;0
1105;Sirup pirous;Alami;1;100 g;228 kkal;0;0;55.90 g;0;0.20 g;0.40 g;0;0;0;0;0;0 g;0;0;0;0;43.30 g;0.20 g;0 mcg;0 mcg;0 mg;0 mg;0 mg;0;0;0;0;0;0;8 mg;0;0;0;470 mg;93 mg;0;3 mg;4.20 mg;29.50 mg;0 mg;0 mcg;0;0;0;0;0;0;0;0;0
838;Sop buntut, masakan;Alami;1;100 g;71 kkal;0;0;2.20 g;0;7.50 g;3.60 g;0;0;0;0;0;0 g;0;0;0;0;86.10 g;0.60 g;119 mcg;0 mcg;0.14 mg;0 mg;0 mg;0;0;0;0;0;0;0 mg;0;0;0;286 mg;38 mg;0;490 mg;0 mg;3.20 mg;0 mg;0 mcg;0;0;0;0;0;0;0;0;0
839;Sop daging sapi, masakan;Alami;1;100 g;49 kkal;0;0;5.30 g;0;5.80 g;0.50 g;0;0;0;0;0;0 g;0;0;0;0;87.50 g;0.90 g;101 mcg;0 mcg;0.37 mg;0 mg;0 mg;0;0;0;0;0;0;0 mg;0;0;0;158 mg;48 mg;0;391 mg;0 mg;2.20 mg;0 mg;0 mcg;0;0;0;0;0;0;0;0;0
840;Sop kaki sapi, masakan;Alami;1;100 g;68 kkal;0;0;3.70 g;0;9 g;1.90 g;0;0;0;0;0;0 g;0;0;0;0;84.50 g;0.90 g;48 mcg;0 mcg;0.46 mg;0 mg;0 mg;0;0;0;0;0;0;0 mg;0;0;0;302 mg;15 mg;0;435 mg;0 mg;2.20 mg;0 mg;0 mcg;0;0;0;0;0;0;0;0;0
841;Sop kambing, masakan;Alami;1;100 g;34 kkal;0;0;1.10 g;0;5.50 g;0.80 g;0;0;0;0;0;0 g;0;0;0;0;91.60 g;1 g;48 mcg;0 mcg;0.57 mg;0 mg;0 mg;0;0;0;0;0;0;0 mg;0;0;0;145 mg;37 mg;0;348 mg;0 mg;1.60 mg;0 mg;0 mcg;0;0;0;0;0;0;0;0;0
842;Sop konro, masakan;Alami;1;100 g;71 kkal;0;0;4.50 g;0;7.40 g;2.60 g;0;0;0;0;0;0 g;0;0;0;0;85 g;0.50 g;0 mcg;0 mcg;0.12 mg;0.02 mg;10.90 mg;0;0;0;0;0;0;0 mg;0;0;0;17 mg;60 mg;0;184 mg;25 mg;4.60 mg;1.30 mg;300 mcg;0;0;0;0;0;0;0;0;0
843;Sop saudara, masakan;Alami;1;100 g;89 kkal;0;0;3.90 g;0;7.20 g;5 g;0;0;0;0;0;0 g;0;0;0;0;82.40 g;1.50 g;0 mcg;0 mcg;0.09 mg;0.12 mg;2 mg;0;0;0;0;0;0;0 mg;0;0;0;10 mg;174 mg;0;274 mg;50 mg;9 mg;1.10 mg;200 mcg;0;0;0;0;0;0;0;0;0
844;Soto bandung, masakan;Alami;1;100 g;42 kkal;0;0;2.80 g;0;3.90 g;1.70 g;0;0;0;0;0;0.40 g;0;0;0;0;89.90 g;1.80 g;6 mcg;20 mcg;0 mg;0 mg;0 mg;0;0;0;0;0;0;0 mg;0;0;0;74 mg;75 mg;0;0 mg;0 mg;1.80 mg;0 mg;0 mcg;0;0;0;0;0;0;0;0;0
845;Soto banjar, masakan;Alami;1;100 g;110 kkal;0;0;3.20 g;0;2.90 g;9.50 g;0;0;0;0;0;0 g;0;0;0;0;83.70 g;0.70 g;12 mcg;0 mcg;0.05 mg;0 mg;0 mg;0;0;0;0;0;0;0 mg;0;0;0;28 mg;28 mg;0;36 mg;6 mg;0.30 mg;0.20 mg;0 mcg;0;0;0;0;0;0;0;0;0
846;Soto betawi, masakan;Alami;1;100 g;135 kkal;0;0;11.50 g;0;2.50 g;8.80 g;0;0;0;0;0;0.50 g;0;0;0;0;75.90 g;1.30 g;6 mcg;0 mcg;0.04 mg;0 mg;0 mg;0;0;0;0;0;0;0 mg;0;0;0;222 mg;72 mg;0;0 mg;0 mg;1.90 mg;0 mg;0 mcg;0;0;0;0;0;0;0;0;0
847;Soto jeroan, masakan;Alami;1;100 g;92 kkal;0;0;1.40 g;0;11.80 g;4.30 g;0;0;0;0;0;0 g;0;0;0;0;81.40 g;1.10 g;85 mcg;0 mcg;0.36 mg;0 mg;0 mg;0;0;0;0;0;0;0 mg;0;0;0;218 mg;48 mg;0;363 mg;0 mg;1.90 mg;0 mg;0 mcg;0;0;0;0;0;0;0;0;0
848;Soto kudus, masakan;Alami;1;100 g;38 kkal;0;0;1.80 g;0;3.60 g;2.30 g;0;0;0;0;0;0.20 g;0;0;0;0;91.60 g;1.70 g;23 mcg;0 mcg;0.06 mg;0 mg;0.50 mg;0;0;0;0;0;0;0 mg;0;0;0;237 mg;67 mg;0;0 mg;0 mg;1.70 mg;0 mg;0 mcg;0;0;0;0;0;0;0;0;0
849;Soto madura, masakan;Alami;1;100 g;60 kkal;0;0;1.30 g;0;3.50 g;4.50 g;0;0;0;0;0;0 g;0;0;0;0;89.80 g;0.90 g;26 mcg;0 mcg;0.06 mg;0 mg;0 mg;0;0;0;0;0;0;0 mg;0;0;0;361 mg;126 mg;0;0 mg;0 mg;3.80 mg;0 mg;0 mcg;0;0;0;0;0;0;0;0;0
850;Soto padang, masakan;Alami;1;100 g;127 kkal;0;0;11 g;0;5.90 g;6.60 g;0;0;0;0;0;0.70 g;0;0;0;0;75 g;2 g;12 mcg;0 mcg;0.22 mg;0 mg;0 mg;0;0;0;0;0;0;0 mg;0;0;0;298 mg;94 mg;0;0 mg;0 mg;1.50 mg;0 mg;0 mcg;0;0;0;0;0;0;0;0;0
851;Soto pekalongan, masakan;Alami;1;100 g;94 kkal;0;0;5.10 g;0;3 g;6.80 g;0;0;0;0;0;0.30 g;0;0;0;0;83.80 g;1.30 g;14 mcg;0 mcg;0.29 mg;0 mg;0 mg;0;0;0;0;0;0;0 mg;0;0;0;322 mg;79 mg;0;0 mg;0 mg;2 mg;0 mg;0 mcg;0;0;0;0;0;0;0;0;0
852;Soto pemalang, masakan;Alami;1;100 g;75 kkal;0;0;3.50 g;0;3.60 g;5.20 g;0;0;0;0;0;0 g;0;0;0;0;86 g;1.70 g;16 mcg;0 mcg;0.13 mg;0 mg;0 mg;0;0;0;0;0;0;0 mg;0;0;0;170 mg;80 mg;0;0 mg;0 mg;2.10 mg;0 mg;0 mcg;0;0;0;0;0;0;0;0;0
853;Soto sukaraja, masakan;Alami;1;100 g;80 kkal;0;0;9 g;0;3.20 g;3.50 g;0;0;0;0;0;0.30 g;0;0;0;0;75.90 g;1.10 g;12 mcg;0 mcg;0.04 mg;0 mg;0 mg;0;0;0;0;0;0;0 mg;0;0;0;347 mg;77 mg;0;0 mg;0 mg;2.30 mg;0 mg;0 mcg;0;0;0;0;0;0;0;0;0
854;Soto sulung, masakan;Alami;1;100 g;86 kkal;0;0;0 g;0;2.30 g;8.50 g;0;0;0;0;0;0 g;0;0;0;0;88.10 g;1.10 g;20 mcg;0 mcg;0.08 mg;0 mg;0 mg;0;0;0;0;0;0;0 mg;0;0;0;200 mg;120 mg;0;0 mg;0 mg;2.90 mg;0 mg;0 mcg;0;0;0;0;0;0;0;0;0
716;Sowa;Alami;1;100 g;48 kkal;0;0;9.10 g;0;1.60 g;0.60 g;0;0;0;0;0;45 g;0;0;0;0;87.70 g;10 g;0 mcg;364 mcg;0.15 mg;0.23 mg;0.20 mg;0;0;0;0;0;0;4 mg;0;0;0;50 mg;40 mg;0;9 mg;0 mg;0.30 mg;1.50 mg;100 mcg;0;0;0;0;0;0;0;0;0
127;Spaghetti;Alami;1;100 g;139 kkal;0;0;22.60 g;0;7.40 g;2.10 g;0;0;0;0;0;0 g;0;0;0;0;66.10 g;2.10 g;42 mcg;0 mcg;0.35 mg;0 mg;0 mg;0;0;0;0;0;0;0 mg;0;0;0;109 mg;53 mg;0;0 mg;0 mg;4.70 mg;0 mg;0 mcg;0;0;0;0;0;0;0;0;0
717;Srikaya;Alami;1;100 g;63 kkal;0;0;13.90 g;0;1.10 g;0.50 g;0;0;0;0;0;2.10 g;0;0;0;0;83.40 g;1.10 g;0 mcg;0 mcg;0.08 mg;0 mg;0 mg;0;0;0;0;0;0;28 mg;0;0;0;127 mg;30 mg;0;0 mg;0 mg;2.70 mg;0 mg;0 mcg;0;0;0;0;0;0;0;0;0
128;Srikaya ketan;Alami;1;100 g;265 kkal;0;0;49.10 g;0;2.70 g;6.40 g;0;0;0;0;0;0 g;0;0;0;0;41 g;0.80 g;0 mcg;0 mcg;0 mg;0 mg;0 mg;0;0;0;0;0;0;0 mg;0;0;0;0 mg;0 mg;0;0 mg;0 mg;0 mg;0 mg;0 mcg;0;0;0;0;0;0;0;0;0
855;Sukiyaki, masakan;Alami;1;100 g;75 kkal;0;0;12.20 g;0;5.60 g;0.40 g;0;0;0;0;0;0.20 g;0;0;0;0;81 g;0.80 g;41 mcg;0 mcg;0.37 mg;0 mg;0 mg;0;0;0;0;0;0;0 mg;0;0;0;109 mg;59 mg;0;426 mg;0 mg;0.50 mg;0 mg;0 mcg;0;0;0;0;0;0;0;0;0
718;Sukun muda;Alami;1;100 g;119 kkal;0;0;28.10 g;0;1.40 g;0.20 g;0;0;0;0;0;1.40 g;0;0;0;0;69.40 g;1 g;0 mcg;28 mcg;0.17 mg;0.17 mg;3.70 mg;0;0;0;0;0;0;52 mg;0;0;0;24 mg;44 mg;0;24 mg;414.40 mg;1.40 mg;0.10 mg;100 mcg;0;0;0;0;0;0;0;0;0
719;Sukun tua;Alami;1;100 g;126 kkal;0;0;24.50 g;0;1.60 g;0.20 g;0;0;0;0;0;1.50 g;0;0;0;0;67.80 g;1 g;0 mcg;30 mcg;0.18 mg;0.17 mg;3.90 mg;0;0;0;0;0;0;58 mg;0;0;0;37 mg;47 mg;0;25 mg;436 mg;1.60 mg;0.10 mg;100 mcg;0;0;0;0;0;0;0;0;0
129;Sunduk lawang;Alami;1;100 g;181 kkal;0;0;32.40 g;0;1.90 g;1.30 g;0;0;0;0;0;0 g;0;0;0;0;63.40 g;1 g;0 mcg;0 mcg;0 mg;0 mg;0 mg;0;0;0;0;0;0;0 mg;0;0;0;0 mg;0 mg;0;0 mg;0 mg;0 mg;0 mg;0 mcg;0;0;0;0;0;0;0;0;0
1066;Susu asam untuk bayi, bubuk;Alami;1;100 g;418 kkal;0;0;65.50 g;0;19 g;9 g;0;0;0;0;0;0 g;0;0;0;0;2.50 g;4 g;303 mcg;83 mcg;1 mg;1.31 mg;0.70 mg;0;0;0;0;0;0;30 mg;0;0;0;800 mg;600 mg;0;188 mg;486.50 mg;7 mg;0 mg;0 mcg;0;0;0;0;0;0;0;0;0
1067;Susu Bubuk;Alami;1;100 g;513 kkal;0;0;36.20 g;0;24.60 g;30 g;0;0;0;0;0;0 g;0;0;0;0;3.50 g;5.70 g;476 mcg;118 mcg;0.29 mg;1.39 mg;1.60 mg;0;0;0;0;0;0;6 mg;0;0;0;904 mg;694 mg;0;380 mg;1330 mg;0.60 mg;4.10 mg;20 mcg;0;0;0;0;0;0;0;0;0
1057;Susu ibu - ASI;Alami;1;100 g;62 kkal;0;0;7 g;0;1.50 g;3.20 g;0;0;0;0;0;0 g;0;0;0;0;88.10 g;0.20 g;0 mcg;7 mcg;0.01 mg;0.03 mg;0.20 mg;0;0;0;0;0;0;0 mg;0;0;0;34 mg;20 mg;0;15 mg;41 mg;0.20 mg;0.40 mg;10 mcg;0;0;0;0;0;0;0;0;0
1058;Susu kambing, segar;Alami;1;100 g;64 kkal;0;0;6.60 g;0;4.30 g;2.30 g;0;0;0;0;0;0 g;0;0;0;0;85.90 g;0.90 g;38 mcg;0 mcg;0.06 mg;0.45 mg;0.30 mg;0;0;0;0;0;0;1 mg;0;0;0;98 mg;78 mg;0;35 mg;160 mg;2.70 mg;0.10 mg;330 mcg;0;0;0;0;0;0;0;0;0
356;Susu kedelai;Alami;1;100 g;41 kkal;0;0;5 g;0;3.50 g;2.50 g;0;0;0;0;0;0.20 g;0;0;0;0;87 g;2 g;0 mcg;0 mcg;0.08 mg;0.05 mg;0.70 mg;0;0;0;0;0;0;2 mg;0;0;0;50 mg;45 mg;0;128 mg;287.90 mg;0.70 mg;1 mg;120 mcg;0;0;0;0;0;0;0;0;0
1068;Susu kental manis;Alami;1;100 g;343 kkal;0;0;55 g;0;8.20 g;10 g;0;0;0;0;0;0 g;0;0;0;0;25 g;1.80 g;155 mcg;46 mcg;0.05 mg;0.43 mg;0.40 mg;0;0;0;0;0;0;1 mg;0;0;0;275 mg;209 mg;0;150 mg;320 mg;0.20 mg;1 mg;20 mcg;0;0;0;0;0;0;0;0;0
1069;Susu kental tak manis;Alami;1;100 g;138 kkal;0;0;9.90 g;0;7 g;7.90 g;0;0;0;0;0;0 g;0;0;0;0;73.70 g;1.50 g;121 mcg;0 mcg;0.05 mg;0 mg;0 mg;0;0;0;0;0;0;1 mg;0;0;0;243 mg;195 mg;0;140 mg;303 mg;0.20 mg;0 mg;0 mcg;0;0;0;0;0;0;0;0;0
1059;Susu kerbau, segar;Alami;1;100 g;160 kkal;0;0;7.10 g;0;6.30 g;12 g;0;0;0;0;0;0 g;0;0;0;0;73.80 g;0.80 g;24 mcg;0 mcg;0.04 mg;0.07 mg;0 mg;0;0;0;0;0;0;1 mg;0;0;0;216 mg;101 mg;0;82 mg;0 mg;0.20 mg;0.30 mg;0 mcg;0;0;0;0;0;0;0;0;0
1060;Susu kuda, segar;Alami;1;100 g;40 kkal;0;0;5.40 g;0;2 g;1.10 g;0;0;0;0;0;0 g;0;0;0;0;91 g;0.40 g;0 mcg;1 mcg;0 mg;0.20 mg;0.20 mg;0;0;0;0;0;0;0 mg;0;0;0;0 mg;0 mg;0;0 mg;37.40 mg;0 mg;0 mg;0 mcg;0;0;0;0;0;0;0;0;0
1061;Susu sapi, segar;Alami;1;100 g;61 kkal;0;0;4.30 g;0;3.20 g;3.50 g;0;0;0;0;0;0 g;0;0;0;0;88.30 g;0.70 g;39 mcg;12 mcg;0.03 mg;0.18 mg;0.20 mg;0;0;0;0;0;0;1 mg;0;0;0;143 mg;60 mg;0;36 mg;149 mg;1.70 mg;0.30 mg;20 mcg;0;0;0;0;0;0;0;0;0
1070;Susu skim Bubuk;Alami;1;100 g;359 kkal;0;0;52 g;0;35.60 g;1 g;0;0;0;0;0;0 g;0;0;0;0;3.50 g;7.90 g;0 mcg;10 mcg;0.35 mg;1.05 mg;0 mg;0;0;0;0;0;0;7 mg;0;0;0;1300 mg;1030 mg;0;470 mg;1745 mg;0.60 mg;4.10 mg;40 mcg;0;0;0;0;0;0;0;0;0
1071;Susu skim, segar;Alami;1;100 g;36 kkal;0;0;5.10 g;0;3.50 g;0.10 g;0;0;0;0;0;0 g;0;0;0;0;90.50 g;0.80 g;0 mcg;0 mcg;0.04 mg;0 mg;0 mg;0;0;0;0;0;0;1 mg;0;0;0;123 mg;97 mg;0;38 mg;0 mg;0.10 mg;0 mg;0 mcg;0;0;0;0;0;0;0;0;0
177;Suweg kukus;Alami;1;100 g;93 kkal;0;0;21.90 g;0;1.50 g;0.10 g;0;0;0;0;0;0.90 g;0;0;0;0;75.50 g;1 g;0 mcg;0 mcg;0.09 mg;0 mg;0.30 mg;0;0;0;0;0;0;0 mg;0;0;0;50 mg;58 mg;0;6 mg;350.30 mg;0.80 mg;0.10 mg;100 mcg;0;0;0;0;0;0;0;0;0
159;Suweg, talas, segar;Alami;1;100 g;74 kkal;0;0;17.20 g;0;1.40 g;0.10 g;0;0;0;0;0;1.40 g;0;0;0;0;80.10 g;1.20 g;0 mcg;24 mcg;0.04 mg;0 mg;0.40 mg;0;0;0;0;0;0;2 mg;0;0;0;42 mg;46 mg;0;7 mg;400 mg;1.30 mg;0.10 mg;100 mcg;0;0;0;0;0;0;0;0;0
130;Suwir-suwir;Alami;1;100 g;347 kkal;0;0;84.20 g;0;0.50 g;0.90 g;0;0;0;0;0;0.80 g;0;0;0;0;13.40 g;1 g;1 mcg;0 mcg;0.13 mg;0 mg;0.90 mg;0;0;0;0;0;0;0 mg;0;0;0;42 mg;40 mg;0;0 mg;0 mg;4.30 mg;0 mg;0 mcg;0;0;0;0;0;0;0;0;0
357;Tahu;Alami;1;100 g;80 kkal;0;0;0.80 g;0;10.90 g;4.70 g;0;0;0;0;0;0.10 g;0;0;0;0;82.20 g;1.40 g;0 mcg;118 mcg;0.01 mg;0.08 mg;0.10 mg;0;0;0;0;0;0;0 mg;0;0;0;223 mg;183 mg;0;2 mg;50.60 mg;3.40 mg;0.80 mg;190 mcg;0;0;0;0;0;0;0;0;0
358;Tahu goreng;Alami;1;100 g;115 kkal;0;0;2.50 g;0;9.70 g;8.50 g;0;0;0;0;0;0.10 g;0;0;0;0;77.30 g;2 g;0 mcg;0 mcg;0.01 mg;0.24 mg;0 mg;0;0;0;0;0;0;0 mg;0;0;0;229 mg;200 mg;0;7 mg;68.20 mg;4.10 mg;1.30 mg;90 mcg;0;0;0;0;0;0;0;0;0
359;Tahu telur;Alami;1;100 g;328 kkal;0;0;24.60 g;0;12.60 g;19.90 g;0;0;0;0;0;0.40 g;0;0;0;0;41.80 g;1.10 g;73 mcg;0 mcg;0.42 mg;0 mg;0 mg;0;0;0;0;0;0;0 mg;0;0;0;492 mg;238 mg;0;755.40 mg;0 mg;4.90 mg;0 mg;0 mcg;0;0;0;0;0;0;0;0;0
360;Takwa;Alami;1;100 g;148 kkal;0;0;4 g;0;13.80 g;8.50 g;0;0;0;0;0;0 g;0;0;0;0;72.20 g;1.60 g;0 mcg;0 mcg;0.20 mg;0.10 mg;0.80 mg;0;0;0;0;0;0;0 mg;0;0;0;140 mg;214 mg;0;3 mg;79 mg;8.50 mg;1.30 mg;300 mcg;0;0;0;0;0;0;0;0;0
178;Talas bogor kukus;Alami;1;100 g;120 kkal;0;0;28.20 g;0;1.50 g;0.30 g;0;0;0;0;0;0.70 g;0;0;0;0;69.20 g;0.80 g;0 mcg;0 mcg;0.05 mg;0.60 mg;0.80 mg;0;0;0;0;0;0;2 mg;0;0;0;31 mg;63 mg;0;11 mg;498 mg;0.70 mg;0.60 mg;200 mcg;0;0;0;0;0;0;0;0;0
160;Talas bogor, segar;Alami;1;100 g;108 kkal;0;0;25 g;0;1.40 g;0.40 g;0;0;0;0;0;0.90 g;0;0;0;0;72.40 g;0.80 g;0 mcg;0 mcg;0.06 mg;0.07 mg;1 mg;0;0;0;0;0;0;4 mg;0;0;0;47 mg;67 mg;0;10 mg;448 mg;0.70 mg;0.70 mg;200 mcg;0;0;0;0;0;0;0;0;0
161;Talas pontianak, segar;Alami;1;100 g;163 kkal;0;0;36.40 g;0;2.30 g;0.50 g;0;0;0;0;0;0.70 g;0;0;0;0;60 g;0.90 g;0 mcg;0 mcg;0.02 mg;0.10 mg;1.30 mg;0;0;0;0;0;0;0 mg;0;0;0;45 mg;80 mg;0;14 mg;323.10 mg;1.70 mg;1 mg;300 mcg;0;0;0;0;0;0;0;0;0
162;Talas viqueque, segar;Alami;1;100 g;115 kkal;0;0;25.90 g;0;1.80 g;0.50 g;0;0;0;0;0;8.60 g;0;0;0;0;70.60 g;1.20 g;0 mcg;0 mcg;0.08 mg;0.10 mg;0.90 mg;0;0;0;0;0;0;0 mg;0;0;0;50 mg;220 mg;0;1 mg;70 mg;0.90 mg;1 mg;300 mcg;0;0;0;0;0;0;0;0;0
1252;Tanderloin;Alami;1;100 g;151 kkal;0;0;0.01 g;0;20.53 g;7.63 g;0;0;0;0;0;0;0;0;0;0;0;0;0;0;0;0;0;0;0;0;0;0;0;0;0;0;0;0;0;0;0;0;0;0;0;0;0;0;0;0;0;0;0;0
565;Taoge goreng;Alami;1;100 g;88 kkal;0;0;14 g;0;3.20 g;2.10 g;0;0;0;0;0;0.70 g;0;0;0;0;79.20 g;1.50 g;2 mcg;0 mcg;0.05 mg;0 mg;0 mg;0;0;0;0;0;0;0 mg;0;0;0;168 mg;50 mg;0;0 mg;0 mg;5.70 mg;0 mg;0 mcg;0;0;0;0;0;0;0;0;0
531;Taoge kacang kedelai, segar;Alami;1;100 g;76 kkal;0;0;6.40 g;0;9 g;2.60 g;0;0;0;0;0;0.70 g;0;0;0;0;81 g;1 g;0 mcg;0 mcg;0.23 mg;0.19 mg;1.20 mg;0;0;0;0;0;0;15 mg;0;0;0;50 mg;65 mg;0;5 mg;212.40 mg;1 mg;0.70 mg;260 mcg;0;0;0;0;0;0;0;0;0
532;Taoge kacang tunggak, segar;Alami;1;100 g;40 kkal;0;0;5.80 g;0;5 g;0.20 g;0;0;0;0;0;2.60 g;0;0;0;0;88 g;1 g;0 mcg;299 mcg;0.07 mg;0.08 mg;0.80 mg;0;0;0;0;0;0;15 mg;0;0;0;57 mg;88 mg;0;2 mg;226.80 mg;1 mg;0.50 mg;70 mcg;0;0;0;0;0;0;0;0;0
566;Taoge seduh;Alami;1;100 g;28 kkal;0;0;4 g;0;3 g;0.80 g;0;0;0;0;0;1 g;0;0;0;0;91.90 g;0.30 g;0 mcg;46 mcg;0.10 mg;0 mg;0.90 mg;0;0;0;0;0;0;2 mg;0;0;0;52 mg;73 mg;0;18 mg;58.30 mg;0.50 mg;0.40 mg;190 mcg;0;0;0;0;0;0;0;0;0
530;Taoge, segar;Alami;1;100 g;34 kkal;0;0;4.30 g;0;3.70 g;1.20 g;0;0;0;0;0;1.10 g;0;0;0;0;90.40 g;0.40 g;0 mcg;41 mcg;0.09 mg;0.15 mg;1.10 mg;0;0;0;0;0;0;5 mg;0;0;0;166 mg;74 mg;0;19 mg;93.30 mg;0.80 mg;0.40 mg;160 mcg;0;0;0;0;0;0;0;0;0
231;Tapai singkong;Alami;1;100 g;169 kkal;0;0;40.20 g;0;1.40 g;0.30 g;0;0;0;0;0;2 g;0;0;0;0;57.40 g;0.70 g;0 mcg;0 mcg;0 mg;0 mg;0 mg;0;0;0;0;0;0;9 mg;0;0;0;21 mg;34 mg;0;0 mg;0 mg;0.80 mg;0 mg;0 mcg;0;0;0;0;0;0;0;0;0
361;Tauco;Alami;1;100 g;184 kkal;0;0;22.20 g;0;11.40 g;5.50 g;0;0;0;0;0;1.90 g;0;0;0;0;54 g;6.90 g;0 mcg;0 mcg;0.32 mg;0.20 mg;0.80 mg;0;0;0;0;0;0;0 mg;0;0;0;72 mg;463 mg;0;1766 mg;233 mg;6 mg;1 mg;390 mcg;0;0;0;0;0;0;0;0;0
362;Tauco cap beruang, cake;Alami;1;100 g;347 kkal;0;0;67.60 g;0;7.40 g;5.20 g;0;0;0;0;0;3.20 g;0;0;0;0;11.40 g;8.40 g;0 mcg;0 mcg;0.35 mg;0 mg;0 mg;0;0;0;0;0;0;0 mg;0;0;0;63 mg;106 mg;0;0 mg;0 mg;6.20 mg;0 mg;0 mcg;0;0;0;0;0;0;0;0;0
363;Tauco cap DAS, cake;Alami;1;100 g;358 kkal;0;0;70.40 g;0;7.50 g;4.30 g;0;0;0;0;0;3.10 g;0;0;0;0;10.20 g;7.60 g;0 mcg;0 mcg;0.29 mg;0 mg;0 mg;0;0;0;0;0;0;0 mg;0;0;0;94 mg;94 mg;0;0 mg;0 mg;4.50 mg;0 mg;0 mcg;0;0;0;0;0;0;0;0;0
364;Tauco cap meong;Alami;1;100 g;159 kkal;0;0;21.30 g;0;7.40 g;4.90 g;0;0;0;0;0;1.60 g;0;0;0;0;59.70 g;6.70 g;0 mcg;0 mcg;0.46 mg;0.18 mg;0.70 mg;0;0;0;0;0;0;0 mg;0;0;0;183 mg;84 mg;0;1547 mg;204.10 mg;10.10 mg;0.90 mg;340 mcg;0;0;0;0;0;0;0;0;0
365;Tauji cap singa;Alami;1;100 g;277 kkal;0;0;49.60 g;0;9.10 g;4.70 g;0;0;0;0;0;1.20 g;0;0;0;0;30.40 g;6.20 g;0 mcg;0 mcg;0.15 mg;0 mg;0 mg;0;0;0;0;0;0;0 mg;0;0;0;68 mg;106 mg;0;0 mg;0 mg;3 mg;0 mg;0 mcg;0;0;0;0;0;0;0;0;0
533;Tebu terubuk (lilin), segar;Alami;1;100 g;30 kkal;0;0;3 g;0;4.60 g;0.40 g;0;0;0;0;0;0.80 g;0;0;0;0;91 g;1 g;0 mcg;12 mcg;0.08 mg;0.20 mg;1.20 mg;0;0;0;0;0;0;50 mg;0;0;0;40 mg;80 mg;0;699 mg;0 mg;2 mg;1.10 mg;200 mcg;0;0;0;0;0;0;0;0;0
856;Tedong pallu basa, masakan;Alami;1;100 g;83 kkal;0;0;2.80 g;0;10.40 g;3.40 g;0;0;0;0;0;0 g;0;0;0;0;81.70 g;1.70 g;0 mcg;0 mcg;0.09 mg;0.53 mg;9 mg;0;0;0;0;0;0;0 mg;0;0;0;10 mg;139 mg;0;397 mg;34 mg;2.60 mg;1.30 mg;600 mcg;0;0;0;0;0;0;0;0;0
1106;Teh hijau daun kering;Alami;1;100 g;300 kkal;0;0;53.60 g;0;28.30 g;4.80 g;0;0;0;0;0;9.60 g;0;0;0;0;7.70 g;5.60 g;0 mcg;8400 mcg;0.38 mg;1.24 mg;4.60 mg;0;0;0;0;0;0;230 mg;0;0;0;245 mg;415 mg;0;60 mg;5873.90 mg;18.90 mg;0 mg;500 mcg;0;0;0;0;0;0;0;0;0
1107;Teh hitam daun kering;Alami;1;100 g;293 kkal;0;0;58.80 g;0;24.50 g;2.80 g;0;0;0;0;0;8.70 g;0;0;0;0;8 g;5.90 g;0 mcg;2700 mcg;0.07 mg;0.80 mg;7.60 mg;0;0;0;0;0;0;9 mg;0;0;0;327 mg;313 mg;0;50 mg;5854.80 mg;24.30 mg;0 mg;0 mcg;0;0;0;0;0;0;0;0;0
1108;Teh melati daun kering;Alami;1;100 g;299 kkal;0;0;59 g;0;24.10 g;3.50 g;0;0;0;0;0;9.70 g;0;0;0;0;8.10 g;5.30 g;0 mcg;8400 mcg;0.07 mg;0.79 mg;7.30 mg;0;0;0;0;0;0;85 mg;0;0;0;320 mg;185 mg;0;70 mg;5848.40 mg;31.60 mg;0 mg;530 mcg;0;0;0;0;0;0;0;0;0
535;Tekokak kering;Alami;1;100 g;302 kkal;0;0;72.60 g;0;8.30 g;1.70 g;0;0;0;0;0;21.20 g;0;0;0;0;12.30 g;8.10 g;0 mcg;187 mcg;0.40 mg;0.17 mg;5.10 mg;0;0;0;0;0;0;0 mg;0;0;0;370 mg;180 mg;0;9 mg;0 mg;22.20 mg;1 mg;1044200 mcg;0;0;0;0;0;0;0;0;0
534;Tekokak, segar;Alami;1;100 g;34 kkal;0;0;7.90 g;0;2 g;0.10 g;0;0;0;0;0;4.90 g;0;0;0;0;89 g;1 g;0 mcg;23 mcg;0.08 mg;0.05 mg;0.90 mg;0;0;0;0;0;0;8 mg;0;0;0;50 mg;30 mg;0;3 mg;333.30 mg;2 mg;0.20 mg;120 mcg;0;0;0;0;0;0;0;0;0
1034;Tekwan, masakan;Alami;1;100 g;53 kkal;0;0;9.40 g;0;1.90 g;0.90 g;0;0;0;0;0;0 g;0;0;0;0;86.70 g;1.10 g;99 mcg;0 mcg;0.10 mg;0.02 mg;0.40 mg;0;0;0;0;0;0;0 mg;0;0;0;9 mg;41 mg;0;173.60 mg;42 mg;1 mg;0 mg;0 mcg;0;0;0;0;0;0;0;0;0
1049;Telur ayam dadar, masakan;Alami;1;100 g;251 kkal;0;0;1.40 g;0;16.30 g;19.40 g;0;0;0;0;0;0 g;0;0;0;0;61.90 g;1 g;36 mcg;0 mcg;0.21 mg;0 mg;0 mg;0;0;0;0;0;0;0 mg;0;0;0;62 mg;250 mg;0;0 mg;0 mg;2.50 mg;0 mg;0 mcg;0;0;0;0;0;0;0;0;0
1038;Telur ayam kampung, segar;Alami;1;100 g;174 kkal;0;0;1.20 g;0;10.80 g;14 g;0;0;0;0;0;0 g;0;0;0;0;73.10 g;0.90 g;203 mcg;23 mcg;0.78 mg;0.62 mg;0.20 mg;0;0;0;0;0;0;0 mg;0;0;0;68 mg;268 mg;0;190 mg;141 mg;4.90 mg;1.50 mg;600 mcg;0;0;0;0;0;0;0;0;0
1039;Telur ayam ras / telor ayam ras , segar;Alami;1;100 g;154 kkal;0;0;0.70 g;0;12.40 g;10.80 g;0;0;0;0;0;0 g;0;0;0;0;74.30 g;0.80 g;61 mcg;22 mcg;0.12 mg;0.38 mg;0.20 mg;0;0;0;0;0;0;0 mg;0;0;0;86 mg;258 mg;0;142 mg;118.50 mg;3 mg;1 mg;160 mcg;0;0;0;0;0;0;0;0;0
1040;Telur ayam ras bagian kuning, segar;Alami;1;100 g;355 kkal;0;0;0.70 g;0;16.30 g;31.90 g;0;0;0;0;0;0 g;0;0;0;0;49.40 g;1.70 g;606 mcg;63 mcg;0.27 mg;0.51 mg;0.20 mg;0;0;0;0;0;0;0 mg;0;0;0;147 mg;586 mg;0;111 mg;107.50 mg;7.20 mg;2.50 mg;200 mcg;0;0;0;0;0;0;0;0;0
1041;Telur ayam ras bagian putih, segar;Alami;1;100 g;50 kkal;0;0;0.80 g;0;10.80 g;0 g;0;0;0;0;0;0 g;0;0;0;0;87.80 g;0.60 g;0 mcg;0 mcg;0 mg;0.26 mg;0.40 mg;0;0;0;0;0;0;0 mg;0;0;0;6 mg;17 mg;0;164 mg;138.50 mg;0.20 mg;0.40 mg;30 mcg;0;0;0;0;0;0;0;0;0
1042;Telur bebek albino, segar;Alami;1;100 g;187 kkal;0;0;3 g;0;11.80 g;14.20 g;0;0;0;0;0;0 g;0;0;0;0;70 g;1 g;180 mcg;437 mcg;1.55 mg;0.37 mg;0.10 mg;0;0;0;0;0;0;0 mg;0;0;0;60 mg;268 mg;0;115 mg;80 mg;6 mg;1.70 mg;600 mcg;0;0;0;0;0;0;0;0;0
1043;Telur bebek bagian kuning, segar;Alami;1;100 g;386 kkal;0;0;0.80 g;0;17 g;35 g;0;0;0;0;0;0 g;0;0;0;0;47 g;0.20 g;870 mcg;747 mcg;0.60 mg;0.68 mg;1.40 mg;0;0;0;0;0;0;0 mg;0;0;0;150 mg;400 mg;0;106 mg;90.70 mg;7 mg;2.50 mg;90 mcg;0;0;0;0;0;0;0;0;0
1044;Telur bebek bagian putih, segar;Alami;1;100 g;54 kkal;0;0;0.80 g;0;11 g;0 g;0;0;0;0;0;0 g;0;0;0;0;88 g;0.20 g;0 mcg;0 mcg;0.01 mg;0.02 mg;0.10 mg;0;0;0;0;0;0;0 mg;0;0;0;21 mg;20 mg;0;184 mg;150.20 mg;0.10 mg;0.10 mg;130 mcg;0;0;0;0;0;0;0;0;0
1051;Telur bebek dadar, masakan;Alami;1;100 g;301 kkal;0;0;0 g;0;20 g;23.70 g;0;0;0;0;0;0 g;0;0;0;0;55.10 g;1.20 g;122 mcg;0 mcg;0.35 mg;0 mg;0 mg;0;0;0;0;0;0;0 mg;0;0;0;71 mg;600 mg;0;0 mg;0 mg;9.20 mg;0 mg;0 mcg;0;0;0;0;0;0;0;0;0
1045;Telur bebek tambak, segar;Alami;1;100 g;187 kkal;0;0;7.90 g;0;10.90 g;12.40 g;0;0;0;0;0;0 g;0;0;0;0;67.70 g;1.10 g;378 mcg;471 mcg;1.62 mg;0.03 mg;0.10 mg;0;0;0;0;0;0;0 mg;0;0;0;64 mg;295 mg;0;209 mg;146 mg;5.40 mg;1.80 mg;400 mcg;0;0;0;0;0;0;0;0;0
1050;Telur bebek, asin, mentah;Alami;1;100 g;179 kkal;0;0;4.40 g;0;13.60 g;13.30 g;0;0;0;0;0;0 g;0;0;0;0;66.50 g;2.20 g;253 mcg;13 mcg;0.28 mg;0.98 mg;0.60 mg;0;0;0;0;0;0;0 mg;0;0;0;120 mg;157 mg;0;483 mg;140.10 mg;1.80 mg;0 mg;0 mcg;0;0;0;0;0;0;0;0;0
1046;Telur burung maleo, segar;Alami;1;100 g;436 kkal;0;0;0.40 g;0;26.50 g;36.30 g;0;0;0;0;0;0 g;0;0;0;0;36 g;0.80 g;3987 mcg;0 mcg;0 mg;1 mg;0.20 mg;0;0;0;0;0;0;0 mg;0;0;0;154 mg;120 mg;0;77 mg;333 mg;4.30 mg;2.90 mg;400 mcg;0;0;0;0;0;0;0;0;0
1048;Telur burung puyuh, segar;Alami;1;100 g;116 kkal;0;0;1.60 g;0;10.70 g;7 g;0;0;0;0;0;0 g;0;0;0;0;79.80 g;0.90 g;95 mcg;80 mcg;0.13 mg;0.65 mg;0.10 mg;0;0;0;0;0;0;0 mg;0;0;0;65 mg;191 mg;0;111 mg;11 mg;3.50 mg;1.20 mg;50 mcg;0;0;0;0;0;0;0;0;0
1047;Telur penyu, segar;Alami;1;100 g;136 kkal;0;0;2.70 g;0;8.60 g;10.10 g;0;0;0;0;0;0 g;0;0;0;0;7.40 g;1.20 g;82 mcg;17 mcg;0.21 mg;0.02 mg;0 mg;0;0;0;0;0;0;0 mg;0;0;0;66 mg;282 mg;0;478 mg;115 mg;3.40 mg;1.40 mg;500 mcg;0;0;0;0;0;0;0;0;0
366;Tempe bongkrek;Alami;1;100 g;119 kkal;0;0;18.30 g;0;4.40 g;3.50 g;0;0;0;0;0;0 g;0;0;0;0;72.50 g;146.30 g;0 mcg;0 mcg;0.08 mg;0 mg;0 mg;0;0;0;0;0;0;0 mg;0;0;0;27 mg;100 mg;0;0 mg;0 mg;2.60 mg;0 mg;0 mcg;0;0;0;0;0;0;0;0;0
367;Tempe gembus P3G;Alami;1;100 g;73 kkal;0;0;10.30 g;0;5.70 g;1.30 g;0;0;0;0;0;4.20 g;0;0;0;0;81.90 g;0.80 g;0 mcg;0 mcg;0.09 mg;0.10 mg;0.90 mg;0;0;0;0;0;0;0 mg;0;0;0;204 mg;80 mg;0;0 mg;0 mg;1.50 mg;0 mg;0 mcg;0;0;0;0;0;0;0;0;0
368;Tempe gembus yogya;Alami;1;100 g;76 kkal;0;0;10.60 g;0;6.80 g;0.70 g;0;0;0;0;0;5.30 g;0;0;0;0;80.70 g;1.10 g;0 mcg;0 mcg;0.79 mg;0.01 mg;0.10 mg;0;0;0;0;0;0;0 mg;0;0;0;76 mg;142 mg;0;0 mg;0 mg;16.50 mg;0 mg;0 mcg;0;0;0;0;0;0;0;0;0
369;Tempe kacang babi;Alami;1;100 g;139 kkal;0;0;21.90 g;0;12.50 g;0.80 g;0;0;0;0;0;1.80 g;0;0;0;0;64 g;1.20 g;0 mcg;0 mcg;0.10 mg;0 mg;0 mg;0;0;0;0;0;0;0 mg;0;0;0;68 mg;182 mg;0;0 mg;0 mg;2.60 mg;0 mg;0 mcg;0;0;0;0;0;0;0;0;0
370;Tempe kacang belimbing;Alami;1;100 g;212 kkal;0;0;12.90 g;0;17.50 g;10 g;0;0;0;0;0;2.90 g;0;0;0;0;58.20 g;1.40 g;0 mcg;0 mcg;0.20 mg;0 mg;0 mg;0;0;0;0;0;0;0 mg;0;0;0;186 mg;160 mg;0;0 mg;0 mg;2.20 mg;0 mg;0 mcg;0;0;0;0;0;0;0;0;0
371;Tempe kedelai + jagung;Alami;1;100 g;143 kkal;0;0;11.40 g;0;12 g;5.50 g;0;0;0;0;0;1.90 g;0;0;0;0;70.60 g;0.60 g;0 mcg;0 mcg;0.33 mg;0.15 mg;1.20 mg;0;0;0;0;0;0;0 mg;0;0;0;155 mg;156 mg;0;0 mg;0 mg;6.80 mg;0 mg;0 mcg;0;0;0;0;0;0;0;0;0
372;Tempe kedelai murni goreng;Alami;1;100 g;350 kkal;0;0;10.40 g;0;24.50 g;26.60 g;0;0;0;0;0;4.20 g;0;0;0;0;36.80 g;1.80 g;0 mcg;0 mcg;0.24 mg;0.60 mg;3.30 mg;0;0;0;0;0;0;0 mg;0;0;0;202 mg;296 mg;0;22 mg;626.70 mg;4.90 mg;2.50 mg;800 mcg;0;0;0;0;0;0;0;0;0
373;Tempe kedelai murni mentah;Alami;1;100 g;201 kkal;0;0;13.50 g;0;20.80 g;8.80 g;0;0;0;0;0;1.40 g;0;0;0;0;55.30 g;1.60 g;0 mcg;0 mcg;0.19 mg;0.59 mg;4.90 mg;0;0;0;0;0;0;0 mg;0;0;0;155 mg;326 mg;0;9 mg;234 mg;4 mg;1.70 mg;570 mcg;0;0;0;0;0;0;0;0;0
374;Tempe koro benguk;Alami;1;100 g;141 kkal;0;0;23.20 g;0;10.20 g;1.30 g;0;0;0;0;0;0 g;0;0;0;0;64 g;1.30 g;0 mcg;0 mcg;0.09 mg;0 mg;0 mg;0;0;0;0;0;0;0 mg;0;0;0;42 mg;15 mg;0;0 mg;0 mg;2.60 mg;0 mg;0 mcg;0;0;0;0;0;0;0;0;0
375;Tempe lamtoro;Alami;1;100 g;128 kkal;0;0;21.30 g;0;10.70 g;0.50 g;0;0;0;0;0;7.10 g;0;0;0;0;66.80 g;0.70 g;0 mcg;0 mcg;0.17 mg;0 mg;0 mg;0;0;0;0;0;0;2 mg;0;0;0;203 mg;108 mg;0;0 mg;0 mg;0.60 mg;0 mg;0 mcg;0;0;0;0;0;0;0;0;0
376;Tempe lamtoro var. gung dengan kuit;Alami;1;100 g;146 kkal;0;0;19.60 g;0;11.70 g;2.30 g;0;0;0;0;0;7.60 g;0;0;0;0;65.10 g;1.30 g;0 mcg;0 mcg;0.19 mg;0 mg;1.40 mg;0;0;0;0;0;0;0 mg;0;0;0;128 mg;41 mg;0;0 mg;0 mg;6.80 mg;0 mg;0 mcg;0;0;0;0;0;0;0;0;0
377;Tempe lamtoro var. gung tanpa kuit;Alami;1;100 g;131 kkal;0;0;13 g;0;18 g;0.80 g;0;0;0;0;0;1.30 g;0;0;0;0;67.10 g;1.10 g;0 mcg;0 mcg;0.20 mg;0.02 mg;2.60 mg;0;0;0;0;0;0;0 mg;0;0;0;95 mg;154 mg;0;0 mg;0 mg;12.40 mg;0 mg;0 mcg;0;0;0;0;0;0;0;0;0
378;Tempe pasar;Alami;1;100 g;150 kkal;0;0;9.10 g;0;14 g;7.70 g;0;0;0;0;0;1.40 g;0;0;0;0;68.30 g;0.90 g;0 mcg;0 mcg;0.17 mg;0.44 mg;3.60 mg;0;0;0;0;0;0;0 mg;0;0;0;517 mg;202 mg;0;7 mg;165.90 mg;1.50 mg;1.20 mg;400 mcg;0;0;0;0;0;0;0;0;0
379;Tempe pasar goreng;Alami;1;100 g;336 kkal;0;0;7.80 g;0;20 g;28 g;0;0;0;0;0;3.40 g;0;0;0;0;42.90 g;1.30 g;0 mcg;0 mcg;0.10 mg;0.50 mg;3 mg;0;0;0;0;0;0;0 mg;0;0;0;156 mg;350 mg;0;20 mg;566.20 mg;3 mg;2.20 mg;800 mcg;0;0;0;0;0;0;0;0;0
1142;Tempoya;Alami;1;100 g;110 kkal;0;0;21.90 g;0;1.70 g;1.30 g;0;0;0;0;0;2.60 g;0;0;0;0;70.10 g;5 g;0 mcg;71 mcg;0.30 mg;0.04 mg;1.10 mg;0;0;0;0;0;0;0 mg;0;0;0;190 mg;45 mg;0;597 mg;486.30 mg;2.90 mg;0 mg;0 mcg;0;0;0;0;0;0;0;0;0
232;Tepung Arrowroot;Alami;1;100 g;355 kkal;0;0;85.20 g;0;0.70 g;0.20 g;0;0;0;0;0;0.40 g;0;0;0;0;13.60 g;0.30 g;0 mcg;20 mcg;0.09 mg;0 mg;0 mg;0;0;0;0;0;0;0 mg;0;0;0;8 mg;22 mg;0;2 mg;10.70 mg;1.50 mg;0.10 mg;0 mcg;0;0;0;0;0;0;0;0;0
233;Tepung Ganyong;Alami;1;100 g;353 kkal;0;0;83.60 g;0;0.80 g;1.70 g;0;0;0;0;0;0.70 g;0;0;0;0;13.60 g;0.30 g;0 mcg;0 mcg;0.02 mg;0 mg;0.90 mg;0;0;0;0;0;0;1 mg;0;0;0;4 mg;31 mg;0;3 mg;63.50 mg;3.30 mg;0.30 mg;100 mcg;0;0;0;0;0;0;0;0;0
234;Tepung Gaplek;Alami;1;100 g;345 kkal;0;0;83.10 g;0;2.40 g;0.40 g;0;0;0;0;0;6.70 g;0;0;0;0;13 g;1.10 g;0 mcg;1 mcg;0.30 mg;0.20 mg;0.10 mg;0;0;0;0;0;0;0 mg;0;0;0;18 mg;95 mg;0;6 mg;55 mg;1.50 mg;1.20 mg;400 mcg;0;0;0;0;0;0;0;0;0
380;Tepung hunkwe (pati kacang ijo);Alami;1;100 g;364 kkal;0;0;83.50 g;0;4.50 g;1 g;0;0;0;0;0;16.10 g;0;0;0;0;10 g;1 g;0 mcg;1000 mcg;0 mg;0.23 mg;2.20 mg;0;0;0;0;0;0;0 mg;0;0;0;50 mg;100 mg;0;15 mg;1232.90 mg;1 mg;2.70 mg;930 mcg;0;0;0;0;0;0;0;0;0
381;Tepung Jalejo;Alami;1;100 g;347 kkal;0;0;61.20 g;0;19 g;7.50 g;0;0;0;0;0;5.80 g;0;0;0;0;10 g;2.30 g;0 mcg;0 mcg;0.02 mg;0.70 mg;1.60 mg;0;0;0;0;0;0;9 mg;0;0;0;101 mg;663 mg;0;3 mg;712 mg;2 mg;1.90 mg;600 mcg;0;0;0;0;0;0;0;0;0
382;Tepung kacang kedelai;Alami;1;100 g;347 kkal;0;0;29.90 g;0;35.90 g;20.60 g;0;0;0;0;0;5.80 g;0;0;0;0;9 g;4 g;0 mcg;0 mcg;0.77 mg;0.32 mg;2.10 mg;0;0;0;0;0;0;0 mg;0;0;0;195 mg;544 mg;0;52 mg;2522.50 mg;8.40 mg;2.60 mg;4303450 mcg;0;0;0;0;0;0;0;0;0
235;Tepung kentang;Alami;1;100 g;347 kkal;0;0;85.60 g;0;0.30 g;0.10 g;0;0;0;0;0;0.40 g;0;0;0;0;13 g;1 g;0 mcg;0 mcg;0.04 mg;0 mg;0.40 mg;0;0;0;0;0;0;0 mg;0;0;0;20 mg;30 mg;0;51 mg;156.30 mg;0.50 mg;0.50 mg;200 mcg;0;0;0;0;0;0;0;0;0
236;Tepung Mocaf;Alami;1;100 g;350 kkal;0;0;85 g;0;1.20 g;0.60 g;0;0;0;0;0;6 g;0;0;0;0;11.90 g;1.30 g;0 mcg;0 mcg;0.02 mg;0.02 mg;0.70 mg;0;0;0;0;0;0;2 mg;0;0;0;60 mg;64 mg;0;8 mg;403 mg;15.80 mg;0.60 mg;100 mcg;0;0;0;0;0;0;0;0;0
735;Tepung Pisang;Alami;1;100 g;338 kkal;0;0;80.60 g;0;2.90 g;0.40 g;0;0;0;0;0;5.30 g;0;0;0;0;13.80 g;2.10 g;0 mcg;13 mcg;0.02 mg;0.02 mg;1 mg;0;0;0;0;0;0;2 mg;0;0;0;23 mg;62 mg;0;18 mg;734 mg;4 mg;0.50 mg;100 mcg;0;0;0;0;0;0;0;0;0
2061;Tepung sagu;Alami;1;100 g;354 kkal;0;0;87.55 g;0;0.42 g;0.05 g;0;0;0;0;0;0;0;0;0;0;0;0;0;0;0;0;0;0;0;0;0;0;0;0;0;0;0;0;0;0;1 mg;16 mg;0;0;0;0;0;0;0;0;0;0;0;0
237;Tepung Sente;Alami;1;100 g;326 kkal;0;0;76.70 g;0;4 g;0.40 g;0;0;0;0;0;8.50 g;0;0;0;0;15.30 g;3.60 g;0 mcg;0 mcg;0.02 mg;0.20 mg;7.70 mg;0;0;0;0;0;0;0 mg;0;0;0;41 mg;141 mg;0;14 mg;1602 mg;3.50 mg;1.40 mg;400 mcg;0;0;0;0;0;0;0;0;0
238;Tepung singkong / Tapioka;Alami;1;100 g;363 kkal;0;0;88.20 g;0;1.10 g;0.50 g;0;0;0;0;0;0.90 g;0;0;0;0;9.10 g;1.10 g;0 mcg;0 mcg;0.04 mg;0 mg;0.40 mg;0;0;0;0;0;0;0 mg;0;0;0;84 mg;125 mg;0;1 mg;7.10 mg;1 mg;0.10 mg;0 mcg;0;0;0;0;0;0;0;0;0
736;Tepung Sukun;Alami;1;100 g;353 kkal;0;0;84.40 g;0;2.90 g;0.50 g;0;0;0;0;0;3.70 g;0;0;0;0;10.10 g;2.10 g;0 mcg;0 mcg;0.40 mg;0.02 mg;0.10 mg;0;0;0;0;0;0;3 mg;0;0;0;100 mg;85 mg;0;9 mg;2008 mg;4.60 mg;0.60 mg;100 mcg;0;0;0;0;0;0;0;0;0
239;Tepung Tales Banten;Alami;1;100 g;332 kkal;0;0;76.10 g;0;5.70 g;0.60 g;0;0;0;0;0;12.20 g;0;0;0;0;12.20 g;5.50 g;0 mcg;0 mcg;0.02 mg;0.10 mg;0.30 mg;0;0;0;0;0;0;0 mg;0;0;0;59 mg;302 mg;0;7 mg;1404 mg;10.70 mg;6.20 mg;800 mcg;0;0;0;0;0;0;0;0;0
46;Tepung terigu;Alami;1;100 g;333 kkal;0;0;77.20 g;0;9 g;1 g;0;0;0;0;0;0.30 g;0;0;0;0;11.80 g;1 g;0 mcg;0 mcg;0.10 mg;0.07 mg;1 mg;0;0;0;0;0;0;0 mg;0;0;0;22 mg;150 mg;0;2 mg;0 mg;1.30 mg;2.80 mg;0 mcg;0;0;0;0;0;0;0;0;0
240;Tepung Ubi Ungu;Alami;1;100 g;354 kkal;0;0;84.40 g;0;2.80 g;0.60 g;0;0;0;0;0;12.90 g;0;0;0;0;9.40 g;2.80 g;0 mcg;0 mcg;0.40 mg;0.02 mg;0 mg;0;0;0;0;0;0;0 mg;0;0;0;89 mg;125 mg;0;42 mg;940 mg;3.90 mg;0.60 mg;800 mcg;0;0;0;0;0;0;0;0;0
1143;Terasi;Alami;1;100 g;155 kkal;0;0;9.90 g;0;22.30 g;2.90 g;0;0;0;0;0;2.70 g;0;0;0;0;33.80 g;31.10 g;0 mcg;0 mcg;0.24 mg;0 mg;3.30 mg;0;0;0;0;0;0;0 mg;0;0;0;3812 mg;726 mg;0;1664 mg;821.40 mg;78.50 mg;2.40 mg;990 mcg;0;0;0;0;0;0;0;0;0
1144;Terasi dobo;Alami;1;100 g;191 kkal;0;0;6.60 g;0;33.10 g;3.60 g;0;0;0;0;0;1.60 g;0;0;0;0;58.40 g;11.50 g;0 mcg;0 mcg;3.74 mg;0.22 mg;2 mg;0;0;0;0;0;0;0 mg;0;0;0;2250 mg;1130 mg;0;650 mg;1260 mg;22.90 mg;5 mg;2900 mcg;0;0;0;0;0;0;0;0;0
1145;Terasi merah;Alami;1;100 g;174 kkal;0;0;5.60 g;0;30 g;3.50 g;0;0;0;0;0;2.20 g;0;0;0;0;40 g;20.40 g;0 mcg;0 mcg;0 mg;0.12 mg;1.70 mg;0;0;0;0;0;0;0 mg;0;0;0;100 mg;150 mg;0;7850 mg;302.80 mg;3.10 mg;1.20 mg;490 mcg;0;0;0;0;0;0;0;0;0
1035;Teri belado, masakan;Alami;1;100 g;365 kkal;0;0;17.50 g;0;23.70 g;22.30 g;0;0;0;0;0;0 g;0;0;0;0;25.80 g;10.90 g;27 mcg;0 mcg;0.13 mg;0 mg;0 mg;0;0;0;0;0;0;0 mg;0;0;0;869 mg;348 mg;0;0 mg;0 mg;4 mg;0 mg;0 mcg;0;0;0;0;0;0;0;0;0
992;Teripang, dendeng, mentah;Alami;1;100 g;462 kkal;0;0;3.50 g;0;39.10 g;32.40 g;0;0;0;0;0;0 g;0;0;0;0;12.50 g;12.50 g;2 mcg;0 mcg;1.37 mg;0 mg;5.30 mg;0;0;0;0;0;0;0 mg;0;0;0;499 mg;616 mg;0;0 mg;0 mg;96.40 mg;0 mg;0 mcg;0;0;0;0;0;0;0;0;0
537;Terong asam, segar;Alami;1;100 g;37 kkal;0;0;6.30 g;0;2 g;0.40 g;0;0;0;0;0;3.20 g;0;0;0;0;90.50 g;0.80 g;0 mcg;97 mcg;0.20 mg;0.10 mg;0.80 mg;0;0;0;0;0;0;4 mg;0;0;0;13 mg;59 mg;0;3 mg;155 mg;1.50 mg;0.30 mg;300 mcg;0;0;0;0;0;0;0;0;0
540;Terong hintalo, segar;Alami;1;100 g;45 kkal;0;0;7.50 g;0;1.90 g;0.80 g;0;0;0;0;0;5.10 g;0;0;0;0;89.20 g;0.60 g;0 mcg;552 mcg;0.20 mg;0.40 mg;0 mg;0;0;0;0;0;0;4 mg;0;0;0;19 mg;268 mg;0;167 mg;142 mg;1 mg;0.20 mg;600 mcg;0;0;0;0;0;0;0;0;0
536;Terong, segar;Alami;1;100 g;28 kkal;0;0;5.50 g;0;1.10 g;0.20 g;0;0;0;0;0;2.10 g;0;0;0;0;92.70 g;0.50 g;0 mcg;46 mcg;0.04 mg;0.03 mg;0.50 mg;0;0;0;0;0;0;5 mg;0;0;0;15 mg;37 mg;0;9 mg;187 mg;0.40 mg;0.10 mg;100 mcg;0;0;0;0;0;0;0;0;0
538;Terung belanda, segar;Alami;1;100 g;52 kkal;0;0;8.60 g;0;2.10 g;1.10 g;0;0;0;0;0;1.40 g;0;0;0;0;87.30 g;1 g;0 mcg;0 mcg;0.42 mg;0.06 mg;0 mg;0;0;0;0;0;0;12 mg;0;0;0;16 mg;40 mg;0;0 mg;0 mg;1.10 mg;0 mg;0 mcg;0;0;0;0;0;0;0;0;0
539;Terung bengkulu, segar;Alami;1;100 g;52 kkal;0;0;11.20 g;0;1.10 g;0.40 g;0;0;0;0;0;3.20 g;0;0;0;0;86.60 g;0.80 g;0 mcg;85 mcg;0.23 mg;0.04 mg;0 mg;0;0;0;0;0;0;6 mg;0;0;0;19 mg;39 mg;0;14 mg;0 mg;1.10 mg;1 mg;160 mcg;0;0;0;0;0;0;0;0;0
567;Terung panjang kukus;Alami;1;100 g;23 kkal;0;0;4.90 g;0;1.80 g;0.10 g;0;0;0;0;0;0.40 g;0;0;0;0;92.70 g;0.50 g;0 mcg;99 mcg;0 mg;0.07 mg;0.70 mg;0;0;0;0;0;0;1 mg;0;0;0;40 mg;13 mg;0;9 mg;57 mg;0.50 mg;0.20 mg;67100 mcg;0;0;0;0;0;0;0;0;0
541;Terung panjang, segar;Alami;1;100 g;25 kkal;0;0;5.30 g;0;2.10 g;0.10 g;0;0;0;0;0;0.50 g;0;0;0;0;91.80 g;0.70 g;0 mcg;83 mcg;0.15 mg;0.06 mg;0.70 mg;0;0;0;0;0;0;8 mg;0;0;0;38 mg;24 mg;0;9 mg;53.70 mg;0.70 mg;0.20 mg;90 mcg;0;0;0;0;0;0;0;0;0
857;Tikus rica, masakan;Alami;1;100 g;257 kkal;0;0;3.80 g;0;18.80 g;18.50 g;0;0;0;0;0;0 g;0;0;0;0;54.90 g;4 g;674 mcg;0 mcg;0.28 mg;0.38 mg;0 mg;0;0;0;0;0;0;0 mg;0;0;0;232 mg;293 mg;0;1724 mg;308 mg;6.50 mg;2.30 mg;500 mcg;0;0;0;0;0;0;0;0;0
606;Tinira ninahu nggaluku;Alami;1;100 g;33 kkal;0;0;4.10 g;0;1.20 g;1.30 g;0;0;0;0;0;3.10 g;0;0;0;0;91.80 g;1.50 g;0 mcg;6 mcg;0.30 mg;0 mg;3.50 mg;0;0;0;0;0;0;10 mg;0;0;0;35 mg;35 mg;0;161 mg;119 mg;0 mg;0.70 mg;200 mcg;0;0;0;0;0;0;0;0;0
858;Tinoransa, masakan;Alami;1;100 g;516 kkal;0;0;0 g;0;17.70 g;49.50 g;0;0;0;0;0;0 g;0;0;0;0;31.60 g;1.20 g;710 mcg;0 mcg;0.29 mg;0.17 mg;0 mg;0;0;0;0;0;0;0 mg;0;0;0;698 mg;684 mg;0;1307 mg;320 mg;3.50 mg;1.80 mg;100 mcg;0;0;0;0;0;0;0;0;0
131;Tipa-tipa;Alami;1;100 g;355 kkal;0;0;79.80 g;0;6.20 g;1.20 g;0;0;0;0;0;1.30 g;0;0;0;0;11.30 g;1.50 g;0 mcg;0 mcg;0.26 mg;0.04 mg;1.50 mg;0;0;0;0;0;0;0 mg;0;0;0;17 mg;328 mg;0;0 mg;0 mg;1.60 mg;0 mg;0 mcg;0;0;0;0;0;0;0;0;0
241;Tiwul;Alami;1;100 g;353 kkal;0;0;83.40 g;0;2.40 g;1.10 g;0;0;0;0;0;6.50 g;0;0;0;0;11.20 g;1.60 g;0 mcg;0 mcg;0.02 mg;0.02 mg;0.10 mg;0;0;0;0;0;0;3 mg;0;0;0;55 mg;95 mg;0;5 mg;670 mg;4.70 mg;0.80 mg;200 mcg;0;0;0;0;0;0;0;0;0
242;Tiwul Instan;Alami;1;100 g;395 kkal;0;0;76.50 g;0;3.20 g;8.50 g;0;0;0;0;0;4.20 g;0;0;0;0;9.10 g;2.70 g;0 mcg;0 mcg;0.40 mg;0.20 mg;0.20 mg;0;0;0;0;0;0;4 mg;0;0;0;81 mg;81 mg;0;377 mg;469 mg;5.80 mg;1.20 mg;2100 mcg;0;0;0;0;0;0;0;0;0
543;Tomat merah, segar;Alami;1;100 g;24 kkal;0;0;4.70 g;0;1.30 g;0.50 g;0;0;0;0;0;1.50 g;0;0;0;0;92.90 g;0.60 g;0 mcg;575 mcg;0.06 mg;0.07 mg;0.40 mg;0;0;0;0;0;0;34 mg;0;0;0;8 mg;77 mg;0;10 mg;164.90 mg;0.60 mg;0.20 mg;140 mcg;0;0;0;0;0;0;0;0;0
544;Tomat muda, segar;Alami;1;100 g;24 kkal;0;0;3.30 g;0;2 g;0.70 g;0;0;0;0;0;1.80 g;0;0;0;0;93 g;2 g;0 mcg;384 mcg;0.07 mg;0.04 mg;0.70 mg;0;0;0;0;0;0;30 mg;0;0;0;5 mg;27 mg;0;10 mg;210 mg;0.50 mg;0.20 mg;70 mcg;0;0;0;0;0;0;0;0;0
542;Tomat, air (sari), segar;Alami;1;100 g;20 kkal;0;0;3.50 g;0;1 g;0.20 g;0;0;0;0;0;0.40 g;0;0;0;0;94 g;1.30 g;0 mcg;266 mcg;0.05 mg;0.03 mg;0.70 mg;0;0;0;0;0;0;10 mg;0;0;0;7 mg;15 mg;0;10 mg;225.20 mg;0.40 mg;0.10 mg;60 mcg;0;0;0;0;0;0;0;0;0
1254;Top sirloin;Alami;1;100 g;127 kkal;0;0;0.01 g;0;21.77 g;4.45 g;0;0;0;0;0;0;0;0;0;0;0;0;0;0;0;0;0;0;0;0;0;0;0;0;0;0;0;0;0;0;0;0;0;0;0;0;0;0;0;0;0;0;0;0
1036;Tumis bandeng, masakan;Alami;1;100 g;189 kkal;0;0;0.60 g;0;11.30 g;15.70 g;0;0;0;0;0;0 g;0;0;0;0;70.50 g;1.90 g;579 mcg;0 mcg;0.46 mg;0.02 mg;0 mg;0;0;0;0;0;0;0 mg;0;0;0;56 mg;129 mg;0;314 mg;280 mg;0.40 mg;0.70 mg;100 mcg;0;0;0;0;0;0;0;0;0
607;Tumis bayam bersantan;Alami;1;100 g;48 kkal;0;0;2.60 g;0;1.40 g;4.20 g;0;0;0;0;0;0.50 g;0;0;0;0;91.20 g;0.60 g;0 mcg;0 mcg;0.01 mg;0 mg;0 mg;0;0;0;0;0;0;22 mg;0;0;0;129 mg;27 mg;0;0 mg;0 mg;0.80 mg;0 mg;0 mcg;0;0;0;0;0;0;0;0;0
1037;Tumis keumamah;Alami;1;100 g;300 kkal;0;0;15.50 g;0;14.50 g;20 g;0;0;0;0;0;4.50 g;0;0;0;0;45.70 g;4.30 g;0 mcg;8 mcg;0.63 mg;0.04 mg;0 mg;0;0;0;0;0;0;7 mg;0;0;0;0 mg;0 mg;0;0 mg;0 mg;0 mg;0 mg;0 mcg;0;0;0;0;0;0;0;0;0
243;Ubi Cilembu;Alami;1;100 g;186 kkal;0;0;44.30 g;0;1.90 g;0.20 g;0;0;0;0;0;3.40 g;0;0;0;0;52.70 g;0.90 g;0 mcg;26 mcg;0.02 mg;0.20 mg;0 mg;0;0;0;0;0;0;0 mg;0;0;0;37 mg;51 mg;0;1 mg;61.90 mg;0.60 mg;0.20 mg;100 mcg;0;0;0;0;0;0;0;0;0
179;Ubi jalar kuning kukus;Alami;1;100 g;100 kkal;0;0;23.80 g;0;0.70 g;0.30 g;0;0;0;0;0;1 g;0;0;0;0;74.20 g;1 g;0 mcg;819 mcg;0 mg;0.10 mg;0.60 mg;0;0;0;0;0;0;16 mg;0;0;0;44 mg;46 mg;0;3 mg;0.80 mg;0.40 mg;0.20 mg;100 mcg;0;0;0;0;0;0;0;0;0
163;Ubi jalar kuning, segar;Alami;1;100 g;119 kkal;0;0;25.10 g;0;0.50 g;0.40 g;0;0;0;0;0;4.20 g;0;0;0;0;72.60 g;1 g;0 mcg;794 mcg;0.06 mg;0.07 mg;0.70 mg;0;0;0;0;0;0;21 mg;0;0;0;30 mg;40 mg;0;3 mg;1 mg;0.40 mg;0.20 mg;100 mcg;0;0;0;0;0;0;0;0;0
164;Ubi jalar manis, segar;Alami;1;100 g;83 kkal;0;0;18.80 g;0;1.50 g;0.20 g;0;0;0;0;0;0.60 g;0;0;0;0;78.40 g;1.10 g;0 mcg;0 mcg;0.02 mg;0 mg;0.40 mg;0;0;0;0;0;0;0 mg;0;0;0;27 mg;162 mg;0;52 mg;320.70 mg;2.10 mg;0.30 mg;100 mcg;0;0;0;0;0;0;0;0;0
165;Ubi jalar merah, segar;Alami;1;100 g;151 kkal;0;0;35.40 g;0;1.60 g;0.30 g;0;0;0;0;0;0.70 g;0;0;0;0;61.90 g;0.60 g;0 mcg;0 mcg;0.13 mg;0.08 mg;0.70 mg;0;0;0;0;0;0;11 mg;0;0;0;29 mg;74 mg;0;92 mg;565.60 mg;0.70 mg;0.50 mg;300 mcg;0;0;0;0;0;0;0;0;0
166;Ubi jalar putih, segar;Alami;1;100 g;88 kkal;0;0;20.60 g;0;0.40 g;0.40 g;0;0;0;0;0;4 g;0;0;0;0;77.80 g;0.80 g;0 mcg;13 mcg;0.25 mg;0.06 mg;0.50 mg;0;0;0;0;0;0;36 mg;0;0;0;30 mg;10 mg;0;2 mg;4 mg;0.50 mg;0.20 mg;100 mcg;0;0;0;0;0;0;0;0;0
167;Ubi jalar tinta / kemayung;Alami;1;100 g;108 kkal;0;0;25.60 g;0;0.50 g;0.40 g;0;0;0;0;0;4.20 g;0;0;0;0;72.50 g;1 g;0 mcg;13 mcg;0.09 mg;0.06 mg;0.60 mg;0;0;0;0;0;0;24 mg;0;0;0;30 mg;40 mg;0;1 mg;1 mg;0.50 mg;0.20 mg;100 mcg;0;0;0;0;0;0;0;0;0
180;Ubi jalar tinta / kemayung kukus;Alami;1;100 g;165 kkal;0;0;39.80 g;0;0.90 g;0.20 g;0;0;0;0;0;1.10 g;0;0;0;0;58.50 g;0.60 g;0 mcg;0 mcg;0.02 mg;0.10 mg;0.50 mg;0;0;0;0;0;0;0 mg;0;0;0;20 mg;23 mg;0;1 mg;0.90 mg;0.80 mg;0.20 mg;100 mcg;0;0;0;0;0;0;0;0;0
545;Uceng / bunga melinjo, segar;Alami;1;100 g;82 kkal;0;0;11.70 g;0;5.80 g;1.30 g;0;0;0;0;0;4.80 g;0;0;0;0;79.50 g;1.70 g;0 mcg;0 mcg;0.11 mg;0.15 mg;0 mg;0;0;0;0;0;0;3 mg;0;0;0;70 mg;266 mg;0;0 mg;0 mg;2.40 mg;0 mg;0 mcg;0;0;0;0;0;0;0;0;0
941;Udang besar, segar;Alami;1;100 g;56 kkal;0;0;1.20 g;0;11.40 g;0.60 g;0;0;0;0;0;0 g;0;0;0;0;85.50 g;1.30 g;0 mcg;0 mcg;0.14 mg;0 mg;0.10 mg;0;0;0;0;0;0;0 mg;0;0;0;30 mg;20 mg;0;190 mg;210 mg;0.30 mg;0.80 mg;400 mcg;0;0;0;0;0;0;0;0;0
940;Udang galah, segar;Alami;1;100 g;81 kkal;0;0;3 g;0;16.50 g;0.30 g;0;0;0;0;0;0 g;0;0;0;0;79 g;1.20 g;0 mcg;3 mcg;0.24 mg;0.03 mg;2.90 mg;0;0;0;0;0;0;0 mg;0;0;0;87 mg;167 mg;0;95 mg;132 mg;0.70 mg;1.20 mg;700 mcg;0;0;0;0;0;0;0;0;0
993;Udang kering, mentah;Alami;1;100 g;278 kkal;0;0;2.20 g;0;62.60 g;4.10 g;0;0;0;0;0;0 g;0;0;0;0;14.90 g;16.20 g;39 mcg;0 mcg;0 mg;0 mg;0.10 mg;0;0;0;0;0;0;0 mg;0;0;0;760 mg;510 mg;0;540 mg;360 mg;5.20 mg;3.20 mg;2400 mcg;0;0;0;0;0;0;0;0;0
994;Udang papay, mentah;Alami;1;100 g;273 kkal;0;0;12.50 g;0;47.80 g;3.80 g;0;0;0;0;0;0 g;0;0;0;0;24.50 g;11.50 g;0 mcg;0 mcg;0 mg;0 mg;0 mg;0;0;0;0;0;0;0 mg;0;0;0;1109 mg;789 mg;0;651 mg;802 mg;2.40 mg;10.80 mg;2600 mcg;0;0;0;0;0;0;0;0;0
942;Udang segar;Alami;1;100 g;91 kkal;0;0;0.10 g;0;21 g;0.20 g;0;0;0;0;0;0 g;0;0;0;0;75 g;3.70 g;18 mcg;4 mcg;0.01 mg;0.40 mg;3.70 mg;0;0;0;0;0;0;0 mg;0;0;0;136 mg;170 mg;0;178 mg;222.40 mg;8 mg;1.30 mg;300 mcg;0;0;0;0;0;0;0;0;0
770;Ulat sagu segar;Alami;1;100 g;241 kkal;0;0;5.80 g;0;5.80 g;21.60 g;0;0;0;0;0;2.80 g;0;0;0;0;65.90 g;0.90 g;0 mcg;0 mcg;0.17 mg;1.45 mg;0.10 mg;0;0;0;0;0;0;0 mg;0;0;0;20 mg;70 mg;0;210 mg;210 mg;0.50 mg;7.70 mg;1000 mcg;0;0;0;0;0;0;0;0;0
790;Ulat sagu, panggang;Alami;1;100 g;380 kkal;0;0;14.90 g;0;11.90 g;30.30 g;0;0;0;0;0;4.80 g;0;0;0;0;41.30 g;1.60 g;0 mcg;0 mcg;0.50 mg;2.50 mg;0.10 mg;0;0;0;0;0;0;0 mg;0;0;0;30 mg;120 mg;0;260 mg;550 mg;1.50 mg;14.20 mg;3100 mcg;0;0;0;0;0;0;0;0;0
244;Uli batatas;Alami;1;100 g;150 kkal;0;0;27.40 g;0;1.10 g;4 g;0;0;0;0;0;0 g;0;0;0;0;66.50 g;1 g;0 mcg;0 mcg;0.53 mg;0 mg;1.30 mg;0;0;0;0;0;0;0 mg;0;0;0;0 mg;23 mg;0;6 mg;112 mg;0.10 mg;0.20 mg;100 mcg;0;0;0;0;0;0;0;0;0
168;Umbi Uwi, segar;Alami;1;100 g;120 kkal;0;0;82.30 g;0;2.80 g;0.50 g;0;0;0;0;0;2.60 g;0;0;0;0;69.70 g;0.90 g;0 mcg;0 mcg;0.02 mg;0.50 mg;0.20 mg;0;0;0;0;0;0;4 mg;0;0;0;9 mg;42 mg;0;12 mg;412 mg;1.30 mg;0.60 mg;300 mcg;0;0;0;0;0;0;0;0;0
546;Umbut kelapa, segar;Alami;1;100 g;39 kkal;0;0;7.20 g;0;2 g;0.20 g;0;0;0;0;0;2.50 g;0;0;0;0;89.30 g;1.30 g;0 mcg;16 mcg;0.10 mg;0.10 mg;0 mg;0;0;0;0;0;0;8 mg;0;0;0;57 mg;49 mg;0;4 mg;447 mg;0 mg;1.40 mg;200 mcg;0;0;0;0;0;0;0;0;0
547;Umbut rotan;Alami;1;100 g;34 kkal;0;0;5.50 g;0;2.40 g;0.30 g;0;0;0;0;0;2.20 g;0;0;0;0;90.50 g;1.30 g;0 mcg;14 mcg;0.20 mg;0 mg;0 mg;0;0;0;0;0;0;9 mg;0;0;0;89 mg;79 mg;0;8 mg;552 mg;1.30 mg;1.90 mg;200 mcg;0;0;0;0;0;0;0;0;0
720;Vigus;Alami;1;100 g;44 kkal;0;0;8.30 g;0;2.40 g;0.10 g;0;0;0;0;0;0 g;0;0;0;0;88 g;1.20 g;0 mcg;0 mcg;0.26 mg;0.01 mg;0 mg;0;0;0;0;0;0;43 mg;0;0;0;30 mg;20 mg;0;2 mg;180 mg;0.30 mg;0.20 mg;100 mcg;0;0;0;0;0;0;0;0;0
132;Wajit camilan;Alami;1;100 g;303 kkal;0;0;63.30 g;0;6.30 g;2.70 g;0;0;0;0;0;6.90 g;0;0;0;0;27.10 g;0.60 g;0 mcg;0 mcg;0.03 mg;0 mg;0 mg;0;0;0;0;0;0;0 mg;0;0;0;61 mg;302 mg;0;0 mg;0 mg;5.50 mg;0 mg;0 mcg;0;0;0;0;0;0;0;0;0
608;Waluh balamak;Alami;1;100 g;45 kkal;0;0;8.10 g;0;0.80 g;0.90 g;0;0;0;0;0;7.90 g;0;0;0;0;89.40 g;1 g;0 mcg;1241 mcg;0.20 mg;0 mg;0.10 mg;0;0;0;0;0;0;2 mg;0;0;0;25 mg;25 mg;0;61 mg;15 mg;0.50 mg;0.20 mg;0 mcg;0;0;0;0;0;0;0;0;0
721;Wani;Alami;1;100 g;74 kkal;0;0;17.10 g;0;0.80 g;0.30 g;0;0;0;0;0;3.10 g;0;0;0;0;81.20 g;0.60 g;0 mcg;0 mcg;0.08 mg;0 mg;0 mg;0;0;0;0;0;0;80 mg;0;0;0;66 mg;29 mg;0;0 mg;0 mg;1.20 mg;0 mg;0 mcg;0;0;0;0;0;0;0;0;0
133;Widaran;Alami;1;100 g;424 kkal;0;0;80.70 g;0;1.30 g;10.70 g;0;0;0;0;0;0.20 g;0;0;0;0;7 g;0.30 g;21 mcg;0 mcg;0.13 mg;0.20 mg;2.20 mg;0;0;0;0;0;0;0 mg;0;0;0;49 mg;88 mg;0;0 mg;0 mg;2.50 mg;0 mg;0 mcg;0;0;0;0;0;0;0;0;0
296;Wijen,mentah;Alami;1;100 g;568 kkal;0;0;18.10 g;0;19.30 g;51.10 g;0;0;0;0;0;3.60 g;0;0;0;0;5.80 g;5.80 g;0 mcg;15 mcg;0.93 mg;0.20 mg;5.70 mg;0;0;0;0;0;0;0 mg;0;0;0;1125 mg;614 mg;0;18 mg;303.70 mg;9.50 mg;7.90 mg;4160 mcg;0;0;0;0;0;0;0;0;0
134;Wingko babat;Alami;1;100 g;355 kkal;0;0;51.40 g;0;3.20 g;15.10 g;0;0;0;0;0;2.40 g;0;0;0;0;29.70 g;0.70 g;0 mcg;0 mcg;0.08 mg;0.08 mg;0 mg;0;0;0;0;0;0;0 mg;0;0;0;47 mg;63 mg;0;0 mg;0 mg;1.10 mg;0 mg;0 mcg;0;0;0;0;0;0;0;0;0
609;Woku ubi;Alami;1;100 g;143 kkal;0;0;15 g;0;3.10 g;7.80 g;0;0;0;0;0;7 g;0;0;0;0;73 g;1.10 g;0 mcg;1519 mcg;0.10 mg;0 mg;0 mg;0;0;0;0;0;0;15 mg;0;0;0;195 mg;91 mg;0;353 mg;256 mg;2.80 mg;1 mg;300 mcg;0;0;0;0;0;0;0;0;0
569;Wortel kukus;Alami;1;100 g;37 kkal;0;0;8.30 g;0;1 g;0.60 g;0;0;0;0;0;1.10 g;0;0;0;0;89.50 g;0.60 g;0 mcg;2994 mcg;0.02 mg;0.03 mg;0.80 mg;0;0;0;0;0;0;14 mg;0;0;0;44 mg;30 mg;0;43 mg;122.50 mg;0.60 mg;0.30 mg;110 mcg;0;0;0;0;0;0;0;0;0
568;Wortel rebus;Alami;1;100 g;28 kkal;0;0;6.30 g;0;0.70 g;0.50 g;0;0;0;0;0;0.80 g;0;0;0;0;92.10 g;0.40 g;0 mcg;3824 mcg;0.01 mg;0.03 mg;0.70 mg;0;0;0;0;0;0;12 mg;0;0;0;46 mg;28 mg;0;41 mg;117.30 mg;0.60 mg;0.20 mg;100 mcg;0;0;0;0;0;0;0;0;0
548;Wortel,segar;Alami;1;100 g;36 kkal;0;0;7.90 g;0;1 g;0.60 g;0;0;0;0;0;1 g;0;0;0;0;89.90 g;0.60 g;0 mcg;3.78 mcg;0.04 mg;0.04 mg;1 mg;0;0;0;0;0;0;18 mg;0;0;0;45 mg;74 mg;0;70 mg;245 mg;1 mg;0.30 mg;60 mcg;0;0;0;0;0;0;0;0;0
135;Yangko;Alami;1;100 g;254 kkal;0;0;58.10 g;0;3 g;1.10 g;0;0;0;0;0;0.80 g;0;0;0;0;37.40 g;0.40 g;0 mcg;0 mcg;0.15 mg;0 mg;0 mg;0;0;0;0;0;0;0 mg;0;0;0;184 mg;24 mg;0;0 mg;0 mg;2.60 mg;0 mg;0 mcg;0;0;0;0;0;0;0;0;0
1072;Yoghurt, segar;Alami;1;100 g;52 kkal;0;0;4 g;0;3.30 g;2.50 g;0;0;0;0;0;0 g;0;0;0;0;88 g;2.20 g;22 mcg;10 mcg;0.04 mg;0.10 mg;0.20 mg;0;0;0;0;0;0;0 mg;0;0;0;120 mg;90 mg;0;40 mg;299 mg;0.10 mg;0.60 mg;10 mcg;0;0;0;0;0;0;0;0;0
3788;Dairyfine light Hot Chocolate (ALDI);Aldi Stores Ltd;1;30.00 g;368 kkal;0;0;64.80 g;0;11.10 g;5.50 g;0;0;0;0;0;7.50 g;0;0;40.60 g;0;0;0;0;0;0;0;0;0;0;0;0;0;0;0;0;0;0;0;0;0;1.72 mg;0;0;0;0;0;0;0;0;0;0;0;0;0
2777;Apollo Layer Cake Pandan;Apollo Food Industries;1;125.00 g;80 kkal;0;0;11 g;0;1 g;3.50 g;0;0;0;0;0;0;0;0;5 g;0;0;0;0;0;0;0;0;0;0;0;0;0;0;0;0;0;0;0;0;0;30 mg;0;0;0;0;0;0;0;0;0;0;0;0;0
2778;Apollo Layer Cake Pandan;Apollo Food Industries;1;125.00 g;80 kkal;0;0;11 g;0;1 g;3.50 g;0;0;0;0;0;0;0;0;5 g;0;0;0;0;0;0;0;0;0;0;0;0;0;0;0;0;0;0;0;0;0;30 mg;0;0;0;0;0;0;0;0;0;0;0;0;0
1827;Auntie anne cinnamon sugar pretzel;Auntie anne's;1;147 g;470 kkal;0;0;84 g;0;8 g;12 g;0;0;0;0;0;2 g;0;0;29 g;0;0;0;0;0;0;0;0;0;0;0;0;0;0;0;0;0;0;0;0;0;0 mg;0;0;0;0;0;0;0;0;0;0;0;0;0
1829;Auntie anne garlic pretzel;Auntie anne's;1;123 g;350 kkal;0;0;65 g;0;8 g;5 g;0;0;0;0;0;2 g;0;0;10 g;0;0;0;0;0;0;0;0;0;0;0;0;0;0;0;0;0;0;0;0;0;0 mg;0;0;0;0;0;0;0;0;0;0;0;0;0
1826;Auntie anne original pretzel;Auntie anne's;1;123 g;340 kkal;0;0;65 g;0;8 g;5 g;0;0;0;0;0;2 g;0;0;10 g;0;0;0;0;0;0;0;0;0;0;0;0;0;0;0;0;0;0;0;0;0;0 mg;0;0;0;0;0;0;0;0;0;0;0;0;0
1831;Auntie anne pepperoni pretzel;Auntie anne's;1;149 g;480 kkal;0;0;65 g;0;15 g;16 g;0;0;0;0;0;2 g;0;0;10 g;0;0;0;0;0;0;0;0;0;0;0;0;0;0;0;0;0;0;0;0;0;0 mg;0;0;0;0;0;0;0;0;0;0;0;0;0
1830;Auntie anne sour cream and onion pretzel;Auntie anne's;1;127 g;360 kkal;0;0;68 g;0;9 g;5 g;0;0;0;0;0;2 g;0;0;12 g;0;0;0;0;0;0;0;0;0;0;0;0;0;0;0;0;0;0;0;0;0;0 mg;0;0;0;0;0;0;0;0;0;0;0;0;0
1828;Auntie anne sweet almond pretzel;Auntie anne's;1;131 g;390 kkal;0;0;74 g;0;8 g;6 g;0;0;0;0;0;2 g;0;0;17 g;0;0;0;0;0;0;0;0;0;0;0;0;0;0;0;0;0;0;0;0;0;0 mg;0;0;0;0;0;0;0;0;0;0;0;0;0
2004;Susu almond Australia'a Own organic;Australia'a Own;1;250 ml;66 kkal;0;0;3.80 g;0;1.50 g;5.20 g;0;0;0;0;0;0;0;0;3 g;0;0;0;0;0;0;0;0;0;0;0;0;0;0;0;0;0;0;0;0;0;0 mg;0;0;0;0;0;0;0;0;0;0;0;0;0
1677;Mackerel ayam brand saus tomat;AYAM BRAND;1;70 g;130 kkal;0;0;1 g;0;13 g;8 g;0;0;0;0;0;0;0;0;1 g;0;0;0;0;0;0;0;0;0;0;0;0;0;0;0;0;0;0;0;0;0;0 mg;0;0;0;0;0;0;0;0;0;0;0;0;0
3783;Bakpia Kedaton;Bakpia Kedaton;1;100 g;133 kkal;0;0;24 g;0;3 g;4 g;0;0;0;0;0;0;0;0;5 g;0;0;0;0;0;0;0;0;0;0;0;0;0;0;0;0;0;0;0;0;0;0 mg;0;0;0;0;0;0;0;0;0;0;0;0;0
2571;Barilla fusilli;Barilla G.e.R. Fratellu Societa, Italy (diimpor oleh PT Karunia Sukses Gemilang);1;100 g;370 kkal;0;0;76 g;0;12 g;2 g;0;0;0;0;0;0;0;0;0;0;0;0;0;0;0;0;0;0;0;0;0;0;0;0;0;0;0;0;0;0;10 mg;0;0;0;0;0;0;0;0;0;0;0;0;0
2573;Barilla Penne Rigate;Barilla G.e.R. Fratellu Societa, Italy (diimpor oleh PT Karunia Sukses Gemilang);1;100 g;370 kkal;0;0;76 g;0;12 g;2 g;0;0;0;0;0;0;0;0;0;0;0;0;0;0;0;0;0;0;0;0;0;0;0;0;0;0;0;0;0;0;10 mg;0;0;0;0;0;0;0;0;0;0;0;0;0
2574;Berilla Collezione Lasagne all'uovo;Barilla G.e.R. Fratellu Societa, Italy (diimpor oleh PT Karunia Sukses Gemilang);1;100 g;370 kkal;0;0;71 g;0;11 g;4 g;0;0;0;0;0;0;0;0;0;0;0;0;0;0;0;0;0;0;0;0;0;0;0;0;0;0;0;0;0;0;30 mg;0;0;0;0;0;0;0;0;0;0;0;0;0
3590;Bawang goreng;bawang;1;100 g;50 kkal;0;0;5 g;0;1 g;3 g;0;0;0;0;0;0;0;0;0;0;0;0;0;0;0;0;0;0;0;0;0;0;0;0;0;0;0;0;0;0;0 mg;50 mg;0;0;0;0;0;0;0;0;0;0;0;0
4463;K-CHIPS Cassava Chips Choco Lover;B-Crispy;1;30 gram;60 kkal;0;0;11 g;0;0 g;2 g;0;0;0;0;0;0.90 g;0;0;1 g;0;0;0;0;0;0;0;0;0;0;0;0;0;0;0;0;0;0;0;0;0;65 mg;0;0;0;0;0;0;0;0;0;0;0;0;0
2343;Biskuat;Biskuat;1;10 g;45 kkal;0;0;7 g;0;1 g;1.50 g;0;0;0;0;0;0;0;0;0;0;0;0;0;0;0;0;0;0;0;0;0;0;0;0;0;0;0;0;0;0;50 mg;0;0;0;0;0;0;0;0;0;0;0;0;0
1451;Saus Black bean;Black bean;1;9 g;15 kkal;0;0;2 g;0;0 g;0.50 g;0;0;0;0;0;0;0;0;1 g;0;0;0;0;0;0;0;0;0;0;0;0;0;0;0;0;0;0;0;0;0;0 mg;0;0;0;0;0;0;0;0;0;0;0;0;0
1450;Saus Black pepper;Black pepper;1;18 g;25 kkal;0;0;5 g;0;0 g;0.50 g;0;0;0;0;0;0 g;0;0;3 g;0;0;0;0;0;0;0;0;0;0;0;0;0;0;0;0;0;0;0;0;0;0 mg;0;0;0;0;0;0;0;0;0;0;0;0;0
1935;Bonchon Bibimbap beef;Bonchon;1;700 g;1010 kkal;0;0;114 g;0;31 g;47 g;0;0;0;0;0;11 g;0;0;29 g;0;0;0;0;0;0;0;0;0;0;0;0;0;0;0;0;0;0;0;0;0;0 mg;0;0;0;0;0;0;0;0;0;0;0;0;0
1934;Bonchon Bibimbap chicken;Bonchon;1;785 g;970 kkal;0;0;127 g;0;27 g;38 g;0;0;0;0;0;12 g;0;0;34 g;0;0;0;0;0;0;0;0;0;0;0;0;0;0;0;0;0;0;0;0;0;0 mg;0;0;0;0;0;0;0;0;0;0;0;0;0
1936;Bonchon bibimbap seafood;Bonchon;1;735 g;940 kkal;0;0;115 g;0;36 g;36 g;0;0;0;0;0;11 g;0;0;25 g;0;0;0;0;0;0;0;0;0;0;0;0;0;0;0;0;0;0;0;0;0;0 mg;0;0;0;0;0;0;0;0;0;0;0;0;0
1933;Bonchon Spicy boneless;Bonchon;1;0 g;1474 kkal;0;0;98 g;0;170 g;85 g;0;0;0;0;0;0 g;0;0;1 g;0;0;0;0;0;0;0;0;0;0;0;0;0;0;0;0;0;0;0;0;0;0 mg;0;0;0;0;0;0;0;0;0;0;0;0;0
1932;Bonchon Spicy Drumsticks;Bonchon;1;0 g;1914 kkal;0;0;30 g;0;140 g;148 g;0;0;0;0;0;0 g;0;0;8 g;0;0;0;0;0;0;0;0;0;0;0;0;0;0;0;0;0;0;0;0;0;0 mg;0;0;0;0;0;0;0;0;0;0;0;0;0
1931;Bonchon Spicy wings;Bonchon;1;0 g;800 kkal;0;0;18 g;0;56 g;54 g;0;0;0;0;0;0 g;0;0;5 g;0;0;0;0;0;0;0;0;0;0;0;0;0;0;0;0;0;0;0;0;0;0 mg;0;0;0;0;0;0;0;0;0;0;0;0;0
1601;Susu BSN syntha-6;BSN;1;47.20 g;200 kkal;0;0;14 g;0;22 g;6 g;0;0;0;0;0;5 g;0;0;2 g;0;0;0;0;0;0;0;0;0;0;0;0;0;0;0;0;0;0;0;0;0;0 mg;0;0;0;0;0;0;0;0;0;0;0;0;0
2408;Aglio e olio;Buatan Sendiri;1;128 g;248 kkal;0;0;40 g;0;6 g;6 g;0;0;0;0;0;0;0;0;0;0;0;0;0;0;0;0;0;0;0;0;0;0;0;0;0;0;0;0;0;0;1 mg;0;0;0;0;0;0;0;0;0;0;0;0;0
2404;Ayam bacem;Buatan Sendiri;1;100 g;147 kkal;0;0;8.30 g;0;13.70 g;6.70 g;0;0;0;0;0;0;0;0;0;0;0;0;0;0;0;0;0;0;0;0;0;0;0;0;0;0;0;0;0;0;0 mg;0;0;0;0;0;0;0;0;0;0;0;0;0
2730;Ayam gulai;Buatan Sendiri;1;100 g;202 kkal;0;0;4 g;0;14.33 g;14.88 g;0;0;0;0;0;0;0;0;0;0;0;0;0;0;0;0;0;0;0;0;0;0;0;0;0;0;0;0;0;0;207 mg;0;0;0;0;0;0;0;0;0;0;0;0;0
2166;Ayam Rica-rica;Buatan Sendiri;1;200 g;404 kkal;0;0;7.41 g;0;40.99 g;22.82 g;0;0;0;0;0;0;0;0;0;0;0;0;0;0;0;0;0;0;0;0;0;0;0;0;0;0;0;0;0;0;0 mg;0;0;0;0;0;0;0;0;0;0;0;0;0
2188;ayam tepung;Buatan Sendiri;1;100 g;190 kkal;0;0;10.44 g;0;9.98 g;12.04 g;0;0;0;0;0;0;0;0;0;0;0;0;0;0;0;0;0;0;0;0;0;0;0;0;0;0;0;0;0;0;367 mg;0;0;0;0;0;0;0;0;0;0;0;0;0
1245;Bakmi;Buatan Sendiri;1;100 g;138 kkal;0;0;25.20 g;0;4.50 g;2.10 g;0;0;0;0;0;0;0;0;0;0;0;0;0;0;0;0;0;0;0;0;0;0;0;0;0;0;0;0;0;0;0 mg;0;0;0;0;0;0;0;0;0;0;0;0;0
2197;Bakso;Buatan Sendiri;1;90 gram;202 kkal;0;0;7.58 g;0;12.41 g;13.16 g;0;0;0;0;0;0;0;0;0;0;0;0;0;0;0;0;0;0;0;0;0;0;0;0;0;0;0;0;0;0;478 mg;0;0;0;0;0;0;0;0;0;0;0;0;0
2202;Bakso ikan;Buatan Sendiri;1;120 g;107 kkal;0;0;11.72 g;0;11.27 g;1.23 g;0;0;0;0;0;0;0;0;0;0;0;0;0;0;0;0;0;0;0;0;0;0;0;0;0;0;0;0;0;0;255 mg;0;0;0;0;0;0;0;0;0;0;0;0;0
1251;Bir;Buatan Sendiri;1;355 g;153 kkal;0;0;12.65 g;0;1.64 g;0 g;0;0;0;0;0;0;0;0;0;0;0;0;0;0;0;0;0;0;0;0;0;0;0;0;0;0;0;0;0;0;0 mg;0;0;0;0;0;0;0;0;0;0;0;0;0
2244;Bolu tape;Buatan Sendiri;1;100 g;175 kkal;0;0;39.90 g;0;2.27 g;0.50 g;0;0;0;0;0;0;0;0;0;0;0;0;0;0;0;0;0;0;0;0;0;0;0;0;0;0;0;0;0;0;7 mg;0;0;0;0;0;0;0;0;0;0;0;0;0
2187;Bubur beras;Buatan Sendiri;1;240 g;91 kkal;0;0;20.40 g;0;1.70 g;0.20 g;0;0;0;0;0;0;0;0;0;0;0;0;0;0;0;0;0;0;0;0;0;0;0;0;0;0;0;0;0;0;10 mg;0;0;0;0;0;0;0;0;0;0;0;0;0
2186;Bubur kacang hijau;Buatan Sendiri;1;100 gram;130 kkal;0;0;21.31 g;0;4.24 g;3.68 g;0;0;0;0;0;0;0;0;0;0;0;0;0;0;0;0;0;0;0;0;0;0;0;0;0;0;0;0;0;0;46 mg;0;0;0;0;0;0;0;0;0;0;0;0;0
2300;Bubur Merah Putih;Buatan Sendiri;1;100 g;72 kkal;0;0;91 g;0;7 g;1 g;0;0;0;0;0;0;0;0;0;0;0;0;0;0;0;0;0;0;0;0;0;0;0;0;0;0;0;0;0;0;0 mg;0;0;0;0;0;0;0;0;0;0;0;0;0
2885;Bubur Sumsum Hijau;Buatan Sendiri;1;100 g;310.20 kkal;0;0;54.50 g;0;2.40 g;10.20 g;0;0;0;0;0;0;0;0;0;0;0;0;0;0;0;0;0;0;0;0;0;0;0;0;0;0;0;0;0;0;19.60 mg;0;0;0;0;0;0;0;0;0;0;0;0;0
2228;chicken nugget;Buatan Sendiri;1;30 g;297 kkal;0;0;16.32 g;0;15.58 g;18.82 g;0;0;0;0;0;0;0;0;0;0;0;0;0;0;0;0;0;0;0;0;0;0;0;0;0;0;0;0;0;0;574 mg;0;0;0;0;0;0;0;0;0;0;0;0;0
2225;Choco chips;Buatan Sendiri;1;9 g;45 kkal;0;0;6 g;0;0 g;2.50 g;0;0;0;0;0;0;0;0;0;0;0;0;0;0;0;0;0;0;0;0;0;0;0;0;0;0;0;0;0;0;0 mg;0;0;0;0;0;0;0;0;0;0;0;0;0
2831;Cimol;Buatan Sendiri;1;100.00 g;44 kkal;0;0;8.27 g;0;0.19 g;1.04 g;0;0;0;0;0;0;0;0;0;0;0;0;0;0;0;0;0;0;0;0;0;0;0;0;0;0;0;0;0;0;38 mg;0;0;0;0;0;0;0;0;0;0;0;0;0
2832;Cimol;Buatan Sendiri;1;100.00 g;44 kkal;0;0;8.27 g;0;0.19 g;1.04 g;0;0;0;0;0;0;0;0;0;0;0;0;0;0;0;0;0;0;0;0;0;0;0;0;0;0;0;0;0;0;38 mg;0;0;0;0;0;0;0;0;0;0;0;0;0
2127;Cireng;Buatan Sendiri;1;70 g;70 kkal;0;0;6.35 g;0;0.96 g;3.53 g;0;0;0;0;0;0;0;0;0;0;0;0;0;0;0;0;0;0;0;0;0;0;0;0;0;0;0;0;0;0;0 mg;0;0;0;0;0;0;0;0;0;0;0;0;0
2130;Cireng;Buatan Sendiri;1;70 g;70 kkal;0;0;6.35 g;0;0.96 g;3.53 g;0;0;0;0;0;0;0;0;0;0;0;0;0;0;0;0;0;0;0;0;0;0;0;0;0;0;0;0;0;0;0 mg;0;0;0;0;0;0;0;0;0;0;0;0;0
1250;Coca cola;Buatan Sendiri;1;355 ml;136 kkal;0;0;35.18 g;0;0.26 g;0.07 g;0;0;0;0;0;0;0;0;0;0;0;0;0;0;0;0;0;0;0;0;0;0;0;0;0;0;0;0;0;0;0 mg;0;0;0;0;0;0;0;0;0;0;0;0;0
2345;Combro;Buatan Sendiri;1;100 g;102 kkal;0;0;12.50 g;0;4.26 g;4.36 g;0;0;0;0;0;0;0;0;0;0;0;0;0;0;0;0;0;0;0;0;0;0;0;0;0;0;0;0;0;0;144 mg;0;0;0;0;0;0;0;0;0;0;0;0;0
2350;Combro;Buatan Sendiri;1;100 g;102 kkal;0;0;12.50 g;0;4.26 g;4.36 g;0;0;0;0;0;0;0;0;0;0;0;0;0;0;0;0;0;0;0;0;0;0;0;0;0;0;0;0;0;0;144 mg;0;0;0;0;0;0;0;0;0;0;0;0;0
2692;Dada ayam goreng dengan kulit;Buatan Sendiri;1;100 g;108 kkal;0;0;0 g;0;15.84 g;4.55 g;0;0;0;0;0;0;0;0;0;0;0;0;0;0;0;0;0;0;0;0;0;0;0;0;0;0;0;0;0;0;430 mg;0;0;0;0;0;0;0;0;0;0;0;0;0
2844;Dada ayam tanpa kulit, rebus;Buatan Sendiri;1;100 g;150 kkal;0;0;0 g;0;28.74 g;3 g;0;0;0;0;0;0 g;0;0;0 g;0;0;0;0;0;0;0;0;0;0;0;0;0;0;0;0;0;0;0;0;0;385 mg;0;0;0;0;0;0;0;0;0;0;0;0;0
2323;Dadar jagung;Buatan Sendiri;1;35 g;91 kkal;0;0;9.45 g;0;1.87 g;5.45 g;0;0;0;0;0;0;0;0;0;0;0;0;0;0;0;0;0;0;0;0;0;0;0;0;0;0;0;0;0;0;50 mg;0;0;0;0;0;0;0;0;0;0;0;0;0
2843;Daging semur;Buatan Sendiri;1;100 g;141 kkal;0;0;4.30 g;0;12.70 g;8 g;0;0;0;0;0;0.70 g;0;0;1.60 g;0;0;0;0;0;0;0;0;0;0;0;0;0;0;0;0;0;0;0;0;0;370 mg;0;0;0;0;0;0;0;0;0;0;0;0;0
1868;Dalgona coffe;Buatan Sendiri;1;0 g;306 kkal;0;0;52.77 g;0;9.25 g;7.05 g;0;0;0;0;0;0;0;0;33.86 g;0;0;0;0;0;0;0;0;0;0;0;0;0;0;0;0;0;0;0;0;0;0 mg;0;0;0;0;0;0;0;0;0;0;0;0;0
2378;Deep Fried Chinese Bun;Buatan Sendiri;1;65 g;280 kkal;0;0;33 g;0;3.20 g;15 g;0;0;0;0;0;0;0;0;0;0;0;0;0;0;0;0;0;0;0;0;0;0;0;0;0;0;0;0;0;0;44 mg;0;0;0;0;0;0;0;0;0;0;0;0;0
2380;Deep Fried Meat Dumpling;Buatan Sendiri;1;50 g;170 kkal;0;0;21 g;0;2.40 g;7.80 g;0;0;0;0;0;0;0;0;0;0;0;0;0;0;0;0;0;0;0;0;0;0;0;0;0;0;0;0;0;0;88 mg;0;0;0;0;0;0;0;0;0;0;0;0;0
2383;Deep Fried Wonton;Buatan Sendiri;1;23 g;99 kkal;0;0;7.40 g;0;2.20 g;6.70 g;0;0;0;0;0;0;0;0;0;0;0;0;0;0;0;0;0;0;0;0;0;0;0;0;0;0;0;0;0;0;100 mg;0;0;0;0;0;0;0;0;0;0;0;0;0
2890;Dimsum ayam;Buatan Sendiri;1;10.00 g;160 kkal;0;0;22 g;0;7 g;5 g;0;0;0;0;0;3 g;0;0;0;0;0;0;0;0;0;0;0;0;0;0;0;0;0;0;0;0;0;0;0;0;0 mg;0;0;0;0;0;0;0;0;0;0;0;0;0
2200;Donat;Buatan Sendiri;1;100 g;192 kkal;0;0;22.86 g;0;2.34 g;10.30 g;0;0;0;0;0;0;0;0;0;0;0;0;0;0;0;0;0;0;0;0;0;0;0;0;0;0;0;0;0;0;181 mg;0;0;0;0;0;0;0;0;0;0;0;0;0
2420;Ekstrak Vanili, Vanila;Buatan Sendiri;1;100 g;288 kkal;0;0;13 g;0;0.10 g;0.10 g;0;0;0;0;0;0;0;0;0;0;0;0;0;0;0;0;0;0;0;0;0;0;0;0;0;0;0;0;0;0;9 mg;0;0;0;0;0;0;0;0;0;0;0;0;0
1411;Es batu;Buatan Sendiri;1;100 g;0 kkal;0;0;0 g;0;0 g;0 g;0;0;0;0;0;0;0;0;0;0;0;0;0;0;0;0;0;0;0;0;0;0;0;0;0;0;0;0;0;0;0 mg;0;0;0;0;0;0;0;0;0;0;0;0;0
1249;Es teh manis;Buatan Sendiri;1;240 ml;90 kkal;0;0;23.44 g;0;0.02 g;0 g;0;0;0;0;0;0;0;0;0;0;0;0;0;0;0;0;0;0;0;0;0;0;0;0;0;0;0;0;0;0;0 mg;0;0;0;0;0;0;0;0;0;0;0;0;0
1247;Es teh tawar;Buatan Sendiri;1;240 ml;2 kkal;0;0;0.67 g;0;0.02 g;0 g;0;0;0;0;0;0;0;0;0;0;0;0;0;0;0;0;0;0;0;0;0;0;0;0;0;0;0;0;0;0;0 mg;0;0;0;0;0;0;0;0;0;0;0;0;0
1363;Espresso;Buatan Sendiri;1;29.60 g;3 kkal;0;0;0.49 g;0;0.04 g;0.05 g;0;0;0;0;0;0;0;0;0;0;0;0;0;0;0;0;0;0;0;0;0;0;0;0;0;0;0;0;0;0;0 mg;0;0;0;0;0;0;0;0;0;0;0;0;0
2195;gethuk;Buatan Sendiri;1;70 g;61 kkal;0;0;12.49 g;0;0.14 g;1.25 g;0;0;0;0;0;0;0;0;0;0;0;0;0;0;0;0;0;0;0;0;0;0;0;0;0;0;0;0;0;0;57 mg;0;0;0;0;0;0;0;0;0;0;0;0;0
2870;Getuk goreng keju;Buatan Sendiri;1;100 g;61 kkal;0;0;12.49 g;0;0.14 g;1.25 g;0;0;0;0;0;0;0;0;0;0;0;0;0;0;0;0;0;0;0;0;0;0;0;0;0;0;0;0;0;0;57 mg;0;0;0;0;0;0;0;0;0;0;0;0;0
2869;Getuk keju;Buatan Sendiri;1;100 g;61 kkal;0;0;12.49 g;0;0.14 g;1.25 g;0;0;0;0;0;0;0;0;0;0;0;0;0;0;0;0;0;0;0;0;0;0;0;0;0;0;0;0;0;0;57 mg;0;0;0;0;0;0;0;0;0;0;0;0;0
2388;Gingerbread (Kue Jahe);Buatan Sendiri;1;100 g;356 kkal;0;0;49 g;0;3.90 g;16 g;0;0;0;0;0;0;0;0;0;0;0;0;0;0;0;0;0;0;0;0;0;0;0;0;0;0;0;0;0;0;327 mg;0;0;0;0;0;0;0;0;0;0;0;0;0
1543;Ginjal kambing (mentah);Buatan Sendiri;1;100 g;97 kkal;0;0;0.82 g;0;15.74 g;2.95 g;0;0;0;0;0;0 g;0;0;0 g;0;0;0;0;0;0;0;0;0;0;0;0;0;0;0;0;0;0;0;0;0;0 mg;0;0;0;0;0;0;0;0;0;0;0;0;0
2845;Gulai ayam paha;Buatan Sendiri;1;100 g;168 kkal;0;0;3.33 g;0;11.94 g;12.40 g;0;0;0;0;0;0.90 g;0;0;0.16 g;0;0;0;0;0;0;0;0;0;0;0;0;0;0;0;0;0;0;0;0;0;173 mg;232 mg;0;0;0;0;0;0;0;0;0;0;0;0
2375;Ha-Gau;Buatan Sendiri;1;31 g;50 kkal;0;0;5.60 g;0;2.10 g;2.10 g;0;0;0;0;0;0;0;0;0;0;0;0;0;0;0;0;0;0;0;0;0;0;0;0;0;0;0;0;0;0;120 mg;0;0;0;0;0;0;0;0;0;0;0;0;0
1542;Hati kambing (mentah);Buatan Sendiri;1;100 g;139 kkal;0;0;1.78 g;0;20.38 g;5.02 g;0;0;0;0;0;0 g;0;0;0 g;0;0;0;0;0;0;0;0;0;0;0;0;0;0;0;0;0;0;0;0;0;0 mg;0;0;0;0;0;0;0;0;0;0;0;0;0
2248;Herba Penawar Alwahida Indonesia;Buatan Sendiri;1;23 g;104 kkal;0;0;18 g;0;1 g;3 g;0;0;0;0;0;0;0;0;0;0;0;0;0;0;0;0;0;0;0;0;0;0;0;0;0;0;0;0;0;0;27 mg;0;0;0;0;0;0;0;0;0;0;0;0;0
1545;Jantung kambing (mentah);Buatan Sendiri;1;100 g;122 kkal;0;0;0.21 g;0;16.47 g;5.68 g;0;0;0;0;0;0 g;0;0;0 g;0;0;0;0;0;0;0;0;0;0;0;0;0;0;0;0;0;0;0;0;0;0 mg;0;0;0;0;0;0;0;0;0;0;0;0;0
2394;Jasuke, jagung susu keju;Buatan Sendiri;1;100 g;86 kkal;0;0;19.02 g;0;3.22 g;1.18 g;0;0;0;0;0;0;0;0;0;0;0;0;0;0;0;0;0;0;0;0;0;0;0;0;0;0;0;0;0;0;0 mg;0;0;0;0;0;0;0;0;0;0;0;0;0
1271;Kecap asin;Buatan Sendiri;1;16 g;8 kkal;0;0;0.79 g;0;1.30 g;0.09 g;0;0;0;0;0;0.10 g;0;0;0.06 g;0;0;0;0;0;0;0;0;0;0;0;0;0;0;0;0;0;0;0;0;0;0 mg;0;0;0;0;0;0;0;0;0;0;0;0;0
1268;Kecap manis;Buatan Sendiri;1;22 g;45 kkal;0;0;11 g;0;1 g;0.10 g;0;0;0;0;0;0;0;0;10 g;0;0;0;0;0;0;0;0;0;0;0;0;0;0;0;0;0;0;0;0;0;0 mg;0;0;0;0;0;0;0;0;0;0;0;0;0
1242;Keju cheddar;Buatan Sendiri;1;100 g;404 kkal;0;0;3.09 g;0;22.87 g;33.31 g;0;0;0;0;0;0;0;0;0;0;0;0;0;0;0;0;0;0;0;0;0;0;0;0;0;0;0;0;0;0;0 mg;0;0;0;0;0;0;0;0;0;0;0;0;0
1244;Keju mozzarella;Buatan Sendiri;1;100 g;280 kkal;0;0;3.10 g;0;27.50 g;17.10 g;0;0;0;0;0;0;0;0;0;0;0;0;0;0;0;0;0;0;0;0;0;0;0;0;0;0;0;0;0;0;0 mg;0;0;0;0;0;0;0;0;0;0;0;0;0
1243;Keju parmesan;Buatan Sendiri;1;100 g;420 kkal;0;0;13.91 g;0;28.42 g;27.84 g;0;0;0;0;0;0;0;0;0;0;0;0;0;0;0;0;0;0;0;0;0;0;0;0;0;0;0;0;0;0;0 mg;0;0;0;0;0;0;0;0;0;0;0;0;0
2162;Kelapa parut;Buatan Sendiri;1;80 g;283 kkal;0;0;10 g;0;3 g;27 g;0;0;0;0;0;0;0;0;0;0;0;0;0;0;0;0;0;0;0;0;0;0;0;0;0;0;0;0;0;0;0 mg;0;0;0;0;0;0;0;0;0;0;0;0;0
2176;Kelapa parut;Buatan Sendiri;1;80 g;283 kkal;0;0;10 g;0;3 g;27 g;0;0;0;0;0;0;0;0;0;0;0;0;0;0;0;0;0;0;0;0;0;0;0;0;0;0;0;0;0;0;0 mg;0;0;0;0;0;0;0;0;0;0;0;0;0
2321;Kentang Balado;Buatan Sendiri;1;100 gram;102 kkal;0;0;10.15 g;0;8.72 g;3.02 g;0;0;0;0;0;0;0;0;0;0;0;0;0;0;0;0;0;0;0;0;0;0;0;0;0;0;0;0;0;0;114 mg;0;0;0;0;0;0;0;0;0;0;0;0;0
2324;Kentang Balado;Buatan Sendiri;1;100 gram;102 kkal;0;0;10.15 g;0;8.72 g;3.02 g;0;0;0;0;0;0;0;0;0;0;0;0;0;0;0;0;0;0;0;0;0;0;0;0;0;0;0;0;0;0;114 mg;0;0;0;0;0;0;0;0;0;0;0;0;0
2351;Kentang Goreng;Buatan Sendiri;1;100 gram;274 kkal;0;0;35.66 g;0;3.48 g;14.06 g;0;0;0;0;0;3.30 g;0;0;0;0;0;0;0;0;0;0;0;0;0;0;0;0;0;0;0;0;0;0;0;0;300 mg;0;0;0;0;0;0;0;0;0;0;0;0;0
1196;kentang rebus;Buatan Sendiri;1;150 gram;76 kkal;0;0;17.72 g;0;1.37 g;0.14 g;0;0;0;0;0;2.50 g;0;0;5.74 g;0;0;0;787 mcg;0;0;0;0;0;0;0;0;0;0;12.80 mg;0;0;0;27 mg;0;0;27 mg;0;0.72 mg;0;0;0;0;0;0;0;0;0;0;0
2212;Keripik pisang;Buatan Sendiri;1;30 gram;519 kkal;0;0;58.40 g;0;2.30 g;33.60 g;0;0;0;0;0;0;0;0;0;0;0;0;0;0;0;0;0;0;0;0;0;0;0;0;0;0;0;0;0;0;6 mg;0;0;0;0;0;0;0;0;0;0;0;0;0
2204;Kerupuk;Buatan Sendiri;1;12 g;15 kkal;0;0;1.83 g;0;0.22 g;0.76 g;0;0;0;0;0;0;0;0;0;0;0;0;0;0;0;0;0;0;0;0;0;0;0;0;0;0;0;0;0;0;25 mg;0;0;0;0;0;0;0;0;0;0;0;0;0
2327;Kerupuk Kulit;Buatan Sendiri;1;100 g;422 kkal;0;0;0 g;0;83 g;4 g;0;0;0;0;0;0;0;0;0;0;0;0;0;0;0;0;0;0;0;0;0;0;0;0;0;0;0;0;0;0;50 mg;0;0;0;0;0;0;0;0;0;0;0;0;0
2267;Kikil;Buatan Sendiri;1;60 gram;200 kkal;0;0;8.31 g;0;21.77 g;9.05 g;0;0;0;0;0;0;0;0;0;0;0;0;0;0;0;0;0;0;0;0;0;0;0;0;0;0;0;0;0;0;415 mg;0;0;0;0;0;0;0;0;0;0;0;0;0
2895;Klepon;Buatan Sendiri;1;75.00 g;366 kkal;0;0;65.82 g;0;4.75 g;9.34 g;0;0;0;0;0;0;0;0;0;0;0;0;0;0;0;0;0;0;0;0;0;0;0;0;0;0;0;0;0;0;79 mg;0;0;0;0;0;0;0;0;0;0;0;0;0
1882;Kolak;Buatan Sendiri;1;0 g;163 kkal;0;0;20.35 g;0;2.01 g;8.83 g;0;0;0;0;0;0;0;0;0;0;0;0;0;0;0;0;0;0;0;0;0;0;0;0;0;0;0;0;0;0;0 mg;0;0;0;0;0;0;0;0;0;0;0;0;0
2881;Kolak Pisang;Buatan Sendiri;1;100 g;196 kkal;0;0;24.42 g;0;2.42 g;10.60 g;0;0;0;0;0;0;0;0;0;0;0;0;0;0;0;0;0;0;0;0;0;0;0;0;0;0;0;0;0;0;61 mg;0;0;0;0;0;0;0;0;0;0;0;0;0
1248;Kopi hitam tanpa gula;Buatan Sendiri;1;240 ml;2 kkal;0;0;0.09 g;0;0.28 g;0.05 g;0;0;0;0;0;0;0;0;0;0;0;0;0;0;0;0;0;0;0;0;0;0;0;0;0;0;0;0;0;0;0 mg;0;0;0;0;0;0;0;0;0;0;0;0;0
1364;kopi seduh;Buatan Sendiri;1;248 g;5 kkal;0;0;0.42 g;0;0.74 g;0 g;0;0;0;0;0;0;0;0;0;0;0;0;0;0;0;0;0;0;0;0;0;0;0;0;0;0;0;0;0;0;0 mg;0;0;0;0;0;0;0;0;0;0;0;0;0
2882;Kroket;Buatan Sendiri;1;69 gram;88 kkal;0;0;11.63 g;0;2.87 g;3.25 g;0;0;0;0;0;0.90 g;0;0;1.01 g;0;0;0;0;0;0;0;0;0;0;0;0;0;0;0;0;0;0;0;0;0;180 mg;0;0;0;0;0;0;0;0;0;0;0;0;0
2243;kuaci;Buatan Sendiri;1;13 g;80 kkal;0;0;2 g;0;4 g;7 g;0;0;0;0;0;0;0;0;0;0;0;0;0;0;0;0;0;0;0;0;0;0;0;0;0;0;0;0;0;0;180 mg;0;0;0;0;0;0;0;0;0;0;0;0;0
2874;Kue Bawang;Buatan Sendiri;1;100 g;108 kkal;0;0;15.06 g;0;1.26 g;4.79 g;0;0;0;0;0;0.30 g;0;0;0;0;0;0;0;0;0;0;0;0;0;0;0;0;0;0;0;0;0;0;0;0;17 mg;14 mg;0;0;0;0;0;0;0;0;0;0;0;0
2879;Kue Bawang;Buatan Sendiri;1;100 g;108 kkal;0;0;15.06 g;0;1.26 g;4.79 g;0;0;0;0;0;0.30 g;0;0;0;0;0;0;0;0;0;0;0;0;0;0;0;0;0;0;0;0;0;0;0;0;17 mg;14 mg;0;0;0;0;0;0;0;0;0;0;0;0
2320;Kue karamel;Buatan Sendiri;1;75 g;90 kkal;0;0;18 g;0;1 g;3 g;0;0;0;0;0;0;0;0;0;0;0;0;0;0;0;0;0;0;0;0;0;0;0;0;0;0;0;0;0;0;100 mg;0;0;0;0;0;0;0;0;0;0;0;0;0
2145;Kue mangkok;Buatan Sendiri;1;35 gram;369 kkal;0;0;67.64 g;0;2.48 g;10.93 g;0;0;0;0;0;0;0;0;0;0;0;0;0;0;0;0;0;0;0;0;0;0;0;0;0;0;0;0;0;0;318 mg;0;0;0;0;0;0;0;0;0;0;0;0;0
1883;kue nastar;Buatan Sendiri;1;10 g;40 kkal;0;0;5.40 g;0;0.60 g;2.10 g;0;0;0;0;0;0;0;0;0;0;0;0;0;0;0;0;0;0;0;0;0;0;0;0;0;0;0;0;0;0;0 mg;0;0;0;0;0;0;0;0;0;0;0;0;0
2858;Kue pancong;Buatan Sendiri;1;100 g;148 kkal;0;0;16.65 g;0;1.63 g;8.85 g;0;0;0;0;0;1.50 g;0;0;0;0;0;0;0;0;0;0;0;0;0;0;0;0;0;0;0;0;0;0;0;0;26 mg;0;0;0;0;0;0;0;0;0;0;0;0;0
2317;Kue Semprong;Buatan Sendiri;1;30 g;38 kkal;0;0;9.03 g;0;0.10 g;0.11 g;0;0;0;0;0;0;0;0;0;0;0;0;0;0;0;0;0;0;0;0;0;0;0;0;0;0;0;0;0;0;9 mg;0;0;0;0;0;0;0;0;0;0;0;0;0
3683;Kwetiau goreng;Buatan Sendiri;1;100 g;175 kkal;0;0;23.76 g;0;5.05 g;6.37 g;0;0;0;0;0;0.50 g;0;0;0.02 g;0;0;0;0;0;0;0;0;0;0;0;0;0;0;0;0;0;0;31 mg;0;0;333 mg;0;0;0;0;0;0;0;0;0;0;0;0;0
2233;Labu siam tumis;Buatan Sendiri;1;100 g;46 kkal;0;0;7.94 g;0;1.08 g;1.75 g;0;0;0;0;0;0;0;0;0;0;0;0;0;0;0;0;0;0;0;0;0;0;0;0;0;0;0;0;0;0;166 mg;0;0;0;0;0;0;0;0;0;0;0;0;0
2222;Lele goreng;Buatan Sendiri;1;100 g;240 kkal;0;0;8.54 g;0;17.57 g;14.53 g;0;0;0;0;0;0;0;0;0;0;0;0;0;0;0;0;0;0;0;0;0;0;0;0;0;0;0;0;0;0;398 mg;0;0;0;0;0;0;0;0;0;0;0;0;0
2221;lemper;Buatan Sendiri;1;35 gram;133 kkal;0;0;14.91 g;0;5.98 g;5.59 g;0;0;0;0;0;0;0;0;0;0;0;0;0;0;0;0;0;0;0;0;0;0;0;0;0;0;0;0;0;0;130 mg;0;0;0;0;0;0;0;0;0;0;0;0;0
1184;lontong;Buatan Sendiri;1;90 gram;144 kkal;0;0;31.76 g;0;2.76 g;0.23 g;0;0;0;0;0;1.20 g;0;0;0.12 g;0;0;0;0;0;0;0;0;0;0;0;0;0;0;0;0;0;0;0;0;0;0 mg;0;0;0;0;0;0;0;0;0;0;0;0;0
2883;Lumpia ayam;Buatan Sendiri;1;100 g;65 kkal;0;0;7.12 g;0;3.03 g;2.61 g;0;0;0;0;0;0.50 g;0;0;0.37 g;0;0;0;0;0;0;0;0;0;0;0;0;0;0;0;0;0;0;0;0;0;124 mg;0;0;0;0;0;0;0;0;0;0;0;0;0
2833;Lumpia Sayur;Buatan Sendiri;1;100 g;63 kkal;0;0;7.44 g;0;1.99 g;2.84 g;0;0;0;0;0;0.60 g;0;0;0.75 g;0;0;0;0;0;0;0;0;0;0;0;0;0;0;0;0;0;0;0;0;0;207 mg;0;0;0;0;0;0;0;0;0;0;0;0;0
2215;Martabak manis;Buatan Sendiri;1;100 g;270 kkal;0;0;37.37 g;0;7.01 g;11.31 g;0;0;0;0;0;0;0;0;0;0;0;0;0;0;0;0;0;0;0;0;0;0;0;0;0;0;0;0;0;0;225 mg;0;0;0;0;0;0;0;0;0;0;0;0;0
2857;Martabak Telur;Buatan Sendiri;1;110 gram;203 kkal;0;0;20.38 g;0;10.89 g;8.45 g;0;0;0;0;0;0;0;0;0;0;0;0;0;0;0;0;0;0;0;0;0;0;0;0;0;0;0;0;0;0;148 mg;0;0;0;0;0;0;0;0;0;0;0;0;0
2180;Mayonaise;Buatan Sendiri;1;100 g;680 kkal;0;0;0.60 g;0;1 g;75 g;0;0;0;0;0;0;0;0;0;0;0;0;0;0;0;0;0;0;0;0;0;0;0;0;0;0;0;0;0;0;635 mg;0;0;0;0;0;0;0;0;0;0;0;0;0
1269;Mayonnaise;Buatan Sendiri;1;15 g;103 kkal;0;0;0.04 g;0;0 g;11.67 g;0;0;0;0;0;0;0;0;0.04 g;0;0;0;0;0;0;0;0;0;0;0;0;0;0;0;0;0;0;0;0;0;0 mg;0;0;0;0;0;0;0;0;0;0;0;0;0
2174;Mie kering;Buatan Sendiri;1;100 g;138 kkal;0;0;25 g;0;4.50 g;2.10 g;0;0;0;0;0;0;0;0;0;0;0;0;0;0;0;0;0;0;0;0;0;0;0;0;0;0;0;0;0;0;5 mg;0;0;0;0;0;0;0;0;0;0;0;0;0
2177;Mie kering;Buatan Sendiri;1;100 g;138 kkal;0;0;25 g;0;4.50 g;2.10 g;0;0;0;0;0;0;0;0;0;0;0;0;0;0;0;0;0;0;0;0;0;0;0;0;0;0;0;0;0;0;5 mg;0;0;0;0;0;0;0;0;0;0;0;0;0
1272;Mustard;Buatan Sendiri;1;15 g;9 kkal;0;0;0.87 g;0;0.56 g;0.50 g;0;0;0;0;0;0.60 g;0;0;0.14 g;0;0;0;0;0;0;0;0;0;0;0;0;0;0;0;0;0;0;0;0;0;0 mg;0;0;0;0;0;0;0;0;0;0;0;0;0
2269;Nagasari;Buatan Sendiri;1;50 gram;154 kkal;0;0;30.25 g;0;2.09 g;2.87 g;0;0;0;0;0;0;0;0;0;0;0;0;0;0;0;0;0;0;0;0;0;0;0;0;0;0;0;0;0;0;91 mg;0;0;0;0;0;0;0;0;0;0;0;0;0
1246;Nasi coklat;Buatan Sendiri;1;100 g;112 kkal;0;0;23.50 g;0;2.30 g;0.80 g;0;0;0;0;0;0;0;0;0;0;0;0;0;0;0;0;0;0;0;0;0;0;0;0;0;0;0;0;0;0;0 mg;0;0;0;0;0;0;0;0;0;0;0;0;0
1160;Nasi Goreng;Buatan Sendiri;1;200 g;500 kkal;0;0;40.20 g;0;7 g;34.40 g;0;0;0;0;0;0.40 g;0;0;0;0;0;0;0;0;0 mg;0.10 mg;0;0;0;0;0;0;0;0 mg;0;0;0;10 mg;88 mg;0;18 mg;86 mg;0.60 mg;1 mg;0;0;0;0;0;0;0;0;0;0
2116;Nasi Uduk;Buatan Sendiri;1;100 g;163 kkal;0;0;20.52 g;0;2.54 g;8.09 g;0;0;0;0;0;0;0;0;0;0;0;0;0;0;0;0;0;0;0;0;0;0;0;0;0;0;0;0;0;0;0 mg;0;0;0;0;0;0;0;0;0;0;0;0;0
2423;Okonomiyaki;Buatan Sendiri;1;100 g;219 kkal;0;0;25.55 g;0;8.61 g;8.94 g;0;0;0;0;0;0;0;0;0;0;0;0;0;0;0;0;0;0;0;0;0;0;0;0;0;0;0;0;0;0;346 mg;0;0;0;0;0;0;0;0;0;0;0;0;0
2889;Omelet Mie Telur;Buatan Sendiri;1;0.00 g;500.70 kkal;0;0;54.50 g;0;14.30 g;24.30 g;0;0;0;0;0;0;0;0;0;0;0;0;0;0;0;0;0;0;0;0;0;0;0;0;0;0;0;5 mg;0;0;1132 mg;0;0;0;0;0;0;0;0;0;0;0;0;0
1544;Otak kambing (mentah);Buatan Sendiri;1;100 g;122 kkal;0;0;0 g;0;10.40 g;8.58 g;0;0;0;0;0;0 g;0;0;0 g;0;0;0;0;0;0;0;0;0;0;0;0;0;0;0;0;0;0;0;0;0;0 mg;0;0;0;0;0;0;0;0;0;0;0;0;0
2382;Pan Fried Turnip Cake;Buatan Sendiri;1;86 g;120 kkal;0;0;15 g;0;2.70 g;4.80 g;0;0;0;0;0;0;0;0;0;0;0;0;0;0;0;0;0;0;0;0;0;0;0;0;0;0;0;0;0;0;450 mg;0;0;0;0;0;0;0;0;0;0;0;0;0
2379;Pan Fried Vegetable and Meat Bun;Buatan Sendiri;1;57 g;160 kkal;0;0;20 g;0;3.70 g;7.50 g;0;0;0;0;0;0;0;0;0;0;0;0;0;0;0;0;0;0;0;0;0;0;0;0;0;0;0;0;0;0;190 mg;0;0;0;0;0;0;0;0;0;0;0;0;0
1660;Pancake original;Buatan Sendiri;1;55 g;160 kkal;0;0;22 g;0;4 g;7 g;0;0;0;0;0;0;0;0;8 g;0;0;0;0;0;0;0;0;0;0;0;0;0;0;0;0;0;0;0;0;0;0 mg;0;0;0;0;0;0;0;0;0;0;0;0;0
1546;Pankreas kambing (mentah);Buatan Sendiri;1;100 g;152 kkal;0;0;0 g;0;14.84 g;9.82 g;0;0;0;0;0;0 g;0;0;0 g;0;0;0;0;0;0;0;0;0;0;0;0;0;0;0;0;0;0;0;0;0;0 mg;0;0;0;0;0;0;0;0;0;0;0;0;0
2213;Pare;Buatan Sendiri;1;100 g;29 kkal;0;0;6.82 g;0;1.12 g;0.22 g;0;0;0;0;0;0;0;0;0;0;0;0;0;0;0;0;0;0;0;0;0;0;0;0;0;0;0;0;0;0;10 mg;0;0;0;0;0;0;0;0;0;0;0;0;0
1317;Pasta (matang);Buatan Sendiri;1;100 g;158 kkal;0;0;30.86 g;0;5.80 g;0.93 g;0;0;0;0;0;0;0;0;0;0;0;0;0;0;0;0;0;0;0;0;0;0;0;0;0;0;0;0;0;0;0 mg;0;0;0;0;0;0;0;0;0;0;0;0;0
1322;Pasta (matang);Buatan Sendiri;1;100 g;158 kkal;0;0;30.86 g;0;5.80 g;0.93 g;0;0;0;0;0;0;0;0;0;0;0;0;0;0;0;0;0;0;0;0;0;0;0;0;0;0;0;0;0;0;0 mg;0;0;0;0;0;0;0;0;0;0;0;0;0
3785;Pecel sayur dengan lauk;Buatan Sendiri;1;100 g;408 kkal;0;0;27.07 g;0;25.17 g;25.18 g;0;0;0;0;0;0;0;0;0;0;0;0;0;0;0;0;0;0;0;0;0;0;0;0;0;0;0;0;0;0;272 mg;0;0;0;0;0;0;0;0;0;0;0;0;0
2848;Pepes tahu;Buatan Sendiri;1;100 g;126 kkal;0;0;4.92 g;0;11.42 g;7.11 g;0;0;0;0;0;0;0;0;0;0;0;0;0;0;0;0;0;0;0;0;0;0;0;0;0;0;0;0;0;0;593 mg;0;0;0;0;0;0;0;0;0;0;0;0;0
2315;Perkedel Kentang;Buatan Sendiri;1;40 gram;90 kkal;0;0;4.86 g;0;0.46 g;1.12 g;0;0;0;0;0;0;0;0;0;0;0;0;0;0;0;0;0;0;0;0;0;0;0;0;0;0;0;0;0;0;31 mg;0;0;0;0;0;0;0;0;0;0;0;0;0
2401;Pie Apel;Buatan Sendiri;1;100 g;237 kkal;0;0;34 g;0;1.90 g;11 g;0;0;0;0;0;0;0;0;0;0;0;0;0;0;0;0;0;0;0;0;0;0;0;0;0;0;0;0;0;0;266 mg;0;0;0;0;0;0;0;0;0;0;0;0;0
2223;Pilus;Buatan Sendiri;1;14 g;10 kkal;0;0;10 g;0;0 g;3 g;0;0;0;0;0;0;0;0;0;0;0;0;0;0;0;0;0;0;0;0;0;0;0;0;0;0;0;0;0;0;0 mg;0;0;0;0;0;0;0;0;0;0;0;0;0
2209;Pisang kepok rebus;Buatan Sendiri;1;100 gram;145 kkal;0;0;37.91 g;0;1.55 g;0.44 g;0;0;0;0;0;0;0;0;0;0;0;0;0;0;0;0;0;0;0;0;0;0;0;0;0;0;0;0;0;0;5 mg;0;0;0;0;0;0;0;0;0;0;0;0;0
3642;Protein hewani rendah lemakn;Buatan Sendiri;1;50.00 g;50 kkal;0;0;0 g;0;7 g;2 g;0;0;0;0;0;0;0;0;0;0;0;0;0;0;0;0;0;0;0;0;0;0;0;0;0;0;0;0;0;0;0 mg;0;0;0;0;0;0;0;0;0;0;0;0;0
2835;Puding Coklat;Buatan Sendiri;1;31.00 g;157 kkal;0;0;25.99 g;0;3.05 g;4.52 g;0;0;0;0;0;0;0;0;0;0;0;0;0;0;0;0;0;0;0;0;0;0;0;0;0;0;0;0;0;0;146 mg;0;0;0;0;0;0;0;0;0;0;0;0;0
1661;Puff pastry sheet;Buatan Sendiri;1;50 g;200 kkal;0;0;18 g;0;3 g;13 g;0;0;0;0;0;0;0;0;1 g;0;0;0;0;0;0;0;0;0;0;0;0;0;0;0;0;0;0;0;0;0;0 mg;0;0;0;0;0;0;0;0;0;0;0;0;0
2193;Risoles isi ayam;Buatan Sendiri;1;120 g;96 kkal;0;0;8.66 g;0;6.33 g;3.75 g;0;0;0;0;0;0;0;0;0;0;0;0;0;0;0;0;0;0;0;0;0;0;0;0;0;0;0;0;0;0;121 mg;0;0;0;0;0;0;0;0;0;0;0;0;0
3649;Risoles Isi Mayo;Buatan Sendiri;1;40.00 g;110 kkal;0;0;9.58 g;0;3.73 g;6.19 g;0;0;0;0;0;0;0;0;0;0;0;0;0;0;0;0;0;0;0;0;0;0;0;0;0;0;0;0;0;0;10 mg;0;0;0;0;0;0;0;0;0;0;0;0;0
2369;Roasted Turkey (Kalkun Panggang, dada);Buatan Sendiri;1;100 g;189 kkal;0;0;0 g;0;29 g;7 g;0;0;0;0;0;0;0;0;0;0;0;0;0;0;0;0;0;0;0;0;0;0;0;0;0;0;0;0;0;0;63 mg;0;0;0;0;0;0;0;0;0;0;0;0;0
2389;Roasted Turkey (Kalkun Panggang, dada);Buatan Sendiri;1;100 g;189 kkal;0;0;0 g;0;29 g;7 g;0;0;0;0;0;0;0;0;0;0;0;0;0;0;0;0;0;0;0;0;0;0;0;0;0;0;0;0;0;0;63 mg;0;0;0;0;0;0;0;0;0;0;0;0;0
2217;Roti bakar cokelat;Buatan Sendiri;1;72 g;280 kkal;0;0;40 g;0;5 g;10 g;0;0;0;0;0;0;0;0;0;0;0;0;0;0;0;0;0;0;0;0;0;0;0;0;0;0;0;0;0;0;125 mg;0;0;0;0;0;0;0;0;0;0;0;0;0
1207;Roti gandum;Buatan Sendiri;1;100 g;267 kkal;0;0;48.68 g;0;10.72 g;3.24 g;0;0;0;0;0;4 g;0;0;5.91 g;0;0;0;0 mcg;0;0;0;0;0;0;0;0;0;0;0 mg;0;0;0;133 mg;0;0;508 mg;0;3.49 mg;0;0;0;0;0;0;0;0;0;0;0
3787;Rujak buah;Buatan Sendiri;1;100 g;295 kkal;0;0;40.20 g;0;6.70 g;14.40 g;0;0;0;0;0;6.90 g;0;0;27.90 g;0;0;0;0;0;0;0;0;0;0;0;0;0;0;0;0;0;0;0;0;0;98 mg;0;0;0;0;0;0;0;0;0;0;0;0;0
3789;rujak buah 2;Buatan Sendiri;1;100 g;122.90 kkal;0;0;16.75 g;0;2.79 g;6 g;0;0;0;0;0;0;0;0;0;0;0;0;0;0;0;0;0;0;0;0;0;0;0;0;0;0;0;0;0;0;40.83 mg;0;0;0;0;0;0;0;0;0;0;0;0;0
3769;Rujak lontong;Buatan Sendiri;1;100 g;243 kkal;0;0;24.70 g;0;11.98 g;12.30 g;0;0;0;0;0;0;0;0;0;0;0;0;0;0;0;0;0;0;0;0;0;0;0;0;0;0;0;0;0;0;278 mg;0;0;0;0;0;0;0;0;0;0;0;0;0
1330;Sake;Buatan Sendiri;1;100 g;134 kkal;0;0;5 g;0;0.50 g;0 g;0;0;0;0;0;0;0;0;0;0;0;0;0;0;0;0;0;0;0;0;0;0;0;0;0;0;0;0;0;0;0 mg;0;0;0;0;0;0;0;0;0;0;0;0;0
3654;Sambal Goreng;Buatan Sendiri;1;100 g;15 kkal;0;0;1.56 g;0;1.37 g;0.41 g;0;0;0;0;0;0;0;0;0;0;0;0;0;0;0;0;0;0;0;0;0;0;0;0;0;0;0;0;0;0;139 mg;0;0;0;0;0;0;0;0;0;0;0;0;0
2691;Sambal Matah;Buatan Sendiri;1;100 g;21 kkal;0;0;1.79 g;0;0.44 g;1.54 g;0;0;0;0;0;0;0;0;0;0;0;0;0;0;0;0;0;0;0;0;0;0;0;0;0;0;0;0;0;0;300 mg;0;0;0;0;0;0;0;0;0;0;0;0;0
2189;sambal pecel;Buatan Sendiri;1;50 g;220 kkal;0;0;23 g;0;9 g;10 g;0;0;0;0;0;0;0;0;0;0;0;0;0;0;0;0;0;0;0;0;0;0;0;0;0;0;0;0;0;0;0 mg;0;0;0;0;0;0;0;0;0;0;0;0;0
2153;Sate Ayam;Buatan Sendiri;1;100 g;225 kkal;0;0;4.87 g;0;19.54 g;14.82 g;0;0;0;0;0;0;0;0;0;0;0;0;0;0;0;0;0;0;0;0;0;0;0;0;0;0;0;0;0;0;355 mg;0;0;0;0;0;0;0;0;0;0;0;0;0
2206;Saus kacang;Buatan Sendiri;1;100 g;594 kkal;0;0;25.35 g;0;17.30 g;51.45 g;0;0;0;0;0;0;0;0;0;0;0;0;0;0;0;0;0;0;0;0;0;0;0;0;0;0;0;0;0;0;669 mg;0;0;0;0;0;0;0;0;0;0;0;0;0
1267;Saus sambal;Buatan Sendiri;1;15 g;27 kkal;0;0;6.70 g;0;0 g;0 g;0;0;0;0;0;0;0;0;6.50 g;0;0;0;0;0;0;0;0;0;0;0;0;0;0;0;0;0;0;0;0;0;0 mg;0;0;0;0;0;0;0;0;0;0;0;0;0
2182;Saus tiram;Buatan Sendiri;1;100 g;51 kkal;0;0;11 g;0;1.40 g;0.30 g;0;0;0;0;0;0;0;0;0;0;0;0;0;0;0;0;0;0;0;0;0;0;0;0;0;0;0;0;0;0;2.73 mg;0;0;0;0;0;0;0;0;0;0;0;0;0
1270;Saus tomat;Buatan Sendiri;1;17 g;17 kkal;0;0;4.66 g;0;0.18 g;0.02 g;0;0;0;0;0;0;0;0;3.62 g;0;0;0;0;0;0;0;0;0;0;0;0;0;0;0;0;0;0;0;0;0;0 mg;0;0;0;0;0;0;0;0;0;0;0;0;0
2850;Sayur bening;Buatan Sendiri;1;100 g;33.30 kkal;0;0;7.40 g;0;1.40 g;0.30 g;0;0;0;0;0;1.40 g;0;0;3.30 g;0;0;0;0;0;0;0;0;0;0;0;0;0;0;0;0;0;0;0;0;0;37.30 mg;0;0;0;0;0;0;0;0;0;0;0;0;0
2849;"Sayur bening; daun ubi jalar & labu air";Buatan Sendiri;1;100 g;33 kkal;0;0;7.40 g;0;1.40 g;0.30 g;0;0;0;0;0;1.70 g;0;0;3.30 g;0;0;0;123 mcg;0;0;0;0;0;0;0;0;0;0;12 mg;0;0;0;44.50 mg;0;0;393.50 mg;0;0;0;0;0;0;0;0;0;0;0;0;0
2407;Sayur katuk;Buatan Sendiri;1;100 g;252 kkal;0;0;10.72 g;0;4.72 g;1.28 g;0;0;0;0;0;6.60 g;0;0;4.16 g;0;0;0;0;0;0;0;0;0;0;0;0;0;0;0;0;0;0;0;0;0;5 mg;0;0;0;0;0;0;0;0;0;0;0;0;0
2101;Seblak;Buatan Sendiri;1;200 g;262 kkal;0;0;31.15 g;0;8.15 g;13.31 g;0;0;0;0;0;0;0;0;0;0;0;0;0;0;0;0;0;0;0;0;0;0;0;0;0;0;0;0;0;0;551 mg;0;0;0;0;0;0;0;0;0;0;0;0;0
2106;Seblak;Buatan Sendiri;1;200 g;262 kkal;0;0;31.15 g;0;8.15 g;13.31 g;0;0;0;0;0;0;0;0;0;0;0;0;0;0;0;0;0;0;0;0;0;0;0;0;0;0;0;0;0;0;551 mg;0;0;0;0;0;0;0;0;0;0;0;0;0
2108;Seblak kuah;Buatan Sendiri;1;200 g;262 kkal;0;0;31.50 g;0;8.15 g;13.31 g;0;0;0;0;0;0;0;0;0;0;0;0;0;0;0;0;0;0;0;0;0;0;0;0;0;0;0;0;0;0;551 mg;0;0;0;0;0;0;0;0;0;0;0;0;0
2109;Seblak kuah;Buatan Sendiri;1;200 g;262 kkal;0;0;31.50 g;0;8.15 g;13.31 g;0;0;0;0;0;0;0;0;0;0;0;0;0;0;0;0;0;0;0;0;0;0;0;0;0;0;0;0;0;0;551 mg;0;0;0;0;0;0;0;0;0;0;0;0;0
2781;Selai kacang morin;Buatan Sendiri;1;100 g;190 kkal;0;0;6 g;0;8 g;15 g;0;0;0;0;0;0;0;0;0;0;0;0;0;0;0;0;0;0;0;0;0;0;0;0;0;0;0;0;0;0;130 mg;0;0;0;0;0;0;0;0;0;0;0;0;0
2872;Serabi;Buatan Sendiri;1;100 g;108 kkal;0;0;21.05 g;0;1.59 g;1.80 g;0;0;0;0;0;0;0;0;0;0;0;0;0;0;0;0;0;0;0;0;0;0;0;0;0;0;0;0;0;0;49 mg;0;0;0;0;0;0;0;0;0;0;0;0;0
2111;Singkong goreng;Buatan Sendiri;1;40 gram;202 kkal;0;0;31.85 g;0;1.38 g;7.91 g;0;0;0;0;0;1.50 g;0;0;1.36 g;0;0;0;0.10 mcg;0;0.10 mg;0;0;0;0;0;0;0;0;2 mg;0;0;0;0.70 mg;0;0;0 mg;217 mg;0.12 mg;0;0;0;0;0;0;0;0;0;0;0
2118;Siomay;Buatan Sendiri;1;75 g;103 kkal;0;0;12 g;0;9 g;2 g;0;0;0;0;0;0;0;0;0;0;0;0;0;0;0;0;0;0;0;0;0;0;0;0;0;0;0;0;0;0;264 mg;0;0;0;0;0;0;0;0;0;0;0;0;0
2886;Siomay Ayam;Buatan Sendiri;1;20.00 g;160 kkal;0;0;22 g;0;7 g;5 g;0;0;0;0;0;3 g;0;0;0;0;0;0;0;0;0;0;0;0;0;0;0;0;0;0;0;0;0;0;0;0;0 mg;0;0;0;0;0;0;0;0;0;0;0;0;0
2117;Siomay tenggiri;Buatan Sendiri;1;75 g;103 kkal;0;0;12.23 g;0;9.20 g;1.71 g;0;0;0;0;0;0;0;0;0;0;0;0;0;0;0;0;0;0;0;0;0;0;0;0;0;0;0;0;0;0;264 mg;0;0;0;0;0;0;0;0;0;0;0;0;0
2372;Siu-Mai;Buatan Sendiri;1;29 g;61 kkal;0;0;3.20 g;0;3.20 g;3.80 g;0;0;0;0;0;0;0;0;0;0;0;0;0;0;0;0;0;0;0;0;0;0;0;0;0;0;0;0;0;0;160 mg;0;0;0;0;0;0;0;0;0;0;0;0;0
1327;Soju;Buatan Sendiri;1;100 g;143 kkal;0;0;4.55 g;0;0.45 g;0 g;0;0;0;0;0;0;0;0;0;0;0;0;0;0;0;0;0;0;0;0;0;0;0;0;0;0;0;0;0;0;0 mg;0;0;0;0;0;0;0;0;0;0;0;0;0
2370;Spring Roll;Buatan Sendiri;1;43 g;150 kkal;0;0;11 g;0;4 g;11 g;0;0;0;0;0;0;0;0;0;0;0;0;0;0;0;0;0;0;0;0;0;0;0;0;0;0;0;0;0;0;210 mg;0;0;0;0;0;0;0;0;0;0;0;0;0
2381;Spring Roll;Buatan Sendiri;1;43 g;150 kkal;0;0;11 g;0;4 g;11 g;0;0;0;0;0;0;0;0;0;0;0;0;0;0;0;0;0;0;0;0;0;0;0;0;0;0;0;0;0;0;210 mg;0;0;0;0;0;0;0;0;0;0;0;0;0
2311;Steamed Barbecue Pork Bun;Buatan Sendiri;1;56 g;150 kkal;0;0;24 g;0;4 g;4 g;0;0;0;0;0;0.88 g;0;0;7.70 g;0;0;0;0;0;0;0;0;0;0;0;0;0;0;0;0;0;0;0;0;0;160 mg;0;0;0;0;0;0;0;0;0;0;0;0;0
2373;Steamed Beancurd Sheet Roll;Buatan Sendiri;1;58 g;150 kkal;0;0;3 g;0;6.20 g;12 g;0;0;0;0;0;0;0;0;0;0;0;0;0;0;0;0;0;0;0;0;0;0;0;0;0;0;0;0;0;0;250 mg;0;0;0;0;0;0;0;0;0;0;0;0;0
2312;Steamed Chicken Bun;Buatan Sendiri;1;52 g;120 kkal;0;0;19 g;0;3.90 g;3.10 g;0;0;0;0;0;1.10 g;0;0;5.70 g;0;0;0;0;0;0;0;0;0;0;0;0;0;0;0;0;0;0;0;0;0;160 mg;0;0;0;0;0;0;0;0;0;0;0;0;0
2374;Steamed Chicken Feet With Black Bean Sauce;Buatan Sendiri;1;100 g;200 kkal;0;0;5.70 g;0;15 g;13 g;0;0;0;0;0;0;0;0;0;0;0;0;0;0;0;0;0;0;0;0;0;0;0;0;0;0;0;0;0;0;620 mg;0;0;0;0;0;0;0;0;0;0;0;0;0
2376;Steamed Dumpling, Chiu Chow Style;Buatan Sendiri;1;61 g;92 kkal;0;0;13 g;0;1.90 g;3.50 g;0;0;0;0;0;0;0;0;0;0;0;0;0;0;0;0;0;0;0;0;0;0;0;0;0;0;0;0;0;0;220 mg;0;0;0;0;0;0;0;0;0;0;0;0;0
2310;Steamed Egg Custard Bun;Buatan Sendiri;1;46 g;120 kkal;0;0;22 g;0;2 g;3 g;0;0;0;0;0;0.89 g;0;0;13 g;0;0;0;0;0;0;0;0;0;0;0;0;0;0;0;0;0;0;0;0;0;47 mg;0;0;0;0;0;0;0;0;0;0;0;0;0
2309;Steamed Glutinous Rice Roll;Buatan Sendiri;1;96 g;260 kkal;0;0;47 g;0;4.90 g;6.30 g;0;0;0;0;0;1.60 g;0;0;5.70 g;0;0;0;0;0;0;0;0;0;0;0;0;0;0;0;0;0;0;0;0;0;360 mg;0;0;0;0;0;0;0;0;0;0;0;0;0
2308;Steamed Vegetable And Meat Bun;Buatan Sendiri;1;79 g;190 kkal;0;0;29 g;0;4.70 g;6.20 g;0;0;0;0;0;2 g;0;0;6.30 g;0;0;0;0;0;0;0;0;0;0;0;0;0;0;0;0;0;0;0;0;0;220 mg;0;0;0;0;0;0;0;0;0;0;0;0;0
2377;Sticky Rice Wrapped in Lotus Leaf;Buatan Sendiri;1;338 g;710 kkal;0;0;110 g;0;26 g;23 g;0;0;0;0;0;0;0;0;0;0;0;0;0;0;0;0;0;0;0;0;0;0;0;0;0;0;0;0;0;0;1400 mg;0;0;0;0;0;0;0;0;0;0;0;0;0
1241;Susu murni;Buatan Sendiri;1;100 ml;62 kkal;0;0;4.66 g;0;3.32 g;3.35 g;0;0;0;0;0;0;0;0;0;0;0;0;0;0;0;0;0;0;0;0;0;0;0;0;0;0;0;0;0;0;0 mg;0;0;0;0;0;0;0;0;0;0;0;0;0
2405;Tahu bacem;Buatan Sendiri;1;100 g;24 kkal;0;0;1.09 g;0;1.90 g;1.47 g;0;0;0;0;0;0;0;0;0;0;0;0;0;0;0;0;0;0;0;0;0;0;0;0;0;0;0;0;0;0;34 mg;0;0;0;0;0;0;0;0;0;0;0;0;0
2406;Tahu bacem;Buatan Sendiri;1;100 g;24 kkal;0;0;1.09 g;0;1.90 g;1.47 g;0;0;0;0;0;0;0;0;0;0;0;0;0;0;0;0;0;0;0;0;0;0;0;0;0;0;0;0;0;0;34 mg;0;0;0;0;0;0;0;0;0;0;0;0;0
2430;Tahu Bakso;Buatan Sendiri;1;120 g;231 kkal;0;0;21.40 g;0;11.80 g;12.20 g;0;0;0;0;0;2.40 g;0;0;1.20 g;0;0;0;0;0;0;0;0;0;0;0;0;0;0;0;0;0;0;0;0;0;378 mg;201 mg;0;0;0;0;0;0;0;0;0;0;0;0
2191;Teh tawar;Buatan Sendiri;1;180 g;2 kkal;0;0;0.76 g;0;0.02 g;0 g;0;0;0;0;0;0;0;0;0;0;0;0;0;0;0;0;0;0;0;0;0;0;0;0;0;0;0;0;0;0;0 mg;0;0;0;0;0;0;0;0;0;0;0;0;0
2198;Teh tawar;Buatan Sendiri;1;180 g;2 kkal;0;0;0.76 g;0;0.02 g;0 g;0;0;0;0;0;0;0;0;0;0;0;0;0;0;0;0;0;0;0;0;0;0;0;0;0;0;0;0;0;0;0 mg;0;0;0;0;0;0;0;0;0;0;0;0;0
1185;Telur ayam, rebus;Buatan Sendiri;1;50 gram;155 kkal;0;0;1.10 g;0;13 g;11 g;0;0;0;0;0;0;0;0;1.12 g;0;0;0;0;0;0;0;0;0;0;0;0;0;0;0;0;0;0;0;0;0;124 mg;0;0;0;0;0;0;0;0;0;0;0;0;0
2871;Telur balado, masakan;Buatan Sendiri;1;100 g;142 kkal;0;0;2.44 g;0;7.15 g;11.50 g;0;0;0;0;0;0.50 g;0;0;1.54 g;0;0;0;0 mcg;0;0 mg;0 mg;0 mg;0;0;0;0;0;0;0 mg;0;0;0;0 mg;0 mg;0;249 mg;110 mg;0 mg;0 mg;0 mg;0;0;0;0;0;0;0;0;0
1191;Telur goreng, telur ceplok;Buatan Sendiri;1;50 gram;196 kkal;0;0;0.90 g;0;14 g;15 g;0;0;0;0;0;0 g;0;0;0.17 g;0;0;0;77.70 mcg;0;0;0;0;0;0;0;0;0;0;0 mg;0;0;0;27.10 mg;0;0;207 mg;0;0.85 mg;0;0;0;0;0;0;0;0;0;0;0
2336;Telur Rebus Ayam Kampung;Buatan Sendiri;1;60 gram;150 kkal;0;0;1.50 g;0;13 g;10 g;0;0;0;0;0;0;0;0;0;0;0;0;0;0;0;0;0;0;0;0;0;0;0;0;0;0;0;0;0;0;0 mg;0;0;0;0;0;0;0;0;0;0;0;0;0
2146;Tempe mendoan;Buatan Sendiri;1;100 g;200 kkal;0;0;12.69 g;0;11.18 g;12.78 g;0;0;0;0;0;0;0;0;0;0;0;0;0;0;0;0;0;0;0;0;0;0;0;0;0;0;0;0;0;0;233 mg;0;0;0;0;0;0;0;0;0;0;0;0;0
2148;Tempe mendoan;Buatan Sendiri;1;100 g;200 kkal;0;0;12.69 g;0;11.18 g;12.78 g;0;0;0;0;0;0;0;0;0;0;0;0;0;0;0;0;0;0;0;0;0;0;0;0;0;0;0;0;0;0;233 mg;0;0;0;0;0;0;0;0;0;0;0;0;0
2190;Tempe orek;Buatan Sendiri;1;15 gram;175 kkal;0;0;15.60 g;0;13.11 g;8.20 g;0;0;0;0;0;0;0;0;0;0;0;0;0;0;0;0;0;0;0;0;0;0;0;0;0;0;0;0;0;0;209 mg;0;0;0;0;0;0;0;0;0;0;0;0;0
2235;Tepung susu skim;Buatan Sendiri;1;5 g;18.75 kkal;0;0;2.50 g;0;1.75 g;0 g;0;0;0;0;0;0;0;0;0;0;0;0;0;0;0;0;0;0;0;0;0;0;0;0;0;0;0;0;0;0;0 mg;0;0;0;0;0;0;0;0;0;0;0;0;0
2238;Tepung susu skim;Buatan Sendiri;1;5 g;18.75 kkal;0;0;2.50 g;0;1.75 g;0 g;0;0;0;0;0;0;0;0;0;0;0;0;0;0;0;0;0;0;0;0;0;0;0;0;0;0;0;0;0;0;0 mg;0;0;0;0;0;0;0;0;0;0;0;0;0
2318;Terong balado;Buatan Sendiri;1;90 gram;114 kkal;0;0;8.51 g;0;1.40 g;9.58 g;0;0;0;0;0;0;0;0;0;0;0;0;0;0;0;0;0;0;0;0;0;0;0;0;0;0;0;0;0;0;314 mg;0;0;0;0;0;0;0;0;0;0;0;0;0
2184;Tumis buncis;Buatan Sendiri;1;100 g;65 kkal;0;0;8.15 g;0;1.97 g;3.45 g;0;0;0;0;0;0;0;0;0;0;0;0;0;0;0;0;0;0;0;0;0;0;0;0;0;0;0;0;0;0;263 mg;0;0;0;0;0;0;0;0;0;0;0;0;0
2196;Tumis jamur;Buatan Sendiri;1;100 g;28 kkal;0;0;4.36 g;0;3.87 g;0.36 g;0;0;0;0;0;0;0;0;0;0;0;0;0;0;0;0;0;0;0;0;0;0;0;0;0;0;0;0;0;0;13 mg;0;0;0;0;0;0;0;0;0;0;0;0;0
2155;Tumis kangkung;Buatan Sendiri;1;10 gram;39 kkal;0;0;3.10 g;0;2.60 g;2.70 g;0;0;0;0;0;0;0;0;0;0;0;0;0;0;0;0;0;0;0;0;0;0;0;0;0;0;0;0;0;0;113 mg;0;0;0;0;0;0;0;0;0;0;0;0;0
2154;Tumis kol;Buatan Sendiri;1;100 g;45 kkal;0;0;6 g;0;1.30 g;2.60 g;0;0;0;0;0;0;0;0;0;0;0;0;0;0;0;0;0;0;0;0;0;0;0;0;0;0;0;0;0;0;18 mg;0;0;0;0;0;0;0;0;0;0;0;0;0
2178;Udang rebus 100 gram;Buatan Sendiri;1;100 g;138 kkal;0;0;1.19 g;0;26.50 g;2.26 g;0;0;0;0;0;0;0;0;0;0;0;0;0;0;0;0;0;0;0;0;0;0;0;0;0;0;0;0;0;0;589 mg;0;0;0;0;0;0;0;0;0;0;0;0;0
2120;Urap;Buatan Sendiri;1;150 gram;112 kkal;0;0;10.89 g;0;2.32 g;7.65 g;0;0;0;0;0;0;0;0;4.24 g;0;0;0;0;0;0;0;0;0;0;0;0;0;0;0;0;0;0;0;0;0;215 mg;0;0;0;0;0;0;0;0;0;0;0;0;0
1326;Vodka;Buatan Sendiri;1;100 g;43 kkal;0;0;3.55 g;0;0.46 g;0 g;0;0;0;0;0;0;0;0;0;0;0;0;0;0;0;0;0;0;0;0;0;0;0;0;0;0;0;0;0;0;0 mg;0;0;0;0;0;0;0;0;0;0;0;0;0
2271;Wajik;Buatan Sendiri;1;50 g;152 kkal;0;0;34.20 g;0;1.99 g;0.68 g;0;0;0;0;0;0;0;0;0;0;0;0;0;0;0;0;0;0;0;0;0;0;0;0;0;0;0;0;0;0;70 mg;0;0;0;0;0;0;0;0;0;0;0;0;0
1329;Whiskey;Buatan Sendiri;1;100 g;250 kkal;0;0;0.10 g;0;0 g;0 g;0;0;0;0;0;0;0;0;0;0;0;0;0;0;0;0;0;0;0;0;0;0;0;0;0;0;0;0;0;0;0 mg;0;0;0;0;0;0;0;0;0;0;0;0;0
1328;Wine;Buatan Sendiri;1;100 g;83 kkal;0;0;2.72 g;0;0.07 g;0 g;0;0;0;0;0;0;0;0;0;0;0;0;0;0;0;0;0;0;0;0;0;0;0;0;0;0;0;0;0;0;0 mg;0;0;0;0;0;0;0;0;0;0;0;0;0
2232;yuzu tea;Buatan Sendiri;1;200 g;140 kkal;0;0;34 g;0;0 g;0 g;0;0;0;0;0;0;0;0;0;0;0;0;0;0;0;0;0;0;0;0;0;0;0;0;0;0;0;0;0;0;20 mg;0;0;0;0;0;0;0;0;0;0;0;0;0
1612;Burger cheeseburger;BURGER KING;1;111 g;280 kkal;0;0;27 g;0;15 g;13 g;0;0;0;0;0;1 g;0;0;7 g;0;0;0;0;0;0;0;0;0;0;0;0;0;0;0;0;0;0;0;0;0;0 mg;0;0;0;0;0;0;0;0;0;0;0;0;0
1611;Burger double whopper;BURGER KING;1;354 g;900 kkal;0;0;49 g;0;48 g;58 g;0;0;0;0;0;2 g;0;0;11 g;0;0;0;0;0;0;0;0;0;0;0;0;0;0;0;0;0;0;0;0;0;0 mg;0;0;0;0;0;0;0;0;0;0;0;0;0
1610;Burger whopper;BURGER KING;1;270 g;660 kkal;0;0;49 g;0;28 g;40 g;0;0;0;0;0;2 g;0;0;11 g;0;0;0;0;0;0;0;0;0;0;0;0;0;0;0;0;0;0;0;0;0;0 mg;0;0;0;0;0;0;0;0;0;0;0;0;0
1613;French fries;BURGER KING;1;153 g;380 kkal;0;0;53 g;0;5 g;17 g;0;0;0;0;0;4 g;0;0;0 g;0;0;0;0;0;0;0;0;0;0;0;0;0;0;0;0;0;0;0;0;0;0 mg;0;0;0;0;0;0;0;0;0;0;0;0;0
1615;Ice Cone;BURGER KING;1;120 g;190 kkal;0;0;32 g;0;5 g;4.50 g;0;0;0;0;0;0 g;0;0;24 g;0;0;0;0;0;0;0;0;0;0;0;0;0;0;0;0;0;0;0;0;0;0 mg;0;0;0;0;0;0;0;0;0;0;0;0;0
1614;Onion rings;BURGER KING;1;117 g;410 kkal;0;0;53 g;0;4 g;21 g;0;0;0;0;0;4 g;0;0;5 g;0;0;0;0;0;0;0;0;0;0;0;0;0;0;0;0;0;0;0;0;0;0 mg;0;0;0;0;0;0;0;0;0;0;0;0;0
1376;Caotina;Caotina;1;20 g;114 kkal;0;0;10.40 g;0;1 g;7.40 g;0;0;0;0;0;0;0;0;10 g;0;0;0;0;0;0;0;0;0;0;0;0;0;0;0;0;0;0;0;0;0;20 mg;0;0;0;0;0;0;0;0;0;0;0;0;0
1926;Captain oats instan;Captaiin Oats;1;40 g;159 kkal;0;0;27 g;0;5.40 g;3.30 g;0;0;0;0;0;4.30 g;0;0;0 g;0;0;0;0;0;0;0;0;0;0;0;0;0;0;0;0;0;0;0;0;0;0 mg;0;0;0;0;0;0;0;0;0;0;0;0;0
1927;Captain oats quick cook;Captaiin Oats;1;40 g;160 kkal;0;0;27.20 g;0;5.70 g;3.10 g;0;0;0;0;0;4 g;0;0;0 g;0;0;0;0;0;0;0;0;0;0;0;0;0;0;0;0;0;0;0;0;0;0 mg;0;0;0;0;0;0;0;0;0;0;0;0;0
1925;Captain oats rolled oats;Captaiin Oats;1;40 g;159 kkal;0;0;27.40 g;0;5.40 g;3.10 g;0;0;0;0;0;4.40 g;0;0;0 g;0;0;0;0;0;0;0;0;0;0;0;0;0;0;0;0;0;0;0;0;0;0 mg;0;0;0;0;0;0;0;0;0;0;0;0;0
1783;Burger Carl's Jr california classic double cheeseburger;Carl's Jr;1;283 g;600 kkal;0;0;41 g;0;23 g;39 g;0;0;0;0;0;2 g;0;0;11 g;0;0;0;0;0;0;0;0;0;0;0;0;0;0;0;0;0;0;0;0;0;0 mg;0;0;0;0;0;0;0;0;0;0;0;0;0
1781;Burger Carl's Jr double western bacon cheeseburger;Carl's Jr;1;332 g;1010 kkal;0;0;76 g;0;55 g;55 g;0;0;0;0;0;4 g;0;0;16 g;0;0;0;0;0;0;0;0;0;0;0;0;0;0;0;0;0;0;0;0;0;0 mg;0;0;0;0;0;0;0;0;0;0;0;0;0
1779;Burger Carl's Jr famous star with cheese;Carl's Jr;1;284 g;670 kkal;0;0;57 g;0;28 g;28 g;0;0;0;0;0;3 g;0;0;12 g;0;0;0;0;0;0;0;0;0;0;0;0;0;0;0;0;0;0;0;0;0;0 mg;0;0;0;0;0;0;0;0;0;0;0;0;0
1780;Burger Carl's Jr super star with cheese;Carl's Jr;1;390 g;920 kkal;0;0;59 g;0;48 g;56 g;0;0;0;0;0;4 g;0;0;13 g;0;0;0;0;0;0;0;0;0;0;0;0;0;0;0;0;0;0;0;0;0;0 mg;0;0;0;0;0;0;0;0;0;0;0;0;0
1784;Burger Carl's Jr the big carl;Carl's Jr;1;321 g;920 kkal;0;0;56 g;0;47 g;58 g;0;0;0;0;0;3 g;0;0;12 g;0;0;0;0;0;0;0;0;0;0;0;0;0;0;0;0;0;0;0;0;0;0 mg;0;0;0;0;0;0;0;0;0;0;0;0;0
1782;Burger Carl's Jr western bacon cheeseburger;Carl's Jr;1;250 g;750 kkal;0;0;75 g;0;36 g;35 g;0;0;0;0;0;4 g;0;0;16 g;0;0;0;0;0;0;0;0;0;0;0;0;0;0;0;0;0;0;0;0;0;0 mg;0;0;0;0;0;0;0;0;0;0;0;0;0
1776;Carman's bircher muesli;Carman's;1;100 g;421 kkal;0;0;48.10 g;0;14.70 g;17.10 g;0;0;0;0;0;7.90 g;0;0;16 g;0;0;0;0;0;0;0;0;0;0;0;0;0;0;0;0;0;0;0;0;0;0 mg;0;0;0;0;0;0;0;0;0;0;0;0;0
1753;Carman's fruit and nut;Carman's;1;45 g;183 kkal;0;0;25.10 g;0;4.10 g;6.70 g;0;0;0;0;0;3.10 g;0;0;7.80 g;0;0;0;0;0;0;0;0;0;0;0;0;0;0;0;0;0;0;0;0;0;0 mg;0;0;0;0;0;0;0;0;0;0;0;0;0
1754;Carman's fruit free;Carman's;1;45 g;190 kkal;0;0;24.80 g;0;4.50 g;7.40 g;0;0;0;0;0;3.30 g;0;0;6.10 g;0;0;0;0;0;0;0;0;0;0;0;0;0;0;0;0;0;0;0;0;0;0 mg;0;0;0;0;0;0;0;0;0;0;0;0;0
1775;Carman's fruit free muesli;Carman's;1;100 g;451 kkal;0;0;50.60 g;0;14.60 g;19.20 g;0;0;0;0;0;9.60 g;0;0;8 g;0;0;0;0;0;0;0;0;0;0;0;0;0;0;0;0;0;0;0;0;0;0 mg;0;0;0;0;0;0;0;0;0;0;0;0;0
1942;Keju Castello camembert;Castello;1;25 g;73 kkal;0;0;0.03 g;0;5 g;6 g;0;0;0;0;0;0;0;0;0.03 g;0;0;0;0;0;0;0;0;0;0;0;0;0;0;0;0;0;0;0;0;0;0 mg;0;0;0;0;0;0;0;0;0;0;0;0;0
1414;Meises coklat;Ceres;1;25 g;120 kkal;0;0;20 g;0;0 g;4 g;0;0;0;0;0;2 g;0;0;16 g;0;0;0;0;0;0;0;0;0;0;0;0;0;0;0;0;0;0;0;0;0;0 mg;0;0;0;0;0;0;0;0;0;0;0;0;0
1447;Saus Char siu (chinese BBQ);Charsiu;1;22 g;60 kkal;0;0;14 g;0;0 g;0 g;0;0;0;0;0;0;0;0;13 g;0;0;0;0;0;0;0;0;0;0;0;0;0;0;0;0;0;0;0;0;0;0 mg;0;0;0;0;0;0;0;0;0;0;0;0;0
1997;Chatime hazelnut milk tea;Chatime;1;500 ml;244 kkal;0;0;36 g;0;1 g;10.50 g;0;0;0;0;0;0;0;0;28.50 g;0;0;0;0;0;0;0;0;0;0;0;0;0;0;0;0;0;0;0;0;0;0 mg;0;0;0;0;0;0;0;0;0;0;0;0;0
2000;Chatime hazelnut milk tea (no sugar);Chatime;1;500 ml;185 kkal;0;0;20.50 g;0;1 g;11 g;0;0;0;0;0;0;0;0;15 g;0;0;0;0;0;0;0;0;0;0;0;0;0;0;0;0;0;0;0;0;0;0 mg;0;0;0;0;0;0;0;0;0;0;0;0;0
1213;Chatime mango smoothie;Chatime;1;500 ml;228 kkal;0;0;55.50 g;0;0.50 g;0.50 g;0;0;0;0;0;0;0;0;54 g;0;0;0;0;0;0;0;0;0;0;0;0;0;0;0;0;0;0;0;0;0;0 mg;0;0;0;0;0;0;0;0;0;0;0;0;0
1214;Chatime matcha red bean smoothie;Chatime;1;500 g;384 kkal;0;0;67 g;0;4.50 g;10.50 g;0;0;0;0;0;0;0;0;58 g;0;0;0;0;0;0;0;0;0;0;0;0;0;0;0;0;0;0;0;0;0;0 mg;0;0;0;0;0;0;0;0;0;0;0;0;0
1212;Chatime milk tea;Chatime;1;500 ml;302 kkal;0;0;44.50 g;0;1.50 g;13 g;0;0;0;0;0;0;0;0;39.50 g;0;0;0;0;0;0;0;0;0;0;0;0;0;0;0;0;0;0;0;0;0;0 mg;0;0;0;0;0;0;0;0;0;0;0;0;0
1998;Chatime milk tea(no sugar);Chatime;1;500 ml;142 kkal;0;0;5 g;0;1.50 g;13 g;0;0;0;0;0;0;0;0;1 g;0;0;0;0;0;0;0;0;0;0;0;0;0;0;0;0;0;0;0;0;0;0 mg;0;0;0;0;0;0;0;0;0;0;0;0;0
1211;Chatime pearl milk tea;Chatime;1;500 ml;374 kkal;0;0;67 g;0;1 g;11 g;0;0;0;0;0;0;0;0;39.50 g;0;0;0;0;0;0;0;0;0;0;0;0;0;0;0;0;0;0;0;0;0;0 mg;0;0;0;0;0;0;0;0;0;0;0;0;0
1999;Chatime pearl milk tea (no sugar);Chatime;1;500 ml;216 kkal;0;0;21.50 g;0;1 g;14 g;0;0;0;0;0;0;0;0;8 g;0;0;0;0;0;0;0;0;0;0;0;0;0;0;0;0;0;0;0;0;0;0 mg;0;0;0;0;0;0;0;0;0;0;0;0;0
1216;Chatime taro milk tea;Chatime;1;500 ml;399 kkal;0;0;70 g;0;2 g;12 g;0;0;0;0;0;0;0;0;54.50 g;0;0;0;0;0;0;0;0;0;0;0;0;0;0;0;0;0;0;0;0;0;0 mg;0;0;0;0;0;0;0;0;0;0;0;0;0
1215;Matcha Tea Latte;Chatime;1;500 ml;190 kkal;0;0;31.50 g;0;6.50 g;4 g;0;0;0;0;0;0;0;0;30 g;0;0;0;0;0;0;0;0;0;0;0;0;0;0;0;0;0;0;0;0;0;0 mg;0;0;0;0;0;0;0;0;0;0;0;0;0
1698;Cheesecake Factory carrot cake;Cheesecake Factory;1;0 g;1710 kkal;0;0;146 g;0;15 g;122 g;0;0;0;0;0;5 g;0;0;117 g;0;0;0;0;0;0;0;0;0;0;0;0;0;0;0;0;0;0;0;0;0;0 mg;0;0;0;0;0;0;0;0;0;0;0;0;0
1696;Cheesecake Factory Hot fudge sundae;Cheesecake Factory;1;0 g;1310 kkal;0;0;116 g;0;20 g;86 g;0;0;0;0;0;6 g;0;0;94 g;0;0;0;0;0;0;0;0;0;0;0;0;0;0;0;0;0;0;0;0;0;0 mg;0;0;0;0;0;0;0;0;0;0;0;0;0
1694;Cheesecake Factory Oreo dream extreme cheesecake;Cheesecake Factory;1;0 g;1620 kkal;0;0;178 g;0;17 g;99 g;0;0;0;0;0;7 g;0;0;134 g;0;0;0;0;0;0;0;0;0;0;0;0;0;0;0;0;0;0;0;0;0;0 mg;0;0;0;0;0;0;0;0;0;0;0;0;0
1697;Cheesecake Factory oreo milkshake;Cheesecake Factory;1;0 g;1680 kkal;0;0;183 g;0;27 g;94 g;0;0;0;0;0;3 g;0;0;131 g;0;0;0;0;0;0;0;0;0;0;0;0;0;0;0;0;0;0;0;0;0;0 mg;0;0;0;0;0;0;0;0;0;0;0;0;0
1693;Cheesecake Factory original cheesecake;Cheesecake Factory;1;0 g;830 kkal;0;0;64 g;0;12 g;58 g;0;0;0;0;0;1 g;0;0;52 g;0;0;0;0;0;0;0;0;0;0;0;0;0;0;0;0;0;0;0;0;0;0 mg;0;0;0;0;0;0;0;0;0;0;0;0;0
1695;Cheesecake Factory ultimate red velvet cake cheesecake;Cheesecake Factory;1;0 g;1570 kkal;0;0;125 g;0;14 g;116 g;0;0;0;0;0;1 g;0;0;105 g;0;0;0;0;0;0;0;0;0;0;0;0;0;0;0;0;0;0;0;0;0;0 mg;0;0;0;0;0;0;0;0;0;0;0;0;0
3695;Bakpao Ayam;Chik Yen;1;100 g;270 kkal;0;0;31 g;0;18 g;9 g;0;0;0;0;0;0;0;0;0;0;0;0;0;0;0;0;0;0;0;0;0;0;0;0;0;0;0;0;0;0;11 mg;0;0;0;0;0;0;0;0;0;0;0;0;0
1475;A &W;Coca cola company;1;330 ml;170 kkal;0;0;43 g;0;0 g;0 g;0;0;0;0;0;0;0;0;43 g;0;0;0;0;0;0;0;0;0;0;0;0;0;0;0;0;0;0;0;0;0;0 mg;0;0;0;0;0;0;0;0;0;0;0;0;0
1472;Coca cola zero sugar;Coca cola company;1;330 ml;0 kkal;0;0;0 g;0;0 g;0 g;0;0;0;0;0;0;0;0;0;0;0;0;0;0;0;0;0;0;0;0;0;0;0;0;0;0;0;0;0;0;0 mg;0;0;0;0;0;0;0;0;0;0;0;0;0
1387;Coco pops;Coca cola company;1;30 g;120 kkal;0;0;26 g;0;2 g;0.50 g;0;0;0;0;0;1 g;0;0;12 g;0;0;0;0;0;0;0;0;0;0;0;0;0;0;0;0;0;0;0;0;0;0 mg;0;0;0;0;0;0;0;0;0;0;0;0;0
3376;Frestea Honey;Coca cola company;1;100 g;90 kkal;0;0;22 g;0;0 g;0 g;0;0;0;0;0;0;0;0;21 g;0;0;0;0;0;0;0;0;0;0;0;0;0;0;0;0;0;0;0;0;0;50 mg;0;0;0;0;0;0;0;0;0;0;0;0;0
1473;Sprite (kaleng);Coca cola company;1;250 ml;100 kkal;0;0;25 g;0;0 g;0 g;0;0;0;0;0;0;0;0;25 g;0;0;0;0;0;0;0;0;0;0;0;0;0;0;0;0;0;0;0;0;0;0 mg;0;0;0;0;0;0;0;0;0;0;0;0;0
1558;Teh frestea;Coca cola company;1;500 ml;160 kkal;0;0;40 g;0;0 g;0 g;0;0;0;0;0;0;0;0;36 g;0;0;0;0;0;0;0;0;0;0;0;0;0;0;0;0;0;0;0;0;0;0 mg;0;0;0;0;0;0;0;0;0;0;0;0;0
4984;Mazola Corn Oil 450 mL;Codaa Switzerland AG;1;12 ml;100 kkal;0;0;0 g;0;0 g;11 g;0;0;0;0;0;0;0;0;0 g;0;0;0;0;0;0;0;0;0;0;0;0;0;0;0;0;0;0;0;0;0;0 mg;0;0;0;0;0;0;0;0;0;0;0;0;0
4983;Mazola Soya Bean Oil 450 mL;Codaa Switzerland AG;1;12 ml;110 kkal;0;0;0 g;0;0 g;12 g;0;0;0;0;0;0;0;0;0 g;0;0;0;0;0;0;0;0;0;0;0;0;0;0;0;0;0;0;0;0;0;0 mg;0;0;0;0;0;0;0;0;0;0;0;0;0
2051;Cold Stone Creamery Banana Caramel;Cold Stone Creamery;1;318 g;740 kkal;0;0;89 g;0;13 g;41 g;0;0;0;0;0;3 g;0;0;71 g;0;0;0;0;0;0;0;0;0;0;0;0;0;0;0;0;0;0;0;0;0;0 mg;0;0;0;0;0;0;0;0;0;0;0;0;0
2007;Cold Stone Creamery chocolate Devotion;Cold Stone Creamery;1;313 g;870 kkal;0;0;108 g;0;13 g;45 g;0;0;0;0;0;3 g;0;0;91 g;0;0;0;0;0;0;0;0;0;0;0;0;0;0;0;0;0;0;0;0;0;0 mg;0;0;0;0;0;0;0;0;0;0;0;0;0
2011;Cold Stone Creamery Cookie Doughnut;Cold Stone Creamery;1;322 g;910 kkal;0;0;121 g;0;12 g;46 g;0;0;0;0;0;2 g;0;0;96 g;0;0;0;0;0;0;0;0;0;0;0;0;0;0;0;0;0;0;0;0;0;0 mg;0;0;0;0;0;0;0;0;0;0;0;0;0
2008;Cold Stone Creamery Mud Pie Mojo;Cold Stone Creamery;1;308 g;940 kkal;0;0;94 g;0;19 g;59 g;0;0;0;0;0;3 g;0;0;75 g;0;0;0;0;0;0;0;0;0;0;0;0;0;0;0;0;0;0;0;0;0;0 mg;0;0;0;0;0;0;0;0;0;0;0;0;0
2010;Cold Stone Creamery Oreo Overload;Cold Stone Creamery;1;311 g;910 kkal;0;0;115 g;0;12 g;49 g;0;0;0;0;0;1 g;0;0;92 g;0;0;0;0;0;0;0;0;0;0;0;0;0;0;0;0;0;0;0;0;0;0 mg;0;0;0;0;0;0;0;0;0;0;0;0;0
2009;Cold Stone Creamery Peanut Butter cup;Cold Stone Creamery;1;303 g;890 kkal;0;0;89 g;0;18 g;55 g;0;0;0;0;0;3 g;0;0;79 g;0;0;0;0;0;0;0;0;0;0;0;0;0;0;0;0;0;0;0;0;0;0 mg;0;0;0;0;0;0;0;0;0;0;0;0;0
2919;White Anchovy Powder;Crystal of The Sea;1;0.00 ml;15 kkal;0;0;0 g;0;3 g;0 g;0;0;0;0;0;0;0;0;0 g;0;0;0;0;0;0;0;0;0;0;0;0;0;0;0;0;0;0;74 mg;0;0;70 mg;0;0 mg;0;0;0;0;0;0;0;0;0;0;0
1449;Saus Curry;Curry;1;29 g;70 kkal;0;0;7 g;0;1 g;4.50 g;0;0;0;0;0;1 g;0;0;5 g;0;0;0;0;0;0;0;0;0;0;0;0;0;0;0;0;0;0;0;0;0;0 mg;0;0;0;0;0;0;0;0;0;0;0;0;0
3713;Kacang Ala Bangkok Rasa Original;CV Gangsar;1;100 g;150 kkal;0;0;7 g;0;5 g;11 g;0;0;0;0;0;0;0;0;0;0;0;0;0;0;0;0;0;0;0;0;0;0;0;0;0;0;0;0;0;0;190 mg;0;0;0;0;0;0;0;0;0;0;0;0;0
4459;Astro Goods Crispy Brownies English Cheddar;CV Inti Sentosa Nusantara;1;20 gram;102 kkal;0;0;13 g;0;1 g;5 g;0;0;0;0;0;0;0;0;4 g;0;0;0;0;0;0;0;0;0;0;0;0;0;0;0;0;0;0;0;0;0;54 mg;0;0;0;0;0;0;0;0;0;0;0;0;0
4414;OH MA GRAIN! Popped Rice Crackers;CV Kreasi Pangan Global;1;25 gram;110 kkal;0;0;19 g;0;2 g;3 g;0;0;0;0;0;2 g;0;0;1 g;0;0;0;0;0;0;0;0;0;0;0;0;0;0;0;0;0;0;0;0;0;105 mg;0;0;0;0;0;0;0;0;0;0;0;0;0
4415;OH MA GRAIN! Popped Rice Crackers Milk Chocolate;CV Kreasi Pangan Global;1;25 gram;110 kkal;0;0;20 g;0;2 g;2 g;0;0;0;0;0;3 g;0;0;1 g;0;0;0;0;0;0;0;0;0;0;0;0;0;0;0;0;0;0;0;0;0;20 mg;0;0;0;0;0;0;0;0;0;0;0;0;0
4427;Greek Yogurt Passion Fruit, Mango, Apple, & Banana;CV Kusuma Food Indonesia;1;100 gram;90 kkal;0;0;17 g;0;2 g;2 g;0;0;0;0;0;5 g;0;0;9 g;0;0;0;0;0;0;0;0;0;0;0;0;0;0;0;0;0;0;0;0;0;0 mg;0;0;0;0;0;0;0;0;0;0;0;0;0
4428;Yummy Bites Custard Chocolate;CV Kusuma Food Indonesia;1;100 gram;100 kkal;0;0;15 g;0;3 g;3.50 g;0;0;0;0;0;4 g;0;0;8 g;0;0;0;0;0;0;0;0;0;0;0;0;0;0;0;0;0;0;0;0;0;0 mg;0;0;0;0;0;0;0;0;0;0;0;0;0
4426;Yummy Bites Greek Yogurt Vanilla, Apple, & Banana;CV Kusuma Food Indonesia;1;100 gram;90 kkal;0;0;15 g;0;2 g;2.50 g;0;0;0;0;0;5 g;0;0;8 g;0;0;0;0;0;0;0;0;0;0;0;0;0;0;0;0;0;0;0;0;0;25 mg;0;0;0;0;0;0;0;0;0;0;0;0;0
4447;Mie Godhog Jogja;CV Sundoro Indonesia;1;80 gram;280 kkal;0;0;56 g;0;9 g;2.50 g;0;0;0;0;0;0;0;0;2 g;0;0;0;0;0;0;0;0;0;0;0;0;0;0;0;0;0;0;0;0;0;880 mg;0;0;0;0;0;0;0;0;0;0;0;0;0
4443;Mie Goreng Jogja;CV Sundoro Indonesia;1;95 gram;330 kkal;0;0;87 g;0;10 g;2.50 g;0;0;0;0;0;0;0;0;2 g;0;0;0;0;0;0;0;0;0;0;0;0;0;0;0;0;0;0;0;0;0;1040 mg;0;0;0;0;0;0;0;0;0;0;0;0;0
3754;Gizzi Milk Wafer Selection Rasa Cokelat Susu;CV Surya Pangan Lestari;1;100 g;70 kkal;0;0;10 g;0;1 g;3.50 g;0;0;0;0;0;0;0;0;4 g;0;0;0;0;0;0;0;0;0;0;0;0;0;0;0;0;0;0;0;0;0;25 mg;0;0;0;0;0;0;0;0;0;0;0;0;0
3762;Gizzi Milk Wafer Selection Rasa Keju Susu;CV Surya Pangan Lestari;1;100 g;80 kkal;0;0;9 g;0;1 g;4 g;0;0;0;0;0;0;0;0;4 g;0;0;0;0;0;0;0;0;0;0;0;0;0;0;0;0;0;0;0;0;0;30 mg;0;0;0;0;0;0;0;0;0;0;0;0;0
3763;Gizzi Milk Wafer Selection Rasa Kurma Susu;CV Surya Pangan Lestari;1;100 g;80 kkal;0;0;10 g;0;1 g;4 g;0;0;0;0;0;0;0;0;4 g;0;0;0;0;0;0;0;0;0;0;0;0;0;0;0;0;0;0;0;0;0;20 mg;0;0;0;0;0;0;0;0;0;0;0;0;0
4477;Lotte Pepero Almond;CV. Aneka Semesta Nutrisindo;1;32 gram;140 kkal;0;0;23 g;0;4 g;3.50 g;0;0;0;0;0;0;0;0;7 g;0;0;0;0;0;0;0;0;0;0;0;0;0;0;0;0;0;0;0;0;0;65 mg;0;0;0;0;0;0;0;0;0;0;0;0;0
4478;Lotte Pepero White Cookie;CV. Aneka Semesta Nutrisindo;1;32 gram;160 kkal;0;0;20 g;0;3 g;7 g;0;0;0;0;0;0;0;0;10 g;0;0;0;0;0;0;0;0;0;0;0;0;0;0;0;0;0;0;0;0;0;65 mg;0;0;0;0;0;0;0;0;0;0;0;0;0
4458;Nola Choco Chips;CV. Cahaya Sinar Terang;1;25 gram;120 kkal;0;0;18 g;0;1 g;5 g;0;0;0;0;0;2 g;0;0;6 g;0;0;0;0;0;0;0;0;0;0;0;0;0;0;0;0;0;0;0;0;0;110 mg;0;0;0;0;0;0;0;0;0;0;0;0;0
4457;Nola Granola Chips Choco Banila;CV. Cahaya Sinar Terang;1;25 gram;120 kkal;0;0;17 g;0;2 g;4.50 g;0;0;0;0;0;4 g;0;0;5 g;0;0;0;0;0;0;0;0;0;0;0;0;0;0;0;0;0;0;0;0;0;55 mg;0;0;0;0;0;0;0;0;0;0;0;0;0
4455;Nola Granola Chips Pandan Nangka;CV. Cahaya Sinar Terang;1;25 gram;120 kkal;0;0;18 g;0;2 g;4 g;0;0;0;0;0;3 g;0;0;5 g;0;0;0;0;0;0;0;0;0;0;0;0;0;0;0;0;0;0;0;0;0;55 mg;0;0;0;0;0;0;0;0;0;0;0;0;0
4456;Nola Granola Chips Peanut;CV. Cahaya Sinar Terang;1;25 gram;120 kkal;0;0;16 g;0;3 g;5 g;0;0;0;0;0;3 g;0;0;4 g;0;0;0;0;0;0;0;0;0;0;0;0;0;0;0;0;0;0;0;0;0;75 mg;0;0;0;0;0;0;0;0;0;0;0;0;0
1768;Esprecielo caramel macchiato;CV. Esprecielo International;1;23 g;110 kkal;0;0;17 g;0;1 g;4 g;0;0;0;0;0;0 g;0;0;10 g;0;0;0;0;0;0;0;0;0;0;0;0;0;0;0;0;0;0;0;0;0;0 mg;0;0;0;0;0;0;0;0;0;0;0;0;0
1839;Abon ayam gloria;CV. Gloria Wijaya Kusuma;1;25 g;110 kkal;0;0;10 g;0;7 g;5 g;0;0;0;0;0;0;0;0;0;0;0;0;0;0;0;0;0;0;0;0;0;0;0;0;0;0;0;0;0;0;0 mg;0;0;0;0;0;0;0;0;0;0;0;0;0
1838;Abon sapi gloria;CV. Gloria Wijaya Kusuma;1;25 g;130 kkal;0;0;12 g;0;12 g;6 g;0;0;0;0;0;0;0;0;0;0;0;0;0;0;0;0;0;0;0;0;0;0;0;0;0;0;0;0;0;0;0 mg;0;0;0;0;0;0;0;0;0;0;0;0;0
4898;Jangkrik Mas Jahe Sugar Free;CV. Herba Liem Putra;1;7 gram;30 kkal;0;0;7 g;0;0 g;0 g;0;0;0;0;0;0;0;0;0 g;0;0;0;0;0;0;0;0;0;0;0;0;0;0;0;0;0;0;0;0;0;0 mg;0;0;0;0;0;0;0;0;0;0;0;0;0
4899;Jangkrik Mas Serbat Uwuh;CV. Herba Liem Putra;1;12 gram;50 kkal;0;0;12 g;0;0 g;0 g;0;0;0;0;0;0;0;0;10 g;0;0;0;0;0;0;0;0;0;0;0;0;0;0;0;0;0;0;0;0;0;0 mg;0;0;0;0;0;0;0;0;0;0;0;0;0
3583;Susu osamilk;CV. Isma mandiri;1;100 g;220 kkal;0;0;40 g;0;2 g;6 g;0;0;0;0;0;0;0;0;21 g;0;0;0;0;0;0;0;0;0;0;0;0;0;0;0;0;0;0;0;0;0;115 mg;0;0;0;0;0;0;0;0;0;0;0;0;0
2277;Regal Biskuit Marie;CV. JAYA ABADI;1;15 g;70 kkal;0;0;12 g;0;1 g;2 g;0;0;0;0;0;0;0;0;0;0;0;0;0;0;0;0;0;0;0;0;0;0;0;0;0;0;0;0;0;0;45 mg;0;0;0;0;0;0;0;0;0;0;0;0;0
2281;Regal Biskuit Marie;CV. JAYA ABADI;1;15 g;70 kkal;0;0;12 g;0;1 g;2 g;0;0;0;0;0;0;0;0;0;0;0;0;0;0;0;0;0;0;0;0;0;0;0;0;0;0;0;0;0;0;45 mg;0;0;0;0;0;0;0;0;0;0;0;0;0
4886;Regal Marie Biscuits Spesial 1000g;CV. JAYA ABADI;1;40 gram;180 kkal;0;0;30 g;0;3 g;4.50 g;0;0;0;0;0;2 g;0;0;9 g;0;0;0;0;0;0;0;0;0;0;0;0;0;0;0;0;0;0;0;0;0;115 mg;0;0;0;0;0;0;0;0;0;0;0;0;0
4623;Minyak Goreng Sawit Khazanah;CV. Khazanah Jaya Raya;1;100 ml;810 kkal;0;0;1 g;0;1 g;100 g;0;0;0;0;0;0;0;0;1 g;0;0;0;0;0;0;0;0;0;0;0;0;0;0;0;0;0;0;0;0;0;0 mg;0;0;0;0;0;0;0;0;0;0;0;0;0
3030;yummy bites banana flavor;CV. KUSUMA FOOD INDONESIA;1;100.00 g;190 kkal;0;0;44 g;0;2 g;0 g;0;0;0;0;0;0;0;0;4 g;0;0;0;0;0;0;0;0;0;0;0;0;0;0;0;0;0;0;0;0;0;130 mg;0;0;0;0;0;0;0;0;0;0;0;0;0
3016;Yummy bites Originak;CV. KUSUMA FOOD INDONESIA;1;100.00 g;50 kkal;0;0;8 g;0;2 g;1 g;0;0;0;0;0;0;0;0;2 g;0;0;0;0;0;0;0;0;0;0;0;0;0;0;0;0;0;0;0;0;0;35 mg;0;0;0;0;0;0;0;0;0;0;0;0;0
4444;Batagor Kuah Cup Rasa Soto;CV. Kylafood Boga Indonesia;1;80 gram;410 kkal;0;0;49 g;0;3 g;22 g;0;0;0;0;0;0;0;0;2 g;0;0;0;0;0;0;0;0;0;0;0;0;0;0;0;0;0;0;0;0;0;1490 mg;0;0;0;0;0;0;0;0;0;0;0;0;0
4436;Seblak Instan Rempah Autentik;CV. Kylafood Boga Indonesia;1;100 gram;520 kkal;0;0;32 g;0;2 g;43 g;0;0;0;0;0;0;0;0;1 g;0;0;0;0;0;0;0;0;0;0;0;0;0;0;0;0;0;0;0;0;0;1110 mg;0;0;0;0;0;0;0;0;0;0;0;0;0
4437;Mi Instan Kuah Rasa Kari;CV. Mahardika Mulia Sekawan;1;80 gram;310 kkal;0;0;53 g;0;9 g;7 g;0;0;0;0;0;0;0;0;2 g;0;0;0;0;0;0;0;0;0;0;0;0;0;0;0;0;0;0;0;0;0;1090 mg;0;0;0;0;0;0;0;0;0;0;0;0;0
3401;Aida Cabe Giling;CV. Makmur Permata;1;100 g;0 kkal;0;0;1 g;0;0 g;0 g;0;0;0;0;0;0 g;0;0;0;0;0;0;0;0;0;0;0;0;0;0;0;0;0;0;0;0;0;0;0;0;0 mg;0;0;0;0;0;0;0;0;0;0;0;0;0
2467;East Bali Cashews Granola With Rosella Cinnamon;CV. Mente Bali Sejahtera;1;30 g;126 kkal;0;0;18.50 g;0;2.50 g;4 g;0;0;0;0;0;2.50 g;0;0;5 g;0;0;0;0;0;0;0;0;0;0;0;0;0;0;0;0;0;0;0;0;0;118.50 mg;0;0;0;0;0;0;0;0;0;0;0;0;0
3777;oMo! Krispy-O;CV. OMO Food Indonesia;1;100 g;70 kkal;0;0;11 g;0;1 g;2.50 g;0;0;0;0;0;0;0;0;1 g;0;0;0;0;0;0;0;0;0;0;0;0;0;0;0;0;0;0;0;0;0;90 mg;0;0;0;0;0;0;0;0;0;0;0;0;0
1672;Sambal cuk ijo teri medan;CV. SAMBAL CUK;1;40 g;190 kkal;0;0;9 g;0;2 g;17 g;0;0;0;0;0;0;0;0;0;0;0;0;0;0;0;0;0;0;0;0;0;0;0;0;0;0;0;0;0;0;0 mg;0;0;0;0;0;0;0;0;0;0;0;0;0
1670;Sambal cuk ikan roa asap;CV. SAMBAL CUK;1;40 g;220 kkal;0;0;7 g;0;4 g;20 g;0;0;0;0;0;3 g;0;0;4 g;0;0;0;0;0;0;0;0;0;0;0;0;0;0;0;0;0;0;0;0;0;0 mg;0;0;0;0;0;0;0;0;0;0;0;0;0
1671;Sambal cuk korek bebek madura;CV. SAMBAL CUK;1;40 g;170 kkal;0;0;10 g;0;2 g;14 g;0;0;0;0;0;7 g;0;0;3 g;0;0;0;0;0;0;0;0;0;0;0;0;0;0;0;0;0;0;0;0;0;0 mg;0;0;0;0;0;0;0;0;0;0;0;0;0
1669;Sambal cuk original cabe;CV. SAMBAL CUK;1;40 g;160 kkal;0;0;9 g;0;1 g;13 g;0;0;0;0;0;4 g;0;0;3 g;0;0;0;0;0;0;0;0;0;0;0;0;0;0;0;0;0;0;0;0;0;0 mg;0;0;0;0;0;0;0;0;0;0;0;0;0
4402;Jongga Fermented Vegetables Kimchi;Daesang Corporation;1;75 gram;40 kkal;0;0;6 g;0;2 g;1 g;0;0;0;0;0;0;0;0;4 g;0;0;0;0;0;0;0;0;0;0;0;0;0;0;0;0;0;0;0;0;0;130 mg;0;0;0;0;0;0;0;0;0;0;0;0;0
1627;Dairy queen banana split;Dairy queen;1;374 g;520 kkal;0;0;92 g;0;9 g;14 g;0;0;0;0;0;4 g;0;0;72 g;0;0;0;0;0;0;0;0;0;0;0;0;0;0;0;0;0;0;0;0;0;0 mg;0;0;0;0;0;0;0;0;0;0;0;0;0
1623;Dairy queen chocolate dipped cone;Dairy queen;1;220 g;460 kkal;0;0;59 g;0;9 g;22 g;0;0;0;0;0;1 g;0;0;43 g;0;0;0;0;0;0;0;0;0;0;0;0;0;0;0;0;0;0;0;0;0;0 mg;0;0;0;0;0;0;0;0;0;0;0;0;0
1626;Dairy queen hot fudge sundae;Dairy queen;1;234 g;430 kkal;0;0;66 g;0;9 g;15 g;0;0;0;0;0;1 g;0;0;52 g;0;0;0;0;0;0;0;0;0;0;0;0;0;0;0;0;0;0;0;0;0;0 mg;0;0;0;0;0;0;0;0;0;0;0;0;0
1624;Dairy queen mocha moolatte;Dairy queen;1;489 g;580 kkal;0;0;88 g;0;10 g;22 g;0;0;0;0;0;1 g;0;0;77 g;0;0;0;0;0;0;0;0;0;0;0;0;0;0;0;0;0;0;0;0;0;0 mg;0;0;0;0;0;0;0;0;0;0;0;0;0
1625;Dairy queen oreo cookie blizzard;Dairy queen;1;358 g;780 kkal;0;0;117 g;0;15 g;29 g;0;0;0;0;0;1 g;0;0;84 g;0;0;0;0;0;0;0;0;0;0;0;0;0;0;0;0;0;0;0;0;0;0 mg;0;0;0;0;0;0;0;0;0;0;0;0;0
1622;Dairy queen Vanilla cone;Dairy queen;1;199 g;330 kkal;0;0;52 g;0;9 g;9 g;0;0;0;0;0;0 g;0;0;36 g;0;0;0;0;0;0;0;0;0;0;0;0;0;0;0;0;0;0;0;0;0;0 mg;0;0;0;0;0;0;0;0;0;0;0;0;0
4452;Melts With Biscuit (Stick Biscuit);David Lei;1;10 gram;45 kkal;0;0;7 g;0;1 g;1.50 g;0;0;0;0;0;0;0;0;2 g;0;0;0;0;0;0;0;0;0;0;0;0;0;0;0;0;0;0;0;0;0;57 mg;0;0;0;0;0;0;0;0;0;0;0;0;0
2539;AYAM BRAND kacang;Denis G.M Co. Ltd., Vietnam (Diimpor oleh PT. FARENTINA);1;115 g;110 kkal;0;0;22 g;0;5 g;0.50 g;0;0;0;0;0;6 g;0;0;8 g;0;0;0;0;0;0;0;0;0;0;0;0;0;0;0;0;0;0;0;0;0;470 mg;0;0;0;0;0;0;0;0;0;0;0;0;0
1963;Domino Pizza Beef Pepperoni feast;Domino Pizza;1;139 g;370 kkal;0;0;36 g;0;16 g;17 g;0;0;0;0;0;2 g;0;0;3 g;0;0;0;0;0;0;0;0;0;0;0;0;0;0;0;0;0;0;0;0;0;890 mg;0;0;0;0;0;0;0;0;0;0;0;0;0
1961;Domino Pizza Bread sticks;Domino Pizza;1;33 g;130 kkal;0;0;14 g;0;3 g;7 g;0;0;0;0;0;1 g;0;0;1 g;0;0;0;0;0;0;0;0;0;0;0;0;0;0;0;0;0;0;0;0;0;90 mg;0;0;0;0;0;0;0;0;0;0;0;0;0
1964;Domino Pizza Chessy bread;Domino Pizza;1;38 g;140 kkal;0;0;14 g;0;4 g;7 g;0;0;0;0;0;1 g;0;0;1 g;0;0;0;0;0;0;0;0;0;0;0;0;0;0;0;0;0;0;0;0;0;140 mg;0;0;0;0;0;0;0;0;0;0;0;0;0
1965;Domino Pizza Extravaganza;Domino Pizza;1;178 g;390 kkal;0;0;38 g;0;17 g;18 g;0;0;0;0;0;2 g;0;0;3 g;0;0;0;0;0;0;0;0;0;0;0;0;0;0;0;0;0;0;0;0;0;970 mg;0;0;0;0;0;0;0;0;0;0;0;0;0
1962;Domino Pizza Meatzza;Domino Pizza;1;155 g;370 kkal;0;0;37 g;0;16 g;17 g;0;0;0;0;0;2 g;0;0;3 g;0;0;0;0;0;0;0;0;0;0;0;0;0;0;0;0;0;0;0;0;0;930 mg;0;0;0;0;0;0;0;0;0;0;0;0;0
1966;Domino Pizza Veggie Mania;Domino Pizza;1;151 g;310 kkal;0;0;37 g;0;13 g;11 g;0;0;0;0;0;2 g;0;0;3 g;0;0;0;0;0;0;0;0;0;0;0;0;0;0;0;0;0;0;0;0;0;660 mg;0;0;0;0;0;0;0;0;0;0;0;0;0
1944;Dunkin' donuts chocolate frosted donut;Dunkin' donuts;1;0 g;280 kkal;0;0;31 g;0;3 g;15 g;0;0;0;0;0;1 g;0;0;13 g;0;0;0;0;0;0;0;0;0;0;0;0;0;0;0;0;0;0;0;0;0;0 mg;0;0;0;0;0;0;0;0;0;0;0;0;0
1945;Dunkin' donuts Double chocolate donut;Dunkin' donuts;1;0 g;350 kkal;0;0;39 g;0;4 g;20 g;0;0;0;0;0;2 g;0;0;18 g;0;0;0;0;0;0;0;0;0;0;0;0;0;0;0;0;0;0;0;0;0;0 mg;0;0;0;0;0;0;0;0;0;0;0;0;0
1946;Dunkin' donuts Glazed Donut;Dunkin' donuts;1;0 g;260 kkal;0;0;30 g;0;3 g;14 g;0;0;0;0;0;1 g;0;0;12 g;0;0;0;0;0;0;0;0;0;0;0;0;0;0;0;0;0;0;0;0;0;0 mg;0;0;0;0;0;0;0;0;0;0;0;0;0
1948;Dunkin' donuts Peanut Donut;Dunkin' donuts;1;0 g;450 kkal;0;0;48 g;0;7 g;26 g;0;0;0;0;0;2 g;0;0;26 g;0;0;0;0;0;0;0;0;0;0;0;0;0;0;0;0;0;0;0;0;0;0 mg;0;0;0;0;0;0;0;0;0;0;0;0;0
1947;Dunkin' donuts Strawberry Frosted donut;Dunkin' donuts;1;0 g;280 kkal;0;0;32 g;0;3 g;15 g;0;0;0;0;0;1 g;0;0;14 g;0;0;0;0;0;0;0;0;0;0;0;0;0;0;0;0;0;0;0;0;0;0 mg;0;0;0;0;0;0;0;0;0;0;0;0;0
1943;Dunkin' donuts sugar raised;Dunkin' donuts;1;0 g;230 kkal;0;0;22 g;0;3 g;14 g;0;0;0;0;0;1 g;0;0;4 g;0;0;0;0;0;0;0;0;0;0;0;0;0;0;0;0;0;0;0;0;0;0 mg;0;0;0;0;0;0;0;0;0;0;0;0;0
1885;Frozen food Mantou Plain;Edo Mantao Plain;1;40 g;120 kkal;0;0;24 g;0;2 g;1 g;0;0;0;0;0;0;0;0;0;0;0;0;0;0;0;0;0;0;0;0;0;0;0;0;0;0;0;0;0;0;0 mg;0;0;0;0;0;0;0;0;0;0;0;0;0
1886;Frozen food Mantou Plain coklat;Edo Mantao Plain;1;40 g;120 kkal;0;0;24 g;0;3 g;1.50 g;0;0;0;0;0;0;0;0;0;0;0;0;0;0;0;0;0;0;0;0;0;0;0;0;0;0;0;0;0;0;0 mg;0;0;0;0;0;0;0;0;0;0;0;0;0
1887;Frozen food Mini pau kacang merah;Edo Mantao Plain;1;25 g;80 kkal;0;0;13 g;0;2 g;1.50 g;0;0;0;0;0;0;0;0;0;0;0;0;0;0;0;0;0;0;0;0;0;0;0;0;0;0;0;0;0;0;0 mg;0;0;0;0;0;0;0;0;0;0;0;0;0
1888;Frozen food Pancake Original;Edo Mantao Plain;1;55 g;160 kkal;0;0;22 g;0;4 g;7 g;0;0;0;0;0;0;0;0;0;0;0;0;0;0;0;0;0;0;0;0;0;0;0;0;0;0;0;0;0;0;0 mg;0;0;0;0;0;0;0;0;0;0;0;0;0
1890;Frozen food Pizza Base;Edo Mantao Plain;1;40 g;110 kkal;0;0;22 g;0;3 g;1 g;0;0;0;0;0;0;0;0;0;0;0;0;0;0;0;0;0;0;0;0;0;0;0;0;0;0;0;0;0;0;0 mg;0;0;0;0;0;0;0;0;0;0;0;0;0
1889;Frozen food Puff Pastry Sheet;Edo Mantao Plain;1;50 g;200 kkal;0;0;18 g;0;3 g;13 g;0;0;0;0;0;0;0;0;0;0;0;0;0;0;0;0;0;0;0;0;0;0;0;0;0;0;0;0;0;0;0 mg;0;0;0;0;0;0;0;0;0;0;0;0;0
2994;maizenaku;Egafood;1;100 g;360 kkal;0;0;89 g;0;1 g;0 g;0;0;0;0;0;0;0;0;0;0;0;0;0;0;0;0;0;0;0;0;0;0;0;0;0;0;0;0;0;0;0 mg;0;0;0;0;0;0;0;0;0;0;0;0;0
4985;Orilia Sunflower Oil 1L;Elita Gida San. Ve Tic. A.S;1;50 gram;450 kkal;0;0;0 g;0;0 g;50 g;0;0;0;0;0;0;0;0;0 g;0;0;0;0;0;0;0;0;0;0;0;0;0;0;0;0;0;0;0;0;0;0 mg;0;0;0;0;0;0;0;0;0;0;0;0;0
2600;Longan kelengkeng dalam sirup;ERAWAN FOOD PUBLIC CO.,LTD;1;100 g;80 kkal;0;0;20 g;0;1 g;0 g;0;0;0;0;0;0;0;0;18 g;0;0;0;0;0;0;0;0;0;0;0;0;0;0;0;0;0;0;0;0;0;5 mg;0;0;0;0;0;0;0;0;0;0;0;0;0
4682;Susu Etawa Supergoat Gula Aren 250g;Etta Indotama;1;25 gram;110 kkal;0;0;20 g;0;2 g;7 g;0;0;0;0;0;0;0;0;18 g;0;0;0;2 mcg;0;0;0;0;0;0;0;0;0;0;0;0;0;0;0;0;0;35 mg;0;0;0;0;0;0;0;0;0;0;0;0;0
1166;Naraya Coklat Cookies;Ever Delicious Food Industries SDN.BHD;1;10 g;50 kkal;0;0;6 g;0;1 g;3 g;0;0;0;0;0;0;0;0;0;0;0;0;0;0;0;0;0;0;0;0;0;0;0;0;0;0;0;0;0;0;45 mg;0;0;0;0;0;0;0;0;0;0;0;0;0
4088;Nestle Carnation Evaporasi;F&N Dairies (Tahiland) Limited;1;40 gram;50 kkal;0;0;5 g;0;2 g;2.50 g;0;0;0;0;0;0;0;0;3 g;0;0;0;0;0;0;0;0;0;0;0;0;0;0;0;0;0;0;0;0;0;25 mg;0;0;0;0;0;0;0;0;0;0;0;0;0
4599;Kecap Asin Borobudur 275 mL;FA. Merak Food Industries;1;14 ml;15 kkal;0;0;3 g;0;0 g;0 g;0;0;0;0;0;0;0;0;1 g;0;0;0;0;0;0;0;0;0;0;0;0;0;0;0;0;0;0;0;0;0;1410 mg;0;0;0;0;0;0;0;0;0;0;0;0;0
1773;Familia Choco crunch;Familia;1;100 g;461 kkal;0;0;63 g;0;8 g;19 g;0;0;0;0;0;6 g;0;0;31 g;0;0;0;0;0;0;0;0;0;0;0;0;0;0;0;0;0;0;0;0;0;0 mg;0;0;0;0;0;0;0;0;0;0;0;0;0
1774;Familia knusper cruch;Familia;1;100 g;464 kkal;0;0;60 g;0;8 g;20 g;0;0;0;0;0;6 g;0;0;22 g;0;0;0;0;0;0;0;0;0;0;0;0;0;0;0;0;0;0;0;0;0;0 mg;0;0;0;0;0;0;0;0;0;0;0;0;0
1482;Permen Fisherman's friend original;Fishermans's;1;1.15 g;0 kkal;0;0;0 g;0;0 g;0 g;0;0;0;0;0;0;0;0;0;0;0;0;0;0;0;0;0;0;0;0;0;0;0;0;0;0;0;0;0;0;0 mg;0;0;0;0;0;0;0;0;0;0;0;0;0
2346;Purefarm coconut delight;Frisian flag;1;225 g;160 kkal;0;0;25 g;0;6 g;5 g;0;0;0;0;0;0;0;0;0;0;0;0;0;0;0;0;0;0;0;0;0;0;0;0;0;0;0;0;0;0;95 mg;0;0;0;0;0;0;0;0;0;0;0;0;0
2349;Purefarm coconut delight;Frisian flag;1;225 g;160 kkal;0;0;25 g;0;6 g;5 g;0;0;0;0;0;0;0;0;0;0;0;0;0;0;0;0;0;0;0;0;0;0;0;0;0;0;0;0;0;0;95 mg;0;0;0;0;0;0;0;0;0;0;0;0;0
4418;Milna Nature Delight Fruit & Vegetable Puree (Carrot, Apple, Pumpkin);Fruselva America S.P.A;1;80 gram;60 kkal;0;0;14 g;0;1 g;0 g;0;0;0;0;0;2 g;0;0;11 g;0;0;0;0;0;0;0;0;0;0;0;0;0;0;0;0;0;0;0;0;0;5 mg;0;0;0;0;0;0;0;0;0;0;0;0;0
4417;Milna Nature Delight Fruit Puree (Banana, Strawberry, Apple);Fruselva America S.P.A;1;80 gram;70 kkal;0;0;16 g;0;1 g;0 g;0;0;0;0;0;2 g;0;0;12 g;0;0;0;0;0;0;0;0;0;0;0;0;0;0;0;0;0;0;0;0;0;5 mg;0;0;0;0;0;0;0;0;0;0;0;0;0
4597;Naraya Whole Mushroom;Fujian Haishan Foods Co., Ltd;1;100 gram;15 kkal;0;0;2 g;0;2 g;0 g;0;0;0;0;0;0;0;0;0 g;0;0;0;0;0;0;0;0;0;0;0;0;0;0;0;0;0;0;0;0;0;270 mg;0;0;0;0;0;0;0;0;0;0;0;0;0
4578;Roti Saku Rasa Bluberi;Gajah Gemoy (@gajahgemoy.id);1;25 gram;80 kkal;0;0;14 g;0;2 g;2 g;0;0;0;0;0;0;0;0;4 g;0;0;0;0;0;0;0;0;0;0;0;0;0;0;0;0;0;0;0;0;0;60 mg;0;0;0;0;0;0;0;0;0;0;0;0;0
2785;Gery biskuit kelapa kopyor;GaruGarudafood;1;100 g;100 kkal;0;0;15 g;0;1 g;4 g;0;0;0;0;0;0;0;0;0;0;0;0;0;0;0;0;0;0;0;0;0;0;0;0;0;0;0;0;0;0;60 mg;0;0;0;0;0;0;0;0;0;0;0;0;0
4296;Organic Flour (Tepung Kacang Hijau) 200g;Gasol Pertanian Organik;1;20 gram;70 kkal;0;0;13 g;0;4 g;0 g;0;0;0;0;0;0;0;0;0 g;0;0;0;0;0;0;0;0;0;0;0;0;0;0;0;0;0;0;0;0;0;0 mg;0;0;0;0;0;0;0;0;0;0;0;0;0
1749;Go Natural fruit and nut delight;Go Natural;1;50 g;230 kkal;0;0;20.70 g;0;6.20 g;13.50 g;0;0;0;0;0;5.40 g;0;0;12.10 g;0;0;0;0;0;0;0;0;0;0;0;0;0;0;0;0;0;0;0;0;0;0 mg;0;0;0;0;0;0;0;0;0;0;0;0;0
1750;Go Natural nut delight;Go Natural;1;40 g;206 kkal;0;0;11 g;0;6.20 g;15.40 g;0;0;0;0;0;3.10 g;0;0;5.40 g;0;0;0;0;0;0;0;0;0;0;0;0;0;0;0;0;0;0;0;0;0;0 mg;0;0;0;0;0;0;0;0;0;0;0;0;0
2038;Coklat Godiva chocoiste solid milk chocolate;Godiva;1;43 g;220 kkal;0;0;24 g;0;3 g;13 g;0;0;0;0;0;1 g;0;0;23 g;0;0;0;0;0;0;0;0;0;0;0;0;0;0;0;0;0;0;0;0;0;0 mg;0;0;0;0;0;0;0;0;0;0;0;0;0
4670;Bonanza Beef Bakso Daging Sapi & Ayam;Great Giant Foods;1;60 gram;70 kkal;0;0;4 g;0;11 g;1 g;0;0;0;0;0;0;0;0;1 g;0;0;0;0;0;0;0;0;0;0;0;0;0;0;0;0;0;0;0;0;0;250 mg;0;0;0;0;0;0;0;0;0;0;0;0;0
2255;V-soy Multigrain;Green Spot Co.Ltd;1;200 ml;138 kkal;0;0;15.20 g;0;5.40 g;6 g;0;0;0;0;0;1.20 g;0;0;14 g;0;0;0;122 mcg;0;0.20 mg;0.20 mg;0;0;0;0;0;0;0;0;0;0;0;0;0;0;106 mg;0;1 mg;0;0;0;0;0;0;0;0;0;0;0
2039;Coklat Guylian milk chocolate;Guylian;1;100 g;498 kkal;0;0;51 g;0;6.90 g;37 g;0;0;0;0;0;2 g;0;0;8.60 g;0;0;0;0;0;0;0;0;0;0;0;0;0;0;0;0;0;0;0;0;0;0 mg;0;0;0;0;0;0;0;0;0;0;0;0;0
2273;Haverjoy;Havermout;1;35 g;140 kkal;0;0;25 g;0;3 g;3.50 g;0;0;0;0;0;8 g;0;0;0;0;0;0;0;0;0;0;0;0;0;0;0;0;0;0;0;0;0;0;0;0;0 mg;0;0;0;0;0;0;0;0;0;0;0;0;0
1881;Sarden abc extra pedas;Heinz abc;1;50 g;5 kkal;0;0;3 g;0;9 g;1 g;0;0;0;0;0;0;0;0;0;0;0;0;0;0;0;0;0;0;0;0;0;0;0;0;0;0;0;5 mg;0;0;260 mg;0;0;0;0;0;0;0;0;0;0;0;0;0
2801;F1 Shake Mix;Herbalife;1;100 g;100 kkal;0;0;13 g;0;9 g;1 g;0;0;0;0;0;0;0;0;0;0;0;0;0;0;0;0;0;0;0;0;0;0;0;0;0;0;0;0;0;0;180 mg;0;0;0;0;0;0;0;0;0;0;0;0;0
2802;Formula 3 Personalized Protein Powder;Herbalife;1;28.00 g;25 kkal;0;0;0 g;0;5 g;0 g;0;0;0;0;0;0;0;0;0;0;0;0;0;0;0;0;0;0;0;0;0;0;0;0;0;0;0;0;0;0;35 mg;0;0;0;0;0;0;0;0;0;0;0;0;0
2041;Coklat Hershey's kisses milk chocolate;Hershey's Spreads;1;5.70 g;22 kkal;0;0;2.80 g;0;0.30 g;1.30 g;0;0;0;0;0;0.10 g;0;0;2.60 g;0;0;0;0;0;0;0;0;0;0;0;0;0;0;0;0;0;0;0;0;0;0 mg;0;0;0;0;0;0;0;0;0;0;0;0;0
2040;Coklat Hershey's milk chocolate;Hershey's Spreads;1;43 g;22 kkal;0;0;2.80 g;0;0.30 g;1.30 g;0;0;0;0;0;0.10 g;0;0;2.60 g;0;0;0;0;0;0;0;0;0;0;0;0;0;0;0;0;0;0;0;0;0;0 mg;0;0;0;0;0;0;0;0;0;0;0;0;0
1373;Hershey's Spreads;Hershey's Spreads;1;37 g;190 kkal;0;0;20 g;0;3 g;12 g;0;0;0;0;0;1 g;0;0;19 g;0;0;0;0;0;0;0;0;0;0;0;0;0;0;0;0;0;0;0;0;0;50 mg;0;0;0;0;0;0;0;0;0;0;0;0;0
1452;Saus Hoisin;Hoisin;1;42 g;100 kkal;0;0;22 g;0;1 g;0.50 g;0;0;0;0;0;1 g;0;0;21 g;0;0;0;0;0;0;0;0;0;0;0;0;0;0;0;0;0;0;0;0;0;0 mg;0;0;0;0;0;0;0;0;0;0;0;0;0
1456;Hoka hemat 4;Hoka hoka bento;1;0 g;413 kkal;0;0;47.20 g;0;20.30 g;15.30 g;0;0;0;0;0;0;0;0;0;0;0;0;0;0;0;0;0;0;0;0;0;0;0;0;0;0;0;0;0;0;0 mg;0;0;0;0;0;0;0;0;0;0;0;0;0
1453;Hokben Bento special 1;Hoka hoka bento;1;0 g;612 kkal;0;0;74.80 g;0;24.20 g;23.60 g;0;0;0;0;0;0;0;0;0;0;0;0;0;0;0;0;0;0;0;0;0;0;0;0;0;0;0;0;0;0;0 mg;0;0;0;0;0;0;0;0;0;0;0;0;0
1455;Hokben Chicken karaage;Hoka hoka bento;1;0 g;340 kkal;0;0;15 g;0;25 g;20.50 g;0;0;0;0;0;0;0;0;0;0;0;0;0;0;0;0;0;0;0;0;0;0;0;0;0;0;0;0;0;0;0 mg;0;0;0;0;0;0;0;0;0;0;0;0;0
1454;Hokben paket B;Hoka hoka bento;1;0 g;522 kkal;0;0;52.80 g;0;26.30 g;22.40 g;0;0;0;0;0;0;0;0;0;0;0;0;0;0;0;0;0;0;0;0;0;0;0;0;0;0;0;0;0;0;0 mg;0;0;0;0;0;0;0;0;0;0;0;0;0
1457;Hokben Paket C;Hoka hoka bento;1;0 g;625 kkal;0;0;64 g;0;35.40 g;24.10 g;0;0;0;0;0;0;0;0;0;0;0;0;0;0;0;0;0;0;0;0;0;0;0;0;0;0;0;0;0;0;0 mg;0;0;0;0;0;0;0;0;0;0;0;0;0
1458;Hokben Tori Ball;Hoka hoka bento;1;0 g;250 kkal;0;0;15 g;0;7 g;14 g;0;0;0;0;0;0;0;0;0;0;0;0;0;0;0;0;0;0;0;0;0;0;0;0;0;0;0;0;0;0;0 mg;0;0;0;0;0;0;0;0;0;0;0;0;0
4466;Moomin Biscuits Cocoa;Hokuriku Confectionery Co. Ltd;1;36 gram;160 kkal;0;0;27 g;0;3 g;4 g;0;0;0;0;0;0;0;0;8 g;0;0;0;0;0;0;0;0;0;0;0;0;0;0;0;0;0;0;0;0;0;160 mg;0;0;0;0;0;0;0;0;0;0;0;0;0
2216;Happytos;Ilotte;1;25 g;144 kkal;0;0;16 g;0;2 g;7 g;0;0;0;0;0;1 g;0;0;0;0;0;0;0;0;0;0;0;0;0;0;0;0;0;0;0;0;0;0;0;0;0 mg;0;0;0;0;0;0;0;0;0;0;0;0;0
4602;Indoculinaire Rangginang Matang 130g;Indoculinaire;1;130 gram;450 kkal;0;0;71 g;0;8 g;15 g;0;0;0;0;0;0;0;0;0;0;0;0;0;0;0;0;0;0;0;0;0;0;0;0;0;0;0;0;0;0;0 mg;0;0;0;0;0;0;0;0;0;0;0;0;0
2828;Doritos Nacho Cheese;Indofood;1;20.00 g;100 kkal;0;0;12 g;0;2 g;5 g;0;0;0;0;0;0;0;0;0;0;0;0;0;0;0;0;0;0;0;0;0;0;0;0;0;0;0;0;0;0;125 mg;0;0;0;0;0;0;0;0;0;0;0;0;0
2759;Stick Coklat Jetz;Indofood Fritolay Makmur;1;100.00 g;60 kkal;0;0;3 g;0;1 g;3 g;0;0;0;0;0;0;0;0;3 g;0;0;0;0;0;0;0;0;0;0;0;0;0;0;0;0;0;0;0;0;0;55 mg;0;0;0;0;0;0;0;0;0;0;0;0;0
2353;Roasted Almond;Indomaret;1;27 g;180 kkal;0;0;3 g;0;8 g;15 g;0;0;0;0;0;3 g;0;0;0 g;0;0;0;0 mcg;0;0;0;0;0;0;0;0;0;0;0 mg;0;0;0;150 mg;0;0;10 mg;0;150 mg;0;0;0;0;0;0;0;0;0;0;0
2017;Irvin Salted egg fish skin (Hot);Irvins;1;50 g;300 kkal;0;0;11 g;0;15 g;21 g;0;0;0;0;0;1 g;0;0;2 g;0;0;0;0;0;0;0;0;0;0;0;0;0;0;0;0;0;0;0;0;0;0 mg;0;0;0;0;0;0;0;0;0;0;0;0;0
2018;Irvins Salted egg cassava chips;Irvins;1;50 g;260 kkal;0;0;27 g;0;3 g;15 g;0;0;0;0;0;3 g;0;0;6 g;0;0;0;0;0;0;0;0;0;0;0;0;0;0;0;0;0;0;0;0;0;0 mg;0;0;0;0;0;0;0;0;0;0;0;0;0
2021;Irvins Salted egg potato chips;Irvins;1;50 g;310 kkal;0;0;19 g;0;5 g;24 g;0;0;0;0;0;2 g;0;0;3 g;0;0;0;0;0;0;0;0;0;0;0;0;0;0;0;0;0;0;0;0;0;0 mg;0;0;0;0;0;0;0;0;0;0;0;0;0
2020;Irvins Salted egg potato chips (Hot);Irvins;1;50 g;320 kkal;0;0;17 g;0;4 g;26 g;0;0;0;0;0;3 g;0;0;4 g;0;0;0;0;0;0;0;0;0;0;0;0;0;0;0;0;0;0;0;0;0;0 mg;0;0;0;0;0;0;0;0;0;0;0;0;0
1841;Beef original jerky Jack link's;Jerky Jack Link's;1;24 g;80 kkal;0;0;6 g;0;10 g;1 g;0;0;0;0;0;0;0;0;6 g;0;0;0;0;0;0;0;0;0;0;0;0;0;0;0;0;0;0;0;0;0;0 mg;0;0;0;0;0;0;0;0;0;0;0;0;0
2330;Kue Beras;Jipang;1;100 g;224 kkal;0;0;48.69 g;0;4.64 g;0.77 g;0;0;0;0;0;0;0;0;0;0;0;0;0;0;0;0;0;0;0;0;0;0;0;0;0;0;0;0;0;0;122 mg;0;0;0;0;0;0;0;0;0;0;0;0;0
2341;Kue Beras;Jipang;1;100 g;224 kkal;0;0;48.69 g;0;4.64 g;0.77 g;0;0;0;0;0;0;0;0;0;0;0;0;0;0;0;0;0;0;0;0;0;0;0;0;0;0;0;0;0;0;122 mg;0;0;0;0;0;0;0;0;0;0;0;0;0
2896;Roti sisir manis;Jordan;1;100 g;130 kkal;0;0;17 g;0;2 g;6 g;0;0;0;0;0;0;0;0;0;0;0;0;0;0;0;0;0;0;0;0;0;0;0;0;0;0;0;0;0;0;105 mg;0;0;0;0;0;0;0;0;0;0;0;0;0
1372;Jules drestrooper speculoos;Jules drestrooper speculoos;1;100 g;545 kkal;0;0;53 g;0;3 g;35 g;0;0;0;0;0;0;0;0;41 g;0;0;0;0;0;0;0;0;0;0;0;0;0;0;0;0;0;0;0;0;0;600 mg;0;0;0;0;0;0;0;0;0;0;0;0;0
2409;Sosis Kanzler German Bratwurst;Kanzler;1;100 g;150 kkal;0;0;0 g;0;0 g;12 g;0;0;0;0;0;0;0;0;0;0;0;0;0;0;0;0;0;0;0;0;0;0;0;0;0;0;0;0;0;0;435 mg;0;0;0;0;0;0;0;0;0;0;0;0;0
3872;Pringles Hot & Spicy;Kellog Asia Products;1;25 gram;133 kkal;0;0;15.20 g;0;1.40 g;7.40 g;0;0;0;0;0;0.80 g;0;0;0.60 g;0;0;0;0;0;0;0;0;0;0;0;0;0;0;0;0;0;0;0;0;0;134 mg;0;0;0;0;0;0;0;0;0;0;0;0;0
3870;Pringles Keju;Kellog Asia Products;1;25 gram;140 kkal;0;0;14 g;0;1 g;8 g;0;0;0;0;0;2 g;0;0;0 g;0;0;0;0;0;0;0;0;0;0;0;0;0;0;0;0;0;0;0;0;0;80 mg;0;0;0;0;0;0;0;0;0;0;0;0;0
3874;Pringles Salt Seaweed;Kellog Asia Products;1;25 gram;130 kkal;0;0;15 g;0;1 g;7 g;0;0;0;0;0;0;0;0;0 g;0;0;0;0;0;0;0;0;0;0;0;0;0;0;0;0;0;0;0;0;0;125 mg;0;0;0;0;0;0;0;0;0;0;0;0;0
3879;pringles texas BBQ;Kellog Asia Products;1;25 gram;130 kkal;0;0;16 g;0;1 g;7 g;0;0;0;0;0;2 g;0;0;1 g;0;0;0;0;0;0;0;0;0;0;0;0;0;0;0;0;0;0;0;0;0;100 mg;0;0;0;0;0;0;0;0;0;0;0;0;0
4374;Kellogg's Coco Fills;Kellogg company;1;30 gram;130 kkal;0;0;20 g;0;3 g;4 g;0;0;0;0;0;3 g;0;0;6 g;0;0;0;0;0;0;0;0;0;0;0;0;0;0;0;0;0;0;0;0;0;70 mg;0;0;0;0;0;0;0;0;0;0;0;0;0
1385;Corn flakes;Kelloog company;1;30 g;110 kkal;0;0;26 g;0;2 g;0 g;0;0;0;0;0;1 g;0;0;3 g;0;0;0;0;0;0;0;0;0;0;0;0;0;0;0;0;0;0;0;0;0;0 mg;0;0;0;0;0;0;0;0;0;0;0;0;0
1386;Froot Loops;Kelloog company;1;30 g;120 kkal;0;0;26 g;0;2 g;0.50 g;0;0;0;0;0;3 g;0;0;11 g;0;0;0;0;0;0;0;0;0;0;0;0;0;0;0;0;0;0;0;0;0;0 mg;0;0;0;0;0;0;0;0;0;0;0;0;0
1709;Kewpie Caesar;KEWPIE;1;25 ml;70 kkal;0;0;3 g;0;1 g;6 g;0;0;0;0;0;0;0;0;0;0;0;0;0;0;0;0;0;0;0;0;0;0;0;0;0;0;0;0;0;0;190 mg;0;0;0;0;0;0;0;0;0;0;0;0;0
1715;Kewpie cokelat kopi;KEWPIE;1;15 g;90 kkal;0;0;5 g;0;1 g;5 g;0;0;0;0;0;0;0;0;0;0;0;0;0;0;0;0;0;0;0;0;0;0;0;0;0;0;0;0;0;0;0 mg;0;0;0;0;0;0;0;0;0;0;0;0;0
1712;Kewpie cokelat pisang;KEWPIE;1;15 g;90 kkal;0;0;8 g;0;1 g;6 g;0;0;0;0;0;0;0;0;0;0;0;0;0;0;0;0;0;0;0;0;0;0;0;0;0;0;0;0;0;0;0 mg;0;0;0;0;0;0;0;0;0;0;0;0;0
1710;Kewpie Kecap Jepang;KEWPIE;1;25 ml;60 kkal;0;0;3 g;0;1 g;5 g;0;0;0;0;0;0;0;0;0;0;0;0;0;0;0;0;0;0;0;0;0;0;0;0;0;0;0;0;0;0;260 mg;0;0;0;0;0;0;0;0;0;0;0;0;0
1714;Kewpie keju;KEWPIE;1;15 g;60 kkal;0;0;4 g;0;0 g;4.50 g;0;0;0;0;0;0;0;0;0;0;0;0;0;0;0;0;0;0;0;0;0;0;0;0;0;0;0;0;0;0;115 mg;0;0;0;0;0;0;0;0;0;0;0;0;0
1705;Kewpie mayonais original;KEWPIE;1;15 g;100 kkal;0;0;0 g;0;1 g;11 g;0;0;0;0;0;0;0;0;0;0;0;0;0;0;0;0;0;0;0;0;0;0;0;0;0;0;0;0;0;0;70 mg;0;0;0;0;0;0;0;0;0;0;0;0;0
1711;Kewpie Original;KEWPIE;1;15 g;70 kkal;0;0;4 g;0;0 g;6 g;0;0;0;0;0;0;0;0;0;0;0;0;0;0;0;0;0;0;0;0;0;0;0;0;0;0;0;0;0;0;85 mg;0;0;0;0;0;0;0;0;0;0;0;0;0
1706;Kewpie Thousand island;KEWPIE;1;25 ml;70 kkal;0;0;4 g;0;1 g;6 g;0;0;0;0;0;0;0;0;0;0;0;0;0;0;0;0;0;0;0;0;0;0;0;0;0;0;0;0;0;0;260 mg;0;0;0;0;0;0;0;0;0;0;0;0;0
1707;Kewpie Tomat pedas;KEWPIE;1;25 ml;80 kkal;0;0;5 g;0;1 g;6 g;0;0;0;0;0;0;0;0;0;0;0;0;0;0;0;0;0;0;0;0;0;0;0;0;0;0;0;0;0;0;350 mg;0;0;0;0;0;0;0;0;0;0;0;0;0
1713;Kewpie Vanila Matcha;KEWPIE;1;15 g;80 kkal;0;0;9 g;0;0 g;5 g;0;0;0;0;0;0;0;0;0;0;0;0;0;0;0;0;0;0;0;0;0;0;0;0;0;0;0;0;0;0;90 mg;0;0;0;0;0;0;0;0;0;0;0;0;0
1716;Kewpie Vanila Stroberi;KEWPIE;1;15 g;90 kkal;0;0;9 g;0;6 g;6 g;0;0;0;0;0;0;0;0;0;0;0;0;0;0;0;0;0;0;0;0;0;0;0;0;0;0;0;0;0;0;0 mg;0;0;0;0;0;0;0;0;0;0;0;0;0
1708;Kewpie Wijen sangrai;KEWPIE;1;25 ml;90 kkal;0;0;5 g;0;1 g;7 g;0;0;0;0;0;0;0;0;0;0;0;0;0;0;0;0;0;0;0;0;0;0;0;0;0;0;0;0;0;0;190 mg;0;0;0;0;0;0;0;0;0;0;0;0;0
3708;cap kaki tiga;Kino Indonesia;1;100 g;0 kkal;0;0;0 g;0;0 g;0 g;0;0;0;0;0;0;0;0;0;0;0;0;0;0;0;0;0;0;0;0;0;0;0;0;0;0;0;0;0;0;0 mg;0;0;0;0;0;0;0;0;0;0;0;0;0
3709;Larutan Cap Kaki Tiga;Kino Indonesia;1;100 g;0 kkal;0;0;0 g;0;0 g;0 g;0;0;0;0;0;0;0;0;0;0;0;0;0;0;0;0;0;0;0;0;0;0;0;0;0;0;0;0;0;0;0 mg;0;0;0;0;0;0;0;0;0;0;0;0;0
2463;Saluto;Klop;1;20 g;100 kkal;0;0;13 g;0;1 g;4 g;0;0;0;0;0;0;0;0;0;0;0;0;0;0;0;0;0;0;0;0;0;0;0;0;0;0;0;0;0;0;80 mg;0;0;0;0;0;0;0;0;0;0;0;0;0
1474;Kratingdaeng Pro;Kratingdaeng Indonesia;1;240 ml;120 kkal;0;0;27 g;0;0 g;0 g;0;0;0;0;0;0;0;0;27 g;0;0;0;0;0;0;0;0;0;0;0;0;0;0;0;0;0;0;0;0;0;0 mg;0;0;0;0;0;0;0;0;0;0;0;0;0
1550;donat Krispy kreme chocolate iced;Krispy kreme;1;63 g;240 kkal;0;0;33 g;0;3 g;11 g;0;0;0;0;0;1 g;0;0;20 g;0;0;0;0;0;0;0;0;0;0;0;0;0;0;0;0;0;0;0;0;0;0 mg;0;0;0;0;0;0;0;0;0;0;0;0;0
1548;donat Krispy kreme classic cinnamon;Krispy kreme;1;45 g;190 kkal;0;0;21 g;0;3 g;11 g;0;0;0;0;0;1 g;0;0;8 g;0;0;0;0;0;0;0;0;0;0;0;0;0;0;0;0;0;0;0;0;0;0 mg;0;0;0;0;0;0;0;0;0;0;0;0;0
1552;donat Krispy kreme glazed chocolate cake;Krispy kreme;1;71 g;250 kkal;0;0;38 g;0;3 g;10 g;0;0;0;0;0;1 g;0;0;24 g;0;0;0;0;0;0;0;0;0;0;0;0;0;0;0;0;0;0;0;0;0;0 mg;0;0;0;0;0;0;0;0;0;0;0;0;0
1549;donat Krispy kreme mini original glazed;Krispy kreme;1;23.30 g;83.30 kkal;0;0;10 g;0;1 g;4.30 g;0;0;0;0;0;0.30 g;0;0;4.70 g;0;0;0;0;0;0;0;0;0;0;0;0;0;0;0;0;0;0;0;0;0;0 mg;0;0;0;0;0;0;0;0;0;0;0;0;0
1551;donat Krispy kreme oreo chocolate cream;Krispy kreme;1;96 g;390 kkal;0;0;49 g;0;4 g;21 g;0;0;0;0;0;1 g;0;0;27 g;0;0;0;0;0;0;0;0;0;0;0;0;0;0;0;0;0;0;0;0;0;0 mg;0;0;0;0;0;0;0;0;0;0;0;0;0
1547;donat Krispy kreme original glazed;Krispy kreme;1;49 g;190 kkal;0;0;21 g;0;3 g;11 g;0;0;0;0;0;1 g;0;0;10 g;0;0;0;0;0;0;0;0;0;0;0;0;0;0;0;0;0;0;0;0;0;0 mg;0;0;0;0;0;0;0;0;0;0;0;0;0
3638;L Men Protein Bar;L Men;1;100 g;90 kkal;0;0;11 g;0;7 g;2 g;0;0;0;0;0;1 g;0;0;4 g;0;0;0;0;0;0;0;0;0;0;0;0;0;0;0;0;0;0;0;0;0;25 mg;0;0;0;0;0;0;0;0;0;0;0;0;0
2516;Del Monte Barbaque Sauce (250 g);La Pasta Royale;1;50 g;60 kkal;0;0;14 g;0;0 g;0 g;0;0;0;0;0;0;0;0;10 g;0;0;0;0;0;0;0;0;0;0;0;0;0;0;0;0;0;0;0;0;0;880 mg;0;0;0;0;0;0;0;0;0;0;0;0;0
4761;Lee Kum Kee Kecap Asin;Lee Kum Kee (Malaysia) Foods Sdn. Bhd;1;15 ml;10 kkal;0;0;2 g;0;1 g;0 g;0;0;0;0;0;0;0;0;2 g;0;0;0;0;0;0;0;0;0;0;0;0;0;0;0;0;0;0;0;0;0;1120 mg;0;0;0;0;0;0;0;0;0;0;0;0;0
4746;Lee Kum Kee Minyak Wijen 115 mL;Lee Kum Kee (Malaysia) Foods Sdn. Bhd;1;15 ml;130 kkal;0;0;0 g;0;0 g;15 g;0;0;0;0;0;0;0;0;0 g;0;0;0;0;0;0;0;0;0;0;0;0;0;0;0;0;0;0;0;0;0;0 mg;0;0;0;0;0;0;0;0;0;0;0;0;0
4654;Lee Kum Kee Saus Bumbu Ayam Hainan 100g;Lee Kum Kee (Malaysia) Foods Sdn. Bhd;1;18 gram;60 kkal;0;0;3 g;0;1 g;4.50 g;0;0;0;0;0;0;0;0;2 g;0;0;0;0;0;0;0;0;0;0;0;0;0;0;0;0;0;0;0;0;0;600 mg;0;0;0;0;0;0;0;0;0;0;0;0;0
4652;Lee Kum Kee Saus Bumbu Kung Pao 100g;Lee Kum Kee (Malaysia) Foods Sdn. Bhd;1;33 gram;60 kkal;0;0;13 g;0;1 g;1 g;0;0;0;0;0;0;0;0;11 g;0;0;0;0;0;0;0;0;0;0;0;0;0;0;0;0;0;0;0;0;0;630 mg;0;0;0;0;0;0;0;0;0;0;0;0;0
4653;Lee Kum Kee Saus Bumbu Laksa 100g;Lee Kum Kee (Malaysia) Foods Sdn. Bhd;1;50 gram;170 kkal;0;0;12 g;0;3 g;12 g;0;0;0;0;0;0;0;0;8 g;0;0;0;0;0;0;0;0;0;0;0;0;0;0;0;0;0;0;0;0;0;1440 mg;0;0;0;0;0;0;0;0;0;0;0;0;0
4659;Lee Kum Kee Saus Hoisin 240g;Lee Kum Kee (Malaysia) Foods Sdn. Bhd;1;20 gram;45 kkal;0;0;10 g;0;0 g;0 g;0;0;0;0;0;0;0;0;9 g;0;0;0;0;0;0;0;0;0;0;0;0;0;0;0;0;0;0;0;0;0;510 mg;0;0;0;0;0;0;0;0;0;0;0;0;0
4661;Lee Kum Kee Saus Lada Hitam 230g;Lee Kum Kee (Malaysia) Foods Sdn. Bhd;1;18 gram;25 kkal;0;0;5 g;0;1 g;0 g;0;0;0;0;0;0;0;0;3 g;0;0;0;0;0;0;0;0;0;0;0;0;0;0;0;0;0;0;0;0;0;600 mg;0;0;0;0;0;0;0;0;0;0;0;0;0
4757;Lee Kum Kee Saus Perendam;Lee Kum Kee (Malaysia) Foods Sdn. Bhd;1;15 ml;30 kkal;0;0;7 g;0;1 g;0 g;0;0;0;0;0;0;0;0;7 g;0;0;0;0;0;0;0;0;0;0;0;0;0;0;0;0;0;0;0;0;0;790 mg;0;0;0;0;0;0;0;0;0;0;0;0;0
4660;Lee Kum Kee Saus Plum 260g;Lee Kum Kee (Malaysia) Foods Sdn. Bhd;1;20 gram;50 kkal;0;0;12 g;0;0 g;0 g;0;0;0;0;0;0;0;0;12 g;0;0;0;0;0;0;0;0;0;0;0;0;0;0;0;0;0;0;0;0;0;240 mg;0;0;0;0;0;0;0;0;0;0;0;0;0
4658;Lee Kum Kee Saus Udang 227g;Lee Kum Kee (Malaysia) Foods Sdn. Bhd;1;15 gram;15 kkal;0;0;0 g;0;3 g;0 g;0;0;0;0;0;0;0;0;0 g;0;0;0;0;0;0;0;0;0;0;0;0;0;0;0;0;0;0;0;0;0;1320 mg;0;0;0;0;0;0;0;0;0;0;0;0;0
4776;Mahsuri Saus Cabe 235 mL;Lee Kum Kee (Malaysia) Foods Sdn. Bhd;1;18 gram;20 kkal;0;0;5 g;0;0 g;0 g;0;0;0;0;0;0;0;0;5 g;0;0;0;0;0;0;0;0;0;0;0;0;0;0;0;0;0;0;0;0;0;360 mg;0;0;0;0;0;0;0;0;0;0;0;0;0
4671;Mahsuri Saus Gurih Asam Manis;Lee Kum Kee (Malaysia) Foods Sdn. Bhd;1;20 gram;45 kkal;0;0;10 g;0;1 g;0 g;0;0;0;0;0;0;0;0;9 g;0;0;0;0;0;0;0;0;0;0;0;0;0;0;0;0;0;0;0;0;0;520 mg;0;0;0;0;0;0;0;0;0;0;0;0;0
4657;Mahsuri Saus Tiram;Lee Kum Kee (Malaysia) Foods Sdn. Bhd;1;19 gram;30 kkal;0;0;7 g;0;0 g;0 g;0;0;0;0;0;0;0;0;6 g;0;0;0;0;0;0;0;0;0;0;0;0;0;0;0;0;0;0;0;0;0;800 mg;0;0;0;0;0;0;0;0;0;0;0;0;0
1941;Keju Lemnos Fetta Cheese;Lemnos;1;30 g;83 kkal;0;0;0.40 g;0;5.40 g;6.90 g;0;0;0;0;0;0;0;0;0.90 g;0;0;0;0;0;0;0;0;0;0;0;0;0;0;0;0;0;0;0;0;0;0 mg;0;0;0;0;0;0;0;0;0;0;0;0;0
1938;Keju Lemnos Grated Parmesan;Lemnos;1;10 g;38 kkal;0;0;1 g;0;3.30 g;5.60 g;0;0;0;0;0;0 g;0;0;1 g;0;0;0;0;0;0;0;0;0;0;0;0;0;0;0;0;0;0;0;0;0;0 mg;0;0;0;0;0;0;0;0;0;0;0;0;0
2042;Coklat Lindt 70% Cocoa smooth dark;Lindt;1;40 g;250 kkal;0;0;17 g;0;3 g;19 g;0;0;0;0;0;3 g;0;0;12 g;0;0;0;0;0;0;0;0;0;0;0;0;0;0;0;0;0;0;0;0;0;0 mg;0;0;0;0;0;0;0;0;0;0;0;0;0
1537;Permen mentos peppermint;Lotte Indonesia;1;1.40 g;5 kkal;0;0;1 g;0;0 g;0 g;0;0;0;0;0;0;0;0;0;0;0;0;0;0;0;0;0;0;0;0;0;0;0;0;0;0;0;0;0;0;0 mg;0;0;0;0;0;0;0;0;0;0;0;0;0
1536;Permen Xylitol fresh mint;Lotte Indonesia;1;2.90 g;10 kkal;0;0;3 g;0;0 g;0 g;0;0;0;0;0;0;0;0;0;0;0;0;0;0;0;0;0;0;0;0;0;0;0;0;0;0;0;0;0;0;0 mg;0;0;0;0;0;0;0;0;0;0;0;0;0
1540;permen xylitol jeruk nipis;Lotte Indonesia;1;2.90 g;10 kkal;0;0;2 g;0;0 g;0 g;0;0;0;0;0;0;0;0;0;0;0;0;0;0;0;0;0;0;0;0;0;0;0;0;0;0;0;0;0;0;0 mg;0;0;0;0;0;0;0;0;0;0;0;0;0
1375;Lotus Biscoff;Lotus Biscoff;1;100 g;584 kkal;0;0;57 g;0;2.90 g;38.10 g;0;0;0;0;0;0.80 g;0;0;36.80 g;0;0;0;0;0;0;0;0;0;0;0;0;0;0;0;0;0;0;0;0;0;540 mg;0;0;0;0;0;0;0;0;0;0;0;0;0
1194;Tepung Panir;LUCCHETTI;1;100 g;333 kkal;0;0;73.33 g;0;10 g;0 g;0;0;0;0;0;0 g;0;0;0 g;0;0;0;0 mcg;0;0;0;0;0;0;0;0;0;0;0 mg;0;0;0;0 mg;0;0;283 mg;0;3.60 mg;0;0;0;0;0;0;0;0;0;0;0
2541;AYAM BRAND Jagung Manis ala krim;Majestic Food Industry Co. Ltd., Thailand (Diimpor oleh PT. FARENTINA);1;42 g;25 kkal;0;0;5 g;0;1 g;0 g;0;0;0;0;0;1 g;0;0;3 g;0;0;0;0;0;0;0;0;0;0;0;0;0;0;0;0;0;0;0;0;0;95 mg;0;0;0;0;0;0;0;0;0;0;0;0;0
2540;AYAM BRAND Jagung Manis Pipil;Majestic Food Industry Co. Ltd., Thailand (Diimpor oleh PT. FARENTINA);1;83 g;50 kkal;0;0;8 g;0;2 g;1 g;0;0;0;0;0;2 g;0;0;4 g;0;0;0;0;0;0;0;0;0;0;0;0;0;0;0;0;0;0;0;0;0;210 mg;0;0;0;0;0;0;0;0;0;0;0;0;0
2884;Mister potato ghost pepper black crisps;Mamee-Double Decker;1;100 g;210 kkal;0;0;22 g;0;2 g;13 g;0;0;0;0;0;3 g;0;0;0;0;0;0;0;0;0;0;0;0;0;0;0;0;0;0;0;0;0;0;0;0;350 mg;0;0;0;0;0;0;0;0;0;0;0;0;0
4908;Chia C Rasa Lemon;Marifood;1;4 gram;15 kkal;0;0;2 g;0;0 g;0.50 g;0;0;0;0;0;0;0;0;0 g;0;0;0;0;0;0;0;0;0;0;0;0;0;0;0;0;0;0;0;0;0;0 mg;0;0;0;0;0;0;0;0;0;0;0;0;0
1379;Snickers;Mars Incorporated;1;35 g;175 kkal;0;0;21 g;0;3.50 g;8.75 g;0;0;0;0;0;1 g;0;0;16 g;0;0;0;0;0;0;0;0;0;0;0;0;0;0;0;0;0;0;0;0;0;0 mg;0;0;0;0;0;0;0;0;0;0;0;0;0
1688;Mcdonald kentang gorengg / french fries;Mc;1;117 g;340 kkal;0;0;44 g;0;4 g;16 g;0;0;0;0;0;4 g;0;0;0 g;0;0;0;0;0;0;0;0;0;0;0;0;0;0;0;0;0;0;0;0;0;0 mg;0;0;0;0;0;0;0;0;0;0;0;0;0
2319;Mcfloat;Mcdonald;1;360 ml;107 kkal;0;0;1.36 g;0;1.04 g;11.03 g;0;0;0;0;0;0;0;0;0;0;0;0;0;0;0;0;0;0;0;0;0;0;0;0;0;0;0;0;0;0;25 mg;0;0;0;0;0;0;0;0;0;0;0;0;0
3541;Mc Flurry;McDonald's;1;215.00 g;520 kkal;0;0;80 g;0;12 g;17 g;0;0;0;0;0;0;0;0;0;0;0;0;0;0;0;0;0;0;0;0;0;0;0;0;0;0;0;0;0;0;260 mg;0;0;0;0;0;0;0;0;0;0;0;0;0
1689;Mcdonald Apple pie;McDonald's;1;77 g;230 kkal;0;0;32 g;0;2 g;10 g;0;0;0;0;0;4 g;0;0;13 g;0;0;0;0;0;0;0;0;0;0;0;0;0;0;0;0;0;0;0;0;0;0 mg;0;0;0;0;0;0;0;0;0;0;0;0;0
1690;Mcdonald Eeg mcmuffin;McDonald's;1;138 g;300 kkal;0;0;30 g;0;18 g;12 g;0;0;0;0;0;2 g;0;0;3 g;0;0;0;0;0;0;0;0;0;0;0;0;0;0;0;0;0;0;0;0;0;0 mg;0;0;0;0;0;0;0;0;0;0;0;0;0
1692;Mcdonald Hotcakes;McDonald's;1;151 g;600 kkal;0;0;102 g;0;9 g;16 g;0;0;0;0;0;2 g;0;0;45 g;0;0;0;0;0;0;0;0;0;0;0;0;0;0;0;0;0;0;0;0;0;0 mg;0;0;0;0;0;0;0;0;0;0;0;0;0
1691;Mcdonald Mcnugget;McDonald's;1;97 g;270 kkal;0;0;16 g;0;15 g;16 g;0;0;0;0;0;1 g;0;0;0 g;0;0;0;0;0;0;0;0;0;0;0;0;0;0;0;0;0;0;0;0;0;0 mg;0;0;0;0;0;0;0;0;0;0;0;0;0
1687;Mcdonald Sausage Mcmuffin;McDonald's;1;114 g;400 kkal;0;0;29 g;0;14 g;25 g;0;0;0;0;0;2 g;0;0;3 g;0;0;0;0;0;0;0;0;0;0;0;0;0;0;0;0;0;0;0;0;0;0 mg;0;0;0;0;0;0;0;0;0;0;0;0;0
2658;Meiji Plain Crackers (isi 4 bungkus);Meiji seika (s) Pte. Ltd. (diimpor oleh PT. Nirwana Lestari);1;25.00 g;120 kkal;0;0;19 g;0;3 g;3.50 g;0;0;0;0;0;2 g;0;0;1 g;0;0;0;0;0;0;0;0;0;0;0;0;0;0;0;0;0;0;0;0;0;125 mg;0;0;0;0;0;0;0;0;0;0;0;0;0
2657;Meiji Plain Crackers with Oat;Meiji seika (s) Pte. Ltd. (diimpor oleh PT. Nirwana Lestari);1;25.00 g;120 kkal;0;0;19 g;0;3 g;3.50 g;0;0;0;0;0;2 g;0;0;0;0;0;0;0;0;0;0;0;0;0;0;0;0;0;0;0;0;0;0;0;0;120 mg;0;0;0;0;0;0;0;0;0;0;0;0;0
3682;Lumpia udang (Mie Gacoan);Mie Gacoan;1;100 g;184 kkal;0;0;3.70 g;0;7.60 g;14.70 g;0;0;0;0;0;0;0;0;0;0;0;0;0;0;0;0;0;0;0;0;0;0;0;0;0;0;0;0;0;0;0 mg;0;0;0;0;0;0;0;0;0;0;0;0;0
3681;Mie Gacoan level iblis;Mie Gacoan;1;100 g;661 kkal;0;0;79 g;0;16.70 g;30.90 g;0;0;0;0;0;0;0;0;0;0;0;0;0;0;0;0;0;0;0;0;0;0;0;0;0;0;0;0;0;0;580 mg;0;0;0;0;0;0;0;0;0;0;0;0;0
1837;Misoa cap ikan paus (mentah);Mie Ikan Paus;1;60 g;220 kkal;0;0;45 g;0;7 g;1.50 g;0;0;0;0;0;1 g;0;0;0 g;0;0;0;0;0;0;0;0;0;0;0;0;0;0;0;0;0;0;0;0;0;0 mg;0;0;0;0;0;0;0;0;0;0;0;0;0
1777;Monster sports muesli;Monster;1;100 g;359 kkal;0;0;56.20 g;0;11.70 g;8.30 g;0;0;0;0;0;12.20 g;0;0;10.20 g;0;0;0;0;0;0;0;0;0;0;0;0;0;0;0;0;0;0;0;0;0;0 mg;0;0;0;0;0;0;0;0;0;0;0;0;0
1778;Monster tropical muesli;Monster;1;100 g;355 kkal;0;0;62 g;0;9 g;8.20 g;0;0;0;0;0;10.40 g;0;0;18.70 g;0;0;0;0;0;0;0;0;0;0;0;0;0;0;0;0;0;0;0;0;0;0 mg;0;0;0;0;0;0;0;0;0;0;0;0;0
1643;Baked lotus paste mooncake;Mooncake;1;50 g;191 kkal;0;0;25.38 g;0;2.78 g;8.66 g;0;0;0;0;0;1.34 g;0;0;0;0;0;0;0;0;0;0;0;0;0;0;0;0;0;0;0;0;0;0;0;0;0 mg;0;0;0;0;0;0;0;0;0;0;0;0;0
1644;Baked lotus paste mooncake with one egg yolk;Mooncake;1;47 g;197 kkal;0;0;20.79 g;0;3.20 g;11.21 g;0;0;0;0;0;0.97 g;0;0;0;0;0;0;0;0;0;0;0;0;0;0;0;0;0;0;0;0;0;0;0;0;0 mg;0;0;0;0;0;0;0;0;0;0;0;0;0
1647;Baked lotus paste mooncake with two egg yolks;Mooncake;1;48 g;223 kkal;0;0;20.50 g;0;4.05 g;13.79 g;0;0;0;0;0;0.85 g;0;0;0;0;0;0;0;0;0;0;0;0;0;0;0;0;0;0;0;0;0;0;0;0;0 mg;0;0;0;0;0;0;0;0;0;0;0;0;0
1648;Mixed nut and Ham Mooncake;Mooncake;1;50 g;245 kkal;0;0;21.38 g;0;5.40 g;15.30 g;0;0;0;0;0;2.08 g;0;0;0;0;0;0;0;0;0;0;0;0;0;0;0;0;0;0;0;0;0;0;0;0;0 mg;0;0;0;0;0;0;0;0;0;0;0;0;0
1646;Red Bean Paste Mooncake;Mooncake;1;50 g;185 kkal;0;0;27.14 g;0;2.76 g;7.18 g;0;0;0;0;0;2.48 g;0;0;0;0;0;0;0;0;0;0;0;0;0;0;0;0;0;0;0;0;0;0;0;0;0 mg;0;0;0;0;0;0;0;0;0;0;0;0;0
1645;Snow skin lotus paste mooncake;Mooncake;1;50 g;187 kkal;0;0;26.36 g;0;2.12 g;8.04 g;0;0;0;0;0;1.16 g;0;0;0;0;0;0;0;0;0;0;0;0;0;0;0;0;0;0;0;0;0;0;0;0;0 mg;0;0;0;0;0;0;0;0;0;0;0;0;0
2211;Roti Mr.Bread sobek keju;Mr Bread;1;60 g;200 kkal;0;0;33 g;0;5 g;6 g;0;0;0;0;0;0;0;0;0;0;0;0;0;0;0;0;0;0;0;0;0;0;0;0;0;0;0;0;0;0;250 mg;0;0;0;0;0;0;0;0;0;0;0;0;0
2003;Natural- A Almond milk original;Natur-A;1;250 ml;60 kkal;0;0;8 g;0;1 g;3 g;0;0;0;0;0;1 g;0;0;7 g;0;0;0;0;0;0;0;0;0;0;0;0;0;0;0;0;0;0;0;0;0;0 mg;0;0;0;0;0;0;0;0;0;0;0;0;0
2006;Susu Almond Natur - A almond milk unsweetened;Natur-A;1;250 ml;35 kkal;0;0;1 g;0;1 g;3 g;0;0;0;0;0;1 g;0;0;0 g;0;0;0;0;0;0;0;0;0;0;0;0;0;0;0;0;0;0;0;0;0;0 mg;0;0;0;0;0;0;0;0;0;0;0;0;0
4519;Maggi Saus Tiram;Nestle Vietnam Ltd;1;5 gram;0 kkal;0;0;1 g;0;0 g;0 g;0;0;0;0;0;0;0;0;1 g;0;0;0;0;0;0;0;0;0;0;0;0;0;0;0;0;0;0;0;0;0;230 mg;0;0;0;0;0;0;0;0;0;0;0;0;0
4665;Maggi Saus Tiram 350g;Nestle Vietnam Ltd;1;5 gram;0 kkal;0;0;1 g;0;0 g;0 g;0;0;0;0;0;0;0;0;1 g;0;0;0;0;0;0;0;0;0;0;0;0;0;0;0;0;0;0;0;0;0;230 mg;0;0;0;0;0;0;0;0;0;0;0;0;0
4944;Nissin Chu Qian Yi Ding Ramen Sesame Oil Flavour;Nissin Foods Holdings Co., Ltd;1;81 gram;380 kkal;0;0;51 g;0;7 g;16 g;0;0;0;0;0;2 g;0;0;0 g;0;0;0;0;0;0;0;0;0;0;0;0;0;0;0;0;0;0;0;0;0;1450 mg;0;0;0;0;0;0;0;0;0;0;0;0;0
2928;Kejucake;North Kinh Do One Member;1;100 g;60 kkal;0;0;9 g;0;1 g;2.50 g;0;0;0;0;0;0;0;0;5 g;0;0;0;0;0;0;0;0;0;0;0;0;0;0;0;0;0;0;0;0;0;100 mg;0;0;0;0;0;0;0;0;0;0;0;0;0
2226;Selai Cokelat;Nutella;1;15 g;80 kkal;0;0;9 g;0;1 g;4.50 g;0;0;0;0;0;0;0;0;0;0;0;0;0;0;0;0;0;0;0;0;0;0;0;0;0;0;0;0;0;0;0 mg;0;0;0;0;0;0;0;0;0;0;0;0;0
3692;L-Men Platinum Choco Latte;NUTRIFOOD INDONESIA;1;100 g;150 kkal;0;0;7 g;0;25 g;2 g;0;0;0;0;0;0;0;0;3 g;0;0;0;0;0;0.56 mg;0.64 mg;6 mg;0;0;0;0;0;0;36 mg;0;0;0;479 mg;74 mg;0;150 mg;180 mg;0;0;0;0;0;0;0;0;0;0;0;0
3693;Hilo Calcium Choco Malt;Nutrimart;1;100 g;60 kkal;0;0;11 g;0;1 g;1 g;0;0;0;0;0;0;0;0;8 g;0;0;0;0;0;0.20 mg;0.24 mg;2.30 mg;0;0;0;0;0;0;14 mg;0;0;0;220 mg;25 mg;0;85 mg;0;2.10 mg;2.10 mg;0;0;0;0;0;0;0;0;0;0
1371;Nuttela;Nuttela indonesia;1;15 g;80 kkal;0;0;9 g;0;1 g;4.50 g;0;0;0;0;0;0;0;0;8 g;0;0;0;0;0;0;0;0;0;0;0;0;0;0;0;0;0;0;0;0;0;5 mg;0;0;0;0;0;0;0;0;0;0;0;0;0
1258;Selai Nutella;Nuttela indonesia;1;37 g;200 kkal;0;0;23 g;0;2 g;12 g;0;0;0;0;0;0;0;0;0;0;0;0;0;0;0;0;0;0;0;0;0;0;0;0;0;0;0;0;0;0;0 mg;0;0;0;0;0;0;0;0;0;0;0;0;0
1523;Krupuk udang Ny. Siok (mentah);NY. SIOK;1;20 g;70 kkal;0;0;16 g;0;2 g;0 g;0;0;0;0;0;0;0;0;2 g;0;0;0;0;0;0;0;0;0;0;0;0;0;0;0;0;0;0;0;0;0;260 mg;0;0;0;0;0;0;0;0;0;0;0;0;0
1930;Oatsy quick cook;Oatsy;1;30 g;120 kkal;0;0;21 g;0;4 g;3 g;0;0;0;0;0;4 g;0;0;0;0;0;0;0;0;0;0;0;0;0;0;0;0;0;0;0;0;0;0;0;0;0 mg;0;0;0;0;0;0;0;0;0;0;0;0;0
1928;Oatsy Rolled oats;Oatsy;1;30 g;120 kkal;0;0;21 g;0;4 g;3 g;0;0;0;0;0;4 g;0;0;0;0;0;0;0;0;0;0;0;0;0;0;0;0;0;0;0;0;0;0;0;0;0 mg;0;0;0;0;0;0;0;0;0;0;0;0;0
1929;Oatsy Steel cut oats;Oatsy;1;30 g;120 kkal;0;0;21 g;0;3 g;3 g;0;0;0;0;0;7 g;0;0;0;0;0;0;0;0;0;0;0;0;0;0;0;0;0;0;0;0;0;0;0;0;0 mg;0;0;0;0;0;0;0;0;0;0;0;0;0
1752;Omni Bar;Omni Bar;1;35 g;160 kkal;0;0;21 g;0;5 g;6 g;0;0;0;0;0;3 g;0;0;7 g;0;0;0;0;0;0;0;0;0;0;0;0;0;0;0;0;0;0;0;0;0;0 mg;0;0;0;0;0;0;0;0;0;0;0;0;0
1751;Omni Bar dark chocolate;Omni Bar;1;35 g;160 kkal;0;0;23 g;0;3 g;5 g;0;0;0;0;0;3 g;0;0;6 g;0;0;0;0;0;0;0;0;0;0;0;0;0;0;0;0;0;0;0;0;0;0 mg;0;0;0;0;0;0;0;0;0;0;0;0;0
1922;Origo coffe avocado coffe;Origo coffe;1;0 g;160 kkal;0;0;22.46 g;0;4.04 g;6.02 g;0;0;0;0;0;0;0;0;14.12 g;0;0;0;0;0;0;0;0;0;0;0;0;0;0;0;0;0;0;0;0;0;0 mg;0;0;0;0;0;0;0;0;0;0;0;0;0
1993;Origo coffe cereal latte;Origo coffe;1;0 g;238 kkal;0;0;38.69 g;0;6.80 g;6 g;0;0;0;0;0;0;0;0;17.39 g;0;0;0;0;0;0;0;0;0;0;0;0;0;0;0;0;0;0;0;0;0;0 mg;0;0;0;0;0;0;0;0;0;0;0;0;0
1992;Origo coffe coconut coffe;Origo coffe;1;0 g;160 kkal;0;0;22.66 g;0;4.64 g;5.62 g;0;0;0;0;0;0;0;0;9.92 g;0;0;0;0;0;0;0;0;0;0;0;0;0;0;0;0;0;0;0;0;0;0 mg;0;0;0;0;0;0;0;0;0;0;0;0;0
1991;Origo coffe es kopi susu;Origo coffe;1;0 g;191 kkal;0;0;25.88 g;0;6.23 g;7.22 g;0;0;0;0;0;0;0;0;20.51 g;0;0;0;0;0;0;0;0;0;0;0;0;0;0;0;0;0;0;0;0;0;0 mg;0;0;0;0;0;0;0;0;0;0;0;0;0
1994;Origo coffe Rose latte;Origo coffe;1;0 g;118 kkal;0;0;12.69 g;0;4.80 g;5.50 g;0;0;0;0;0;0;0;0;7.39 g;0;0;0;0;0;0;0;0;0;0;0;0;0;0;0;0;0;0;0;0;0;0 mg;0;0;0;0;0;0;0;0;0;0;0;0;0
1972;Origo coffe strawberry kopi susu;Origo coffe;1;0 g;108 kkal;0;0;12.55 g;0;2.43 g;4.34 g;0;0;0;0;0;0;0;0;10.25 g;0;0;0;0;0;0;0;0;0;0;0;0;0;0;0;0;0;0;0;0;0;0 mg;0;0;0;0;0;0;0;0;0;0;0;0;0
4441;JIN Ramen Spicy;Otoki Vietnam Co., Ltd;1;60 gram;240 kkal;0;0;42 g;0;5 g;5 g;0;0;0;0;0;5 g;0;0;3 g;0;0;0;0;0;0;0;0;0;0;0;0;0;0;0;0;0;0;0;0;0;1310 mg;0;0;0;0;0;0;0;0;0;0;0;0;0
1740;Outback steackhouse new york strip;Outback steackhouse;1;340 g;810 kkal;0;0;0 g;0;63 g;62 g;0;0;0;0;0;0;0;0;0;0;0;0;0;0;0;0;0;0;0;0;0;0;0;0;0;0;0;0;0;0;0 mg;0;0;0;0;0;0;0;0;0;0;0;0;0
1739;Outback steackhouse outback special;Outback steackhouse;1;226 g;280 kkal;0;0;0 g;0;51 g;9 g;0;0;0;0;0;0;0;0;0;0;0;0;0;0;0;0;0;0;0;0;0;0;0;0;0;0;0;0;0;0;0 mg;0;0;0;0;0;0;0;0;0;0;0;0;0
1741;Outback steackhouse Ribeye;Outback steackhouse;1;284 g;540 kkal;0;0;0 g;0;58 g;35 g;0;0;0;0;0;0;0;0;0;0;0;0;0;0;0;0;0;0;0;0;0;0;0;0;0;0;0;0;0;0;0 mg;0;0;0;0;0;0;0;0;0;0;0;0;0
1742;Outback steackhouse slow roasted prime rib;Outback steackhouse;1;226 g;700 kkal;0;0;0 g;0;46 g;57 g;0;0;0;0;0;0;0;0;0;0;0;0;0;0;0;0;0;0;0;0;0;0;0;0;0;0;0;0;0;0;0 mg;0;0;0;0;0;0;0;0;0;0;0;0;0
1744;Outback steackhouse T-Bone;Outback steackhouse;1;510 g;910 kkal;0;0;4 g;0;79 g;64 g;0;0;0;0;0;0;0;0;0;0;0;0;0;0;0;0;0;0;0;0;0;0;0;0;0;0;0;0;0;0;0 mg;0;0;0;0;0;0;0;0;0;0;0;0;0
1743;Outback steackhouse Victoria's Filet;Outback steackhouse;1;226 g;320 kkal;0;0;0 g;0;53 g;12 g;0;0;0;0;0;0;0;0;0;0;0;0;0;0;0;0;0;0;0;0;0;0;0;0;0;0;0;0;0;0;0 mg;0;0;0;0;0;0;0;0;0;0;0;0;0
1374;Ovomaltine;Ovomaltine;1;20 g;109 kkal;0;0;11.90 g;0;0.80 g;6.40 g;0;0;0;0;0;0;0;0;10.90 g;0;0;0;0;0;0;0;0;0;0;0;0;0;0;0;0;0;0;0;0;0;50 mg;0;0;0;0;0;0;0;0;0;0;0;0;0
1835;Bihun cap dua burung (mentah);PB. Sumber Alam;1;60 g;220 kkal;0;0;52 g;0;3 g;0 g;0;0;0;0;0;5 g;0;0;0 g;0;0;0;0;0;0;0;0;0;0;0;0;0;0;0;0;0;0;0;0;0;0 mg;0;0;0;0;0;0;0;0;0;0;0;0;0
2865;Lays Rumput Laut 68 gram;PepsiCo;1;100 g;110 kkal;0;0;10 g;0;1 g;7 g;0;0;0;0;0;0;0;0;0;0;0;0;0;0;0;0;0;0;0;0;0;0;0;0;0;0;0;0;0;0;70 mg;0;0;0;0;0;0;0;0;0;0;0;0;0
4662;Kecap Ikan Cap King Lobster;Pichai Fish Sauce Co., Ltd;1;15 ml;15 kkal;0;0;2 g;0;1 g;0 g;0;0;0;0;0;0;0;0;0 g;0;0;0;0;0;0;0;0;0;0;0;0;0;0;0;0;0;0;0;0;0;1500 mg;0;0;0;0;0;0;0;0;0;0;0;0;0
1634;Yogurt frozen pinkberry (Besar);Pinkberry;1;369 g;390 kkal;0;0;81 g;0;15 g;1 g;0;0;0;0;0;0 g;0;0;77 g;0;0;0;0;0;0;0;0;0;0;0;0;0;0;0;0;0;0;0;0;0;0 mg;0;0;0;0;0;0;0;0;0;0;0;0;0
1636;Yogurt frozen pinkberry (Kecil);Pinkberry;1;142 g;150 kkal;0;0;31 g;0;6 g;0 g;0;0;0;0;0;0 g;0;0;30 g;0;0;0;0;0;0;0;0;0;0;0;0;0;0;0;0;0;0;0;0;0;0 mg;0;0;0;0;0;0;0;0;0;0;0;0;0
1635;Yogurt frozen pinkberry (Medium);Pinkberry;1;227 g;240 kkal;0;0;50 g;0;9 g;0 g;0;0;0;0;0;0 g;0;0;47 g;0;0;0;0;0;0;0;0;0;0;0;0;0;0;0;0;0;0;0;0;0;0 mg;0;0;0;0;0;0;0;0;0;0;0;0;0
3760;Mom Miyuki Go Roa Keripik Pisang Goroho (Roa Pedas);Poklahsar Miyuki Kelompok Tani Miyuki;1;100 g;180 kkal;0;0;24 g;0;1 g;8 g;0;0;0;0;0;0;0;0;14 g;0;0;0;0;0;0;0;0;0;0;0;0;0;0;0;0;0;0;0;0;0;50 mg;0;0;0;0;0;0;0;0;0;0;0;0;0
2452;Mie sedap instan kari spesial;PR. Prakarsa alam segar;1;76 g;350 kkal;0;0;47 g;0;8 g;14 g;0;0;0;0;0;3 g;0;0;3 g;0;0;0;0;0;0;0;30 mg;0;0;0;0;0;0;0;0;0;0;0;0;0;1060 mg;0;10 mg;0;0;0;0;0;0;0;0;0;0;0
4375;KIN Bulgarian Yogurt Black A2;PT ABC Kogen Dairy;1;125 gram;90 kkal;0;0;16 g;0;2 g;2.50 g;0;0;0;0;0;0;0;0;10 g;0;0;0;0;0;0;0;0;0;0;0;0;0;0;0;0;0;0;0;0;0;45 mg;0;0;0;0;0;0;0;0;0;0;0;0;0
4368;Oat Milk Oatside rasa Mocha;PT ABC Kogen Dairy;1;200 ml;160 kkal;0;0;27 g;0;2 g;6 g;0;0;0;0;0;2 g;0;0;14 g;0;0;0;0;0;0;0;0;0;0;0;0;0;0;0;0;0;0;0;0;0;80 mg;0;0;0;0;0;0;0;0;0;0;0;0;0
3925;Oat Milk Oatside rasa original;PT ABC Kogen Dairy;1;200 ml;130 kkal;0;0;16 g;0;1 g;6 g;0;0;0;0;0;2 g;0;0;6 g;0;0;0;0;0;0;0;0;0;0;0;0;0;0;0;0;0;0;0;0;0;80 mg;0;0;0;0;0;0;0;0;0;0;0;0;0
4188;Point Coffee Aren Latte;PT ABC Kogen Dairy;1;200 ml;140 kkal;0;0;25 g;0;4 g;3 g;0;0;0;0;0;0;0;0;22 g;0;0;0;0;0;0;0;0;0;0;0;0;0;0;0;0;0;0;0;0;0;160 mg;0;0;0;0;0;0;0;0;0;0;0;0;0
4187;Point Coffee Golden Caramel;PT ABC Kogen Dairy;1;200 ml;130 kkal;0;0;22 g;0;4 g;3 g;0;0;0;0;0;0;0;0;20 g;0;0;0;0;0;0;0;0;0;0;0;0;0;0;0;0;0;0;0;0;0;180 mg;0;0;0;0;0;0;0;0;0;0;0;0;0
2722;MI INSTAN GORENG MERK GIANT;PT ABC PRESIDENT INDONESIA;1;100 g;330 kkal;0;0;43 g;0;6 g;15 g;0;0;0;0;0;0;0;0;0;0;0;0;0;0;0;0;0;0;0;0;0;0;0;0;0;0;0;0;0;0;910 mg;0;0;0;0;0;0;0;0;0;0;0;0;0
2088;Teh Sariwangi Sari Murni;PT AGRI WANGI INDONESIA;1;1.60 g;0 kkal;0;0;0 g;0;0 g;0 g;0;0;0;0;0;0;0;0;0;0;0;0;0;0;0;0;0;0;0;0;0;0;0;0;0;0;0;0;0;0;0 mg;0;0;0;0;0;0;0;0;0;0;0;0;0
3752;Sangkuriang Lapis Bogor Rasa Original;PT Agrinesia Raya;1;100 g;180 kkal;0;0;19 g;0;3 g;10 g;0;0;0;0;0;2 g;0;0;11 g;0;0;0;0;0;0;0;0;0;0;0;0;0;0;0;0;0;0;0;0;0;160 mg;60 mg;0;0;0;0;0;0;0;0;0;0;0;0
2701;Es krim aice rasa starawberry crispy;Pt aice ice cream jatim;1;100 g;100 kkal;0;0;12 g;0;1 g;6 g;0;0;0;0;0;0;0;0;0;0;0;0;0;0;0;0;0;0;0;0;0;0;0;0;0;0;0;0;0;0;15 mg;0;0;0;0;0;0;0;0;0;0;0;0;0
3723;Masako Daging Sapi;pt ajinomoto indonesia;1;100 g;0 kkal;0;0;0 g;0;0 g;0 g;0;0;0;0;0;0;0;0;0 g;0;0;0;0;0;0;0;0;0;0;0;0;0;0;0;0;0;0;0;0;0;590 mg;0;0;0;0;0;0;0;0;0;0;0;0;0
2656;sajiku bakwan crispi;pt ajinomoto indonesia;1;51.00 g;45 kkal;0;0;9 g;0;2 g;0 g;0;0;0;0;0;0;0;0;0;0;0;0;0;0;0;0;0;0;0;0;0;0;0;0;0;0;0;0;0;0;270 mg;0;0;0;0;0;0;0;0;0;0;0;0;0
2676;sajiku golden crispy;pt ajinomoto indonesia;1;51.00 g;90 kkal;0;0;19 g;0;3 g;0 g;0;0;0;0;0;0;0;0;0;0;0;0;0;0;0;0;0;0;0;0;0;0;0;0;0;0;0;0;0;0;630 mg;0;0;0;0;0;0;0;0;0;0;0;0;0
3738;Sajiku Tepung Bumbu Serbaguna;pt ajinomoto indonesia;1;51.00 g;50 kkal;0;0;12 g;0;1 g;0 g;0;0;0;0;0;0;0;0;1 g;0;0;0;0;0;0;0;0;0;0;0;0;0;0;0;0;0;0;0;0;0;360 mg;0;0;0;0;0;0;0;0;0;0;0;0;0
3729;Saori Saus Teriyaki (135 ml);pt ajinomoto indonesia;1;100 g;10 kkal;0;0;2 g;0;0 g;0 g;0;0;0;0;0;0;0;0;2 g;0;0;0;0;0;0;0;0;0;0;0;0;0;0;0;0;0;0;0;0;0;260 mg;0;0;0;0;0;0;0;0;0;0;0;0;0
3721;Saori Saus Tiram;pt ajinomoto indonesia;1;100 g;5 kkal;0;0;2 g;0;0 g;0 g;0;0;0;0;0;0;0;0;0;0;0;0;0;0;0;0;0;0;0;0;0;0;0;0;0;0;0;0;0;0;290 mg;0;0;0;0;0;0;0;0;0;0;0;0;0
4416;Strawberry Yogurt Puffs;PT Alamii Natura Sejahtera;1;13 gram;60 kkal;0;0;9 g;0;1 g;2.50 g;0;0;0;0;0;0;0;0;2 g;0;0;0;0;0;0;0;0;0;0;0;0;0;0;0;0;0;0;0;0;0;15 mg;0;0;0;0;0;0;0;0;0;0;0;0;0
3739;Fibe Mini;PT Amerta Indah Otsuka;1;45.00 g;60 kkal;0;0;19 g;0;0 g;0 g;0;0;0;0;0;0;0;0;9 g;0;0;0;0;0;0;0;0;0;0;0;0;0;0;0;0;0;0;0;0;0;20 mg;0;0;0;0;0;0;0;0;0;0;0;0;0
4462;CHOCOLATE BARK dark Chocolate with Focaccia;PT Aneka Coklat Kakoa;1;25 gram;140 kkal;0;0;12 g;0;2 g;10 g;0;0;0;0;0;2 g;0;0;6 g;0;0;0;0;0;0;0;0;0;0;0;0;0;0;0;0;0;0;0;0;0;55 mg;0;0;0;0;0;0;0;0;0;0;0;0;0
4461;CHOCOLATE BARK Dark Milk Chocolate with Baguette;PT Aneka Coklat Kakoa;1;25 gram;130 kkal;0;0;15 g;0;2 g;8 g;0;0;0;0;0;1 g;0;0;8 g;0;0;0;0;0;0;0;0;0;0;0;0;0;0;0;0;0;0;0;0;0;40 mg;0;0;0;0;0;0;0;0;0;0;0;0;0
4460;CHOCOLATE BARK Milk Chocolate with Seed & Grain Sourdough;PT Aneka Coklat Kakoa;1;25 gram;140 kkal;0;0;14 g;0;2 g;8 g;0;0;0;0;0;1 g;0;0;8 g;0;0;0;0;0;0;0;0;0;0;0;0;0;0;0;0;0;0;0;0;0;35 mg;0;0;0;0;0;0;0;0;0;0;0;0;0
2411;TOPOKI Mujigae;PT Animo Resto Primera (Mujigae) Bandung;1;170 g;410 kkal;0;0;78 g;0;11 g;7 g;0;0;0;0;0;0;0;0;0;0;0;0;0;0;0;0;0;0;0;0;0;0;0;0;0;0;0;0;0;0;1390 mg;0;0;0;0;0;0;0;0;0;0;0;0;0
2549;BANGO Kecap Manis Light;PT Anugerah Mutu Bersama;1;15 ml;40 kkal;0;0;10 g;0;0 g;0 g;0;0;0;0;0;0;0;0;8 g;0;0;0;0;0;0;0;0;0;0;0;0;0;0;0;0;0;0;0;0;0;140 mg;0;0;0;0;0;0;0;0;0;0;0;0;0
1176;Good Time Cookies;PT ARNOTT'S INDONESIA;1;30 g;140 kkal;0;0;21 g;0;2 g;6 g;0;0;0;0;0;1 g;0;0;10 g;0;0;0;0;0;0;0;0;0;0;0;0;0;0;0;0;0;0;0;0;0;220 mg;0;0;0;0;0;0;0;0;0;0;0;0;0
4355;Nyam Nyam Bubblle Puff Chocolate;PT ARNOTT'S INDONESIA;1;18 gram;90 kkal;0;0;13 g;0;1 g;4 g;0;0;0;0;0;0 g;0;0;5 g;0;0;0;0;0;0;0;0;0;0;0;0;0;0;0;0;0;0;0;0;0;10 mg;0;0;0;0;0;0;0;0;0;0;0;0;0
4490;Nyam Nyam Fantasy Stick Chocolate;PT ARNOTT'S INDONESIA;1;25 gram;130 kkal;0;0;17 g;0;1 g;6 g;0;0;0;0;0;0;0;0;10 g;0;0;0;0;0;0;0;0;0;0;0;0;0;0;0;0;0;0;0;0;0;115 mg;0;0;0;0;0;0;0;0;0;0;0;0;0
3084;Kratingdaeng Energy Drink;PT Asia Health Energi Beverages;1;100 g;110 kkal;0;0;25 g;0;2 g;0 g;0;0;0;0;0;0;0;0;0;0;0;0;0;0;0;0;20 mg;0;0;0;0;0;0;0;0;0;0;0;0;0;100 mg;0;0;0;0;0;0;0;0;0;0;0;0;0
2727;Pronas PastaMia Spaghetti;PT BAHTERA WIRANIAGA INTERNUSA;1;100 g;360 kkal;0;0;75 g;0;13 g;1.50 g;0;0;0;0;0;10 g;0;0;0;0;0;0;0;0;0;0;0;0;0;0;0;0;0;0;0;0;0;0;0;0;0 mg;0;0;0;0;0;0;0;0;0;0;0;0;0
2513;Pronas saus bolognese (190 g);PT BAHTERA WIRANIAGA INTERNUSA;1;90 g;100 kkal;0;0;14 g;0;5 g;3 g;0;0;0;0;0;3 g;0;0;0;0;0;0;0;0;0;0;0;0;0;0;0;0;0;0;0;0;0;0;0;0;700 mg;0;0;0;0;0;0;0;0;0;0;0;0;0
3758;Bamboe Bumbu Rawon;PT Bamboe Indonesia;1;100 g;25 kkal;0;0;2 g;0;1 g;1.50 g;0;0;0;0;0;1 g;0;0;1 g;0;0;0;0;0;0;0;0;0;0;0;0;0;0;0;0;0;0;0;0;0;1020 mg;0;0;0;0;0;0;0;0;0;0;0;0;0
3426;La Fonte Fettuccine-30 Pasta;PT Bogasari Flour Mills;1;100 g;220 kkal;0;0;45 g;0;8 g;0 g;0;0;0;0;0;2 g;0;0;3 g;0;0;0;0;0;0;0;0;0;0;0;0;0;0;0;0;0;0;0;0;0;40 mg;0;0;0;0;0;0;0;0;0;0;0;0;0
2665;japato potato chips rasa happy honey butter;pt calbee wings food;1;100 g;100 kkal;0;0;13 g;0;1 g;5 g;0;0;0;0;0;0;0;0;0;0;0;0;0;0;0;0;0;0;0;0;0;0;0;0;0;0;0;0;0;0;270 mg;0;0;0;0;0;0;0;0;0;0;0;0;0
2655;japato potato chips rasa rumput laut;pt calbee wings food;1;100 g;150 kkal;0;0;15 g;0;1 g;10 g;0;0;0;0;0;0;0;0;0;0;0;0;0;0;0;0;0;0;0;0;0;0;0;0;0;0;0;0;0;0;150 mg;0;0;0;0;0;0;0;0;0;0;0;0;0
2703;POTABEE RASA AYAM BAKAR;pt calbee wings food;1;20.00 g;170 kkal;0;0;15 g;0;2 g;11 g;0;0;0;0;0;0;0;0;0;0;0;0;0;0;0;0;0;0;0;0;0;0;0;0;0;0;0;0;0;0;250 mg;0;0;0;0;0;0;0;0;0;0;0;0;0
3434;Cimory Fresh Milk Cashew;PT cisarua mountain dairy;1;100 g;260 kkal;0;0;33 g;0;10 g;9 g;0;0;0;0;0;0;0;0;0;0;0;0;0;0;0;0;0;0;0;0;0;0;0;0;0;0;0;0;0;0;140 mg;0;0;0;0;0;0;0;0;0;0;0;0;0
3720;Cimory Yogurt Bites Strawberry Lychee with Nata De Coco;PT cisarua mountain dairy;1;100 g;100 kkal;0;0;18 g;0;3 g;2.50 g;0;0;0;0;0;2 g;0;0;13 g;0;0;0;0;0;0;0;0;0;0;0;0;0;0;0;0;0;0;0;0;0;55 mg;0;0;0;0;0;0;0;0;0;0;0;0;0
2725;Cimory fresh milk choco malt;PT Cisarua Mountain Dairy (Cimory);1;100 g;260 kkal;0;0;34 g;0;10 g;10 g;0;0;0;0;0;0;0;0;0;0;0;0;0;0;0;0;0;0;0;0;0;0;0;0;0;0;0;0;0;0;150 mg;0;0;0;0;0;0;0;0;0;0;0;0;0
2808;Cimory fresh milk hazelnut;PT Cisarua Mountain Dairy (Cimory);1;100.00 g;240 kkal;0;0;33 g;0;9 g;8 g;0;0;0;0;0;0;0;0;0;0;0;0;0;0;0;0;0;0;0;0;0;0;0;0;0;0;0;0;0;0;100 mg;0;0;0;0;0;0;0;0;0;0;0;0;0
3181;Cimory Yogurt Squeeze Peach;PT Cisarua Mountain Dairy (Cimory);1;100 g;70 kkal;0;0;11 g;0;2 g;2 g;0;0;0;0;0;0;0;0;0;0;0;0;0;0;0;0;0;0;0;0;0;0;0;0;0;0;0;0;0;0;60 mg;0;0;0;0;0;0;0;0;0;0;0;0;0
2485;Squeeze yogurt rasa blueberry;PT Cisarua Mountain Dairy (Cimory);1;70 g;70 kkal;0;0;11 g;0;2 g;2 g;0;0;0;0;0;0;0;0;0;0;0;0;0;0;0;0;0;0;0;0;0;0;0;0;0;0;0;0;0;0;60 mg;0;0;0;0;0;0;0;0;0;0;0;0;0
2486;Squeeze yogurt rasa peach;PT Cisarua Mountain Dairy (Cimory);1;70 g;70 kkal;0;0;10 g;0;2 g;2 g;0;0;0;0;0;0;0;0;8 g;0;0;0;0;0;0;0;0;0;0;0;0;0;0;0;0;0;0;0;0;0;35 mg;0;0;0;0;0;0;0;0;0;0;0;0;0
2464;yoghurt cimory;PT Cisarua Mountain Dairy (Cimory);1;250 g;180 kkal;0;0;36 g;0;6 g;2 g;0;0;0;0;0;5 g;0;0;26 g;0;0;0;0;0;0;0;0;0;0;0;0;0;0;0;0;0;0;0;0;0;90 mg;0;0;0;0;0;0;0;0;0;0;0;0;0
2475;yoghurt cimory;PT Cisarua Mountain Dairy (Cimory);1;250 g;180 kkal;0;0;36 g;0;6 g;2 g;0;0;0;0;0;5 g;0;0;26 g;0;0;0;0;0;0;0;0;0;0;0;0;0;0;0;0;0;0;0;0;0;90 mg;0;0;0;0;0;0;0;0;0;0;0;0;0
3894;susu UHT Cimory rasa Blueberry;PT Cisarua Mountain Dairy Tbk;1;125 gram;110 kkal;0;0;14 g;0;3 g;3.50 g;0;0;0;0;0;0;0;0;9 g;0;0;0;0;0;0;0;0;0;0;0;0;0;0;0;0;0;0;0;0;0;65 mg;0;0;0;0;0;0;0;0;0;0;0;0;0
3898;Susu UHT Cimory rasa ChocoMalt;PT Cisarua Mountain Dairy Tbk;1;125 ml;110 kkal;0;0;16 g;0;3 g;3.50 g;0;0;0;0;0;0;0;0;10 g;0;0;0;0;0;0;0;0;0;0;0;0;0;0;0;0;0;0;0;0;0;65 mg;0;0;0;0;0;0;0;0;0;0;0;0;0
3897;susu UHT Cimory rasa Marie Biscuits;PT Cisarua Mountain Dairy Tbk;1;125 gram;100 kkal;0;0;14 g;0;3.50 g;3.50 g;0;0;0;0;0;0;0;0;9 g;0;0;0;0;0;0;0;0;0;0;0;0;0;0;0;0;0;0;0;0;0;65 mg;0;0;0;0;0;0;0;0;0;0;0;0;0
3902;susu UHT Cimory rasa Matcha;PT Cisarua Mountain Dairy Tbk;1;125 gram;100 kkal;0;0;14 g;0;3 g;3.50 g;0;0;0;0;0;0;0;0;9 g;0;0;0;0;0;0;0;0;0;0;0;0;0;0;0;0;0;0;0;0;0;70 mg;0;0;0;0;0;0;0;0;0;0;0;0;0
3895;Susu UHT Cimory rasa Salted Caramel;PT Cisarua Mountain Dairy Tbk;1;125 gram;110 kkal;0;0;16 g;0;4 g;2.50 g;0;0;0;0;0;0;0;0;12 g;0;0;0;0;0;0;0;0;0;0;0;0;0;0;0;0;0;0;0;0;0;60 mg;0;0;0;0;0;0;0;0;0;0;0;0;0
3900;susu UHT Cimory rasa Thai Tea;PT Cisarua Mountain Dairy Tbk;1;125 ml;110 kkal;0;0;19 g;0;3 g;3 g;0;0;0;0;0;0;0;0;13 g;0;0;0;0;0;0;0;0;0;0;0;0;0;0;0;0;0;0;0;0;0;60 mg;0;0;0;0;0;0;0;0;0;0;0;0;0
2586;minuman nutriboost rasa mangga;pt coca-cola botting indonesia;1;300 ml;170 kkal;0;0;37 g;0;2 g;1.50 g;0;0;0;0;0;0;0;0;0;0;0;0;0;0;0;0;0;0;0;0;0;0;0;0;0;0;0;0;0;0;180 mg;0;0;0;0;0;0;0;0;0;0;0;0;0
2769;Nutri boost orange;pt coca-cola botting indonesia;1;37.00 g;170 kkal;0;0;37 g;0;2 g;1.50 g;0;0;0;0;0;0;0;0;0;0;0;0;0;0;0;0;0;0;0;0;0;0;0;0;0;0;0;0;0;0;180 mg;0;0;0;0;0;0;0;0;0;0;0;0;0
2771;Nutri boost orange;pt coca-cola botting indonesia;1;37.00 g;170 kkal;0;0;37 g;0;2 g;1.50 g;0;0;0;0;0;0;0;0;0;0;0;0;0;0;0;0;0;0;0;0;0;0;0;0;0;0;0;0;0;0;180 mg;0;0;0;0;0;0;0;0;0;0;0;0;0
3761;Wow Spageti Creamy Carbonara;PT Delifood Sentosa Corpindo;1;100 g;360 kkal;0;0;56 g;0;11 g;11 g;0;0;0;0;0;4 g;0;0;8 g;0;0;0;0;0;0;0;0;0;0;0;0;0;0;0;0;0;0;0;0;0;1250 mg;0;0;0;0;0;0;0;0;0;0;0;0;0
3098;Migelas Rasa Sop Buntut;PT DELLIFOOD SENTOSA CORPINDO;1;100 g;120 kkal;0;0;17 g;0;3 g;4.50 g;0;0;0;0;0;0;0;0;2 g;0;0;0;0;0;0;0;0;0;0;0;0;0;0;0;0;0;0;0;0;0;940 mg;0;0;0;0;0;0;0;0;0;0;0;0;0
3097;Migelas Rasa Soto Ayam;PT DELLIFOOD SENTOSA CORPINDO;1;100 g;120 kkal;0;0;16 g;0;3 g;5 g;0;0;0;0;0;0;0;0;1 g;0;0;0;0;0;0;0;0;0;0;0;0;0;0;0;0;0;0;0;0;0;790 mg;0;0;0;0;0;0;0;0;0;0;0;0;0
3302;Super Bubur dengan kuah soto;PT DELLIFOOD SENTOSA CORPINDO;1;100 g;190 kkal;0;0;35 g;0;4 g;4 g;0;0;0;0;0;0;0;0;1 g;0;0;0;0;0;0;0;0;0;0;0;0;0;0;0;0;0;0;0;0;0;700 mg;0;0;0;0;0;0;0;0;0;0;0;0;0
3755;Wow Spageti Meaty Bolognese;PT DELLIFOOD SENTOSA CORPINDO;1;100 g;360 kkal;0;0;52 g;0;11 g;12 g;0;0;0;0;0;4 g;0;0;7 g;0;0;0;0;0;0;0;0;0;0;0;0;0;0;0;0;0;0;0;0;0;1020 mg;0;0;0;0;0;0;0;0;0;0;0;0;0
3893;Diamond Milk rasa Marshmallow;PT Diamond cold storage;1;100 gram;70 kkal;0;0;10 g;0;2 g;2 g;0;0;0;0;0;4 g;0;0;9 g;0;0;0;0;0;0;0;0;0;0;0;0;0;0;0;0;0;0;0;0;0;45 mg;0;0;0;0;0;0;0;0;0;0;0;0;0
2742;You C1000 Lemon Water;PT Djojonegoro C-1000;1;140.00 ml;150 kkal;0;0;37 g;0;0 g;0 g;0;0;0;0;0;0;0;0;37 g;0;0;0;0;0;0;0;0;0;0;0;0;0;0;1000 mg;0;0;0;0;0;0;60 mg;0;0;0;0;0;0;0;0;0;0;0;0;0
2745;You C1000 Lemon Water;PT Djojonegoro C-1000;1;140.00 ml;150 kkal;0;0;37 g;0;0 g;0 g;0;0;0;0;0;0;0;0;37 g;0;0;0;0;0;0;0;0;0;0;0;0;0;0;1000 mg;0;0;0;0;0;0;60 mg;0;0;0;0;0;0;0;0;0;0;0;0;0
2572;krip krip tortilla;pt dua kelinci;1;25 g;130 kkal;0;0;16 g;0;1 g;7 g;0;0;0;0;0;0;0;0;0;0;0;0;0;0;0;0;0;0;0;0;0;0;0;0;0;0;0;0;0;0;55 mg;0;0;0;0;0;0;0;0;0;0;0;0;0
2710;chocolatos susu bubuk coklat;pt fairpack indonesia;1;100 g;110 kkal;0;0;22 g;0;1 g;1.50 g;0;0;0;0;0;0;0;0;0;0;0;0;0;0;0;0;0;0;0;0;0;0;0;0;0;0;0;0;0;0;110 mg;0;0;0;0;0;0;0;0;0;0;0;0;0
2622;anmum lacta minuman khusus ibu menyusui rasa cokelat;pt fonterra brands manufacturing;1;46 g;190 kkal;0;0;28 g;0;9 g;4.50 g;0;0;0;0;0;0;0;0;0;0;0;0;0;0;0;0;0;0;0;0;0;0;0;0;0;0;0;0;0;0;160 mg;0;0;0;0;0;0;0;0;0;0;0;0;0
2617;boneeto susu bubuk instan rasa cokelat;pt fonterra brands manufacturing;1;40 g;160 kkal;0;0;24 g;0;6 g;4 g;0;0;0;0;0;0;0;0;0;0;0;0;0;0;0;0;0;0;0;0;0;0;0;0;0;0;0;0;0;0;75 mg;0;0;0;0;0;0;0;0;0;0;0;0;0
3387;Anget Sari Wedang Jahe;PT Forisa Nusapersada;1;100 g;110 kkal;0;0;27 g;0;0 g;0 g;0;0;0;0;0;0;0;0;27 g;0;0;0;0;0;0;0;0;0;0;0;0;0;0;0;0;0;0;0;0;0;40 mg;0;0;0;0;0;0;0;0;0;0;0;0;0
2707;LA PASTA RASA CHEESE BOLOGNESE;PT Forisa Nusapersada;1;100 g;220 kkal;0;0;42 g;0;7 g;3.50 g;0;0;0;0;0;0;0;0;0;0;0;0;0;0;0;0;0;0;0;0;0;0;0;0;0;0;0;0;0;0;750 mg;0;0;0;0;0;0;0;0;0;0;0;0;0
2704;la pasta rasa spicy barbeque;PT Forisa Nusapersada;1;100 g;210 kkal;0;0;39 g;0;7 g;3 g;0;0;0;0;0;0;0;0;0;0;0;0;0;0;0;0;0;0;0;0;0;0;0;0;0;0;0;0;0;0;1230 mg;0;0;0;0;0;0;0;0;0;0;0;0;0
2123;Nutricake Brownies Coklat;PT Forisa Nusapersada;1;40 g;160 kkal;0;0;33 g;0;2 g;2.50 g;0;0;0;0;0;0;0;0;0;0;0;0;0;0;0;0;0;0;0;0;0;0;0;0;0;0;0;0;0;0;90 mg;0;0;0;0;0;0;0;0;0;0;0;0;0
2125;Nutricake Brownies Coklat;PT Forisa Nusapersada;1;40 g;160 kkal;0;0;33 g;0;2 g;2.50 g;0;0;0;0;0;0;0;0;0;0;0;0;0;0;0;0;0;0;0;0;0;0;0;0;0;0;0;0;0;0;90 mg;0;0;0;0;0;0;0;0;0;0;0;0;0
2126;Nutricake Brownies Coklat;PT Forisa Nusapersada;1;40 g;160 kkal;0;0;33 g;0;2 g;2.50 g;0;0;0;0;0;0;0;0;0;0;0;0;0;0;0;0;0;0;0;0;0;0;0;0;0;0;0;0;0;0;90 mg;0;0;0;0;0;0;0;0;0;0;0;0;0
2708;Nutricake brownies rasa keju;PT forisa nusapersada;1;100 g;160 kkal;0;0;33 g;0;2 g;1.50 g;0;0;0;0;0;0;0;0;0;0;0;0;0;0;0;0;0;0;0;0;0;0;0;0;0;0;0;0;0;0;180 mg;0;0;0;0;0;0;0;0;0;0;0;0;0
3389;Nutricake Brownies Rasa Moka;PT Forisa Nusapersada;1;100 g;160 kkal;0;0;33 g;0;2 g;2.50 g;0;0;0;0;0;0;0;0;19 g;0;0;0;0;0;0;0;0;0;0;0;0;0;0;0;0;0;0;0;0;0;150 mg;0;0;0;0;0;0;0;0;0;0;0;0;0
3722;Nutrijell Pudding Susu Rasa Cokelat;PT Forisa Nusapersada;1;100 g;40 kkal;0;0;9 g;0;0 g;0 g;0;0;0;0;0;1 g;0;0;8 g;0;0;0;0;0;0;0;0;0;0;0;0;0;0;0;0;0;0;0;0;0;20 mg;0;0;0;0;0;0;0;0;0;0;0;0;0
3414;Pop Ice flavour strawberry;PT Forisa Nusapersada;1;75.00 g;110 kkal;0;0;22 g;0;1 g;2 g;0;0;0;0;0;0;0;0;19 g;0;0;0;0;0;0;0;0;0;0;0;0;0;0;0;0;0;0;0;0;0;35 mg;0;0;0;0;0;0;0;0;0;0;0;0;0
3717;Pop Ice Rasa Cokelat;PT Forisa Nusapersada;1;75.00 g;100 kkal;0;0;22 g;0;1 g;1 g;0;0;0;0;0;0;0;0;17 g;0;0;0;0;0;0;0;0;0;0;0;0;0;0;0;0;0;0;0;0;0;35 mg;0;0;0;0;0;0;0;0;0;0;0;0;0
3412;Silky Pudding Taro Flavour;PT Forisa Nusapersada;1;125.00 g;80 kkal;0;0;16 g;0;2 g;1.50 g;0;0;0;0;0;0;0;0;11 g;0;0;0;0;0;0;0;0;0;0;0;0;0;0;0;0;0;0;0;0;0;45 mg;0;0;0;0;0;0;0;0;0;0;0;0;0
2598;frisomum gold rasa vanila minuman khusus bagi ibu hamil dan menyusui;pt friesland campina;1;45 g;190 kkal;0;0;27 g;0;10 g;4 g;0;0;0;0;0;0;0;0;0;0;0;0;0;0;0;0;0;0;0;0;0;0;0;0;0;0;0;0;0;0;110 mg;0;0;0;0;0;0;0;0;0;0;0;0;0
2690;frisian flag susu kental manis rasa cokelat;PT frisian flag indonesia;1;40.00 g;130 kkal;0;0;22 g;0;1 g;4.50 g;0;0;0;0;0;0;0;0;0;0;0;0;0;0;0;0;0;0;0;0;0;0;0;0;0;0;0;0;0;0;35 mg;0;0;0;0;0;0;0;0;0;0;0;0;0
2590;susu mama minuman khusus ibu hamil & menyusui rasa cokelat;PT frisian flag indonesia;1;45 g;190 kkal;0;0;26 g;0;9 g;5 g;0;0;0;0;0;0;0;0;0;0;0;0;0;0;0;0;0;0;0;0;0;0;0;0;0;0;0;0;0;0;115 mg;0;0;0;0;0;0;0;0;0;0;0;0;0
2696;delima pudding mix white chocolate;pt gandum mas kencana;1;100 g;110 kkal;0;0;21 g;0;1 g;2.50 g;0;0;0;0;0;0;0;0;0;0;0;0;0;0;0;0;0;0;0;0;0;0;0;0;0;0;0;0;0;0;85 mg;0;0;0;0;0;0;0;0;0;0;0;0;0
3880;Garuda Skippy Peanut Butter Mini Ball Snacks;PT Garudafood Putra Putri Jaya Tbk;1;10 gram;45 kkal;0;0;8 g;0;1 g;1 g;0;0;0;0;0;1 g;0;0;3 g;0;0;0;0;0;0;0;0;0;0;0;0;0;0;0;0;0;0;0;0;0;25 mg;0;0;0;0;0;0;0;0;0;0;0;0;0
4475;Pocky Milk Chocolate;PT Glico Indonesia;1;22 gram;100 kkal;0;0;14 g;0;2 g;4 g;0;0;0;0;0;0;0;0;7 g;0;0;0;0;0;0;0;0;0;0;0;0;0;0;0;0;0;0;0;0;0;35 mg;0;0;0;0;0;0;0;0;0;0;0;0;0
3433;Pocky Watermelon Flavor;PT Glico Indonesia;1;250.00 ml;180 kkal;0;0;23 g;0;2 g;9 g;0;0;0;0;0;0;0;0;13 g;0;0;0;0;0;0;0;0;0;0;0;0;0;0;0;0;0;0;0;0;0;70 mg;0;0;0;0;0;0;0;0;0;0;0;0;0
4335;Frost Bite Es Krim Susu Rasa Cookies & Cream Mochi;PT Glico Wings;1;46 ml;120 kkal;0;0;24 g;0;1 g;1.50 g;0;0;0;0;0;0;0;0;8 g;0;0;0;0;0;0;0;0;0;0;0;0;0;0;0;0;0;0;0;0;0;20 mg;0;0;0;0;0;0;0;0;0;0;0;0;0
4337;Frost Bite Es Krim Susu Rasa Strawberry Sakura Mochi;PT Glico Wings;1;46 ml;120 kkal;0;0;27 g;0;0 g;1.50 g;0;0;0;0;0;0;0;0;10 g;0;0;0;0;0;0;0;0;0;0;0;0;0;0;0;0;0;0;0;0;0;20 mg;0;0;0;0;0;0;0;0;0;0;0;0;0
4338;Haku Es Krim Susu Rasa Double Choco Monaka;PT Glico Wings;1;100 ml;130 kkal;0;0;16 g;0;1 g;6 g;0;0;0;0;0;0;0;0;8 g;0;0;0;0;0;0;0;0;0;0;0;0;0;0;0;0;0;0;0;0;0;30 mg;0;0;0;0;0;0;0;0;0;0;0;0;0
4330;Waku Waku Es Krim Choco Berry Loop;PT Glico Wings;1;50 ml;80 kkal;0;0;11 g;0;1 g;4 g;0;0;0;0;0;0;0;0;6 g;0;0;0;0;0;0;0;0;0;0;0;0;0;0;0;0;0;0;0;0;0;0 mg;0;0;0;0;0;0;0;0;0;0;0;0;0
4332;Waku Waku Es Krim Choco Dinosaur;PT Glico Wings;1;50 ml;100 kkal;0;0;14 g;0;1 g;5 g;0;0;0;0;0;0;0;0;8 g;0;0;0;0;0;0;0;0;0;0;0;0;0;0;0;0;0;0;0;0;0;20 mg;0;0;0;0;0;0;0;0;0;0;0;0;0
4334;Waku Waku Es Krim Cotton Candy;PT Glico Wings;1;60 ml;80 kkal;0;0;14 g;0;1 g;2.50 g;0;0;0;0;0;0;0;0;10 g;0;0;0;0;0;0;0;0;0;0;0;0;0;0;0;0;0;0;0;0;0;15 mg;0;0;0;0;0;0;0;0;0;0;0;0;0
4333;Waku Waku Es Krim Mango Loop;PT Glico Wings;1;55 ml;80 kkal;0;0;19 g;0;0 g;0 g;0;0;0;0;0;0;0;0;11 g;0;0;0;0;0;0;0;0;0;0;0;0;0;0;0;0;0;0;0;0;0;15 mg;0;0;0;0;0;0;0;0;0;0;0;0;0
4331;Waku Waku Es Krim Rasa Nanas;PT Glico Wings;1;65 ml;80 kkal;0;0;20 g;0;0 g;0 g;0;0;0;0;0;0;0;0;12 g;0;0;0;0;0;0;0;0;0;0;0;0;0;0;0;0;0;0;0;0;0;10 mg;0;0;0;0;0;0;0;0;0;0;0;0;0
3742;Kong Kee Tofu Telur Ayam;PT Graha Inma Sinar Trikarsa;1;100 g;60 kkal;0;0;2 g;0;7 g;3 g;0;0;0;0;0;0;0;0;0 g;0;0;0;0;0;0;0;0;0;0;0;0;0;0;0;0;0;0;0;0;0;250 mg;0;0;0;0;0;0;0;0;0;0;0;0;0
4398;Roma Bonita Rasa Cokelat;PT Graha Pangan Sentosa;1;30 gram;130 kkal;0;0;17 g;0;2 g;6 g;0;0;0;0;0;1 g;0;0;7 g;0;0;0;0;0;0;0;0;0;0;0;0;0;0;0;0;0;0;0;0;0;95 mg;0;0;0;0;0;0;0;0;0;0;0;0;0
4399;Roma Bonita Rasa Kelapa Pandan;PT Graha Pangan Sentosa;1;30 gram;130 kkal;0;0;16 g;0;2 g;7 g;0;0;0;0;0;1 g;0;0;6 g;0;0;0;0;0;0;0;0;0;0;0;0;0;0;0;0;0;0;0;0;0;130 mg;0;0;0;0;0;0;0;0;0;0;0;0;0
3360;ABC Kecap Asin;PT Heinz ABC Indonesia;1;60.00 g;5 kkal;0;0;1 g;0;1 g;0 g;0;0;0;0;0;0;0;0;0;0;0;0;0;0;0;0;0;0;0;0;0;0;0;0;0;0;0;0;0;0;830 mg;0;0;0;0;0;0;0;0;0;0;0;0;0
2548;ABC kecap Manis;PT Heinz ABC Indonesia;1;15 ml;50 kkal;0;0;12 g;0;0 g;0 g;0;0;0;0;0;0;0;0;9 g;0;0;0;0;0;0;0;0;0;0;0;0;0;0;0;0;0;0;0;0;0;240 mg;0;0;0;0;0;0;0;0;0;0;0;0;0
3733;ABC Saus Tomat (135 ml);PT Heinz ABC Indonesia;1;60.00 g;20 kkal;0;0;4 g;0;0 g;0 g;0;0;0;0;0;0;0;0;4 g;0;0;0;0;0;0;0;0;0;0;0;0;0;0;0;0;0;0;0;0;0;150 mg;0;0;0;0;0;0;0;0;0;0;0;0;0
3698;Ichi tan signature choco;PT Hon Chuan Indonesia;1;100 g;170 kkal;0;0;30 g;0;2 g;4.50 g;0;0;0;0;0;0;0;0;21 g;0;0;0;0;0;0;0;0;0;0;0;0;0;0;0;0;0;0;0;0;0;160 mg;0;0;0;0;0;0;0;0;0;0;0;0;0
2967;Ichitan Thai Milk Tea;PT Hon Chuan Indonesia;1;100 g;150 kkal;0;0;24 g;0;2 g;5 g;0;0;0;0;0;6 g;0;0;17 g;0;0;0;0;0;0;0;0;0;0;0;0;0;0;0;0;0;0;0;0;0;130 mg;0;0;0;0;0;0;0;0;0;0;0;0;0
4183;Kopi Kenangan Arabica Blend Kopi Susu Black Aren;PT Hon Chuan Indonesia;1;220 ml;150 kkal;0;0;26 g;0;4 g;3.50 g;0;0;0;0;0;0;0;0;14 g;0;0;0;0;0;0;0;0;0;0;0;0;0;0;0;0;0;0;0;0;0;200 mg;0;0;0;0;0;0;0;0;0;0;0;0;0
4184;Kopi Kenangan Caffe Latte;PT Hon Chuan Indonesia;1;200 ml;140 kkal;0;0;27 g;0;1 g;3.50 g;0;0;0;0;0;0;0;0;18 g;0;0;0;0;0;0;0;0;0;0;0;0;0;0;0;0;0;0;0;0;0;150 mg;0;0;0;0;0;0;0;0;0;0;0;0;0
4186;Kopi Kenangan Japanese Matcha Espresso;PT Hon Chuan Indonesia;1;200 ml;120 kkal;0;0;21 g;0;2 g;3.50 g;0;0;0;0;0;0;0;0;17 g;0;0;0;0;0;0;0;0;0;0;0;0;0;0;0;0;0;0;0;0;0;160 mg;0;0;0;0;0;0;0;0;0;0;0;0;0
3637;Herslim;PT Indo Greenlife Harvest;1;100 g;120 kkal;0;0;13 g;0;13 g;1.50 g;0;0;0;0;0;2 g;0;0;2 g;0;0;0;0;0;0;0;0;0;0;0;0;0;0;0;0;0;0;0;0;0;120 mg;0;0;0;0;0;0;0;0;0;0;0;0;0
2724;Indomie mie goreng jumbo;PT Indofood CBP Sukses Makmur;1;100 g;560 kkal;0;0;80 g;0;13 g;21 g;0;0;0;0;0;0;0;0;0;0;0;0;0;0;0;0;0;0;0;0;0;0;0;0;0;0;0;0;0;0;1340 mg;0;0;0;0;0;0;0;0;0;0;0;0;0
2723;INDOMIE MIE GORENG JUMBO RASA AYAM PANGGANG;PT Indofood CBP Sukses Makmur;1;100 g;570 kkal;0;0;75 g;0;14 g;25 g;0;0;0;0;0;0;0;0;0;0;0;0;0;0;0;0;0;0;0;0;0;0;0;0;0;0;0;0;0;0;1190 mg;0;0;0;0;0;0;0;0;0;0;0;0;0
2721;Indomie rasa soto special;PT Indofood CBP Sukses Makmur;1;100 g;330 kkal;0;0;44 g;0;7 g;14 g;0;0;0;0;0;0;0;0;0;0;0;0;0;0;0;0;0;0;0;0;0;0;0;0;0;0;0;0;0;0;920 mg;0;0;0;0;0;0;0;0;0;0;0;0;0
4571;La Fonte Pasta Sauce Beef Flavour (315 g);PT Indofood CBP Sukses Makmur;1;75 gram;120 kkal;0;0;20 g;0;2 g;3.50 g;0;0;0;0;0;5 g;0;0;15 g;0;0;0;0;0;0;0;0;0;0;0;0;0;0;0;0;0;0;0;0;0;1290 mg;0;0;0;0;0;0;0;0;0;0;0;0;0
4480;Pop Mie Cup rasa ayam bawang;PT Indofood CBP Sukses Makmur;1;75 gram;360 kkal;0;0;44 g;0;7 g;17 g;0;0;0;0;0;3 g;0;0;0;0;0;0;0;0;0;0;0;0;0;0;0;0;0;0;0;0;0;0;0;0;1460 mg;0;0;0;0;0;0;0;0;0;0;0;0;0
2888;Sarimi Kaldu Ayam;PT Indofood CBP Sukses Makmur;1;100 g;320 kkal;0;0;45 g;0;4 g;12 g;0;0;0;0;0;2 g;0;0;11 g;0;0;0;0;0;0;0;0;0;0;0;0;0;0;0;0;0;0;0;0;0;670 mg;0;0;0;0;0;0;0;0;0;0;0;0;0
2591;sun bubur sereal susu kacang hijau;PT Indofood CBP Sukses Makmur;1;50 g;200 kkal;0;0;36 g;0;6 g;3 g;0;0;0;0;0;0;0;0;0;0;0;0;0;0;0;0;0;0;0;0;0;0;0;0;0;0;0;0;0;0;135 mg;0;0;0;0;0;0;0;0;0;0;0;0;0
4535;Indomie Mie Goreng Kriuk Pedas;PT Indofood CBP Sukses Makmur Tbk;1;90 gram;410 kkal;0;0;56 g;0;8 g;17 g;0;0;0;0;0;3 g;0;0;7 g;0;0;0;0;0;0;0;0;0;0;0;0;0;0;0;0;0;0;0;0;0;840 mg;0;0;0;0;0;0;0;0;0;0;0;0;0
4536;Indomie Mie Instan Mie Nyemek ala Jogja rasa Rendang;PT Indofood CBP Sukses Makmur Tbk;1;84 gram;390 kkal;0;0;53 g;0;9 g;15 g;0;0;0;0;0;3 g;0;0;8 g;0;0;0;0;0;0;0;0;0;0;0;0;0;0;0;0;0;0;0;0;0;1030 mg;0;0;0;0;0;0;0;0;0;0;0;0;0
4494;Pop Mie Indomie Goreng Cup;PT Indofood CBP Sukses Makmur Tbk;1;80 gram;390 kkal;0;0;51 g;0;6 g;18 g;0;0;0;0;0;2 g;0;0;56 g;0;0;0;0;0;0;0;0;0;0;0;0;0;0;0;0;0;0;0;0;0;890 mg;0;0;0;0;0;0;0;0;0;0;0;0;0
3440;Supermi rasa steak ayam;PT Indofood CBP Sukses Makmur Tbk (ICBP);1;172.00 g;380 kkal;0;0;54 g;0;7 g;15 g;0;0;0;0;0;4 g;0;0;6 g;0;0;0;0;0;0;0;0;0;0;0;0;0;0;0;0;0;0;0;0;0;590 mg;0;0;0;0;0;0;0;0;0;0;0;0;0
3392;Chiki Twist Rasa Jagung Bakar;PT Indofood Fortuna Makmur;1;100 g;60 kkal;0;0;6 g;0;1 g;3.50 g;0;0;0;0;0;0;0;0;0 g;0;0;0;0;0;0;0;0;0;0;0;0;0;0;0;0;0;0;0;0;0;50 mg;0;0;0;0;0;0;0;0;0;0;0;0;0
2702;LAYS RASA SAPI PANGGANG;PT INDOFOOD FRITOLAY MAKMUR;1;100 g;110 kkal;0;0;13 g;0;1 g;6 g;0;0;0;0;0;0;0;0;0;0;0;0;0;0;0;0;0;0;0;0;0;0;0;0;0;0;0;0;0;0;60 mg;0;0;0;0;0;0;0;0;0;0;0;0;0
2720;Promina puff rasa blueberry;PT INDOFOOD FRITOLAY MAKMUR;1;100 g;80 kkal;0;0;10 g;0;1 g;3 g;0;0;0;0;0;0;0;0;0;0;0;0;0;0;0;0;0;0;0;0;0;0;0;0;0;0;0;0;0;0;0 mg;0;0;0;0;0;0;0;0;0;0;0;0;0
3148;Promina puffs rasa pisang;PT INDOFOOD FRITOLAY MAKMUR;1;100 g;25 kkal;0;0;5 g;0;0 g;0 g;0;0;0;0;0;0;0;0;1 g;0;0;0;0;0;0;0;0;0;0;0;0;0;0;0;0;0;0;0;0;0;1 mg;0;0;0;0;0;0;0;0;0;0;0;0;0
3734;Indofood Kecap Manis (135 ml);PT Indofood Sukses Makmur Tbk;1;100 g;45 kkal;0;0;11 g;0;0 g;0 g;0;0;0;0;0;0;0;0;9 g;0;0;0;0;0;0;0;0;0;0;0;0;0;0;0;0;0;0;0;0;0;240 mg;0;0;0;0;0;0;0;0;0;0;0;0;0
3730;Indofood Sambal Pedas Dahsyat (135 ml);PT Indofood Sukses Makmur Tbk;1;100 g;25 kkal;0;0;5 g;0;0 g;0 g;0;0;0;0;0;0;0;0;4 g;0;0;0;0;0;0;0;0;0;0;0;0;0;0;0;0;0;0;0;0;0;270 mg;0;0;0;0;0;0;0;0;0;0;0;0;0
3731;Indofood Saos Tomat (135 ml);PT Indofood Sukses Makmur Tbk;1;100 g;20 kkal;0;0;5 g;0;0 g;0 g;0;0;0;0;0;0;0;0;4 g;0;0;0;0;0;0;0;0;0;0;0;0;0;0;0;0;0;0;0;0;0;400 mg;0;0;0;0;0;0;0;0;0;0;0;0;0
3223;Indomie Hype Abis Seblak Hot Jeletot;PT Indofood Sukses Makmur Tbk;1;100 g;360 kkal;0;0;44 g;0;7 g;17 g;0;0;0;0;0;0;0;0;0;0;0;0;0;0;0;0;0;0;0;0;0;0;0;0;0;0;0;0;0;0;1190 mg;0;0;0;0;0;0;0;0;0;0;0;0;0
2503;la fonte makaroni rasa sup ayam;PT INDOFOOD SUKSES MAKMUR Tbk;1;40 g;140 kkal;0;0;28 g;0;6 g;1 g;0;0;0;0;0;4 g;0;0;3 g;0;0;0;0;0;0;0;0;0;0;0;0;0;0;0;0;0;0;0;0;0;420 mg;0;0;0;0;0;0;0;0;0;0;0;0;0
2504;La Fonte Makaroni rasa sup sayuran;PT INDOFOOD SUKSES MAKMUR Tbk;1;40 g;130 kkal;0;0;27 g;0;5 g;0.50 g;0;0;0;0;0;4 g;0;0;3 g;0;0;0;0;0;0;0;0;0;0;0;0;0;0;0;0;0;0;0;0;0;1400 mg;0;0;0;0;0;0;0;0;0;0;0;0;0
2501;mi telur cap 3 ayam mie bulat;PT INDOFOOD SUKSES MAKMUR Tbk;1;67 g;240 kkal;0;0;51 g;0;7 g;0 g;0;0;0;0;0;5 g;0;0;2 g;0;0;0;0;0;0;0;0;0;0;0;0;0;0;0;0;0;0;0;0;0;490 mg;0;0;0;0;0;0;0;0;0;0;0;0;0
3596;Tepung Segitiga biru;PT Indofood Sukses Makmur Tbk;1;100 g;350 kkal;0;0;75 g;0;10 g;1 g;0;0;0;0;0;0;0;0;0;0;0;0;0;0;0;0;0;0;0;0;0;0;0;0;0;0;0;0;0;0;0 mg;0;0;0;0;0;0;0;0;0;0;0;0;0
2576;gastone lago poker wafer with hazelnut cream;pt indogourmet selaras;1;25 g;130 kkal;0;0;17 g;0;1 g;6 g;0;0;0;0;0;0;0;0;0;0;0;0;0;0;0;0;0;0;0;0;0;0;0;0;0;0;0;0;0;0;35 mg;0;0;0;0;0;0;0;0;0;0;0;0;0
2613;indomilk susu bubuk full cream instan plain;pt indolakto;1;30 g;150 kkal;0;0;13 g;0;7 g;8 g;0;0;0;0;0;0;0;0;0;0;0;0;0;0;0;0;0;0;0;0;0;0;0;0;0;0;0;0;0;0;95 mg;0;0;0;0;0;0;0;0;0;0;0;0;0
2584;indomilk susu uht rasa pisang;pt indolakto;1;190 ml;140 kkal;0;0;22 g;0;4 g;4.50 g;0;0;0;0;0;0;0;0;0;0;0;0;0;0;0;0;0;0;0;0;0;0;0;0;0;0;0;0;0;0;105 mg;0;0;0;0;0;0;0;0;0;0;0;0;0
3689;Aoka Roti Panggang Rasa Coklat;PT Indonesia Bakery Family;1;100 g;140 kkal;0;0;21 g;0;3 g;5 g;0;0;0;0;0;0;0;0;0;0;0;0;0;0;0;0;0;0;0;0;0;0;0;0;0;0;0;0;0;0;120 mg;0;0;0;0;0;0;0;0;0;0;0;0;0
2892;Susu jahe sido muncul;PT Industri Jamu dan Farmasi Sidomuncul;1;100 g;418 kkal;0;0;21 g;0;0 g;2 g;0;0;0;0;0;0;0;0;0;0;0;0;0;0;0;0;0;0;0;0;0;0;0;0;0;0;0;0;0;0;0 mg;0;0;0;0;0;0;0;0;0;0;0;0;0
2685;cem cem makaroni rasa sambal matah;pt interglobe perkasa;1;100 g;100 kkal;0;0;13 g;0;2 g;4 g;0;0;0;0;0;0;0;0;0;0;0;0;0;0;0;0;0;0;0;0;0;0;0;0;0;0;0;0;0;0;150 mg;0;0;0;0;0;0;0;0;0;0;0;0;0
2687;cemcem makaroni rasa balado;pt interglobe perkasa;1;100 g;100 kkal;0;0;13 g;0;2 g;4 g;0;0;0;0;0;0;0;0;0;0;0;0;0;0;0;0;0;0;0;0;0;0;0;0;0;0;0;0;0;0;270 mg;0;0;0;0;0;0;0;0;0;0;0;0;0
2669;cemcem pilus rasa keju panggang;pt interglobe perkasa;1;100 g;100 kkal;0;0;13 g;0;1 g;5 g;0;0;0;0;0;0;0;0;0;0;0;0;0;0;0;0;0;0;0;0;0;0;0;0;0;0;0;0;0;0;270 mg;0;0;0;0;0;0;0;0;0;0;0;0;0
2588;jahe wangi;pt intrafood singabera indonesia;1;15 g;60 kkal;0;0;14 g;0;0 g;0 g;0;0;0;0;0;0;0;0;0;0;0;0;0;0;0;0;0;0;0;0;0;0;0;0;0;0;0;0;0;0;35 mg;0;0;0;0;0;0;0;0;0;0;0;0;0
3766;Mie Kuah Gaga 100 Xtra Pedas Jalapeno;PT Jakarana Tama;1;100 g;330 kkal;0;0;43 g;0;9 g;13 g;0;0;0;0;0;0;0;0;2 g;0;0;0;0;0;0;0;0;0;0;0;0;0;0;0;0;0;0;0;0;0;1320 mg;0;0;0;0;0;0;0;0;0;0;0;0;0
3430;Tricks Kimchi Baked Crisps;PT Jaya Swarasa Agung;1;100 g;90 kkal;0;0;12 g;0;1 g;2 g;0;0;0;0;0;1 g;0;0;3 g;0;0;0;0;0;0;0;0;0;0;0;0;0;0;0;0;0;0;0;0;0;90 mg;0;0;0;0;0;0;0;0;0;0;0;0;0
2838;Tricks, Original;PT Jaya Swarasa Agung;1;100 g;90 kkal;0;0;12 g;0;1 g;2 g;0;0;0;0;0;0;0;0;0;0;0;0;0;0;0;0;0;0;0;0;0;0;0;0;0;0;0;0;0;0;125 mg;0;0;0;0;0;0;0;0;0;0;0;0;0
2841;Tricks, Original;PT Jaya Swarasa Agung;1;100 g;90 kkal;0;0;12 g;0;1 g;2 g;0;0;0;0;0;0;0;0;0;0;0;0;0;0;0;0;0;0;0;0;0;0;0;0;0;0;0;0;0;0;125 mg;0;0;0;0;0;0;0;0;0;0;0;0;0
2699;selamat original double chocolate;pt jenindo prakarsa;1;100 g;150 kkal;0;0;21 g;0;2 g;6 g;0;0;0;0;0;0;0;0;0;0;0;0;0;0;0;0;0;0;0;0;0;0;0;0;0;0;0;0;0;0;35 mg;0;0;0;0;0;0;0;0;0;0;0;0;0
2695;wafer selamat raa black vanilla;pt jenindo prakarsa;1;25.00 g;150 kkal;0;0;20 g;0;2 g;6 g;0;0;0;0;0;0;0;0;0;0;0;0;0;0;0;0;0;0;0;0;0;0;0;0;0;0;0;0;0;0;85 mg;0;0;0;0;0;0;0;0;0;0;0;0;0
2647;mama suka pancake mix original;pt jico agung;1;100 g;90 kkal;0;0;15 g;0;2 g;2 g;0;0;0;0;0;0;0;0;0;0;0;0;0;0;0;0;0;0;0;0;0;0;0;0;0;0;0;0;0;0;195 mg;0;0;0;0;0;0;0;0;0;0;0;0;0
2713;MAMA SUKA SUP KRIM JAMUR;pt jico agung;1;100 g;60 kkal;0;0;9 g;0;1 g;2 g;0;0;0;0;0;0;0;0;0;0;0;0;0;0;0;0;0;0;0;0;0;0;0;0;0;0;0;0;0;0;600 mg;0;0;0;0;0;0;0;0;0;0;0;0;0
2689;vivity R-Hidrate;pt johnson & johnson indonesia;1;100 g;30 kkal;0;0;7 g;0;0 g;0 g;0;0;0;0;0;0;0;0;0;0;0;0;0;0;0;0;0;0;0;0;0;0;0;0;0;0;0;0;0;0;280 mg;0;0;0;0;0;0;0;0;0;0;0;0;0
3375;Cerebrofort Marine Gummy Strawberry;PT Kalbe Farma Tbk;1;100 g;35 kkal;0;0;8 g;0;1 g;0 g;0;0;0;0;0;0;0;0;6 g;0;0;0;0;0;0;0;0;0;0;0;0;0;0;0;0;0;0;0;0;0;10 mg;0;0;0;0;0;0;0;0;0;0;0;0;0
2631;entrasol gold susu bubuk pro-fit rasa vanila;pt kalbe indonesia;1;100 g;130 kkal;0;0;31 g;0;3 g;3 g;0;0;0;0;0;0;0;0;0;0;0;0;0;0;0;0;0;0;0;0;0;0;0;0;0;0;0;0;0;0;105 mg;0;0;0;0;0;0;0;0;0;0;0;0;0
4384;Entrasol O'live Milk;PT Kalbe Milko Indonesia;1;180 ml;100 kkal;0;0;9 g;0;6 g;4 g;0;0;0;0;0;0;0;0;9 g;0;0;0;0;0;0;0;0;0;0;0;0;0;0;0;0;0;0;0;0;0;80 mg;0;0;0;0;0;0;0;0;0;0;0;0;0
2424;Ahh Nabati Richeese;PT KALDU SARI NABATI INDONESIA;1;100 g;20 kkal;0;0;3 g;0;0 g;1 g;0;0;0;0;0;0;0;0;1 g;0;0;0;0;0;0;0;0;0;0;0;0;0;0;0;0;0;0;0;0;0;15 mg;0;0;0;0;0;0;0;0;0;0;0;0;0
2356;Bisvit (Marie Sandwich Cheese Cream);PT KALDU SARI NABATI INDONESIA;1;24 g;120 kkal;0;0;17 g;0;2 g;4.50 g;0;0;0;0;0;0;0;0;0;0;0;0;0;0;0;0;0;0;0;0;0;0;0;0;0;0;0;0;0;0;110 mg;0;0;0;0;0;0;0;0;0;0;0;0;0
2355;Nabati HANSEL;PT KALDU SARI NABATI INDONESIA;1;14 g;70 kkal;0;0;7 g;0;2 g;4 g;0;0;0;0;0;0;0;0;5 g;0;0;0;0;0;0;0;0;0;0;0;0;0;0;0;0;0;0;0;0;0;30 mg;0;0;0;0;0;0;0;0;0;0;0;0;0
4397;Nabati Time Break Richoco;PT KALDU SARI NABATI INDONESIA;1;32 gram;160 kkal;0;0;22 g;0;1 g;7 g;0;0;0;0;0;0;0;0;11 g;0;0;0;0;0;0;0;0;0;0;0;0;0;0;0;0;0;0;0;0;0;60 mg;0;0;0;0;0;0;0;0;0;0;0;0;0
2468;Nextar;PT KALDU SARI NABATI INDONESIA;1;42 g;45 kkal;0;0;7 g;0;0 g;1.50 g;0;0;0;0;0;0;0;0;0;0;0;0;0;0;0;0;0;0;0;0;0;0;0;0;0;0;0;0;0;0;50 mg;0;0;0;0;0;0;0;0;0;0;0;0;0
2894;Nextar brownies;PT KALDU SARI NABATI INDONESIA;1;100 g;45 kkal;0;0;7 g;0;0 g;2 g;0;0;0;0;0;0 g;0;0;2 g;0;0;0;0 mcg;0;0;0;0;0;0;0;0;0;0;0 mg;0;0;0;0 mg;0;0;25 mg;0;0 mg;0;0;0;0;0;0;0;0;0;0;0
3532;Richeese Nabati;PT KALDU SARI NABATI INDONESIA;1;100 g;40 kkal;0;0;6 g;0;0 g;1.50 g;0;0;0;0;0;0;0;0;0;0;0;0;0;0;0;0;0;0;0;0;0;0;0;0;0;0;0;0;0;0;30 mg;0;0;0;0;0;0;0;0;0;0;0;0;0
1884;Richeese Nabati Wafer Krim Keju;PT KALDU SARI NABATI INDONESIA;1;100 g;40 kkal;0;0;6 g;0;0 g;1.50 g;0;0;0;0;0;0;0;0;0;0;0;0;0;0;0;0;0;0;0;0;0;0;0;0;0;0;0;0;0;0;30 mg;0;0;0;0;0;0;0;0;0;0;0;0;0
2768;Richoco Nabati Wafer Krim Coklat;PT KALDU SARI NABATI INDONESIA;1;100 g;50 kkal;0;0;7 g;0;1 g;2 g;0;0;0;0;0;0;0;0;0;0;0;0;0;0;0;0;0;0;0;0;0;0;0;0;0;0;0;0;0;0;20 mg;0;0;0;0;0;0;0;0;0;0;0;0;0
2659;kara santan kelapa;pt kara santan pertama;1;100 g;35 kkal;0;0;1 g;0;0 g;3.50 g;0;0;0;0;0;0;0;0;0;0;0;0;0;0;0;0;0;0;0;0;0;0;0;0;0;0;0;0;0;0;0 mg;0;0;0;0;0;0;0;0;0;0;0;0;0
3782;Bagelen Crunchy French Toast;PT KARTIKA INTI SEJATI;1;100 g;110 kkal;0;0;11 g;0;2 g;6 g;0;0;0;0;0;0 g;0;0;7 g;0;0;0;0;0;0;0;0;0;0;0;0;0;0;0;0;0;0;0;0;0;110 mg;0;0;0;0;0;0;0;0;0;0;0;0;0
3780;Puffies Soes Crunchy Cheese;PT KARTIKA INTI SEJATI;1;100 g;90 kkal;0;0;6 g;0;2 g;6 g;0;0;0;0;0;1 g;0;0;0 g;0;0;0;0;0;0;0;0;0;0;0;0;0;0;0;0;0;0;0;0;0;120 mg;0;0;0;0;0;0;0;0;0;0;0;0;0
2714;SOESNACK CHEESE;PT KARTIKA INTI SEJATI;1;25.00 g;45 kkal;0;0;3 g;0;1 g;3.50 g;0;0;0;0;0;0;0;0;0;0;0;0;0;0;0;0;0;0;0;0;0;0;0;0;0;0;0;0;0;0;35 mg;0;0;0;0;0;0;0;0;0;0;0;0;0
3781;Toastbread Milk Compound Chocolate;PT KARTIKA INTI SEJATI;1;100 g;50 kkal;0;0;6 g;0;1 g;3 g;0;0;0;0;0;1 g;0;0;3 g;0;0;0;0;0;0;0;0;0;0;0;0;0;0;0;0;0;0;0;0;0;20 mg;0;0;0;0;0;0;0;0;0;0;0;0;0
2630;teh cap dandang black tea;pt kartini teh nasional;1;2 g;0 kkal;0;0;0 g;0;0 g;0 g;0;0;0;0;0;0;0;0;0;0;0;0;0;0;0;0;0;0;0;0;0;0;0;0;0;0;0;0;0;0;0 mg;0;0;0;0;0;0;0;0;0;0;0;0;0
3743;Mie Sedaap Ayam Bawang;PT Karunia Alam Segar;1;100 g;320 kkal;0;0;42 g;0;8 g;14 g;0;0;0;0;0;4 g;0;0;2 g;0;0;0;0;0;0;0;0;0;0;0;0;0;0;0;0;0;0;0;0;0;1280 mg;0;0;0;0;0;0;0;0;0;0;0;0;0
4358;Roasted Chickpeas Rasa Jagung Bakar;PT Kawanasi Sehat Dasacatur;1;30 gram;130 kkal;0;0;19 g;0;6 g;3.50 g;0;0;0;0;0;1 g;0;0;2 g;0;0;0;0;0;0;0;0;0;0;0;0;0;0;0;0;0;0;0;0;0;115 mg;0;0;0;0;0;0;0;0;0;0;0;0;0
2650;kewpie salad dressing dengan wijen sangrai;pt kewpie indonesia;1;15.00 g;100 kkal;0;0;4 g;0;1 g;9 g;0;0;0;0;0;0;0;0;0;0;0;0;0;0;0;0;0;0;0;0;0;0;0;0;0;0;0;0;0;0;260 mg;0;0;0;0;0;0;0;0;0;0;0;0;0
3892;khong guan saltcheese combociz;PT Khong Guan Biscuit Factory;1;17 gram;80 kkal;0;0;12 g;0;1 g;3.50 g;0;0;0;0;0;0;0;0;5 g;0;0;0;0;0;0;0;0;0;0;0;0;0;0;0;0;0;0;0;0;0;55 mg;0;0;0;0;0;0;0;0;0;0;0;0;0
4572;Grand Classic Chocolate Cream Wafer;PT Khong Guan Biscuit Factory Indonesia Ltd;1;18 gram;90 kkal;0;0;11 g;0;1 g;5 g;0;0;0;0;0;0;0;0;3 g;0;0;0;0;0;0;0;0;0;0;0;0;0;0;0;0;0;0;0;0;0;25 mg;0;0;0;0;0;0;0;0;0;0;0;0;0
3411;Khong guan malkist sayur;PT Khong Guan Biscuit Factory Indonesia Ltd;1;18.00 g;100 kkal;0;0;14 g;0;2 g;4 g;0;0;0;0;0;0;0;0;0;0;0;0;0;0;0;0;0;0;0;0;0;0;0;0;0;0;0;0;0;0;120 mg;0;0;0;0;0;0;0;0;0;0;0;0;0
1571;Khong guan malkist seaweed;PT Khong Guan Biscuit Factory Indonesia Ltd;1;18 g;90 kkal;0;0;12 g;0;1 g;3.50 g;0;0;0;0;0;0;0;0;2 g;0;0;0;0;0;0;0;0;0;0;0;0;0;0;0;0;0;0;0;0;0;0 mg;0;0;0;0;0;0;0;0;0;0;0;0;0
1570;Khong guan Saltcheese;PT Khong Guan Biscuit Factory Indonesia Ltd;1;16 g;80 kkal;0;0;10 g;0;1 g;4 g;0;0;0;0;0;0 g;0;0;2 g;0;0;0;0;0;0;0;0;0;0;0;0;0;0;0;0;0;0;0;0;0;0 mg;0;0;0;0;0;0;0;0;0;0;0;0;0
2524;BonCabe level 2 rasa ebi kriuk;PT Kobe Boga Utama;1;20 g;10 kkal;0;0;1 g;0;0 g;1 g;0;0;0;0;0;0;0;0;0;0;0;0;0;0;0;0;0;0;0;0;0;0;0;0;0;0;0;0;0;0;130 mg;0;0;0;0;0;0;0;0;0;0;0;0;0
2592;permen nano nano susu;pt konimex;1;4 g;15 kkal;0;0;3 g;0;0 g;0 g;0;0;0;0;0;0;0;0;0;0;0;0;0;0;0;0;0;0;0;0;0;0;0;0;0;0;0;0;0;0;0 mg;0;0;0;0;0;0;0;0;0;0;0;0;0
2579;tini mini biti;pt konimex;1;12 g;60 kkal;0;0;8 g;0;1 g;2.50 g;0;0;0;0;0;0;0;0;0;0;0;0;0;0;0;0;0;0;0;0;0;0;0;0;0;0;0;0;0;0;140 mg;0;0;0;0;0;0;0;0;0;0;0;0;0
4435;Ladang Lima Mi Kuah Bebas Gluten Rasa Ayam Bawang;PT Ladang Sehat Indonesia;1;72 gram;290 kkal;0;0;50 g;0;2 g;9 g;0;0;0;0;0;5 g;0;0;2 g;0;0;0;0;0;0;0;0;0;0;0;0;0;0;0;0;0;0;0;0;0;700 mg;0;0;0;0;0;0;0;0;0;0;0;0;0
3765;Del Monte Saus Sambal;PT LASELLEFOOD INDONESIA;1;100 g;25 kkal;0;0;5 g;0;0 g;0 g;0;0;0;0;0;0;0;0;4 g;0;0;0;0;0;0;0;0;0;0;0;0;0;0;0;0;0;0;0;0;0;460 mg;0;0;0;0;0;0;0;0;0;0;0;0;0
2712;MAESTRO MAYONAISE;PT LASELLEFOOD INDONESIA;1;25.00 g;90 kkal;0;0;2 g;0;0 g;9 g;0;0;0;0;0;0;0;0;0;0;0;0;0;0;0;0;0;0;0;0;0;0;0;0;0;0;0;0;0;0;210 mg;0;0;0;0;0;0;0;0;0;0;0;0;0
4369;Marjan Sirup Rasa Leci;PT LASELLEFOOD INDONESIA;1;30 gram;90 kkal;0;0;22 g;0;0 g;0 g;0;0;0;0;0;0;0;0;21 g;0;0;0;0;0;0;0;0;0;0;0;0;0;0;0;0;0;0;0;0;0;10 mg;0;0;0;0;0;0;0;0;0;0;0;0;0
3385;Oishi Rasa Udang Pedas;PT Liwayway;1;100 g;50 kkal;0;0;8 g;0;1 g;1.50 g;0;0;0;0;0;0.50 g;0;0;1 g;0;0;0;0;0;0;0;0;0;0;0;0;0;0;0;0;0;0;0;0;0;95 mg;0;0;0;0;0;0;0;0;0;0;0;0;0
2282;Permen Xylitol Blueberry Mint;PT Lotte Indonesia;1;2.90 g;10 kkal;0;0;2 g;0;0 g;0 g;0;0;0;0;0;0;0;0;0;0;0;0;0;0;0;0;0;0;0;0;0;0;0;0;0;0;0;0;0;0;0 mg;0;0;0;0;0;0;0;0;0;0;0;0;0
3225;Madurasa Murni;PT Madurasa Unggulan Nusantara (MUN);1;100 g;70 kkal;0;0;16 g;0;0 g;0 g;0;0;0;0;0;0;0;0;11 g;0;0;0;0;0;0;0;0;0;0;0;0;0;0;0;0;0;0;0;0;0;0 mg;0;0;0;0;0;0;0;0;0;0;0;0;0
3883;Iyes Yoritos;PT Manohara Asri;1;10 gram;50 kkal;0;0;7 g;0;1 g;2.50 g;0;0;0;0;0;0;0;0;1 g;0;0;0;0;0;0;0;0;0;0;0;0;0;0;0;0;0;0;0;0;0;65 mg;0;0;0;0;0;0;0;0;0;0;0;0;0
3569;Marimas Anggur;PT Marimas Putera Kencana;1;100 g;25 kkal;0;0;7 g;0;0 g;0 g;0;0;0;0;0;0;0;0;6 g;0;0;0;0;0;0;0;0;0;0;0;0;0;0;0;0;0;0;0;0;0;30 mg;0;0;0;0;0;0;0;0;0;0;0;0;0
1169;Roma Sandwich;PT Mayora Indah;1;27 g;140 kkal;0;0;17 g;0;2 g;7 g;0;0;0;0;0;0;0;0;6 g;0;0;0;0;0;0;0;0;0;0;0;0;0;0;0;0;0;0;0;0;0;80 mg;0;0;0;0;0;0;0;0;0;0;0;0;0
2873;Roma Wafello Chocoblast;PT Mayora Indah;1;27.00 g;150 kkal;0;0;18 g;0;2 g;7 g;0;0;0;0;0;0;0;0;6 g;0;0;0;0;0;0;0;0;0;0;0;0;0;0;0;0;0;0;0;0;0;65 mg;0;0;0;0;0;0;0;0;0;0;0;0;0
3753;Astor Chocolate Wafer Stick;pt mayora indah tbk;1;100 g;130 kkal;0;0;18 g;0;2 g;5 g;0;0;0;0;0;0;0;0;10 g;0;0;0;0;0;0;0;0;0;0;0;0;0;0;0;0;0;0;0;0;0;25 mg;0;0;0;0;0;0;0;0;0;0;0;0;0
3747;Beng Beng Extra Chocolate & Caramel;pt mayora indah tbk;1;100 g;100 kkal;0;0;13 g;0;1 g;5 g;0;0;0;0;0;0;0;0;7 g;0;0;0;0;0;0;0;0;0;0;0;0;0;0;0;0;0;0;0;0;0;25 mg;0;0;0;0;0;0;0;0;0;0;0;0;0
2570;beng beng shake it;pt mayora indah tbk;1;9.50 g;45 kkal;0;0;6 g;0;1 g;2.50 g;0;0;0;0;0;0;0;0;0;0;0;0;0;0;0;0;0;0;0;0;0;0;0;0;0;0;0;0;0;0;20 mg;0;0;0;0;0;0;0;0;0;0;0;0;0
3764;Biskuit Sari Gandum;pt mayora indah tbk;1;100 g;90 kkal;0;0;13 g;0;1 g;4 g;0;0;0;0;0;1 g;0;0;3 g;0;0;0;0;0;0;0;0;0;0;0;0;0;0;0;0;0;0;0;0;0;60 mg;0;0;0;0;0;0;0;0;0;0;0;0;0
2589;choki choki pack;pt mayora indah tbk;1;10 g;50 kkal;0;0;6 g;0;1 g;3 g;0;0;0;0;0;0;0;0;0;0;0;0;0;0;0;0;0;0;0;0;0;0;0;0;0;0;0;0;0;0;10 mg;0;0;0;0;0;0;0;0;0;0;0;0;0
3246;Super Bubur dengan kuah kari;PT MAYORA INDAH TBK;1;100 g;190 kkal;0;0;36 g;0;3 g;3.50 g;0;0;0;0;0;0;0;0;1 g;0;0;0;0;0;0;0;0;0;0;0;0;0;0;0;0;0;0;0;0;0;720 mg;0;0;0;0;0;0;0;0;0;0;0;0;0
2507;Super Bubur rasa abon sapi;PT MAYORA INDAH TBK;1;49 g;190 kkal;0;0;34 g;0;3 g;4.50 g;0;0;0;0;0;0;0;0;3 g;0;0;0;0;0;0;0;0;0;0;0;0;0;0;0;0;0;0;0;0;0;810 mg;0;0;0;0;0;0;0;0;0;0;0;0;0
3575;Superstar Triple Chocolate;PT MAYORA INDAH TBK;1;172.00 g;80 kkal;0;0;10 g;0;1 g;4.50 g;0;0;0;0;0;0;0;0;0;0;0;0;0;0;0;0;0;0;0;0;0;0;0;0;0;0;0;0;0;0;0 mg;0;0;0;0;0;0;0;0;0;0;0;0;0
3416;Tamarin permen sari asam;PT MAYORA INDAH TBK;1;100 g;20 kkal;0;0;5 g;0;0 g;0 g;0;0;0;0;0;0;0;0;4 g;0;0;0;0;0;0;0;0;0;0;0;0;0;0;0;0;0;0;0;0;0;30 mg;0;0;0;0;0;0;0;0;0;0;0;0;0
2705;DEL MONTE SWEET CORN CREAM STYLE;PT MITRA SARANA PURNAMA;1;100 g;70 kkal;0;0;15 g;0;2 g;1 g;0;0;0;0;0;0;0;0;0;0;0;0;0;0;0;0;0;0;0;0;0;0;0;0;0;0;0;0;0;0;310 mg;0;0;0;0;0;0;0;0;0;0;0;0;0
2587;monde boromon cookies;pt monde mahkota biskuit;1;100 g;80 kkal;0;0;18 g;0;0 g;0 g;0;0;0;0;0;1 g;0;0;5 g;0;0;0;0;0;0;0;0;0;0;0;0;0;0;0;0;0;0;0;0;0;10 mg;0;0;0;0;0;0;0;0;0;0;0;0;0
3869;Monde Shortbread;pt monde mahkota biskuit;1;20 gram;100 kkal;0;0;13 g;0;1 g;5 g;0;0;0;0;0;0 g;0;0;4 g;0;0;0;0;0;0;0;0;0;0;0;0;0;0;0;0;0;0;0;0;0;50 mg;0;0;0;0;0;0;0;0;0;0;0;0;0
3773;Nissin Golden Malkist Crackers;pt monde mahkota biskuit;1;100 g;110 kkal;0;0;12 g;0;1 g;6 g;0;0;0;0;0;0 g;0;0;3 g;0;0;0;0;0;0;0;0;0;0;0;0;0;0;0;0;0;0;0;0;0;95 mg;0;0;0;0;0;0;0;0;0;0;0;0;0
4451;Tropicana Slim Korean Strawberry Cheese Wafer;pt monde mahkota biskuit;1;20 gram;90 kkal;0;0;14 g;0;1 g;4 g;0;0;0;0;0;1 g;0;0;0 g;0;0;0;0;0;0;0;0;0;0;0;0;0;0;0;0;0;0;0;0;0;60 mg;0;0;0;0;0;0;0;0;0;0;0;0;0
3317;Oreo Thins Vanila Delight;PT Mondelez Indonesia;1;100 g;120 kkal;0;0;16 g;0;2 g;5 g;0;0;0;0;0;1 g;0;0;9 g;0;0;0;0;0;0;0;0;0;0;0;0;0;0;0;0;0;0;0;0;0;80 mg;0;0;0;0;0;0;0;0;0;0;0;0;0
4352;Oreo Marshmallow Creme;PT Mondelez Indonesia Manufacturing;1;28 gram;130 kkal;0;0;20 g;0;1 g;5 g;0;0;0;0;0;0 g;0;0;11 g;0;0;0;0;0;0;0;0;0;0;0;0;0;0;0;0;0;0;0;0;0;100 mg;0;0;0;0;0;0;0;0;0;0;0;0;0
2817;Oreo Strawberry Creme;PT Mondelez Indonesia Manufacturing;1;100 g;140 kkal;0;0;20 g;0;2 g;6 g;0;0;0;0;0;0;0;0;0;0;0;0;0;0;0;0;0;0;0;0;0;0;0;0;0;0;0;0;0;0;140 mg;0;0;0;0;0;0;0;0;0;0;0;0;0
2834;Oreo Strawberry Creme;PT Mondelez Indonesia Manufacturing;1;100 g;140 kkal;0;0;20 g;0;2 g;6 g;0;0;0;0;0;0;0;0;0;0;0;0;0;0;0;0;0;0;0;0;0;0;0;0;0;0;0;0;0;0;140 mg;0;0;0;0;0;0;0;0;0;0;0;0;0
3012;Ladaku Merica Bubuk;PT Motasa Indonesia;1;100 g;10 kkal;0;0;2 g;0;0 g;0 g;0;0;0;0;0;0;0;0;0;0;0;0;0;0;0;0;0;0;0;0;0;0;0;0;0;0;0;0;0;0;0 mg;0;0;0;0;0;0;0;0;0;0;0;0;0
2049;Kukis dengan Cokelat Chip dan Kacang Mede Ala Belgia (Old Fashion Belgian Style Chocolate Chip);PT Mount Scopus Indonesia;1;12 g;60 kkal;0;0;8 g;0;1 g;3.50 g;0;0;0;0;0;1 g;0;0;4 g;0;0;0;0;0;0;0;0;0;0;0;0;0;0;0;0;0;0;0;0;0;20 mg;0;0;0;0;0;0;0;0;0;0;0;0;0
4394;Choyo Choyo Chocolate Rainbow;PT Mustika Manis Utama;1;21 gram;120 kkal;0;0;11 g;0;0 g;9 g;0;0;0;0;0;0;0;0;8 g;0;0;0;0;0;0;0;0;0;0;0;0;0;0;0;0;0;0;0;0;0;15 mg;0;0;0;0;0;0;0;0;0;0;0;0;0
2619;dancow susu bubuk fortigro full cream;pt nestle indonesia;1;25 g;120 kkal;0;0;10 g;0;6 g;7 g;0;0;0;0;0;0;0;0;0;0;0;0;0;0;0;0;0;0;0;0;0;0;0;0;0;0;0;0;0;0;90 mg;0;0;0;0;0;0;0;0;0;0;0;0;0
2605;nestle cerelac bubur sereal susu rasa ayam sayur;pt nestle indonesia;1;50 g;210 kkal;0;0;34 g;0;8 g;5 g;0;0;0;0;0;0;0;0;0;0;0;0;0;0;0;0;0;0;0;0;0;0;0;0;0;0;0;0;0;0;150 mg;0;0;0;0;0;0;0;0;0;0;0;0;0
2629;nestle sereal corn flakes;pt nestle indonesia;1;30 g;110 kkal;0;0;24 g;0;2 g;0.50 g;0;0;0;0;0;0;0;0;0;0;0;0;0;0;0;0;0;0;0;0;0;0;0;0;0;0;0;0;0;0;180 mg;0;0;0;0;0;0;0;0;0;0;0;0;0
2804;Roti Sobek Cokelat Keju Sari Roti;PT Nippon Indosari Corpindo Tbk;1;100 g;350 kkal;0;0;51 g;0;9 g;12 g;0;0;0;0;0;6 g;0;0;16 g;0;0;0;0;0;0;0;0;0;0;0;0;0;0;0;0;0;0;0;0;0;500 mg;0;0;0;0;0;0;0;0;0;0;0;0;0
4354;Monde Snack Spicy Tomato;PT Nissin Biscuit Indonesia;1;20 gram;90 kkal;0;0;15 g;0;2 g;3 g;0;0;0;0;0;0;0;0;2 g;0;0;0;0;0;0;0;0;0;0;0;0;0;0;0;0;0;0;0;0;0;30 mg;0;0;0;0;0;0;0;0;0;0;0;0;0
3772;Nissin Longer Stick Biscuits;PT Nissin Biscuit Indonesia;1;100 g;150 kkal;0;0;21 g;0;2 g;6 g;0;0;0;0;0;0;0;0;5 g;0;0;0;0;0;0;0;0;0;0;0;0;0;0;0;0;0;0;0;0;0;85 mg;0;0;0;0;0;0;0;0;0;0;0;0;0
3757;Indofood Racik Bumbu Nasi Goreng;PT Nugraha Indah Citarasa Indonesia;1;100 g;20 kkal;0;0;4 g;0;0 g;0 g;0;0;0;0;0;0 g;0;0;2 g;0;0;0;0;0;0;0;0;0;0;0;0;0;0;0;0;0;0;0;0;0;1050 mg;0;0;0;0;0;0;0;0;0;0;0;0;0
2421;Susu bebelove 6-12bln;Pt nutricia;1;28.80 g;140 kkal;0;0;18 g;0;3 g;6 g;0;0;0;0;0;0.80 g;0;0;16.20 g;0;0;0;104 mcg;0;86 mg;252 mg;560 mg;0;0;0;0;0;0;15.40 mg;0;0;0;94 mg;88 mg;0;64 mg;154 mg;2.20 mg;0;62 mg;0;0;0;0;0;0;0;0;0
2627;wrp everyday susu bubuk rasa choco hazelnut;pt nutrifood indonesia;1;30 g;110 kkal;0;0;21 g;0;5 g;1 g;0;0;0;0;0;0;0;0;0;0;0;0;0;0;0;0;0;0;0;0;0;0;0;0;0;0;0;0;0;0;35 mg;0;0;0;0;0;0;0;0;0;0;0;0;0
3740;Lokalate Kopi Berondong Rasa Popcorn Latte;PT Nutrifood Indonesia Bogor;1;100 g;90 kkal;0;0;17 g;0;1 g;2.50 g;0;0;0;0;0;0;0;0;14 g;0;0;0;0;0;0;0;0;0;0;0;0;0;0;0;0;0;0;0;0;0;55 mg;0;0;0;0;0;0;0;0;0;0;0;0;0
2674;nutri garam garam kurang natrium;pt nutrimedindo neutra;1;37.00 g;0 kkal;0;0;0 g;0;0 g;0 g;0;0;0;0;0;0;0;0;0;0;0;0;0;0;0;0;0;0;0;0;0;0;0;0;0;0;0;0;0;0;300 mg;0;0;0;0;0;0;0;0;0;0;0;0;0
2671;nutrisalin garam kurang natrium;pt nutrimedindo neutra;1;37.00 g;0 kkal;0;0;0 g;0;0 g;0 g;0;0;0;0;0;0;0;0;0;0;0;0;0;0;0;0;0;0;0;0;0;0;0;0;0;0;0;0;0;0;200 mg;0;0;0;0;0;0;0;0;0;0;0;0;0
2662;permen mintz black mint;pt orang tua grup;1;100 g;5 kkal;0;0;1 g;0;0 g;0 g;0;0;0;0;0;0;0;0;0;0;0;0;0;0;0;0;0;0;0;0;0;0;0;0;0;0;0;0;0;0;0 mg;0;0;0;0;0;0;0;0;0;0;0;0;0
3736;GulaVit (500 g);PT Pesona Inti Rasa;1;100 g;50 kkal;0;0;13 g;0;0 g;0 g;0;0;0;0;0;0;0;0;13 g;0;0;0;0;0;0;0;0;0;0;0;0;0;0;0;0;0;0;0;0;0;0 mg;0;0;0;0;0;0;0;0;0;0;0;0;0
4454;Probitas Bagelen Cream Cheese Spread;PT Probitas Jaya Utama;1;15 gram;70 kkal;0;0;10 g;0;2 g;3 g;0;0;0;0;0;0;0;0;2 g;0;0;0;0;0;0;0;0;0;0;0;0;0;0;0;0;0;0;0;0;0;120 mg;0;0;0;0;0;0;0;0;0;0;0;0;0
4453;Probitas Bagelen Rasa Butter Cream;PT Probitas Jaya Utama;1;15 gram;70 kkal;0;0;11 g;0;2 g;2 g;0;0;0;0;0;0;0;0;2 g;0;0;0;0;0;0;0;0;0;0;0;0;0;0;0;0;0;0;0;0;0;75 mg;0;0;0;0;0;0;0;0;0;0;0;0;0
3745;Minyak Goreng Bimoli;PT Salim Ivomas Pratama Tbk;1;100 g;810 kkal;0;0;0 g;0;0 g;90 g;0;0;0;0;0;0;0;0;0 g;0;0;0;0;0;0;0;0;0;0;0;0;0;0;0;0;0;0;0;0;0;0 mg;0;0;0;0;0;0;0;0;0;0;0;0;0
2276;Mony Oats Dark Choco Flavour;PT Sanfood Prima Makmur;1;10 g;50 kkal;0;0;7 g;0;0 g;20 g;0;0;0;0;0;0;0;0;4 g;0;0;0;0;0;0;0;0;0;0;0;0;0;0;0;0;0;0;0;0;0;15 mg;0;0;0;0;0;0;0;0;0;0;0;0;0
3511;Entrasol Active Vanilla Latte;pt sanghiang perkasa;1;100 g;130 kkal;0;0;21 g;0;7 g;2 g;0;0;0;0;0;1 g;0;0;10 g;0;0;0;0;0;0;0;0;0;0;0;0;0;0;0;0;0;0;0;0;0;150 mg;0;0;0;0;0;0;0;0;0;0;0;0;0
2594;lovamil minuman khusus ibu hamil dan menyusui rasa kacang hijau;pt sanghiang perkasa;1;40 g;160 kkal;0;0;25 g;0;8 g;3 g;0;0;0;0;0;0;0;0;0;0;0;0;0;0;0;0;0;0;0;0;0;0;0;0;0;0;0;0;0;0;135 mg;0;0;0;0;0;0;0;0;0;0;0;0;0
3482;Milna biskuit bayi pisang;pt sanghiang perkasa;1;100 g;90 kkal;0;0;17 g;0;2 g;1.50 g;0;0;0;0;0;1 g;0;0;5 g;0;0;0;0;0;0;0;0;0;0;0;0;0;0;0;0;0;0;0;0;0;5 mg;0;0;0;0;0;0;0;0;0;0;0;0;0
2633;prenagen esensis susu bubuk rasa moka;pt sanghiang perkasa;1;100 g;150 kkal;0;0;29 g;0;7 g;1 g;0;0;0;0;0;0;0;0;0;0;0;0;0;0;0;0;0;0;0;0;0;0;0;0;0;0;0;0;0;0;110 mg;0;0;0;0;0;0;0;0;0;0;0;0;0
2651;susu bubuk slim &fit rasa choco malt;pt sanghiang perkasa;1;100 g;200 kkal;0;0;29 g;0;5 g;3 g;0;0;0;0;0;0;0;0;0;0;0;0;0;0;0;0;0;0;0;0;0;0;0;0;0;0;0;0;0;0;220 mg;0;0;0;0;0;0;0;0;0;0;0;0;0
4392;UHT Prenagen (Velvety Choco);PT SANGHIANG PERKASA;1;185 ml;140 kkal;0;0;22 g;0;7 g;3 g;0;0;0;0;0;0;0;0;0;0;0;0;0;0;0;0;0;0;0;0;0;0;0;0;0;0;0;0;0;0;95 mg;0;0;0;0;0;0;0;0;0;0;0;0;0
2648;abc kopi susu;pt santos jaya abadi;1;60.00 g;130 kkal;0;0;27 g;0;1 g;2.50 g;0;0;0;0;0;0;0;0;0;0;0;0;0;0;0;0;0;0;0;0;0;0;0;0;0;0;0;0;0;0;15 mg;0;0;0;0;0;0;0;0;0;0;0;0;0
3737;Good Day Vanilla Latte Sachet;pt santos jaya abadi;1;30.00 g;90 kkal;0;0;17 g;0;1 g;2 g;0;0;0;0;0;1 g;0;0;13 g;0;0;0;0;0;0;0;0;0;0;0;0;0;0;0;0;0;0;0;0;0;15 mg;0;0;0;0;0;0;0;0;0;0;0;0;0
2585;susu tango kido rasa banana pudding;pt sarana karya utama;1;125 ml;90 kkal;0;0;15 g;0;10 g;2.50 g;0;0;0;0;0;0;0;0;0;0;0;0;0;0;0;0;0;0;0;0;0;0;0;0;0;0;0;0;0;0;140 mg;0;0;0;0;0;0;0;0;0;0;0;0;0
3746;Momogi Roasted Corn/Jagung Bakar;PT Sari Murni Abadi;1;10.00 g;60 kkal;0;0;8 g;0;1 g;3 g;0;0;0;0;0;0;0;0;2 g;0;0;0;0;0;0;0;0;0;0;0;0;0;0;0;0;0;0;0;0;0;85 mg;0;0;0;0;0;0;0;0;0;0;0;0;0
2569;SGM Bunda minuman khusus ibu hamil & menyusui rasa coklat;pt sarihusada generasi mahardhika;1;200 ml;160 kkal;0;0;26 g;0;8 g;3 g;0;0;0;0;0;0;0;0;0;0;0;0;0;0;0;0;0;0;0;0;0;0;0;0;0;0;0;0;0;0;120 mg;0;0;0;0;0;0;0;0;0;0;0;0;0
3381;Sasa Santan Kelapa Coconut Cream;Pt sasa inti;1;100 g;40 kkal;0;0;1 g;0;0 g;4 g;0;0;0;0;0;0 g;0;0;0 g;0;0;0;0;0;0;0;0;0;0;0;0;0;0;0;0;0;0;0;0;0;15 mg;0;0;0;0;0;0;0;0;0;0;0;0;0
2716;Sasa tepung bakso goreng;Pt sasa inti;1;23.00 g;90 kkal;0;0;21 g;0;1 g;0 g;0;0;0;0;0;0;0;0;0;0;0;0;0;0;0;0;0;0;0;0;0;0;0;0;0;0;0;0;0;0;910 mg;0;0;0;0;0;0;0;0;0;0;0;0;0
3427;Sasa Tepung Bakwan;Pt sasa inti;1;100 g;35 kkal;0;0;8 g;0;1 g;0 g;0;0;0;0;0;0 g;0;0;1 g;0;0;0;0;0;0;0;0;0;0;0;0;0;0;0;0;0;0;0;0;0;150 mg;0;0;0;0;0;0;0;0;0;0;0;0;0
3759;Tepung Bumbu Sasa Ala Kentucky Ayam Krispi;Pt sasa inti;1;100 g;360 kkal;0;0;75 g;0;11 g;1.50 g;0;0;0;0;0;0;0;0;2 g;0;0;0;0;0;0;0;0;0;0;0;0;0;0;0;0;0;0;0;0;0;2770 mg;0;0;0;0;0;0;0;0;0;0;0;0;0
2807;Crunch chips Chocolate Strawberry;PT Savoria Creasi Rasa;1;32.00 g;90 kkal;0;0;14 g;0;1 g;3 g;0;0;0;0;0;0;0;0;0;0;0;0;0;0;0;0;0;0;0;0;0;0;0;0;0;0;0;0;0;0;70 mg;0;0;0;0;0;0;0;0;0;0;0;0;0
2582;broniz chocolate cookies;pt serena indopangan industri;1;20 g;100 kkal;0;0;13 g;0;2 g;4.50 g;0;0;0;0;0;0;0;0;0;0;0;0;0;0;0;0;0;0;0;0;0;0;0;0;0;0;0;0;0;0;70 mg;0;0;0;0;0;0;0;0;0;0;0;0;0
2709;French fries 2000 dengan saos sambal colek;PT SIANTAR TOP;1;225.00 ml;45 kkal;0;0;8 g;0;0 g;1.50 g;0;0;0;0;0;0;0;0;0;0;0;0;0;0;0;0;0;0;0;0;0;0;0;0;0;0;0;0;0;0;125 mg;0;0;0;0;0;0;0;0;0;0;0;0;0
3425;Twistko Rasa Jagung BBQ;PT Siantar Top Tbk;1;100 g;50 kkal;0;0;7 g;0;1 g;2.50 g;0;0;0;0;0;0;0;0;0;0;0;0;0;0;0;0;0;0;0;0;0;0;0;0;0;0;0;0;0;0;55 mg;0;0;0;0;0;0;0;0;0;0;0;0;0
2806;Fruit tea Blackcurrant;PT Sinar Sosro;1;30.00 g;120 kkal;0;0;30 g;0;0 g;0 g;0;0;0;0;0;0;0;0;0;0;0;0;0;0;0;0;0;0;0;0;0;0;0;0;0;0;0;0;0;0;55 mg;0;0;0;0;0;0;0;0;0;0;0;0;0
3735;Kopi Tubruk Gadjah Sachet;PT Sumber Kopi Prima;1;100 g;100 kkal;0;0;22 g;0;1 g;0.50 g;0;0;0;0;0;0;0;0;16 g;0;0;0;0;0;0;0;0;0;0;0;0;0;0;0;0;0;0;0;0;0;5 mg;0;0;0;0;0;0;0;0;0;0;0;0;0
4439;Best Wok Corn Bihun Original;PT Surya Pratista Hutama;1;68 gram;270 kkal;0;0;55 g;0;1 g;6 g;0;0;0;0;0;1 g;0;0;8 g;0;0;0;0;0;0;0;0;0;0;0;0;0;0;0;0;0;0;0;0;0;360 mg;0;0;0;0;0;0;0;0;0;0;0;0;0
4432;Best Wok Explodez Mie Goreng rasa Sambal Belacan;PT Surya Pratista Hutama;1;75 gram;370 kkal;0;0;46 g;0;6 g;18 g;0;0;0;0;0;2 g;0;0;6 g;0;0;0;0;0;0;0;0;0;0;0;0;0;0;0;0;0;0;0;0;0;870 mg;0;0;0;0;0;0;0;0;0;0;0;0;0
4433;Best Wok Mi Goreng Original;PT Surya Pratista Hutama;1;85 gram;420 kkal;0;0;52 g;0;7 g;20 g;0;0;0;0;0;2 g;0;0;8 g;0;0;0;0;0;0;0;0;0;0;0;0;0;0;0;0;0;0;0;0;0;1080 mg;0;0;0;0;0;0;0;0;0;0;0;0;0
4440;Burung Dara Mi Goreng Original;PT Surya Pratista Hutama;1;67 gram;270 kkal;0;0;47 g;0;7 g;6 g;0;0;0;0;0;2 g;0;0;4 g;0;0;0;0;0;0;0;0;0;0;0;0;0;0;0;0;0;0;0;0;0;550 mg;0;0;0;0;0;0;0;0;0;0;0;0;0
4450;Tropicana Slim Klepon Cookies;PT Swanish Boga Indonesia;1;20 gram;100 kkal;0;0;13 g;0;1 g;5 g;0;0;0;0;0;0;0;0;0 g;0;0;0;0;0;0;0;0;0;0;0;0;0;0;0;0;0;0;0;0;0;85 mg;0;0;0;0;0;0;0;0;0;0;0;0;0
4449;Tropicana Slim Korean Garlic Butter Cookies;PT Swanish Boga Indonesia;1;20 gram;100 kkal;0;0;13 g;0;1 g;5 g;0;0;0;0;0;1 g;0;0;0 g;0;0;0;0;0;0;0;0;0;0;0;0;0;0;0;0;0;0;0;0;0;95 mg;0;0;0;0;0;0;0;0;0;0;0;0;0
2736;Ovaltine 3in1;PT Tigaraksa Satria Tbk;1;40.00 g;140 kkal;0;0;26 g;0;2 g;3 g;0;0;0;0;0;0;0;0;0;0;0;0;0;0;0;0;0;0;0;0;0;0;0;0;0;0;0;0;0;0;35 mg;0;0;0;0;0;0;0;0;0;0;0;0;0
4964;Tropicana Slim Collagen Drink;PT Tigaraksa Satria Tbk;1;12 gram;45 kkal;0;0;6 g;0;5 g;0 g;0;0;0;0;0;1 g;0;0;1 g;0;0;0;90 mcg;0;0.21 mg;0;2.30 mg;0;0;0;0;0;0;90 mg;0;0;0;0;0;0;20 mg;0;0;0;0;0;0;0;0;0;0;0;0;0
2583;milku susu uht rasa coklat premium;pt tirta alam segar;1;200 ml;160 kkal;0;0;22 g;0;6 g;4.50 g;0;0;0;0;0;0;0;0;0;0;0;0;0;0;0;0;0;0;0;0;0;0;0;0;0;0;0;0;0;0;105 mg;0;0;0;0;0;0;0;0;0;0;0;0;0
2680;susu steril kurma tujuh kurma;pt tirta fresindo jaya;1;100 g;170 kkal;0;0;23 g;0;4.50 g;6 g;0;0;0;0;0;0;0;0;0;0;0;0;0;0;0;0;0;0;0;0;0;0;0;0;0;0;0;0;0;0;90 mg;0;0;0;0;0;0;0;0;0;0;0;0;0
2706;senna kerupuk ikan;pt titani alam semesta;1;120.00 g;110 kkal;0;0;24 g;0;2 g;0 g;0;0;0;0;0;0;0;0;0;0;0;0;0;0;0;0;0;0;0;0;0;0;0;0;0;0;0;0;0;0;400 mg;0;0;0;0;0;0;0;0;0;0;0;0;0
3756;Energen Rasa Cokelat;PT TORABIKA EKA SEMESTA;1;100 g;150 kkal;0;0;28 g;0;2 g;3.50 g;0;0;0;0;0;2 g;0;0;16 g;0;0;0;0;0;0;0;0;0;0;0;0;0;0;0;0;0;0;0;0;0;210 mg;0;0;0;0;0;0;0;0;0;0;0;0;0
2864;Kopi Torabika Gilus Mix;PT TORABIKA EKA SEMESTA;1;100 g;90 kkal;0;0;21 g;0;1 g;0 g;0;0;0;0;0;0;0;0;0;0;0;0;0;0;0;0;0;0;0;0;0;0;0;0;0;0;0;0;0;0;0 mg;0;0;0;0;0;0;0;0;0;0;0;0;0
1174;"Sereal ENERGEN ""Kacang Hijau";PT TORABIKA EKA SEMESTA;1;30 g;130 kkal;0;0;24 g;0;2 g;3 g;0;0;0;0;0;1 g;0;0;16 g;0;0;0;0;0;0;0;0;0;0;0;0;0;0;0;0;0;0;0;0;0;70 mg;0;0;0;0;0;0;0;0;0;0;0;0;0
1179;"Sereal ENERGEN ""Kacang Hijau";PT TORABIKA EKA SEMESTA;1;30 g;130 kkal;0;0;24 g;0;2 g;3 g;0;0;0;0;0;1 g;0;0;16 g;0;0;0;0;0;0;0;0;0;0;0;0;0;0;0;0;0;0;0;0;0;70 mg;0;0;0;0;0;0;0;0;0;0;0;0;0
4407;Fruzz Gummy (kembang gula lunak);pt ultra prima abadi;1;12 gram;45 kkal;0;0;10 g;0;1 g;0 g;0;0;0;0;0;0;0;0;6 g;0;0;0;0;0;0;0;0;0;0;0;0;0;0;0;0;0;0;0;0;0;15 mg;0;0;0;0;0;0;0;0;0;0;0;0;0
2697;wafer renyah tango rasa strawberry jam;pt ultra prima abadi;1;25.00 g;100 kkal;0;0;14 g;0;1 g;4 g;0;0;0;0;0;0;0;0;0;0;0;0;0;0;0;0;0;0;0;0;0;0;0;0;0;0;0;0;0;0;110 mg;0;0;0;0;0;0;0;0;0;0;0;0;0
2698;wafer renyah tango rasa vanilla milk;pt ultra prima abadi;1;25.00 g;100 kkal;0;0;14 g;0;1 g;4.50 g;0;0;0;0;0;0;0;0;0;0;0;0;0;0;0;0;0;0;0;0;0;0;0;0;0;0;0;0;0;0;80 mg;0;0;0;0;0;0;0;0;0;0;0;0;0
3418;Ultra Sari Kacang Hijau;PT Ultrajaya Milk Industry Tbk;1;65.00 ml;110 kkal;0;0;26 g;0;2 g;0 g;0;0;0;0;0;0;0;0;0;0;0;0;0;0;0;0;0;0;0;0;0;0;0;0;0;0;0;0;0;0;65 mg;0;0;0;0;0;0;0;0;0;0;0;0;0
2717;ROYCO BUMBU AYAM SAUS TELUR ASIN;PT UNILEVER INDONESIA;1;250.00 ml;30 kkal;0;0;2 g;0;1 g;1.50 g;0;0;0;0;0;0;0;0;0;0;0;0;0;0;0;0;0;0;0;0;0;0;0;0;0;0;0;0;0;0;50 mg;0;0;0;0;0;0;0;0;0;0;0;0;0
2711;SUP KRIM AYAM ROYCO;PT UNILEVER INDONESIA;1;172.00 g;50 kkal;0;0;0 g;0;2 g;1 g;0;0;0;0;0;0;0;0;0;0;0;0;0;0;0;0;0;0;0;0;0;0;0;0;0;0;0;0;0;0;710 mg;0;0;0;0;0;0;0;0;0;0;0;0;0
3475;Es Krim Wall's Populaire Rasa Cokelat dan Vanilla;pt unilever indonesia tbk;1;100 g;80 kkal;0;0;13 g;0;1 g;2.50 g;0;0;0;0;0;0;0;0;10 g;0;0;0;0;0;0;0;0;0;0;0;0;0;0;0;0;0;0;0;0;0;20 mg;0;0;0;0;0;0;0;0;0;0;0;0;0
2632;sari wangi teh mawar;pt unilever indonesia tbk;1;100 g;0 kkal;0;0;0 g;0;0 g;0 g;0;0;0;0;0;0;0;0;0;0;0;0;0;0;0;0;0;0;0;0;0;0;0;0;0;0;0;0;0;0;0 mg;0;0;0;0;0;0;0;0;0;0;0;0;0
3407;Piattos Rasa Sapi Panggang;PT URC Indonesia;1;100 g;60 kkal;0;0;7 g;0;1 g;3 g;0;0;0;0;0;0;0;0;0;0;0;0;0;0;0;0;0;0;0;0;0;0;0;0;0;0;0;0;0;0;100 mg;0;0;0;0;0;0;0;0;0;0;0;0;0
3227;Cornetto Silverqueen;PT Wall's Indonesia;1;100 g;230 kkal;0;0;28 g;0;3 g;12 g;0;0;0;0;0;2 g;0;0;18 g;0;0;0;0;0;0;0;0;0;0;0;0;0;0;0;0;0;0;0;0;0;50 mg;0;0;0;0;0;0;0;0;0;0;0;0;0
4019;Tulip Tepung terigu;PT Wilmar Nabati Indonesia;1;100 gram;350 kkal;0;0;75 g;0;10 g;1 g;0;0;0;0;0;0;0;0;0;0;0;0;0;0;0;0;0;0;0;0;0;0;0;0;0;0;0;0;0;0;10 mg;0;0;0;0;0;0;0;0;0;0;0;0;0
2719;YUPI BOLICIOUS VERY STRAWBERRY;PT YUPI INDO JELLY GUM;1;15.00 g;50 kkal;0;0;12 g;0;1 g;0 g;0;0;0;0;0;0;0;0;0;0;0;0;0;0;0;0;0;0;0;0;0;0;0;0;0;0;0;0;0;0;5 mg;0;0;0;0;0;0;0;0;0;0;0;0;0
1522;Krupuk Bocah Tua (mentah);PT. . Indosnack Makmur Abadi;1;100 g;340 kkal;0;0;84 g;0;1 g;0 g;0;0;0;0;0;0;0;0;0;0;0;0;0;0;0;0;0;0;0;0;0;0;0;0;0;0;0;0;0;0;1570 mg;0;0;0;0;0;0;0;0;0;0;0;0;0
4583;PediaSure Rasa Vanila 850g;PT. Abbot Indonesia;1;39 gram;180 kkal;0;0;25 g;0;5 g;7 g;0;0;0;0;0;1 g;0;0;14 g;0;0;0;0;0;0;0;0;0;0;0;0;0;0;0;0;0;0;0;0;0;70 mg;190 mg;0;0;0;0;0;0;0;0;0;0;0;0
2031;Nu Green Tea less sugar;PT. ABC Central Food;1;450 ml;100 kkal;0;0;25 g;0;0 g;0 g;0;0;0;0;0;0;0;0;25 g;0;0;0;0;0;0;0;0;0;0;0;0;0;0;0;0;0;0;0;0;0;0 mg;0;0;0;0;0;0;0;0;0;0;0;0;0
2030;Nu Green Tea madu;PT. ABC Central Food;1;450 ml;200 kkal;0;0;47.50 g;0;0 g;0 g;0;0;0;0;0;0;0;0;45 g;0;0;0;0;0;0;0;0;0;0;0;0;0;0;0;0;0;0;0;0;0;0 mg;0;0;0;0;0;0;0;0;0;0;0;0;0
2029;Nu Green Tea original;PT. ABC Central Food;1;450 ml;175 kkal;0;0;42.50 g;0;0 g;0 g;0;0;0;0;0;0;0;0;40 g;0;0;0;0;0;0;0;0;0;0;0;0;0;0;0;0;0;0;0;0;0;0 mg;0;0;0;0;0;0;0;0;0;0;0;0;0
2079;ABC Sari Kacang Hijau;PT. ABC Heinz Indonesia;1;250 ml;160 kkal;0;0;36 g;0;2 g;0 g;0;0;0;0;0;0;0;0;0;0;0;0;0;0;0;0;0;0;0;0;0;0;0;0;0;0;0;0;0;0;0 mg;0;0;0;0;0;0;0;0;0;0;0;0;0
1678;Sarden ABC saus tomat;PT. ABC Heinz Indonesia;1;70 g;100 kkal;0;0;9 g;0;12 g;2 g;0;0;0;0;0;0;0;0;2 g;0;0;0;0;0;0;0;0;0;0;0;0;0;0;0;0;0;0;0;0;0;0 mg;0;0;0;0;0;0;0;0;0;0;0;0;0
1673;Saus sambal ABC;PT. ABC Heinz Indonesia;1;9 g;28 kkal;0;0;6 g;0;0 g;0 g;0;0;0;0;0;0;0;0;5 g;0;0;0;0;0;0;0;0;0;0;0;0;0;0;0;0;0;0;0;0;0;0 mg;0;0;0;0;0;0;0;0;0;0;0;0;0
4598;Nobo Creamy Classic Oat Mlk 200 mL;PT. ABC Kogen Dairy;1;180 ml;120 kkal;0;0;16 g;0;1 g;6 g;0;0;0;0;0;1 g;0;0;8 g;0;0;0;0;0;0;0;0;0;0;0;0;0;0;0;0;0;0;0;0;0;75 mg;0;0;0;0;0;0;0;0;0;0;0;0;0
4866;Oatside Oat Milk Barista Blend 200ml;PT. ABC Kogen Dairy;1;200 ml;130 kkal;0;0;16 g;0;1 g;6 g;0;0;0;0;0;2 g;0;0;6 g;0;0;0;0;0;0;0;0;0;0;0;0;0;0;0;0;0;0;0;0;0;80 mg;0;0;0;0;0;0;0;0;0;0;0;0;0
1168;Kin bulgarian style yogurt strawberry;PT. ABC kogyn dairy;1;200 ml;170 kkal;0;0;29 g;0;4 g;3.50 g;0;0;0;0;0;0;0;0;27 g;0;0;0;0;0;0;0;0;0;0;0;0;0;0;0;0;0;0;0;0;0;50 mg;170 mg;0;0;0;0;0;0;0;0;0;0;0;0
1969;Kin bulgarian yogurt blueberry;PT. ABC kogyn dairy;1;200 ml;165 kkal;0;0;28 g;0;4 g;4 g;0;0;0;0;0;0;0;0;25 g;0;0;0;0;0;0;0;0;0;0;0;0;0;0;0;0;0;0;0;0;0;0 mg;0;0;0;0;0;0;0;0;0;0;0;0;0
1968;Kin bulgarian yogurt orange;PT. ABC kogyn dairy;1;200 ml;150 kkal;0;0;28 g;0;3 g;2.50 g;0;0;0;0;0;0;0;0;27 g;0;0;0;0;0;0;0;0;0;0;0;0;0;0;0;0;0;0;0;0;0;0 mg;0;0;0;0;0;0;0;0;0;0;0;0;0
2976;Niu Zuzu rasa coklat;PT. ABC Presiden Indonesia;1;250.00 g;120 kkal;0;0;22 g;0;2 g;3 g;0;0;0;0;0;0;0;0;18 g;0;0;0;0;0;0;0;0;0;0;0;0;0;0;0;0;0;0;0;0;0;110 mg;0;0;0;0;0;0;0;0;0;0;0;0;0
4695;NU Green Tea 200 mL;PT. ABC Presiden Indonesia;1;200 ml;70 kkal;0;0;17 g;0;0 g;0 g;0;0;0;0;0;0;0;0;16 g;0;0;0;0;0;0;0;0;0;0;0;0;0;0;0;0;0;0;0;0;0;10 mg;0;0;0;0;0;0;0;0;0;0;0;0;0
4683;NU Yogurt Tea 450 mL;PT. ABC Presiden Indonesia;1;200 ml;90 kkal;0;0;23 g;0;0 g;0 g;0;0;0;0;0;0;0;0;20 g;0;0;0;0;0;0;0;0;0;0;0;0;0;0;0;0;0;0;0;0;0;20 mg;0;0;0;0;0;0;0;0;0;0;0;0;0
1470;ABC EXO milk coffe;PT. ABC president indonesia;1;230 ml;160 kkal;0;0;24 g;0;8 g;24 g;0;0;0;0;0;2 g;0;0;22 g;0;0;0;0;0;0;0;0;0;0;0;0;0;0;0;0;0;0;0;0;0;0 mg;0;0;0;0;0;0;0;0;0;0;0;0;0
2818;ABC Selera pedas rasa sapi pedas;PT. ABC president indonesia;1;60.00 g;400 kkal;0;0;45 g;0;8 g;21 g;0;0;0;0;0;0;0;0;0;0;0;0;0;0;0;0;0;0;0;0;0;0;0;0;0;0;0;0;0;0;1230 mg;0;0;0;0;0;0;0;0;0;0;0;0;0
1432;Nu Oceana;PT. ABC president indonesia;1;250 ml;60 kkal;0;0;19 g;0;0 g;0 g;0;0;0;0;0;0;0;0;18 g;0;0;0;0;0;0;0;0;0;0;0;0;0;0;0;0;0;0;0;0;0;0 mg;0;0;0;0;0;0;0;0;0;0;0;0;0
4152;Nu Yogurt Tea Rasa Berry Crush;PT. ABC president indonesia;1;200 ml;50 kkal;0;0;13 g;0;0 g;0 g;0;0;0;0;0;0;0;0;12 g;0;0;0;0;0;0;0;0;0;0;0;0;0;0;0;0;0;0;0;0;0;25 mg;0;0;0;0;0;0;0;0;0;0;0;0;0
2489;Swallow Globe Agar Agar Bubuk Vanilla;PT. Agarindo Bogatama;1;1.75 g;5 kkal;0;0;2 g;0;0 g;0 g;0;0;0;0;0;0;0;0;0;0;0;0;0;0;0;0;0;0;0;0;0;0;0;0;0;0;0;0;0;0;0 mg;0;0;0;0;0;0;0;0;0;0;0;0;0
4812;Swallow Tepung Agar-Agar Tanpa Warna;PT. Agarindo Bogatama;1;2 gram;5 kkal;0;0;2 g;0;0 g;0 g;0;0;0;0;0;2 g;0;0;0;0;0;0;0;0;0;0;0;0;0;0;0;0;0;0;0;0;0;0;0;0;0 mg;0;0;0;0;0;0;0;0;0;0;0;0;0
4787;BonKopi Caffe Latte Premium Coffee Candy;PT. Agel Langgeng;1;3 gram;10 kkal;0;0;3 g;0;0 g;0 g;0;0;0;0;0;0;0;0;2 g;0;0;0;0;0;0;0;0;0;0;0;0;0;0;0;0;0;0;0;0;0;5 mg;0;0;0;0;0;0;0;0;0;0;0;0;0
4673;Delbis Cookies Chocobutter;PT. Agel Langgeng;1;18 gram;90 kkal;0;0;12 g;0;1 g;3.50 g;0;0;0;0;0;0;0;0;5 g;0;0;0;0;0;0;0;0;0;0;0;0;0;0;0;0;0;0;0;0;0;80 mg;0;0;0;0;0;0;0;0;0;0;0;0;0
4672;Delbis Lovely Assorted Cookies;PT. Agel Langgeng;1;27 gram;130 kkal;0;0;19 g;0;2 g;4.50 g;0;0;0;0;0;0;0;0;7 g;0;0;0;0;0;0;0;0;0;0;0;0;0;0;0;0;0;0;0;0;0;100 mg;0;0;0;0;0;0;0;0;0;0;0;0;0
4674;Delbis Special Butter with Almond;PT. Agel Langgeng;1;18 gram;90 kkal;0;0;12 g;0;1 g;4 g;0;0;0;0;0;0;0;0;4 g;0;0;0;0;0;0;0;0;0;0;0;0;0;0;0;0;0;0;0;0;0;45 mg;0;0;0;0;0;0;0;0;0;0;0;0;0
1757;Lovy cookies chocobutter;PT. Agel Langgeng;1;30 g;150 kkal;0;0;20 g;0;2 g;8 g;0;0;0;0;0;0;0;0;8 g;0;0;0;0;0;0;0;0;0;0;0;0;0;0;0;0;0;0;0;0;0;0 mg;0;0;0;0;0;0;0;0;0;0;0;0;0
1758;Lovy cookies coffeeccino;PT. Agel Langgeng;1;30 g;150 kkal;0;0;20 g;0;2 g;7 g;0;0;0;0;0;0;0;0;7 g;0;0;0;0;0;0;0;0;0;0;0;0;0;0;0;0;0;0;0;0;0;0 mg;0;0;0;0;0;0;0;0;0;0;0;0;0
4561;Oatbit Vitafruit;PT. Agel Langgeng;1;17 gram;80 kkal;0;0;11 g;0;1 g;3 g;0;0;0;0;0;1 g;0;0;4 g;0;0;0;0;0;0;0;0;0;0;0;0;0;0;0;0;0;0;0;0;0;65 mg;0;0;0;0;0;0;0;0;0;0;0;0;0
4586;Relaxa Cuwi Mint & Chocolate 115g;PT. Agel Langgeng;1;2 gram;10 kkal;0;0;2 g;0;0 g;0 g;0;0;0;0;0;0;0;0;1 g;0;0;0;0;0;0;0;0;0;0;0;0;0;0;0;0;0;0;0;0;0;0 mg;0;0;0;0;0;0;0;0;0;0;0;0;0
1480;Permen RELAXA;PT. Aggel Langgeng;1;2.50 g;10 kkal;0;0;2 g;0;0 g;0 g;0;0;0;0;0;0;0;0;2 g;0;0;0;0;0;0;0;0;0;0;0;0;0;0;0;0;0;0;0;0;0;0 mg;0;0;0;0;0;0;0;0;0;0;0;0;0
2490;Bumbu Nasi Goreng Royco;PT. Agri Wangi Indonesia;1;4.50 g;10 kkal;0;0;2 g;0;0 g;0 g;0;0;0;0;0;0;0;0;0;0;0;0;0;0;0;0;0;0;0;0;0;0;0;0;0;0;0;0;0;0;520 mg;0;0;0;0;0;0;0;0;0;0;0;0;0
3079;Sari Wangi Teh Hitam Jahe & Kunyit;PT. Agri Wangi Indonesia;1;100 g;0 kkal;0;0;0 g;0;0 g;0 g;0;0;0;0;0;0 g;0;0;0 g;0;0;0;0;0;0;0;0;0;0;0;0;0;0;18 mg;0;0;0;0;0;0;10 mg;0;0;0;0;0;0;0;0;0;0;0;0;0
3563;Kue Almond Tart Rasa Keju;PT. Agrinesia Raya Indonesia;1;100 g;260 kkal;0;0;25 g;0;4 g;16 g;0;0;0;0;0;2 g;0;0;7 g;0;0;0;0;0;0;0;0;0;0;0;0;0;0;0;0;0;0;0;0;0;140 mg;0;0;0;0;0;0;0;0;0;0;0;0;0
2536;Jawara cabai tabur bawang goreng;Pt. Agriwangi indonesia;1;3 g;10 kkal;0;0;2 g;0;0 g;0 g;0;0;0;0;0;0;0;0;0;0;0;0;0;0;0;0;0;0;0;0;0;0;0;0;0;0;0;0;0;0;150 mg;0;0;0;0;0;0;0;0;0;0;0;0;0
2535;Jawara cabai tabur jambal;Pt. Agriwangi indonesia;1;3 g;10 kkal;0;0;2 g;0;0 g;0 g;0;0;0;0;0;0;0;0;0;0;0;0;0;0;0;0;0;0;0;0;0;0;0;0;0;0;0;0;0;0;150 mg;0;0;0;0;0;0;0;0;0;0;0;0;0
2060;sariwangi Caramel milk tea;Pt. Agriwangi indonesia;1;150 ml;100 kkal;0;0;18 g;0;1 g;3 g;0;0;0;0;0;0;0;0;0;0;0;0;0;0;0;0;0;0;0;0;0;0;0;0;0;0;0;0;0;0;70 mg;0;0;0;0;0;0;0;0;0;0;0;0;0
2620;OMURA Panna Cottarasa cokelat (87 g);PT. Agung Food Industrindo;1;87 g;400 kkal;0;0;52 g;0;12 g;16 g;0;0;0;0;0;0;0;0;31 g;0;0;0;0;0;0;0;0;0;0;0;0;0;0;0;0;0;0;0;0;0;150 mg;0;0;0;0;0;0;0;0;0;0;0;0;0
1920;Es krim Aice choco cookies;PT. Aice;1;60 g;220 kkal;0;0;18 g;0;2 g;16 g;0;0;0;0;0;0;0;0;12 g;0;0;0;0;0;0;0;0;0;0;0;0;0;0;0;0;0;0;0;0;0;20 mg;0;0;0;0;0;0;0;0;0;0;0;0;0
1917;Es krim Aice chocolate condensed;PT. Aice;1;50 ml;150 kkal;0;0;23 g;0;2 g;6 g;0;0;0;0;0;0;0;0;11 g;0;0;0;0;0;0;0;0;0;0;0;0;0;0;0;0;0;0;0;0;0;40 mg;0;0;0;0;0;0;0;0;0;0;0;0;0
1918;Es krim Aice coklat sundae;PT. Aice;1;100 ml;100 kkal;0;0;14 g;0;2 g;4 g;0;0;0;0;0;0;0;0;8 g;0;0;0;0;0;0;0;0;0;0;0;0;0;0;0;0;0;0;0;0;0;15 mg;0;0;0;0;0;0;0;0;0;0;0;0;0
1921;Es krim Aice Durian cup;PT. Aice;1;85 g;180 kkal;0;0;28 g;0;1 g;7 g;0;0;0;0;0;0;0;0;17 g;0;0;0;0;0;0;0;0;0;0;0;0;0;0;0;0;0;0;0;0;0;20 mg;0;0;0;0;0;0;0;0;0;0;0;0;0
1919;Es krim Aice Mango Slush;PT. Aice;1;65 g;80 kkal;0;0;17 g;0;1 g;1 g;0;0;0;0;0;0;0;0;11 g;0;0;0;0;0;0;0;0;0;0;0;0;0;0;0;0;0;0;0;0;0;15 mg;0;0;0;0;0;0;0;0;0;0;0;0;0
1996;Es krim Aice sweet corm;PT. Aice;1;52 g;80 kkal;0;0;11 g;0;1 g;3.50 g;0;0;0;0;0;0;0;0;8 g;0;0;0;0;0;0;0;0;0;0;0;0;0;0;0;0;0;0;0;0;0;25 mg;0;0;0;0;0;0;0;0;0;0;0;0;0
3718;Masako Kaldu Ayam;PT. AJINOMOTO INDONESIA;1;100 g;0 kkal;0;0;0 g;0;0 g;0 g;0;0;0;0;0;0;0;0;0;0;0;0;0;0;0;0;0;0;0;0;0;0;0;0;0;0;0;0;0;0;610 mg;0;0;0;0;0;0;0;0;0;0;0;0;0
2552;Mayumi saus creamy serbaguna rasa pedas (180 g);PT. AJINOMOTO INDONESIA;1;20 g;100 kkal;0;0;3 g;0;0 g;10 g;0;0;0;0;0;0;0;0;3 g;0;0;0;0;0;0;0;0;0;0;0;0;0;0;0;0;0;0;0;0;0;270 mg;0;0;0;0;0;0;0;0;0;0;0;0;0
4616;Mayumi Saus Salad Buah Siap Saji;PT. AJINOMOTO INDONESIA;1;23 gram;100 kkal;0;0;10 g;0;0 g;6 g;0;0;0;0;0;0;0;0;6 g;0;0;0;0;0;0;0;0;0;0;0;0;0;0;0;0;0;0;0;0;0;160 mg;0;0;0;0;0;0;0;0;0;0;0;0;0
4521;Sajiku Bumbu Nasi Goreng Spesial;PT. AJINOMOTO INDONESIA;1;5 gram;15 kkal;0;0;3 g;0;0 g;0 g;0;0;0;0;0;0;0;0;1 g;0;0;0;0;0;0;0;0;0;0;0;0;0;0;0;0;0;0;0;0;0;600 mg;0;0;0;0;0;0;0;0;0;0;0;0;0
4754;Saori Saus Teriyaki 275 mL;PT. AJINOMOTO INDONESIA;1;6 ml;10 kkal;0;0;2 g;0;0 g;0 g;0;0;0;0;0;0;0;0;2 g;0;0;0;0;0;0;0;0;0;0;0;0;0;0;0;0;0;0;0;0;0;260 mg;0;0;0;0;0;0;0;0;0;0;0;0;0
1361;Ades;PT. Akasha wira internasional Tbk;1;600 ml;0 kkal;0;0;0 g;0;0 g;0 g;0;0;0;0;0;0;0;0;0;0;0;0;0;0;0;0;0;0;0;0;0;0;0;0;0;0;0;0;0;0;0 mg;0;0;0;0;0;0;0;0;0;0;0;0;0
1874;Pureal soy milk;PT. Akasha wira internasional Tbk;1;250 ml;120 kkal;0;0;20 g;0;5 g;2.50 g;0;0;0;0;0;0;0;0;18 g;0;0;0;0;0;0;0;0;0;0;0;0;0;0;0;0;0;0;0;0;0;0 mg;0;0;0;0;0;0;0;0;0;0;0;0;0
4982;Aladdin Minyak Goreng;PT. Aladdin Indonesia;1;10 ml;90 kkal;0;0;0 g;0;0 g;10 g;0;0;0;0;0;0;0;0;0;0;0;0;0;0;0;0;0;0;0;0;0;0;0;0;0;0;0;0;0;0;0 mg;0;0;0;0;0;0;0;0;0;0;0;0;0
2932;Aice Mochi Cokelat;Pt. Alpen Food Industry;1;50.00 ml;70 kkal;0;0;12 g;0;1 g;2 g;0;0;0;0;0;0;0;0;6 g;0;0;0;0;0;0;0;0;0;0;0;0;0;0;0;0;0;0;0;0;0;10 mg;0;0;0;0;0;0;0;0;0;0;0;0;0
4693;Aice Watermelon Ice Cream;Pt. Alpen Food Industry;1;65 gram;70 kkal;0;0;17 g;0;0 g;0.50 g;0;0;0;0;0;1 g;0;0;13 g;0;0;0;0;0;0;0;0;0;0;0;0;0;0;0;0;0;0;0;0;0;0 mg;0;0;0;0;0;0;0;0;0;0;0;0;0
4633;Tepung Beras Putih Rose Brand;PT. Alu Aksara Pratama;1;100 gram;360 kkal;0;0;80 g;0;6 g;1 g;0;0;0;0;0;0;0;0;0;0;0;0;0;0;0;0;0;0;0;0;0;0;0;0;0;0;0;0;0;0;30 mg;0;0;0;0;0;0;0;0;0;0;0;0;0
2638;Mie Shirataki Kering;PT. Ambico;1;100 g;20 kkal;0;0;5 g;0;0 g;0 g;0;0;0;0;0;0;0;0;0;0;0;0;0;0;0;0;0;0;0;0;0;0;0;0;0;0;0;0;0;0;0 mg;0;0;0;0;0;0;0;0;0;0;0;0;0
1427;Pocari sweat;PT. Amerta indah otsuka;1;250 ml;70 kkal;0;0;17 g;0;0 g;0 g;0;0;0;0;0;0;0;0;16 g;0;0;0;0;0;0;0;0;0;0;0;0;0;0;0;0;0;0;0;0;0;0 mg;0;0;0;0;0;0;0;0;0;0;0;0;0
1381;Soyjoy;PT. Amerta indah otsuka;1;30 g;150 kkal;0;0;12 g;0;5 g;9 g;0;0;0;0;0;5 g;0;0;7 g;0;0;0;0;0;0;0;0;0;0;0;0;0;0;0;0;0;0;0;0;0;0 mg;0;0;0;0;0;0;0;0;0;0;0;0;0
2439;Soyjoy cokelat;PT. Amerta indah otsuka;1;30 g;160 kkal;0;0;12 g;0;5 g;10 g;0;0;0;0;0;3 g;0;0;6 g;0;0;0;6 mcg;0;0;0;0;0;0;0;0;0;0;0;0;0;0;0;0;0;35 mg;35 mg;0;0;0;0;0;0;0;0;0;0;0;0
3249;SOYJOY FRUIT SOY BAR STRAWBERRY;PT. Amerta indah otsuka;1;100 g;130 kkal;0;0;19 g;0;4 g;4.50 g;0;0;0;0;0;3 g;0;0;11 g;0;0;0;0;0;0;0;0;0;0;0;0;0;0;0;0;0;0;0;0;0;30 mg;120 mg;0;0;0;0;0;0;0;0;0;0;0;0
1501;Es krim Wall's double dutch;PT. Andrawina Darma Manunggal Mulya;1;100 ml;150 kkal;0;0;18 g;0;3 g;7 g;0;0;0;0;0;1 g;0;0;9 g;0;0;0;0;0;0;0;0;0;0;0;0;0;0;0;0;0;0;0;0;0;0 mg;0;0;0;0;0;0;0;0;0;0;0;0;0
1503;Es krim Wall's oreo chocolate;PT. Andrawina Darma Manunggal Mulya;1;100 ml;140 kkal;0;0;21 g;0;2 g;4 g;0;0;0;0;0;1 g;0;0;15 g;0;0;0;0;0;0;0;0;0;0;0;0;0;0;0;0;0;0;0;0;0;0 mg;0;0;0;0;0;0;0;0;0;0;0;0;0
1502;Es krim Wall's oreo cookies cream;PT. Andrawina Darma Manunggal Mulya;1;100 ml;140 kkal;0;0;17 g;0;2 g;7 g;0;0;0;0;0;1 g;0;0;11 g;0;0;0;0;0;0;0;0;0;0;0;0;0;0;0;0;0;0;0;0;0;0 mg;0;0;0;0;0;0;0;0;0;0;0;0;0
1564;Eskrim cornetto chocolate;PT. Andrawina Darma Manunggal Mulya;1;120 ml;260 kkal;0;0;34 g;0;3 g;12 g;0;0;0;0;0;2 g;0;0;22 g;0;0;0;0;0;0;0;0;0;0;0;0;0;0;0;0;0;0;0;0;0;0 mg;0;0;0;0;0;0;0;0;0;0;0;0;0
1565;Eskrim cornetto oreo;PT. Andrawina Darma Manunggal Mulya;1;110 ml;240 kkal;0;0;33 g;0;2 g;11 g;0;0;0;0;0;2 g;0;0;20 g;0;0;0;0;0;0;0;0;0;0;0;0;0;0;0;0;0;0;0;0;0;0 mg;0;0;0;0;0;0;0;0;0;0;0;0;0
1560;Eskrim Magnum classic;PT. Andrawina Darma Manunggal Mulya;1;90 ml;240 kkal;0;0;30 g;0;3 g;13 g;0;0;0;0;0;4 g;0;0;18 g;0;0;0;0;0;0;0;0;0;0;0;0;0;0;0;0;0;0;0;0;0;0 mg;0;0;0;0;0;0;0;0;0;0;0;0;0
1561;Eskrim magnum white almond;PT. Andrawina Darma Manunggal Mulya;1;80 ml;230 kkal;0;0;23 g;0;3 g;14 g;0;0;0;0;0;3 g;0;0;13 g;0;0;0;0;0;0;0;0;0;0;0;0;0;0;0;0;0;0;0;0;0;0 mg;0;0;0;0;0;0;0;0;0;0;0;0;0
1562;Eskrim paddle pop choco magma;PT. Andrawina Darma Manunggal Mulya;1;55 ml;70 kkal;0;0;12 g;0;1 g;2.50 g;0;0;0;0;0;1 g;0;0;8 g;0;0;0;0;0;0;0;0;0;0;0;0;0;0;0;0;0;0;0;0;0;0 mg;0;0;0;0;0;0;0;0;0;0;0;0;0
1563;Eskrim walls feast vanila;PT. Andrawina Darma Manunggal Mulya;1;65 ml;140 kkal;0;0;15 g;0;2 g;8 g;0;0;0;0;0;1 g;0;0;13 g;0;0;0;0;0;0;0;0;0;0;0;0;0;0;0;0;0;0;0;0;0;0 mg;0;0;0;0;0;0;0;0;0;0;0;0;0
4907;AMH Kambing Etawa Rasa Susu Jahe;PT. Aneka Boga Citra;1;25 gram;90 kkal;0;0;22 g;0;0 g;0.50 g;0;0;0;0;0;0;0;0;18 g;0;0;0;0;0;0;0;0;0;0;0;0;0;0;0;0;0;0;540 mg;0;0;50 mg;0;0;0;0;0;0;0;0;0;0;0;0;0
3173;Jahe Merah Herbal AMH;PT. Aneka Boga Citra;1;100 g;80 kkal;0;0;20 g;0;0 g;0 g;0;0;0;0;0;0;0;0;20 g;0;0;0;0;0;0;0;0;0;0;0;0;0;0;0;0;0;0;0;0;0;0 mg;0;0;0;0;0;0;0;0;0;0;0;0;0
2847;Bon Nori mama suka;PT. Aneka Boga Nusantara;1;100 g;30 kkal;0;0;2 g;0;1 g;2 g;0;0;0;0;0;1 g;0;0;1 g;0;0;0;0;0;0;0;0;0;0;0;0;0;0;0;0;0;0;0;0;0;90 mg;0;0;0;0;0;0;0;0;0;0;0;0;0
2181;Mama Suka Rumput Laut Panggang, Pedas;PT. Aneka Boga Nusantara;1;4.50 g;25 kkal;0;0;1 g;0;1 g;2 g;0;0;0;0;0;0;0;0;0;0;0;0;0;0;0;0;0;0;0;0;0;0;0;0;0;0;0;0;0;0;65 mg;0;0;0;0;0;0;0;0;0;0;0;0;0
2562;Mama Suka Sup Krim Ayam;PT. Aneka Boga Nusantara;1;15 g;60 kkal;0;0;10 g;0;1 g;1.50 g;0;0;0;0;0;1 g;0;0;3 g;0;0;0;0;0;0;0;0;0;0;0;0;0;0;0;0;0;0;0;0;0;650 mg;0;0;0;0;0;0;0;0;0;0;0;0;0
4588;MamaSuka Japchae Original 111g;PT. Aneka Boga Nusantara;1;111 gram;400 kkal;0;0;89 g;0;2 g;3.50 g;0;0;0;0;0;5 g;0;0;6 g;0;0;0;0;0;0;0;0;0;0;0;0;0;0;0;0;0;0;0;0;0;1380 mg;0;0;0;0;0;0;0;0;0;0;0;0;0
2593;Mamasuka Sup Krim Jagung;PT. Aneka Boga Nusantara;1;15 g;60 kkal;0;0;9 g;0;0 g;1 g;0;0;0;0;0;1 g;0;0;0;0;0;0;0;0;0;0;0;0;0;0;0;0;0;0;0;0;0;0;0;0;530 mg;0;0;0;0;0;0;0;0;0;0;0;0;0
2568;Mamasuka Sup Krim Jamur;PT. Aneka Boga Nusantara;1;15 g;60 kkal;0;0;9 g;0;1 g;2 g;0;0;0;0;0;3 g;0;0;0;0;0;0;0;0;0;0;0;0;0;0;0;0;0;0;0;0;0;0;0;0;500 mg;0;0;0;0;0;0;0;0;0;0;0;0;0
4404;Saus Tokpokki;PT. Aneka Dasuib Jaya;1;15 gram;30 kkal;0;0;6 g;0;0 g;0 g;0;0;0;0;0;0;0;0;3 g;0;0;0;0;0;0;0;0;0;0;0;0;0;0;0;0;0;0;0;0;0;220 mg;0;0;0;0;0;0;0;0;0;0;0;0;0
4873;AIM Aneka Assorted;PT. Aneka Indomakmur;1;30 gram;150 kkal;0;0;22 g;0;2 g;6 g;0;0;0;0;0;0;0;0;8 g;0;0;0;0;0;0;0;0;0;0;0;0;0;0;0;0;0;0;0;0;0;85 mg;0;0;0;0;0;0;0;0;0;0;0;0;0
4881;AIM Biscuits Rasa Coconut 350g;PT. Aneka Indomakmur;1;30 gram;140 kkal;0;0;23 g;0;2 g;5 g;0;0;0;0;0;0;0;0;7 g;0;0;0;0;0;0;0;0;0;0;0;0;0;0;0;0;0;0;0;0;0;70 mg;0;0;0;0;0;0;0;0;0;0;0;0;0
4882;AIM Biscuits Rasa Durian 350g;PT. Aneka Indomakmur;1;40 gram;180 kkal;0;0;31 g;0;3 g;6 g;0;0;0;0;0;0;0;0;8 g;0;0;0;0;0;0;0;0;0;0;0;0;0;0;0;0;0;0;0;0;0;105 mg;0;0;0;0;0;0;0;0;0;0;0;0;0
4857;Lafero Chocolate Wafer Roll 600g;PT. Aneka Indomakmur;1;25 gram;180 kkal;0;0;16 g;0;1 g;6 g;0;0;0;0;0;0;0;0;9 g;0;0;0;0;0;0;0;0;0;0;0;0;0;0;0;0;0;0;0;0;0;50 mg;0;0;0;0;0;0;0;0;0;0;0;0;0
4640;Masterbis Gabin;PT. Aneka Indomakmur;1;30 gram;140 kkal;0;0;23 g;0;2 g;4.50 g;0;0;0;0;0;0;0;0;6 g;0;0;0;0;0;0;0;0;0;0;0;0;0;0;0;0;0;0;0;0;0;75 mg;0;0;0;0;0;0;0;0;0;0;0;0;0
4618;Duosus Chocolate Soes;PT. Aneka Pangan Mas;1;20 gram;110 kkal;0;0;11 g;0;1 g;7 g;0;0;0;0;0;0;0;0;5 g;0;0;0;0;0;0;0;0;0;0;0;0;0;0;0;0;0;0;0;0;0;55 mg;0;0;0;0;0;0;0;0;0;0;0;0;0
4711;BesTunaku Tuna Chunk in Vegetable Oil;PT. Aneka Tuna Indonesia;1;100 gram;130 kkal;0;0;0 g;0;24 g;3.50 g;0;0;0;0;0;0;0;0;0 g;0;0;0;0;0;0;0;0;0;0;0;0;0;0;0;0;0;0;0;0;0;340 mg;0;0;0;0;0;0;0;0;0;0;0;0;0
4708;BesTunaku Tuna in Chili Sauce;PT. Aneka Tuna Indonesia;1;100 gram;170 kkal;0;0;1 g;0;20 g;9 g;0;0;0;0;0;0;0;0;0 g;0;0;0;0;0;0;0;0;0;0;0;0;0;0;0;0;0;0;0;0;0;380 mg;0;0;0;0;0;0;0;0;0;0;0;0;0
4710;BesTunaku Tuna in Fried Rice 100g;PT. Aneka Tuna Indonesia;1;100 gram;400 kkal;0;0;9 g;0;12 g;35 g;0;0;0;0;0;0;0;0;4 g;0;0;0;0;0;0;0;0;0;0;0;0;0;0;0;0;0;0;0;0;0;590 mg;0;0;0;0;0;0;0;0;0;0;0;0;0
4713;Sun Bell Gold Katsuo;PT. Aneka Tuna Indonesia;1;85 gram;130 kkal;0;0;2 g;0;23 g;3.50 g;0;0;0;0;0;0;0;0;0 g;0;0;0;0;0;0;0;0;0;0;0;0;0;0;0;0;0;0;0;0;0;300 mg;0;0;0;0;0;0;0;0;0;0;0;0;0
4712;Sun Bell Gold Maguro;PT. Aneka Tuna Indonesia;1;85 gram;130 kkal;0;0;1 g;0;22 g;4.50 g;0;0;0;0;0;0;0;0;0 g;0;0;0;0;0;0;0;0;0;0;0;0;0;0;0;0;0;0;0;0;0;290 mg;0;0;0;0;0;0;0;0;0;0;0;0;0
4707;Sun Bell Tuna Flakes in Sunflower Oil;PT. Aneka Tuna Indonesia;1;100 gram;180 kkal;0;0;2 g;0;19 g;11 g;0;0;0;0;0;0;0;0;0 g;0;0;0;0;0;0;0;0;0;0;0;0;0;0;0;0;0;0;0;0;0;350 mg;0;0;0;0;0;0;0;0;0;0;0;0;0
4706;Sun Bell Tuna With Red Beans - Mexican Salad;PT. Aneka Tuna Indonesia;1;100 gram;120 kkal;0;0;8 g;0;12 g;4.50 g;0;0;0;0;0;0;0;0;1 g;0;0;0;0;0;0;0;0;0;0;0;0;0;0;0;0;0;0;0;0;0;360 mg;0;0;0;0;0;0;0;0;0;0;0;0;0
2551;BANGO kecap manis (400 ml);PT. ANUGRAH MUTU BERSAMA;1;14 ml;60 kkal;0;0;15 g;0;0 g;0 g;0;0;0;0;0;0;0;0;13 g;0;0;0;0;0;0;0;0;0;0;0;0;0;0;0;0;0;0;0;0;0;400 mg;0;0;0;0;0;0;0;0;0;0;0;0;0
1631;keripik Qtela singkong;PT. Arira Pangindo;1;20 g;100 kkal;0;0;14 g;0;0 g;5 g;0;0;0;0;0;0;0;0;1 g;0;0;0;0;0;0;0;0;0;0;0;0;0;0;0;0;0;0;0;0;0;0 mg;0;0;0;0;0;0;0;0;0;0;0;0;0
1630;Kusuka keripik emping;PT. Arira Pangindo;1;25 g;140 kkal;0;0;13 g;0;2 g;9 g;0;0;0;0;0;1 g;0;0;1 g;0;0;0;0;0;0;0;0;0;0;0;0;0;0;0;0;0;0;0;0;0;0 mg;0;0;0;0;0;0;0;0;0;0;0;0;0
1628;Kusuka keripik singkong;PT. Arira Pangindo;1;20 g;100 kkal;0;0;14 g;0;0 g;4.50 g;0;0;0;0;0;1 g;0;0;1 g;0;0;0;0;0;0;0;0;0;0;0;0;0;0;0;0;0;0;0;0;0;0 mg;0;0;0;0;0;0;0;0;0;0;0;0;0
1629;Kusuka keripik ubi;PT. Arira Pangindo;1;20 g;110 kkal;0;0;12 g;0;1 g;7 g;0;0;0;0;0;1 g;0;0;3 g;0;0;0;0;0;0;0;0;0;0;0;0;0;0;0;0;0;0;0;0;0;0 mg;0;0;0;0;0;0;0;0;0;0;0;0;0
1940;Keju Arla Mozzarella Shredded;PT. Arla Indonesia;1;25 g;76 kkal;0;0;0.80 g;0;6 g;5.30 g;0;0;0;0;0;0 g;0;0;0.30 g;0;0;0;0;0;0;0;0;0;0;0;0;0;0;0;0;0;0;0;0;0;0 mg;0;0;0;0;0;0;0;0;0;0;0;0;0
2455;Good time double choc;PT. Arrnott's Indonesia;1;16 g;80 kkal;0;0;11 g;0;1 g;3.50 g;0;0;0;0;0;2 g;0;0;4 g;0;0;0;0;0;0;0;0;0;0;0;0;0;0;0;0;0;0;0;0;0;80 mg;0;0;0;0;0;0;0;0;0;0;0;0;0
1400;Tim tam chocolate;PT. Arrnott's Indonesia;1;30 g;150 kkal;0;0;21 g;0;2 g;7 g;0;0;0;0;0;0;0;0;0;0;0;0;0;0;0;0;0;0;0;0;0;0;0;0;0;0;0;0;0;0;0 mg;0;0;0;0;0;0;0;0;0;0;0;0;0
1598;Timtam;PT. Arrnott's Indonesia;1;30 g;150 kkal;0;0;21 g;0;2 g;7 g;0;0;0;0;0;2 g;0;0;11 g;0;0;0;0;0;0;0;0;0;0;0;0;0;0;0;0;0;0;0;0;0;0 mg;0;0;0;0;0;0;0;0;0;0;0;0;0
1147;Ichi ocha;PT. Asahi Indofood Beverage Makmur;1;330 ml;100 kkal;0;0;26 g;0;0 g;0 g;0;0;0;0;0;0;0;0;24 g;0;0;0;0;0;0;0;0;0;0;0;0;0;0;0;0;0;0;0;0;0;35 mg;0;0;0;0;0;0;0;0;0;0;0;0;0
1171;Ichi ocha;PT. Asahi Indofood Beverage Makmur;1;330 ml;100 kkal;0;0;26 g;0;0 g;0 g;0;0;0;0;0;0;0;0;24 g;0;0;0;0;0;0;0;0;0;0;0;0;0;0;0;0;0;0;0;0;0;35 mg;0;0;0;0;0;0;0;0;0;0;0;0;0
4790;Apilo Spot Cappuccino Wafer Roll 500g;PT. Asia Sakti Wahid Foods Manufacture;1;30 gram;130 kkal;0;0;23 g;0;2 g;3.50 g;0;0;0;0;0;1 g;0;0;11 g;0;0;0;0;0;0;0;0;0;0;0;0;0;0;0;0;0;0;0;0;0;55 mg;0;0;0;0;0;0;0;0;0;0;0;0;0
4791;Apilo Spot Strawberyy Wafer Roll 500g;PT. Asia Sakti Wahid Foods Manufacture;1;30 gram;130 kkal;0;0;24 g;0;2 g;3 g;0;0;0;0;0;1 g;0;0;11 g;0;0;0;0;0;0;0;0;0;0;0;0;0;0;0;0;0;0;0;0;0;30 mg;0;0;0;0;0;0;0;0;0;0;0;0;0
4533;Delux Butter Cookies;PT. Asia Sakti Wahid Foods Manufacture;1;14 gram;70 kkal;0;0;10 g;0;1 g;2.50 g;0;0;0;0;0;0;0;0;3 g;0;0;0;0;0;0;0;0;0;0;0;0;0;0;0;0;0;0;0;0;0;50 mg;0;0;0;0;0;0;0;0;0;0;0;0;0
3231;Hatari Malkist Rasa Kelapa;PT. Asia Sakti Wahid Foods Manufacture;1;100 g;80 kkal;0;0;12 g;0;1 g;2.50 g;0;0;0;0;0;0 g;0;0;2 g;0;0;0;0;0;0;0;0;0;0;0;0;0;0;0;0;0;0;0;0;0;80 mg;0;0;0;0;0;0;0;0;0;0;0;0;0
4848;Ole Ole Family Assorted Biscuits 700g;PT. Asia Sakti Wahid Foods Manufacture;1;33 gram;150 kkal;0;0;25 g;0;2 g;5 g;0;0;0;0;0;1 g;0;0;8 g;0;0;0;0;0;0;0;0;0;0;0;0;0;0;0;0;0;0;0;0;0;75 mg;0;0;0;0;0;0;0;0;0;0;0;0;0
4581;Hatari See Hong Puff Rasa Kelapa 245g;PT. Astaguna Wisesa;1;16 gram;70 kkal;0;0;12 g;0;1 g;2.50 g;0;0;0;0;0;1 g;0;0;2 g;0;0;0;0;0;0;0;0;0;0;0;0;0;0;0;0;0;0;0;0;0;80 mg;0;0;0;0;0;0;0;0;0;0;0;0;0
1507;Jif extra crunchy;PT. Astaguna Wisesa;1;32 g;190 kkal;0;0;8 g;0;7 g;16 g;0;0;0;0;0;2 g;0;0;3 g;0;0;0;0;0;0;0;0;0;0;0;0;0;0;0;0;0;0;0;0;0;0 mg;0;0;0;0;0;0;0;0;0;0;0;0;0
3322;Morin Apricot Jam;PT. Astaguna Wisesa;1;100 g;40 kkal;0;0;10 g;0;0 g;0 g;0;0;0;0;0;0 g;0;0;9 g;0;0;0;0;0;0;0;0;0;0;0;0;0;0;0;0;0;0;0;0;0;9 mg;0;0;0;0;0;0;0;0;0;0;0;0;0
3323;Morin Mixed fruit Jam;PT. Astaguna Wisesa;1;100.00 g;45 kkal;0;0;11 g;0;0 g;0 g;0;0;0;0;0;0 g;0;0;9 g;0;0;0;0;0;0;0;0;0;0;0;0;0;0;0;0;0;0;0;0;0;0 mg;0;0;0;0;0;0;0;0;0;0;0;0;0
1426;Ayam brand chilli tuna;PT. Ayam brand Indonesia;1;46 g;100 kkal;0;0;3 g;0;8 g;6 g;0;0;0;0;0;0;0;0;2 g;0;0;0;0;0;0;0;0;0;0;0;0;0;0;0;0;0;0;0;0;0;0 mg;0;0;0;0;0;0;0;0;0;0;0;0;0
1424;Ayam brand tuna dalam air;PT. Ayam brand Indonesia;1;43 g;50 kkal;0;0;0 g;0;13 g;0 g;0;0;0;0;0;0;0;0;0;0;0;0;0;0;0;0;0;0;0;0;0;0;0;0;0;0;0;0;0;0;0 mg;0;0;0;0;0;0;0;0;0;0;0;0;0
1425;Ayam brand tuna dalam minyak;PT. Ayam brand Indonesia;1;43 g;70 kkal;0;0;0 g;0;0 g;3.50 g;0;0;0;0;0;0;0;0;0;0;0;0;0;0;0;0;0;0;0;0;0;0;0;0;0;0;0;0;0;0;0 mg;0;0;0;0;0;0;0;0;0;0;0;0;0
2543;PRONAS Jagung pipilan;PT. BAHTERA WIFANIAGA INTERNUSA;1;130 g;80 kkal;0;0;14 g;0;2 g;1.50 g;0;0;0;0;0;0;0;0;2 g;0;0;0;0;0;0;0;0;0;0;0;0;0;0;0;0;0;0;0;0;0;135 mg;0;0;0;0;0;0;0;0;0;0;0;0;0
3215;Pronas Creamy Styled Corn;PT. Bahtera Wiraniaga Internusa;1;100 g;80 kkal;0;0;17 g;0;0 g;1 g;0;0;0;0;0;0;0;0;5 g;0;0;0;0;0;0;0;0;0;0;0;0;0;0;0;0;0;0;0;0;0;430 mg;0;0;0;0;0;0;0;0;0;0;0;0;0
2518;PRONAS Jagung Pipilan kaleng (425 g);PT. Bahtera Wiraniaga Internusa;1;130 g;80 kkal;0;0;14 g;0;2 g;1.50 g;0;0;0;0;0;0;0;0;2 g;0;0;0;0;0;0;0;0;0;0;0;0;0;0;0;0;0;0;0;0;0;135 mg;0;0;0;0;0;0;0;0;0;0;0;0;0
2517;PRONAS Saus Teriyaki (175 g);PT. Bahtera Wiraniaga Internusa;1;50 g;90 kkal;0;0;22 g;0;0 g;0 g;0;0;0;0;0;2 g;0;0;15 g;0;0;0;0;0;0;0;0;0;0;0;0;0;0;0;0;0;0;0;0;0;990 mg;0;0;0;0;0;0;0;0;0;0;0;0;0
1680;King's Fisher sarden goreng balado;PT. Bali Maya Permai Food Canning Industry;1;60 g;120 kkal;0;0;4 g;0;8 g;8 g;0;0;0;0;0;0;0;0;0;0;0;0;0;0;0;0;0;0;0;0;0;0;0;0;0;0;0;0;0;0;0 mg;0;0;0;0;0;0;0;0;0;0;0;0;0
1679;King's Fisher sarden sambal bangkok;PT. Bali Maya Permai Food Canning Industry;1;60 g;70 kkal;0;0;6 g;0;8 g;2 g;0;0;0;0;0;0;0;0;0;0;0;0;0;0;0;0;0;0;0;0;0;0;0;0;0;0;0;0;0;0;0 mg;0;0;0;0;0;0;0;0;0;0;0;0;0
2179;King's Fisher Tuna Bumbu Pedas;PT. Bali Maya Permai Food Canning Industry;1;56 g;160 kkal;0;0;1 g;0;8 g;14 g;0;0;0;0;0;0;0;0;0;0;0;0;0;0;0;0;0;0;0;0;0;0;0;0;0;0;0;0;0;0;360 mg;0;0;0;0;0;0;0;0;0;0;0;0;0
3332;Bamboe Lodeh;PT. Bamboe Indonesia;1;100 g;15 kkal;0;0;0 g;0;1 g;1 g;0;0;0;0;0;0 g;0;0;0 g;0;0;0;0;0;0;0;0;0;0;0;0;0;0;0;0;0;0;0;0;0;980 mg;0;0;0;0;0;0;0;0;0;0;0;0;0
4560;Bamboe Nasi Goreng;PT. Bamboe Indonesia;1;10 gram;25 kkal;0;0;3 g;0;1 g;1 g;0;0;0;0;0;1 g;0;0;1 g;0;0;0;0;0;0;0;0;0;0;0;0;0;0;0;0;0;0;0;0;0;1190 mg;0;0;0;0;0;0;0;0;0;0;0;0;0
3333;Bamboe soto ayam;PT. Bamboe Indonesia;1;100 g;20 kkal;0;0;2 g;0;1 g;1 g;0;0;0;0;0;1 g;0;0;1 g;0;0;0;0;0;0;0;0;0;0;0;0;0;0;0;0;0;0;0;0;0;850 mg;55 mg;0;0;0;0;0;0;0;0;0;0;0;0
4805;Bamboe Soto Betawi;PT. Bamboe Indonesia;1;22 gram;80 kkal;0;0;6 g;0;2 g;5 g;0;0;0;0;0;2 g;0;0;3 g;0;0;0;0;0;0;0;0;0;0;0;0;0;0;0;0;0;0;0;0;0;810 mg;0;0;0;0;0;0;0;0;0;0;0;0;0
3334;Bamboe soto daging;PT. Bamboe Indonesia;1;100 g;20 kkal;0;0;2 g;0;1 g;0.50 g;0;0;0;0;0;1 g;0;0;1 g;0;0;0;0;0;0;0;0;0;0;0;0;0;0;0;0;0;0;0;0;0;730 mg;0;0;0;0;0;0;0;0;0;0;0;0;0
3380;Bamboe Tongseng;PT. Bamboe Indonesia;1;100 g;45 kkal;0;0;5 g;0;1 g;2.50 g;0;0;0;0;0;2 g;0;0;1 g;0;0;0;0;0;0;0;0;0;0;0;0;0;0;0;0;0;0;0;0;0;580 mg;0;0;0;0;0;0;0;0;0;0;0;0;0
4793;Fenisia Vanilla Wafer Roll 600g;PT. Bangun Anugerah Persada;1;35 gram;170 kkal;0;0;25 g;0;2 g;7 g;0;0;0;0;0;0;0;0;12 g;0;0;0;0;0;0;0;0;0;0;0;0;0;0;0;0;0;0;0;0;0;10 mg;0;0;0;0;0;0;0;0;0;0;0;0;0
4639;Fenisia Wafer Krim Coklat;PT. Bangun Anugerah Persada;1;30 gram;150 kkal;0;0;21 g;0;2 g;6 g;0;0;0;0;0;0;0;0;11 g;0;0;0;0;0;0;0;0;0;0;0;0;0;0;0;0;0;0;0;0;0;10 mg;0;0;0;0;0;0;0;0;0;0;0;0;0
4638;Fenisia Wafer Krim Kopi Susu;PT. Bangun Anugerah Persada;1;30 gram;150 kkal;0;0;21 g;0;2 g;6 g;0;0;0;0;0;0;0;0;11 g;0;0;0;0;0;0;0;0;0;0;0;0;0;0;0;0;0;0;0;0;0;10 mg;0;0;0;0;0;0;0;0;0;0;0;0;0
3353;Minyak Goreng Barco;PT. Barco;1;100 g;120 kkal;0;0;0 g;0;0 g;13 g;0;0;0;0;0;0;0;0;0;0;0;0;0;0;0;0;0;0;0;0;0;0;0;0;0;0;0;0;0;0;0 mg;0;0;0;0;0;0;0;0;0;0;0;0;0
2529;belfoods chicken Nugget crunch;PT. Belfoods Indonesia;1;100 g;290 kkal;0;0;15 g;0;15 g;19 g;0;0;0;0;0;0;0;0;0;0;0;0;0;0;0;0;0;0;0;0;0;0;0;0;0;0;0;0;0;0;460 mg;0;0;0;0;0;0;0;0;0;0;0;0;0
4593;Belfoods Uenaaak Sosis Bakar;PT. Belfoods Indonesia;1;75 gram;180 kkal;0;0;11 g;0;8 g;12 g;0;0;0;0;0;0;0;0;0 g;0;0;0;0;0;0;0;0;0;0;0;0;0;0;0;0;0;0;0;0;0;620 mg;0;0;0;0;0;0;0;0;0;0;0;0;0
4518;Obuchi Popcorn Caramel Flavour;PT. Berkat Bersama Fortuna;1;20 gram;100 kkal;0;0;15 g;0;1 g;4 g;0;0;0;0;0;2 g;0;0;3 g;0;0;0;0;0;0;0;0;0;0;0;0;0;0;0;0;0;0;0;0;0;15 mg;0;0;0;0;0;0;0;0;0;0;0;0;0
2526;Margarine ForVITA;PT. Bina Karya Prima;1;9 g;70 kkal;0;0;0 g;0;0 g;7 g;0;0;0;0;0;0;0;0;0;0;0;0;0;0;0;0;0;0;0;0;0;0;0;0;0;0;0;0;0;0;95 mg;0;0;0;0;0;0;0;0;0;0;0;0;0
3142;Minyak Goreng Tropical;PT. Bina Karya Prima;1;100 g;70 kkal;0;0;0 g;0;0 g;8 g;0;0;0;0;0;0;0;0;0;0;0;0;0;0;0;0;0;0;0;0;0;0;0;0;0;0;0;0;0;0;0 mg;0;0;0;0;0;0;0;0;0;0;0;0;0
3092;Chocolate Spread Olesan Coklat;PT. BINTANG JAYA BAHARRISKI;1;100 g;60 kkal;0;0;6 g;0;0 g;3.50 g;0;0;0;0;0;0;0;0;5 g;0;0;0;0;0;0;0;0;0;0;0;0;0;0;0;0;0;0;0;0;0;0 mg;0;0;0;0;0;0;0;0;0;0;0;0;0
2444;Sardines abc ekstra pedas;PT. Blambangan;1;50 g;80 kkal;0;0;3 g;0;11 g;3 g;0;0;0;0;0;0;0;0;1 g;0;0;0;0;0;0;0;0;0;0;0;0;0;0;0;0;0;0;0;0;0;290 mg;0;0;0;0;0;0;0;0;0;0;0;0;0
1795;La pasta royale cheese bolognese;PT. Bogasari;1;102 g;340 kkal;0;0;64 g;0;10 g;6 g;0;0;0;0;0;8 g;0;0;10 g;0;0;0;0;0;0;0;0;0;0;0;0;0;0;0;0;0;0;0;0;0;0 mg;0;0;0;0;0;0;0;0;0;0;0;0;0
1796;La pasta royale hot and spicy;PT. Bogasari;1;90 g;330 kkal;0;0;58 g;0;9 g;7 g;0;0;0;0;0;7 g;0;0;22 g;0;0;0;0;0;0;0;0;0;0;0;0;0;0;0;0;0;0;0;0;0;0 mg;0;0;0;0;0;0;0;0;0;0;0;0;0
4868;Roppang Panggang Rasa Strawberry Jam;PT. Bratanata Elpidio Adyatama;1;60 gram;210 kkal;0;0;36 g;0;4 g;5 g;0;0;0;0;0;0;0;0;9 g;0;0;0;0;0;0;0;0;0;0;0;0;0;0;0;0;0;0;0;0;0;180 mg;0;0;0;0;0;0;0;0;0;0;0;0;0
2523;Sedaap Kecap Manis;PT. BUMI ALAM SEGAR;1;15 g;70 kkal;0;0;16 g;0;1 g;0 g;0;0;0;0;0;0;0;0;13 g;0;0;0;0;0;0;0;0;0;0;0;0;0;0;0;0;0;0;0;0;0;290 mg;0;0;0;0;0;0;0;0;0;0;0;0;0
4851;Sedaap Kecap Manis 700 mL (Pouch);PT. BUMI ALAM SEGAR;1;21 gram;70 kkal;0;0;17 g;0;0 g;0 g;0;0;0;0;0;0;0;0;12 g;0;0;0;0;0;0;0;0;0;0;0;0;0;0;0;0;0;0;0;0;0;390 mg;0;0;0;0;0;0;0;0;0;0;0;0;0
3391;Bison Kuihuazi;PT. Bumi Sari Mas;1;100 g;64 kkal;0;0;2 g;0;3 g;5 g;0;0;0;0;0;1 g;0;0;0 g;0;0;0;0;0;0;0;0;0;0;0;0;0;0;0;0;0;0;0;0;0;35 mg;50 mg;0;0;0;0;0;0;0;0;0;0;0;0
1573;Cadbury Dairy Milk;PT. Cadbury Indonesia;1;30 g;160 kkal;0;0;18 g;0;2 g;2 g;0;0;0;0;0;0;0;0;15 g;0;0;0;0;0;0;0;0;0;0;0;0;0;0;0;0;0;0;0;0;0;0 mg;0;0;0;0;0;0;0;0;0;0;0;0;0
3362;Cadbury Dairy Milk Oreo;PT. Cadbury Indonesia;1;100 g;170 kkal;0;0;17 g;0;2 g;11 g;0;0;0;0;0;0;0;0;13 g;0;0;0;0;0;0;0;0;0;0;0;0;0;0;0;0;0;0;0;0;0;60 mg;0;0;0;0;0;0;0;0;0;0;0;0;0
4687;Tong Tji Teh Celup Rasa Green Tea;PT. Cahaya Tirta Rasa Tong Tji;1;2 gram;5 kkal;0;0;1 g;0;0 g;0 g;0;0;0;0;0;0 g;0;0;0 g;0;0;0;0;0;0;0;0;0;0;0;0;0;0;0;0;0;0;0;0;0;0 mg;0;0;0;0;0;0;0;0;0;0;0;0;0
3168;Pota Bee rasa rumput laut panggang;PT. Calbee-wings Food;1;100 g;160 kkal;0;0;16 g;0;2 g;10 g;0;0;0;0;0;0;0;0;1 g;0;0;0;0;0;0;0;0;0;0;0;0;0;0;0;0;0;0;0;0;0;150 mg;0;0;0;0;0;0;0;0;0;0;0;0;0
2868;Potabee BBQ 68 gram;PT. Calbee-wings Food;1;20.00 g;170 kkal;0;0;16 g;0;1 g;11 g;0;0;0;0;0;0;0;0;0;0;0;0;0;0;0;0;0;0;0;0;0;0;0;0;0;0;0;0;0;0;180 mg;0;0;0;0;0;0;0;0;0;0;0;0;0
4729;Potabee Rasa Rumput Laut Panggang;PT. Calbee-wings Food;1;30 gram;170 kkal;0;0;16 g;0;2 g;11 g;0;0;0;0;0;3 g;0;0;1 g;0;0;0;0;0;0;0;0;0;0;0;0;0;0;0;0;0;0;0;0;0;150 mg;0;0;0;0;0;0;0;0;0;0;0;0;0
2555;PRONAS Kornet Daging Ayam Kombinasi (340 g);PT. CANNING;1;50 g;70 kkal;0;0;5 g;0;5 g;3 g;0;0;0;0;0;2 g;0;0;0;0;0;0;0;0;0;0;0;0;0;0;0;0;0;0;0;0;0;0;0;0;290 mg;0;0;0;0;0;0;0;0;0;0;0;0;0
1446;Pronas chicken luncheon;PT. Canning Indonesia;1;50 g;80 kkal;0;0;3 g;0;4 g;6 g;0;0;0;0;0;3 g;0;0;0;0;0;0;0;0;0;0;0;0;0;0;0;0;0;0;0;0;0;0;0;0;0 mg;0;0;0;0;0;0;0;0;0;0;0;0;0
1444;Pronas kornet ayam;PT. Canning Indonesia;1;50 g;70 kkal;0;0;5 g;0;5 g;3 g;0;0;0;0;0;2 g;0;0;0;0;0;0;0;0;0;0;0;0;0;0;0;0;0;0;0;0;0;0;0;0;0 mg;0;0;0;0;0;0;0;0;0;0;0;0;0
1445;Pronas kornet sapi;PT. Canning Indonesia;1;50 g;80 kkal;0;0;5 g;0;6 g;3.50 g;0;0;0;0;0;3 g;0;0;1 g;0;0;0;0;0;0;0;0;0;0;0;0;0;0;0;0;0;0;0;0;0;0 mg;0;0;0;0;0;0;0;0;0;0;0;0;0
4723;Pronas Barbeque Sauce 175g;PT. CANNING INDONESIAN PRODUCTS;1;50 gram;30 kkal;0;0;6 g;0;0 g;0 g;0;0;0;0;0;3 g;0;0;3 g;0;0;0;0;0;0;0;0;0;0;0;0;0;0;0;0;0;0;0;0;0;370 mg;0;0;0;0;0;0;0;0;0;0;0;0;0
4724;Pronas Black Pepper Sauce 175g;PT. CANNING INDONESIAN PRODUCTS;1;50 gram;25 kkal;0;0;6 g;0;0 g;0 g;0;0;0;0;0;2 g;0;0;3 g;0;0;0;0;0;0;0;0;0;0;0;0;0;0;0;0;0;0;0;0;0;410 mg;0;0;0;0;0;0;0;0;0;0;0;0;0
2554;PRONAS Classic chunky corned beef (340 g);PT. CANNING INDONESIAN PRODUCTS;1;50 g;70 kkal;0;0;2 g;0;8 g;3.50 g;0;0;0;0;0;2 g;0;0;0;0;0;0;0;0;0;0;0;0;0;0;0;0;0;0;0;0;0;0;0;0;410 mg;0;0;0;0;0;0;0;0;0;0;0;0;0
4861;Pronas Saus Bolognese Rasa Sapi 315g;PT. CANNING INDONESIAN PRODUCTS;1;90 gram;150 kkal;0;0;21 g;0;3 g;5 g;0;0;0;0;0;1 g;0;0;10 g;0;0;0;0;0;0;0;0;0;0;0;0;0;0;0;0;0;0;0;0;0;1300 mg;0;0;0;0;0;0;0;0;0;0;0;0;0
2231;Cocoa powder Van Houten;PT. Ceres Bandung;1;30 g;120 kkal;0;0;15 g;0;6 g;4 g;0;0;0;0;0;0;0;0;0;0;0;0;0;0;0;0;0;0;0;0;0;0;0;0;0;0;0;0;0;0;0 mg;0;0;0;0;0;0;0;0;0;0;0;0;0
3543;Nugget Ayam Akumo;PT. CHAROEN POKPHAND;1;100.00 g;340 kkal;0;0;30 g;0;13 g;19 g;0;0;0;0;0;0;0;0;0 g;0;0;0;0;0;0;0;0;0;0;0;0;0;0;0;0;0;0;0;0;0;610 mg;0;0;0;0;0;0;0;0;0;0;0;0;0
3094;Champ Combination Chicken Nugget;PT. Charoen Pokphand Indonesia Tbk;1;100 g;250 kkal;0;0;8 g;0;12 g;20 g;0;0;0;0;0;0;0;0;0 g;0;0;0;0;0;0;0;0;0;0;0;0;0;0;0;0;0;0;0;0;0;720 mg;0;0;0;0;0;0;0;0;0;0;0;0;0
4573;Fiesta French Fries Shoestring 500g;PT. Charoen Pokphand Indonesia Tbk;1;100 gram;140 kkal;0;0;25 g;0;2 g;4 g;0;0;0;0;0;0;0;0;0 g;0;0;0;0;0;0;0;0;0;0;0;0;0;0;0;0;0;0;0;0;0;30 mg;0;0;0;0;0;0;0;0;0;0;0;0;0
4685;Fiesta Schnitzel 400g;PT. Charoen Pokphand Indonesia Tbk;1;100 gram;250 kkal;0;0;13 g;0;19 g;14 g;0;0;0;0;0;0;0;0;0 g;0;0;0;0;0;0;0;0;0;0;0;0;0;0;0;0;0;0;0;0;0;560 mg;0;0;0;0;0;0;0;0;0;0;0;0;0
1872;Cimory Soyamilk;PT. Cimory Indonesia;1;300 ml;260 kkal;0;0;42 g;0;10 g;6 g;0;0;0;0;0;0;0;0;18 g;0;0;0;0;0;0;0;0;0;0;0;0;0;0;0;0;0;0;0;0;0;0 mg;0;0;0;0;0;0;0;0;0;0;0;0;0
2121;Cimory yogurt drink;PT. Cimory Indonesia;1;250 ml;180 kkal;0;0;32 g;0;6 g;2 g;0;0;0;0;0;26 g;0;0;0;0;0;0;0;0;0;0;0;0;0;0;0;0;0;0;0;0;0;0;0;0;0 mg;0;0;0;0;0;0;0;0;0;0;0;0;0
1891;Cimory yogurt set low fat;PT. Cimory Indonesia;1;100 ml;60 kkal;0;0;8 g;0;5 g;1.50 g;0;0;0;0;0;0;0;0;0;0;0;0;0;0;0;0;0;0;0;0;0;0;0;0;0;0;0;0;0;0;0 mg;0;0;0;0;0;0;0;0;0;0;0;0;0
4524;Cimory Fresh Milk Chocolate Tiramisu;PT. Cisarua Mountain Dairy;1;125 ml;110 kkal;0;0;16 g;0;3.50 g;2.50 g;0;0;0;0;0;0;0;0;12 g;0;0;0;0;0;0;0;0;0;0;0;0;0;0;0;0;0;0;0;0;0;60 mg;0;0;0;0;0;0;0;0;0;0;0;0;0
3719;Cimory Yogurt Bites Bluberry with Nata De Coco;PT. Cisarua Mountain Dairy;1;100.00 g;100 kkal;0;0;18 g;0;3 g;2.50 g;0;0;0;0;0;0;0;0;0;0;0;0;0;0;0;0;0;0;0;0;0;0;0;0;0;0;0;0;0;0;55 mg;0;0;0;0;0;0;0;0;0;0;0;0;0
3146;Cimory Yogurt Drink Blueberry;PT. Cisarua Mountain Dairy;1;100 g;50 kkal;0;0;10 g;0;2 g;0.50 g;0;0;0;0;0;2 g;0;0;8 g;0;0;0;0;0;0;0;0;0;0;0;0;0;0;0;0;0;0;0;0;0;20 mg;55 mg;0;0;0;0;0;0;0;0;0;0;0;0
2763;Cimory Yogurt Drink Low Fat;PT. Cisarua Mountain Dairy;1;100 g;200 kkal;0;0;38 g;0;7 g;2 g;0;0;0;0;0;5 g;0;0;30 g;0;0;0;0;0;0;0;0;0;0;0;0;0;0;0;0;0;0;0;0;0;90 mg;320 mg;0;0;0;0;0;0;0;0;0;0;0;0
3310;Cimory Yogurt Squeeze Original;PT. Cisarua Mountain Dairy;1;100 g;70 kkal;0;0;12 g;0;2 g;2 g;0;0;0;0;0;0;0;0;7 g;0;0;0;0;0;0;0;0;0;0;0;0;0;0;0;0;0;0;0;0;0;60 mg;100 mg;0;0;0;0;0;0;0;0;0;0;0;0
3307;Cimory Yogurt Squeeze Strawberry;PT. Cisarua Mountain Dairy;1;100 g;70 kkal;0;0;12 g;0;2 g;1.50 g;0;0;0;0;0;0;0;0;9 g;0;0;0;0;0;0;0;0;0;0;0;0;0;0;0;0;0;0;0;0;0;60 mg;105 mg;0;0;0;0;0;0;0;0;0;0;0;0
1391;Cimory yogurt set;PT. Cisaura mountain dairy;1;100 g;100 kkal;0;0;16 g;0;3 g;2.50 g;0;0;0;0;0;0;0;0;11 g;0;0;0;0;0;0;0;0;0;0;0;0;0;0;0;0;0;0;0;0;0;0 mg;0;0;0;0;0;0;0;0;0;0;0;0;0
2796;Cimory Yogurt Squeeze Blueberry;PT. Cisaura mountain dairy;1;100.00 g;70 kkal;0;0;11 g;0;2 g;2 g;0;0;0;0;0;0;0;0;0;0;0;0;0;0;0;0;0;0;0;0;0;0;0;0;0;0;0;0;0;0;60 mg;0;0;0;0;0;0;0;0;0;0;0;0;0
2001;Blue diamond almond breeze;PT. Citra Nata Pramana;1;250 ml;63 kkal;0;0;8 g;0;1 g;2.80 g;0;0;0;0;0;0.50 g;0;0;7 g;0;0;0;0;0;0;0;0;0;0;0;0;0;0;0;0;0;0;0;0;0;0 mg;0;0;0;0;0;0;0;0;0;0;0;0;0
3297;Nutriboost rasa coklat;PT. Coca Cola Amatil;1;100 g;140 kkal;0;0;24 g;0;3 g;4 g;0;0;0;0;0;0;0;0;16 g;0;0;0;0;0;0;0;0;0;0;0;0;0;0;0;0;0;0;0;0;0;60 mg;0;0;0;0;0;0;0;0;0;0;0;0;0
3301;NutriBoost rasa kopi;PT. Coca Cola Amatil;1;100 g;120 kkal;0;0;19 g;0;3 g;3 g;0;0;0;0;0;0;0;0;14 g;0;0;0;0;0;0;0;0;0;0;0;0;0;0;0;0;0;0;0;0;0;100 mg;0;0;0;0;0;0;0;0;0;0;0;0;0
3299;NutriBoost rasa Strawberry;PT. Coca Cola Amatil;1;100 g;90 kkal;0;0;19 g;0;1 g;1 g;0;0;0;0;0;0;0;0;16 g;0;0;0;0;0;0;0;0;0;0;0;0;0;0;0;0;0;0;0;0;0;90 mg;0;0;0;0;0;0;0;0;0;0;0;0;0
2641;fanta strawberry;PT. Coca-cola bottling indonesia;1;330.00 ml;170 kkal;0;0;42 g;0;0 g;0 g;0;0;0;0;0;0;0;0;41 g;0;0;0;0;0;0;0;0;0;0;0;0;0;0;0;0;0;0;0;0;0;50 mg;0;0;0;0;0;0;0;0;0;0;0;0;0
3188;Frestea Rasa Apel;PT. Coca-cola bottling indonesia;1;100 g;100 kkal;0;0;24 g;0;0 g;0 g;0;0;0;0;0;0;0;0;23 g;0;0;0;0;0;0;0;0;0;0;0;0;0;0;0;0;0;0;0;0;0;25 mg;0;0;0;0;0;0;0;0;0;0;0;0;0
3189;Frestea Rasa Madu;PT. Coca-cola bottling indonesia;1;100 g;90 kkal;0;0;21 g;0;0 g;0 g;0;0;0;0;0;0;0;0;21 g;0;0;0;0;0;0;0;0;0;0;0;0;0;0;0;0;0;0;0;0;0;50 mg;0;0;0;0;0;0;0;0;0;0;0;0;0
3278;Minute Maid Pulpy rasa anggur dengan nata de coco;PT. Coca-cola bottling indonesia;1;100 g;110 kkal;0;0;28 g;0;0 g;0 g;0;0;0;0;0;0;0;0;24 g;0;0;0;0;0;0;0;0;0;0;0;0;0;0;0;0;0;0;0;0;0;10 mg;0;0;0;0;0;0;0;0;0;0;0;0;0
3276;Minute Maid Pulpy rasa jambu;PT. Coca-cola bottling indonesia;1;100 g;90 kkal;0;0;23 g;0;0 g;0 g;0;0;0;0;0;0;0;0;22 g;0;0;0;0;0;0;0;0;0;0;0;0;0;0;0;0;0;0;0;0;0;20 mg;0;0;0;0;0;0;0;0;0;0;0;0;0
3277;Minute Maid Pulpy rasa jeruk;PT. Coca-cola bottling indonesia;1;100 g;130 kkal;0;0;34 g;0;0 g;0 g;0;0;0;0;0;0;0;0;27 g;0;0;0;0;0;0;0;0;0;0;0;0;0;0;0;0;0;0;0;0;0;45 mg;0;0;0;0;0;0;0;0;0;0;0;0;0
1151;Sprite 390 ml;PT. Coca-cola bottling indonesia;1;250 ml;100 kkal;0;0;25 g;0;0 g;0 g;0;0;0;0;0;0;0;0;25 g;0;0;0;0;0;0;0;0;0;0;0;0;0;0;0;0;0;0;0;0;0;40 mg;0;0;0;0;0;0;0;0;0;0;0;0;0
4768;Delisaos Hot Lava;PT. Daesang Agung Indonesia;1;9 gram;20 kkal;0;0;5 g;0;0 g;0 g;0;0;0;0;0;0;0;0;3 g;0;0;0;0;0;0;0;0;0;0;0;0;0;0;0;0;0;0;0;0;0;70 mg;0;0;0;0;0;0;0;0;0;0;0;0;0
4766;Delisaos Hot Lava Korean Chicken Sauce Honey Garlic;PT. Daesang Agung Indonesia;1;10 gram;25 kkal;0;0;6 g;0;0 g;0 g;0;0;0;0;0;0;0;0;4 g;0;0;0;0;0;0;0;0;0;0;0;0;0;0;0;0;0;0;0;0;0;40 mg;0;0;0;0;0;0;0;0;0;0;0;0;0
4767;Delisaos Hot Lava Korean Chicken Sauce Honey Original;PT. Daesang Agung Indonesia;1;10 gram;25 kkal;0;0;5 g;0;0 g;0 g;0;0;0;0;0;0;0;0;4 g;0;0;0;0;0;0;0;0;0;0;0;0;0;0;0;0;0;0;0;0;0;75 mg;0;0;0;0;0;0;0;0;0;0;0;0;0
4765;Delisaos Hot Lava Korean Chicken Sauce Honey Spicy;PT. Daesang Agung Indonesia;1;10 gram;25 kkal;0;0;5 g;0;0 g;0 g;0;0;0;0;0;0;0;0;4 g;0;0;0;0;0;0;0;0;0;0;0;0;0;0;0;0;0;0;0;0;0;40 mg;0;0;0;0;0;0;0;0;0;0;0;0;0
4769;Delisaos Hot Lava Volcano;PT. Daesang Agung Indonesia;1;9 gram;20 kkal;0;0;4 g;0;0 g;0 g;0;0;0;0;0;0;0;0;3 g;0;0;0;0;0;0;0;0;0;0;0;0;0;0;0;0;0;0;0;0;0;70 mg;0;0;0;0;0;0;0;0;0;0;0;0;0
4756;Delisaos Saus Bulgogi;PT. Daesang Agung Indonesia;1;9 gram;20 kkal;0;0;4 g;0;0 g;0 g;0;0;0;0;0;0;0;0;3 g;0;0;0;0;0;0;0;0;0;0;0;0;0;0;0;0;0;0;0;0;0;230 mg;0;0;0;0;0;0;0;0;0;0;0;0;0
4755;Delisaos Saus Teriyaki;PT. Daesang Agung Indonesia;1;10 gram;20 kkal;0;0;3 g;0;0 g;0.50 g;0;0;0;0;0;0;0;0;3 g;0;0;0;0;0;0;0;0;0;0;0;0;0;0;0;0;0;0;0;0;0;350 mg;0;0;0;0;0;0;0;0;0;0;0;0;0
4656;Delisaos Saus Tiram Asam Manis;PT. Daesang Agung Indonesia;1;20 gram;25 kkal;0;0;6 g;0;1 g;0 g;0;0;0;0;0;0;0;0;5 g;0;0;0;0;0;0;0;0;0;0;0;0;0;0;0;0;0;0;0;0;0;760 mg;0;0;0;0;0;0;0;0;0;0;0;0;0
4763;Delisaos Saus Tiram Manis 160 mL;PT. Daesang Agung Indonesia;1;20 gram;25 kkal;0;0;6 g;0;1 g;0 g;0;0;0;0;0;0;0;0;5 g;0;0;0;0;0;0;0;0;0;0;0;0;0;0;0;0;0;0;0;0;0;760 mg;0;0;0;0;0;0;0;0;0;0;0;0;0
4595;Mamasuka Sarden dalam Saus Jalapeno;PT. Daesang Agung Indonesia;1;50 gram;90 kkal;0;0;9 g;0;5 g;4 g;0;0;0;0;0;0;0;0;1 g;0;0;0;0;0;0;0;0;0;0;0;0;0;0;0;0;0;0;0;0;0;600 mg;0;0;0;0;0;0;0;0;0;0;0;0;0
4655;Saos Mayo MamaSuka;PT. Daesang Agung Indonesia;1;20 gram;50 kkal;0;0;3 g;0;0 g;4.50 g;0;0;0;0;0;0;0;0;2 g;0;0;0;0;0;0;0;0;0;0;0;0;0;0;0;0;0;0;0;0;0;210 mg;0;0;0;0;0;0;0;0;0;0;0;0;0
3363;Delfi ChaCha Peanut;PT. Delfi;1;100 g;160 kkal;0;0;17 g;0;3 g;8 g;0;0;0;0;0;0;0;0;0;0;0;0;0;0;0;0;0;0;0;0;0;0;0;0;0;0;0;0;0;0;10 mg;0;0;0;0;0;0;0;0;0;0;0;0;0
2483;super bubur rasa ayam;PT. DELIFOOD SENTOSA CORPINDO;1;45 g;170 kkal;0;0;32 g;0;3 g;3 g;0;0;0;0;0;0;0;0;0;0;0;0;0;0;0;0;0;0;0;0;0;0;0;0;0;0;0;0;0;0;840 mg;0;0;0;0;0;0;0;0;0;0;0;0;0
4714;Delta Foods Ikan Tuna dalam Minyak;PT. Delta Pasific Indotuna;1;50 gram;60 kkal;0;0;1 g;0;7 g;3.50 g;0;0;0;0;0;0;0;0;0;0;0;0;0;0;0;0;0;0;0;0;0;0;0;0;0;0;0;0;0;0;640 mg;0;0;0;0;0;0;0;0;0;0;0;0;0
4702;Etira Tuna dalam Minyak Kanola;PT. Delta Pasific Indotuna;1;30 gram;60 kkal;0;0;1 g;0;5 g;3.50 g;0;0;0;0;0;0;0;0;0 g;0;0;0;0;0;0;0;0;0;0;0;0;0;0;0;0;0;0;0;0;0;95 mg;0;0;0;0;0;0;0;0;0;0;0;0;0
4701;Etira Tuna Saos Tomat;PT. Delta Pasific Indotuna;1;30 gram;50 kkal;0;0;1 g;0;6 g;2 g;0;0;0;0;0;0;0;0;1 g;0;0;0;0;0;0;0;0;0;0;0;0;0;0;0;0;0;0;0;0;0;230 mg;0;0;0;0;0;0;0;0;0;0;0;0;0
4896;Antangin JRG 15 mL;PT. Deltomed Laboratories;1;15 ml;30 kkal;0;0;8 g;0;0 g;0 g;0;0;0;0;0;0;0;0;0;0;0;0;0;0;0;0;0;0;0;0;0;0;0;0;0;0;0;0;0;0;0 mg;0;0;0;0;0;0;0;0;0;0;0;0;0
4895;Antangin Mint 15 mL;PT. Deltomed Laboratories;1;15 ml;35 kkal;0;0;10 g;0;0 g;0 g;0;0;0;0;0;0;0;0;0;0;0;0;0;0;0;0;0;0;0;0;0;0;0;0;0;0;0;0;0;0;0 mg;0;0;0;0;0;0;0;0;0;0;0;0;0
4379;Biokul To Go! Marshmallow Yogurt;PT. Diamond Cold Storage;1;80 gram;80 kkal;0;0;13 g;0;4 g;2 g;0;0;0;0;0;3 g;0;0;10 g;0;0;0;0;0;0;0;0;0;0;0;0;0;0;0;0;0;0;0;0;0;35 mg;0;0;0;0;0;0;0;0;0;0;0;0;0
4378;Biokul To Go! Yogurt Rasa Leci;PT. Diamond Cold Storage;1;80 gram;100 kkal;0;0;15 g;0;4 g;2.50 g;0;0;0;0;0;2 g;0;0;10 g;0;0;0;0;0;0;0;0;0;0;0;0;0;0;0;0;0;0;0;0;0;35 mg;0;0;0;0;0;0;0;0;0;0;0;0;0
4377;Biokul To Go! Yogurt Rasa Stroberi;PT. Diamond Cold Storage;1;80 gram;110 kkal;0;0;17 g;0;4 g;2.50 g;0;0;0;0;0;2 g;0;0;11 g;0;0;0;0;0;0;0;0;0;0;0;0;0;0;0;0;0;0;0;0;0;40 mg;0;0;0;0;0;0;0;0;0;0;0;0;0
2437;Cokelat pasta;PT. Diamond Cold Storage;1;50 g;260 kkal;0;0;32 g;0;2 g;14 g;0;0;0;0;0;0;0;0;21 g;0;0;0;0;0;0;0;0;0;0;0;0;0;0;0;0;0;0;0;0;0;30 mg;0;0;0;0;0;0;0;0;0;0;0;0;0
2530;Diamond Milk Susu UHT Full Cream;PT. Diamond Cold Storage;1;200 ml;120 kkal;0;0;10 g;0;6 g;6 g;0;0;0;0;0;0;0;0;0;0;0;0;0;0;0;0;0;0;0;0;0;0;0;0;0;0;0;0;0;0;100 mg;0;0;0;0;0;0;0;0;0;0;0;0;0
1662;Pizza Base;PT. Diamond Cold Storage;1;40 g;110 kkal;0;0;22 g;0;3 g;1 g;0;0;0;0;0;0;0;0;0 g;0;0;0;0;0;0;0;0;0;0;0;0;0;0;0;0;0;0;0;0;0;0 mg;0;0;0;0;0;0;0;0;0;0;0;0;0
2776;Susu UHT full cream Diamond;PT. Diamond Cold Storage;1;100 g;120 kkal;0;0;10 g;0;6 g;6 g;0;0;0;0;0;0;0;0;0;0;0;0;0;0;0;0;0;0;0;0;0;0;0;0;0;0;0;0;0;0;100 mg;0;0;0;0;0;0;0;0;0;0;0;0;0
2434;susu uht low fat;PT. Diamond Cold Storage;1;200 ml;80 kkal;0;0;9 g;0;6 g;2.50 g;0;0;0;0;0;0;0;0;6 g;0;0;0;45 mcg;0;0;0;0;0;0;0;0;0;0;0;0;0;0;35 mg;0;0;90 mg;0;4 mg;0;0;0;0;0;0;0;0;0;0;0
3162;diamond minuman susu rasa sereal coklat;PT. Diamond Cold Strorage;1;100 g;100 kkal;0;0;16 g;0;2 g;3.50 g;0;0;0;0;0;0;0;0;8 g;0;0;0;0;0;0;0;0;0;0;0;0;0;0;0;0;0;0;0;0;0;45 mg;250 mg;0;0;0;0;0;0;0;0;0;0;0;0
1853;You C1000 vitamin apple;PT. Djojonegoro;1;140 ml;60 kkal;0;0;14 g;0;0 g;0 g;0;0;0;0;0;0;0;0;14 g;0;0;0;0;0;0;0;0;0;0;0;0;0;0;0;0;0;0;0;0;0;0 mg;0;0;0;0;0;0;0;0;0;0;0;0;0
1855;You C1000 vitamin lemon;PT. Djojonegoro;1;140 ml;700 kkal;0;0;16 g;0;0 g;0 g;0;0;0;0;0;0;0;0;16 g;0;0;0;0;0;0;0;0;0;0;0;0;0;0;0;0;0;0;0;0;0;0 mg;0;0;0;0;0;0;0;0;0;0;0;0;0
1854;You C1000 vitamin orange;PT. Djojonegoro;1;140 ml;80 kkal;0;0;20 g;0;0 g;0 g;0;0;0;0;0;0;0;0;20 g;0;0;0;0;0;0;0;0;0;0;0;0;0;0;0;0;0;0;0;0;0;0 mg;0;0;0;0;0;0;0;0;0;0;0;0;0
4545;You C-1000 Orange Water;PT. Djojonegoro C-1000;1;500 ml;160 kkal;0;0;40 g;0;0 g;0 g;0;0;0;0;0;0;0;0;40 g;0;0;0;0;0;0;0;0;0;0;0;0;0;0;0;0;0;0;0;0;0;60 mg;0;0;0;0;0;0;0;0;0;0;0;0;0
4794;Cho Cho Radja Chocolate Wafer Stick 675g;PT. Dolphin;1;30 gram;130 kkal;0;0;23 g;0;2 g;3.50 g;0;0;0;0;0;2 g;0;0;10 g;0;0;0;0;0;0;0;0;0;0;0;0;0;0;0;0;0;0;0;0;0;110 mg;0;0;0;0;0;0;0;0;0;0;0;0;0
4796;Cho Cho Ratu Wafer Stick Strawberry 320g;PT. Dolphin;1;30 gram;130 kkal;0;0;24 g;0;2 g;3 g;0;0;0;0;0;2 g;0;0;9 g;0;0;0;0;0;0;0;0;0;0;0;0;0;0;0;0;0;0;0;0;0;105 mg;0;0;0;0;0;0;0;0;0;0;0;0;0
4630;Cho Cho Wafer Roll Rasa Cappuccino;PT. Dolphin;1;30 gram;140 kkal;0;0;22 g;0;1 g;6 g;0;0;0;0;0;2 g;0;0;11 g;0;0;0;0;0;0;0;0;0;0;0;0;0;0;0;0;0;0;0;0;0;70 mg;0;0;0;0;0;0;0;0;0;0;0;0;0
4356;Cho Cho Wafer Snack Chocolate Strawberry;PT. Dolphin;1;35 gram;180 kkal;0;0;24 g;0;1 g;8 g;0;0;0;0;0;1 g;0;0;15 g;0;0;0;0;0;0;0;0;0;0;0;0;0;0;0;0;0;0;0;0;0;120 mg;0;0;0;0;0;0;0;0;0;0;0;0;0
4797;Cho Cho Wafer Stick Coklat 500g;PT. Dolphin;1;30 gram;140 kkal;0;0;22 g;0;1 g;5 g;0;0;0;0;0;2 g;0;0;10 g;0;0;0;0;0;0;0;0;0;0;0;0;0;0;0;0;0;0;0;0;0;95 mg;0;0;0;0;0;0;0;0;0;0;0;0;0
4795;Rocky XXX-TRA Wafer Roll Rasa Coklat 620g;PT. Dolphin;1;30 gram;140 kkal;0;0;22 g;0;1 g;5 g;0;0;0;0;0;2 g;0;0;10 g;0;0;0;0;0;0;0;0;0;0;0;0;0;0;0;0;0;0;0;0;0;95 mg;0;0;0;0;0;0;0;0;0;0;0;0;0
4690;Deka Wafer Roll Choco Banana 120g;PT. Dua Kelinci;1;30 gram;150 kkal;0;0;21 g;0;1 g;6 g;0;0;0;0;0;1 g;0;0;11 g;0;0;0;0;0;0;0;0;0;0;0;0;0;0;0;0;0;0;0;0;0;30 mg;0;0;0;0;0;0;0;0;0;0;0;0;0
4689;Deka Wafer Roll Choco Choco 330g;PT. Dua Kelinci;1;30 gram;150 kkal;0;0;21 g;0;2 g;7 g;0;0;0;0;0;1 g;0;0;13 g;0;0;0;0;0;0;0;0;0;0;0;0;0;0;0;0;0;0;35 mg;0;0;40 mg;339 mg;1 mg;0;0;0;0;0;0;0;0;0;0;0
4996;Kuaci Fuzo Rasa Original 140g;PT. Dua Kelinci;1;10 gram;60 kkal;0;0;1 g;0;3 g;5 g;0;0;0;0;0;1 g;0;0;0 g;0;0;0;0;0;0;0;0;0;0;0;0;0;0;0;0;0;0;0;0;0;130 mg;0;0;0;0;0;0;0;0;0;0;0;0;0
4995;Kuaci Fuzo Rasa Susu 140g;PT. Dua Kelinci;1;10 gram;60 kkal;0;0;1 g;0;3 g;5 g;0;0;0;0;0;1 g;0;0;0 g;0;0;0;0;0;0;0;0;0;0;0;0;0;0;0;0;0;0;0;0;0;90 mg;0;0;0;0;0;0;0;0;0;0;0;0;0
2497;sukro oven;PT. Dua Kelinci;1;20 g;140 kkal;0;0;13 g;0;3 g;8 g;0;0;0;0;0;1 g;0;0;1 g;0;0;0;0;0;0;0;0;0;0;0;0;0;0;0;0;0;0;0;0;0;80 mg;0;0;0;0;0;0;0;0;0;0;0;0;0
4726;TicTac Rasa Sapi Panggang;PT. Dua Kelinci;1;20 gram;100 kkal;0;0;14 g;0;0 g;4.50 g;0;0;0;0;0;1 g;0;0;0 g;0;0;0;0;0;0;0;0;0;0;0;0;0;0;0;0;0;0;0;0;0;210 mg;0;0;0;0;0;0;0;0;0;0;0;0;0
2618;CupCafee powder drink with agar-agar rasa cokelat (isi 5 sachet);PT. Dunia Bintang Walet;1;22 g;80 kkal;0;0;16 g;0;0 g;0 g;0;0;0;0;0;6 g;0;0;9 g;0;0;0;0;0;0;0;0;0;0;0;0;0;0;0;0;0;0;0;0;0;55 mg;0;0;0;0;0;0;0;0;0;0;0;0;0
4827;Yava Sweet Cashews;PT. East Indo Fair Trading;1;20 gram;100 kkal;0;0;12 g;0;3 g;4 g;0;0;0;0;0;1 g;0;0;3 g;0;0;0;0;0;0;0;0;0;0;0;0;0;0;0;0;0;0;0;0;0;60 mg;0;0;0;0;0;0;0;0;0;0;0;0;0
4663;Food Island Seasoning (Bumbu Cair Jamur Kancing);PT. Eka Timur Raya;1;25 gram;10 kkal;0;0;1 g;0;1 g;0 g;0;0;0;0;0;0;0;0;0 g;0;0;0;0;0;0;0;0;0;0;0;0;0;0;0;0;0;0;0;0;0;1220 mg;0;0;0;0;0;0;0;0;0;0;0;0;0
3397;Emina Cheese stick;PT. Emina Cheese Indonesia;1;100 g;70 kkal;0;0;4 g;0;4 g;4 g;0;0;0;0;0;0;0;0;0 g;0;0;0;0;0;0;0;0;0;0;0;0;0;0;0;0;0;0;0;0;0;290 mg;0;0;0;0;0;0;0;0;0;0;0;0;0
3399;Emina Mild cheese;PT. Emina Cheese Indonesia;1;100 g;45 kkal;0;0;3 g;0;1 g;3 g;0;0;0;0;0;0;0;0;0 g;0;0;0;0;0;0;0;0;0;0;0;0;0;0;0;0;0;0;0;0;0;170 mg;0;0;0;0;0;0;0;0;0;0;0;0;0
4558;Emina Mozzarella Cheese Slice 75 g;PT. Emina Cheese Indonesia;1;15 gram;50 kkal;0;0;2 g;0;2 g;4 g;0;0;0;0;0;1 g;0;0;0 g;0;0;0;0;0;0;0;0;0;0;0;0;0;0;0;0;0;0;0;0;0;160 mg;0;0;0;0;0;0;0;0;0;0;0;0;0
4622;Koko Krunch Cokelat 70g;PT. Fairpack Indonesia;1;30 gram;110 kkal;0;0;24 g;0;2 g;1 g;0;0;0;0;0;1 g;0;0;8 g;0;0;0;0;0;0;0;0;0;0;0;0;0;0;0;0;0;0;0;0;0;55 mg;0;0;0;0;0;0;0;0;0;0;0;0;0
2522;Maggi Magic Lezat Bumbu Penyedap;PT. Fairpack Indonesia;1;3.50 g;5 kkal;0;0;1 g;0;1 g;0 g;0;0;0;0;0;0;0;0;0;0;0;0;0;0;0;0;0;0;0;0;0;0;0;0;0;0;0;0;0;0;970 mg;0;0;0;0;0;0;0;0;0;0;0;0;0
4981;Fontana Minyak Goreng;PT. Fajar Makmur Sentosa;1;100 ml;820 kkal;0;0;0 g;0;0 g;91 g;0;0;0;0;0;0;0;0;0 g;0;0;0;0;0;0;0;0;0;0;0;0;0;0;0;0;0;0;0;0;0;0 mg;0;0;0;0;0;0;0;0;0;0;0;0;0
4821;Golden City Chocolate Balls;PT. Fajar Mataram Sedayu;1;25 gram;120 kkal;0;0;18 g;0;2 g;5 g;0;0;0;0;0;0;0;0;10 g;0;0;0;0;0;0;0;0;0;0;0;0;0;0;0;0;0;0;0;0;0;35 mg;0;0;0;0;0;0;0;0;0;0;0;0;0
3214;Ayam Brand Sweet Corn Cream Style;PT. Faretina;1;100 g;25 kkal;0;0;5 g;0;1 g;0 g;0;0;0;0;0;1 g;0;0;3 g;0;0;0;0;0;0;0;0;0;0;0;0;0;0;0;0;0;0;0;0;0;95 mg;0;0;0;0;0;0;0;0;0;0;0;0;0
1314;KFC extra crispy dada;PT. Fast food indonesia;1;178 g;530 kkal;0;0;18 g;0;35 g;35 g;0;0;0;0;0;0;0;0;0;0;0;0;0;0;0;0;0;0;0;0;0;0;0;0;0;0;0;0;0;0;0 mg;0;0;0;0;0;0;0;0;0;0;0;0;0
1320;KFC extra crispy paha atas;PT. Fast food indonesia;1;112 g;330 kkal;0;0;9 g;0;22 g;23 g;0;0;0;0;0;0;0;0;0;0;0;0;0;0;0;0;0;0;0;0;0;0;0;0;0;0;0;0;0;0;0 mg;0;0;0;0;0;0;0;0;0;0;0;0;0
1315;KFC extra crispy paha bawah;PT. Fast food indonesia;1;55 g;170 kkal;0;0;5 g;0;10 g;12 g;0;0;0;0;0;0;0;0;0;0;0;0;0;0;0;0;0;0;0;0;0;0;0;0;0;0;0;0;0;0;0 mg;0;0;0;0;0;0;0;0;0;0;0;0;0
1316;KFC extra crispy sayap;PT. Fast food indonesia;1;48 g;170 kkal;0;0;5 g;0;10 g;13 g;0;0;0;0;0;0;0;0;0;0;0;0;0;0;0;0;0;0;0;0;0;0;0;0;0;0;0;0;0;0;0 mg;0;0;0;0;0;0;0;0;0;0;0;0;0
1318;KFC Original recipe dada;PT. Fast food indonesia;1;172 g;390 kkal;0;0;11 g;0;39 g;21 g;0;0;0;0;0;0;0;0;0;0;0;0;0;0;0;0;0;0;0;0;0;0;0;0;0;0;0;0;0;0;0 mg;0;0;0;0;0;0;0;0;0;0;0;0;0
1310;KFC Original recipe paha atas;PT. Fast food indonesia;1;104 g;280 kkal;0;0;8 g;0;19 g;19 g;0;0;0;0;0;0;0;0;0;0;0;0;0;0;0;0;0;0;0;0;0;0;0;0;0;0;0;0;0;0;0 mg;0;0;0;0;0;0;0;0;0;0;0;0;0
1319;KFC Original recipe paha bawah;PT. Fast food indonesia;1;53 g;130 kkal;0;0;4 g;0;12 g;8 g;0;0;0;0;0;0;0;0;0;0;0;0;0;0;0;0;0;0;0;0;0;0;0;0;0;0;0;0;0;0;0 mg;0;0;0;0;0;0;0;0;0;0;0;0;0
1321;KFC Original recipe sayap;PT. Fast food indonesia;1;43 g;130 kkal;0;0;3 g;0;10 g;8 g;0;0;0;0;0;0;0;0;0;0;0;0;0;0;0;0;0;0;0;0;0;0;0;0;0;0;0;0;0;0;0 mg;0;0;0;0;0;0;0;0;0;0;0;0;0
4668;Gizzi Milk Coconut Biscuits;PT. Fastrata Buana;1;20 gram;90 kkal;0;0;15 g;0;1 g;3.50 g;0;0;0;0;0;1 g;0;0;3 g;0;0;0;0;0;0;0;0;0;0;0;0;0;0;0;0;0;0;0;0;0;80 mg;0;0;0;0;0;0;0;0;0;0;0;0;0
4667;Gizzi Milk Dates Biscuits;PT. Fastrata Buana;1;20 gram;90 kkal;0;0;15 g;0;1 g;3 g;0;0;0;0;0;1 g;0;0;4 g;0;0;0;0;0;0;0;0;0;0;0;0;0;0;0;0;0;0;0;0;0;85 mg;0;0;0;0;0;0;0;0;0;0;0;0;0
1727;Oat 8 Almond;PT. Fastrata Buana;1;28.50 g;150 kkal;0;0;17 g;0;3 g;7 g;0;0;0;0;0;1 g;0;0;7 g;0;0;0;0;0;0;0;0;0;0;0;0;0;0;0;0;0;0;0;0;0;0 mg;0;0;0;0;0;0;0;0;0;0;0;0;0
1728;Oat 8 Kacang ijo;PT. Fastrata Buana;1;28.50 g;130 kkal;0;0;19 g;0;3 g;4 g;0;0;0;0;0;1 g;0;0;9 g;0;0;0;0;0;0;0;0;0;0;0;0;0;0;0;0;0;0;0;0;0;0 mg;0;0;0;0;0;0;0;0;0;0;0;0;0
2037;Coklat Ferrero rocher;PT. Ferrero Rocher;1;38 g;238 kkal;0;0;18 g;0;3 g;16 g;0;0;0;0;0;1 g;0;0;15 g;0;0;0;0;0;0;0;0;0;0;0;0;0;0;0;0;0;0;0;0;0;0 mg;0;0;0;0;0;0;0;0;0;0;0;0;0
1880;Fitmee ayam bawang;PT. FIT;1;71 g;30 kkal;0;0;7 g;0;0 g;0 g;0;0;0;0;0;1 g;0;0;1 g;0;0;0;0;0;0;0;0;0;0;0;0;0;0;0;0;0;0;0;0;0;1150 mg;0;0;0;0;0;0;0;0;0;0;0;0;0
1878;Fitmee mie goreng Korea;PT. FIT;1;78 g;150 kkal;0;0;29 g;0;1 g;4 g;0;0;0;0;0;3 g;0;0;6 g;0;0;0;0;0;0;0;0;0;0;0;0;0;0;0;0;0;0;0;0;0;400 mg;0;0;0;0;0;0;0;0;0;0;0;0;0
1879;Fitmee rasa soto;PT. FIT;1;92 g;60 kkal;0;0;10 g;0;0 g;2 g;0;0;0;0;0;2 g;0;0;2 g;0;0;0;0;0;0;0;0;0;0;0;0;0;0;0;0;0;0;0;0;0;430 mg;0;0;0;0;0;0;0;0;0;0;0;0;0
1438;Anlene (cokelat);PT. Fonterra brands;1;175 ml;135 kkal;0;0;21 g;0;7 g;3 g;0;0;0;0;0;0;0;0;20 g;0;0;0;0;0;0;0;0;0;0;0;0;0;0;0;0;0;0;0;0;0;0 mg;0;0;0;0;0;0;0;0;0;0;0;0;0
1978;Dairy cream Achor whipping cream;PT. Fonterra brands;1;100 ml;335 kkal;0;0;3.10 g;0;2.40 g;35.50 g;0;0;0;0;0;0;0;0;3.10 g;0;0;0;0;0;0;0;0;0;0;0;0;0;0;0;0;0;0;0;0;0;0 mg;0;0;0;0;0;0;0;0;0;0;0;0;0
1977;Dairy cream Anchor cream cheese;PT. Fonterra brands;1;100 g;350 kkal;0;0;2.50 g;0;8.80 g;34.20 g;0;0;0;0;0;0.70 g;0;0;2 g;0;0;0;0;0;0;0;0;0;0;0;0;0;0;0;0;0;0;0;0;0;0 mg;0;0;0;0;0;0;0;0;0;0;0;0;0
1937;Keju Anchor processed cheddar cheese;PT. Fonterra brands;1;12.40 g;45 kkal;0;0;0 g;0;3 g;3.50 g;0;0;0;0;0;0 g;0;0;0 g;0;0;0;0;0;0;0;0;0;0;0;0;0;0;0;0;0;0;0;0;0;0 mg;0;0;0;0;0;0;0;0;0;0;0;0;0
2482;susu anlene gold plus Hi-Calsium;pt. fonterra indonesia;1;30 g;110 kkal;0;0;20 g;0;6 g;1 g;0;0;0;0;0;0;0;0;0;0;0;0;170.80 mcg;0;63 mg;0.50 mg;0;0;0;0;0;0;0;0;0;0;0;602 mg;173.10 mg;0;90 mg;0;0;0;0;0;0;0;0;0;0;0;0;0
4346;Super Zuper Sour Candy;PT. Fonusa Agung Mulia;1;5 gram;20 kkal;0;0;5 g;0;0 g;0 g;0;0;0;0;0;0 g;0;0;3 g;0;0;0;0;0;0;0;0;0;0;0;0;0;0;0;0;0;0;0;0;0;0 mg;0;0;0;0;0;0;0;0;0;0;0;0;0
2175;Agar-agar agarasa cokelat;PT. Forisa;1;22.50 g;75 kkal;0;0;15 g;0;0 g;0 g;0;0;0;0;0;10 g;0;0;5 g;0;0;0;0;0;0;0;0;0;0;0;0;0;0;0;0;0;0;0;0;0;50 mg;0;0;0;0;0;0;0;0;0;0;0;0;0
2149;Agar-agar agarasa stroberi;PT. Forisa;1;10 g;25 kkal;0;0;10 g;0;0 g;0 g;0;0;0;0;0;0;0;0;0;0;0;0;0;0;0;0;0;0;0;0;0;0;0;0;0;0;0;0;0;0;25 mg;0;0;0;0;0;0;0;0;0;0;0;0;0
2161;Agar-agar agarasa stroberi;PT. Forisa;1;10 g;25 kkal;0;0;10 g;0;0 g;0 g;0;0;0;0;0;0;0;0;0;0;0;0;0;0;0;0;0;0;0;0;0;0;0;0;0;0;0;0;0;0;25 mg;0;0;0;0;0;0;0;0;0;0;0;0;0
2160;Agar-agar nutrijell coklat;PT. Forisa;1;30 g;120 kkal;0;0;24 g;0;4 g;0 g;0;0;0;0;0;0;0;0;12 g;0;0;0;0;0;0;0;0;0;0;0;0;0;0;0;0;0;0;0;0;0;0 mg;0;0;0;0;0;0;0;0;0;0;0;0;0
2159;Agar-agar nutrijell plain;PT. Forisa;1;15 g;40 kkal;0;0;12 g;0;0 g;0 g;0;0;0;0;0;0;0;0;0;0;0;0;0;0;0;0;0;0;0;0;0;0;0;0;0;0;0;0;0;0;0 mg;0;0;0;0;0;0;0;0;0;0;0;0;0
2694;Agar-agar Nutrijell Kelapa Muda;PT. Forisa Nusapersada;1;100 g;10 kkal;0;0;2 g;0;0 g;0 g;0;0;0;0;0;0;0;0;0;0;0;0;0;0;0;0;0;0;0;0;0;0;0;0;0;0;0;0;0;0;90 mg;0;0;0;0;0;0;0;0;0;0;0;0;0
4906;Karomah Insani dengan Susu Kambing Etawa Madu;PT. Forisa Nusapersada;1;25 gram;100 kkal;0;0;19 g;0;3 g;2 g;0;0;0;0;0;0;0;0;16 g;0;0;0;0;0;0;0;0;0;0;0;0;0;0;0;0;0;0;0;0;0;50 mg;0;0;0;0;0;0;0;0;0;0;0;0;0
4905;Karomah Insani dengan Susu Kambing Etawa Original;PT. Forisa Nusapersada;1;20 gram;80 kkal;0;0;14 g;0;3 g;2 g;0;0;0;0;0;0;0;0;11 g;0;0;0;0;0;0;0;0;0;0;0;0;0;0;0;0;0;0;0;0;0;45 mg;0;0;0;0;0;0;0;0;0;0;0;0;0
2515;La Pasta Royale with cheese bolognese sauce;PT. Forisa Nusapersada;1;102 g;340 kkal;0;0;640 g;0;10 g;6 g;0;0;0;0;0;8 g;0;0;10 g;0;0;0;0;0;0;0;0;0;0;0;0;0;0;0;0;0;0;0;0;0;1060 mg;0;0;0;0;0;0;0;0;0;0;0;0;0
2514;La Pasta Royale with hot and spicy sauce;PT. Forisa Nusapersada;1;90 g;330 kkal;0;0;58 g;0;9 g;7 g;0;0;0;0;0;7 g;0;0;22 g;0;0;0;0;0;0;0;0;0;0;0;0;0;0;0;0;0;0;0;0;0;950 mg;0;0;0;0;0;0;0;0;0;0;0;0;0
2628;Mom's Recipe Silky Pudding rasa alpukat;PT. Forisa Nusapersada;1;31 g;130 kkal;0;0;25 g;0;1 g;3.50 g;0;0;0;0;0;0;0;0;17 g;0;0;0;0;0;0;0;0;0;0;0;0;0;0;0;0;0;0;0;0;0;45 mg;0;0;0;0;0;0;0;0;0;0;0;0;0
2623;Mom's Recipe Silky Pudding rasa biskuit (155 g);PT. Forisa Nusapersada;1;100 g;440 kkal;0;0;75 g;0;7 g;13 g;0;0;0;0;0;0;0;0;51 g;0;0;0;0;0;0;0;0;0;0;0;0;0;0;0;0;0;0;0;0;0;320 mg;0;0;0;0;0;0;0;0;0;0;0;0;0
2624;Mom's Recipe Silky Pudding rasa cokelat (155 g);PT. Forisa Nusapersada;1;31 g;130 kkal;0;0;23 g;0;3 g;3.50 g;0;0;0;0;0;0;0;0;17 g;0;0;0;0;0;0;0;0;0;0;0;0;0;0;0;0;0;0;0;0;0;35 mg;0;0;0;0;0;0;0;0;0;0;0;0;0
2621;Mom's Recipe Silky Pudding rasa peach (155 g);PT. Forisa Nusapersada;1;100 g;430 kkal;0;0;76 g;0;9 g;10 g;0;0;0;0;0;0;0;0;56 g;0;0;0;0;0;0;0;0;0;0;0;0;0;0;0;0;0;0;0;0;0;150 mg;0;0;0;0;0;0;0;0;0;0;0;0;0
2626;Mom's Recipe Silky Pudding rasa permen karet (155 g);PT. Forisa Nusapersada;1;31 g;130 kkal;0;0;24 g;0;3 g;3 g;0;0;0;0;0;0;0;0;17 g;0;0;0;0;0;0;0;0;0;0;0;0;0;0;0;0;0;0;0;0;0;40 mg;0;0;0;0;0;0;0;0;0;0;0;0;0
3131;Nurtijell MyVla Coklat;PT. Forisa Nusapersada;1;100 g;270 kkal;0;0;52 g;0;3 g;5 g;0;0;0;0;0;0;0;0;33 g;0;0;0;0;0;0;0;0;0;0;0;0;0;0;0;0;0;0;0;0;0;160 mg;0;0;0;0;0;0;0;0;0;0;0;0;0
2612;Nutrijell Agarasa rasa cokelat;PT. Forisa Nusapersada;1;4.50 g;13 kkal;0;0;3 g;0;0 g;0 g;0;0;0;0;0;2 g;0;0;1 g;0;0;0;0;0;0;0;0;0;0;0;0;0;0;0;0;0;0;0;0;0;10 mg;0;0;0;0;0;0;0;0;0;0;0;0;0
2611;Nutrijell Agarasa rasa stroberi;PT. Forisa Nusapersada;1;2 g;5 kkal;0;0;3 g;0;0 g;0 g;0;0;0;0;0;1 g;0;0;0;0;0;0;0;0;0;0;0;0;0;0;0;0;0;0;0;0;0;0;0;0;5 mg;0;0;0;0;0;0;0;0;0;0;0;0;0
2610;Nutrijell Agarasa rasa vanila;PT. Forisa Nusapersada;1;2 g;5 kkal;0;0;2 g;0;0 g;0 g;0;0;0;0;0;0;0;0;0 g;0;0;0;0;0;0;0;0;0;0;0;0;0;0;0;0;0;0;0;0;0;0 mg;0;0;0;0;0;0;0;0;0;0;0;0;0
3257;NUtrijell Balanced Color Delima;PT. Forisa Nusapersada;1;100 g;10 kkal;0;0;3 g;0;0 g;0 g;0;0;0;0;0;1 g;0;0;1 g;0;0;0;0;0;0;0;0;0;0;0;0;0;0;0;0;0;0;0;0;0;15 mg;0;0;0;0;0;0;0;0;0;0;0;0;0
2609;Nutrijell jelly powder balanced color rasa blueberi, anggur, kol ungu & wortel ungu (15 g);PT. Forisa Nusapersada;1;3.75 g;20 kkal;0;0;3 g;0;0 g;0 g;0;0;0;0;0;1 g;0;0;1 g;0;0;0;0;0;0;0;0;0;0;0;0;0;0;0;0;0;0;0;0;0;0 mg;0;0;0;0;0;0;0;0;0;0;0;0;0
2608;Nutrijell jelly powder rasa cincau (15 g);PT. Forisa Nusapersada;1;3.75 g;10 kkal;0;0;3 g;0;0 g;0 g;0;0;0;0;0;2 g;0;0;1 g;0;0;0;0;0;0;0;0;0;0;0;0;0;0;0;0;0;0;0;0;0;0 mg;0;0;0;0;0;0;0;0;0;0;0;0;0
3258;Nutrijell Leci;PT. Forisa Nusapersada;1;100 g;10 kkal;0;0;3 g;0;0 g;0 g;0;0;0;0;0;1 g;0;0;1 g;0;0;0;0;0;0;0;0;0;0;0;0;0;0;0;0;0;0;0;0;0;0 mg;0;0;0;0;0;0;0;0;0;0;0;0;0
3209;Nutrijell MyVla Vanila;PT. Forisa Nusapersada;1;100 g;260 kkal;0;0;49 g;0;3 g;5 g;0;0;0;0;0;0;0;0;27 g;0;0;0;0;0;0;0;0;0;0;0;0;0;0;0;0;0;0;0;0;0;120 mg;0;0;0;0;0;0;0;0;0;0;0;0;0
2604;Nutrijell pudding lapis rasa cocopandan (110 g);PT. Forisa Nusapersada;1;40 g;180 kkal;0;0;35 g;0;1 g;4 g;0;0;0;0;0;0;0;0;26 g;0;0;0;0;0;0;0;0;0;0;0;0;0;0;0;0;0;0;0;0;0;180 mg;0;0;0;0;0;0;0;0;0;0;0;0;0
2615;Nutrijell pudding lapis rasa gula jawa (100 g);PT. Forisa Nusapersada;1;38 g;170 kkal;0;0;31 g;0;1 g;4.50 g;0;0;0;0;0;0;0;0;22 g;0;0;0;0;0;0;0;0;0;0;0;0;0;0;0;0;0;0;0;0;0;140 mg;0;0;0;0;0;0;0;0;0;0;0;0;0
2614;Nutrijell pudding santah rasa pandan (130 g);PT. Forisa Nusapersada;1;47 g;200 kkal;0;0;40 g;0;1 g;4.50 g;0;0;0;0;0;10 g;0;0;26 g;0;0;0;0;0;0;0;0;0;0;0;0;0;0;0;0;0;0;0;0;0;180 mg;0;0;0;0;0;0;0;0;0;0;0;0;0
2606;Nutrijell pudding susu rasa capuccino (145 g);PT. Forisa Nusapersada;1;52 g;220 kkal;0;0;45 g;0;1 g;4 g;0;0;0;0;0;0;0;0;19 g;0;0;0;0;0;0;0;0;0;0;0;0;0;0;0;0;0;0;0;0;0;110 mg;0;0;0;0;0;0;0;0;0;0;0;0;0
2607;Nutrijell pudding susu rasa karamel (142 g);PT. Forisa Nusapersada;1;47 g;200 kkal;0;0;40 g;0;1 g;4 g;0;0;0;0;0;0;0;0;34 g;0;0;0;0;0;0;0;0;0;0;0;0;0;0;0;0;0;0;0;0;0;100 mg;0;0;0;0;0;0;0;0;0;0;0;0;0
2603;Nutrijell pudding susu rasa stoberi (145 g);PT. Forisa Nusapersada;1;36.25 g;160 kkal;0;0;31 g;0;1 g;4 g;0;0;0;0;0;1 g;0;0;25 g;0;0;0;0;0;0;0;0;0;0;0;0;0;0;0;0;0;0;0;0;0;80 mg;0;0;0;0;0;0;0;0;0;0;0;0;0
2616;Nutrijell pudding suus rasa vanila (120 g);PT. Forisa Nusapersada;1;44.50 g;40 kkal;0;0;8 g;0;0 g;0.50 g;0;0;0;0;0;0;0;0;5 g;0;0;0;0;0;0;0;0;0;0;0;0;0;0;0;0;0;0;0;0;0;30 mg;0;0;0;0;0;0;0;0;0;0;0;0;0
4820;Nutrijell Rasa Mangga;PT. Forisa Nusapersada;1;10 gram;30 kkal;0;0;8 g;0;0 g;0 g;0;0;0;0;0;3 g;0;0;2 g;0;0;0;0;0;0;0;0;0;0;0;0;0;0;0;0;0;0;0;0;0;10 mg;0;0;0;0;0;0;0;0;0;0;0;0;0
3129;Pop Ice Alpukat;PT. Forisa Nusapersada;1;75.00 g;110 kkal;0;0;20 g;0;0 g;2.50 g;0;0;0;0;0;0;0;0;17 g;0;0;0;0;0;0;0;0;0;0;0;0;0;0;0;0;0;0;0;0;0;55 mg;0;0;0;0;0;0;0;0;0;0;0;0;0
3115;Pop Ice Anggur;PT. Forisa Nusapersada;1;75.00 g;90 kkal;0;0;21 g;0;1 g;1 g;0;0;0;0;0;0;0;0;17 g;0;0;0;0;0;0;0;0;0;0;0;0;0;0;0;0;0;0;0;0;0;15 mg;0;0;0;0;0;0;0;0;0;0;0;0;0
3110;Pop Ice Cappuccino;PT. Forisa Nusapersada;1;75.00 g;100 kkal;0;0;20 g;0;1 g;2 g;0;0;0;0;0;0;0;0;16 g;0;0;0;0;0;0;0;0;0;0;0;0;0;0;0;0;0;0;0;0;0;15 mg;0;0;0;0;0;0;0;0;0;0;0;0;0
3122;Pop Ice Cokelat;PT. Forisa Nusapersada;1;100 g;100 kkal;0;0;22 g;0;1 g;1 g;0;0;0;0;0;0;0;0;17 g;0;0;0;0;0;0;0;0;0;0;0;0;0;0;0;0;0;0;0;0;0;35 mg;0;0;0;0;0;0;0;0;0;0;0;0;0
3123;Pop Ice Cokelat Biskuit;PT. Forisa Nusapersada;1;75.00 g;110 kkal;0;0;20 g;0;1 g;3.50 g;0;0;0;0;0;0;0;0;16 g;0;0;0;0;0;0;0;0;0;0;0;0;0;0;0;0;0;0;0;0;0;55 mg;0;0;0;0;0;0;0;0;0;0;0;0;0
3130;Pop Ice Durian;PT. Forisa Nusapersada;1;100 g;100 kkal;0;0;20 g;0;0 g;2.50 g;0;0;0;0;0;0;0;0;17 g;0;0;0;0;0;0;0;0;0;0;0;0;0;0;0;0;0;0;0;0;0;50 mg;0;0;0;0;0;0;0;0;0;0;0;0;0
3109;Pop Ice Es Doger;PT. Forisa Nusapersada;1;75.00 g;110 kkal;0;0;22 g;0;1 g;2 g;0;0;0;0;0;0;0;0;19 g;0;0;0;0;0;0;0;0;0;0;0;0;0;0;0;0;0;0;0;0;0;35 mg;0;0;0;0;0;0;0;0;0;0;0;0;0
3107;Pop Ice Mangga;PT. Forisa Nusapersada;1;75.00 g;110 kkal;0;0;22 g;0;1 g;1.50 g;0;0;0;0;0;0;0;0;15 g;0;0;0;0;0;0;0;0;0;0;0;0;0;0;0;0;0;0;0;0;0;15 mg;0;0;0;0;0;0;0;0;0;0;0;0;0
3124;Pop Ice Moccacino;PT. Forisa Nusapersada;1;75.00 g;110 kkal;0;0;22 g;0;1 g;1.50 g;0;0;0;0;0;0;0;0;15 g;0;0;0;0;0;0;0;0;0;0;0;0;0;0;0;0;0;0;0;0;0;30 mg;0;0;0;0;0;0;0;0;0;0;0;0;0
3127;Pop Ice Permen Karet;PT. Forisa Nusapersada;1;75.00 g;110 kkal;0;0;22 g;0;0 g;2.50 g;0;0;0;0;0;0;0;0;19 g;0;0;0;0;0;0;0;0;0;0;0;0;0;0;0;0;0;0;0;0;0;60 mg;0;0;0;0;0;0;0;0;0;0;0;0;0
3126;Pop Ice Stroberi;PT. Forisa Nusapersada;1;100 g;100 kkal;0;0;21 g;0;0 g;1 g;0;0;0;0;0;0;0;0;16 g;0;0;0;0;0;0;0;0;0;0;0;0;0;0;0;0;0;0;0;0;0;20 mg;0;0;0;0;0;0;0;0;0;0;0;0;0
3128;Pop Ice Taro;PT. Forisa Nusapersada;1;100 g;100 kkal;0;0;22 g;0;0 g;1.50 g;0;0;0;0;0;0;0;0;19 g;0;0;0;0;0;0;0;0;0;0;0;0;0;0;0;0;0;0;0;0;0;40 mg;0;0;0;0;0;0;0;0;0;0;0;0;0
3125;Pop Ice Vanila Blue;PT. Forisa Nusapersada;1;100 g;100 kkal;0;0;20 g;0;1 g;1.50 g;0;0;0;0;0;0;0;0;16 g;0;0;0;0;0;0;0;0;0;0;0;0;0;0;0;0;0;0;0;0;0;50 mg;0;0;0;0;0;0;0;0;0;0;0;0;0
2167;Silky Pudding Coklat;PT. Forisa Nusapersada;1;31 g;130 kkal;0;0;23 g;0;3 g;3.50 g;0;0;0;0;0;0;0;0;0;0;0;0;0;0;0;0;0;0;0;0;0;0;0;0;0;0;0;0;0;0;35 mg;0;0;0;0;0;0;0;0;0;0;0;0;0
4948;Teh Sisri Rasa Lemon;PT. Forisa Nusapersada;1;8 gram;30 kkal;0;0;8 g;0;0 g;0 g;0;0;0;0;0;0;0;0;7 g;0;0;0;0;0;0;0;0;0;0;0;0;0;0;0;0;0;0;0;0;0;5 mg;0;0;0;0;0;0;0;0;0;0;0;0;0
3253;Top Ice Rasa Mangga;PT. Forisa Nusapersada;1;100 g;30 kkal;0;0;6 g;0;0 g;0 g;0;0;0;0;0;0;0;0;5 g;0;0;0;0;0;0;0;0;0;0;0;0;0;0;0;0;0;0;0;0;0;5 mg;0;0;0;0;0;0;0;0;0;0;0;0;0
2471;Nutrijell kelapa;PT. FORISANUSAPERSADA;1;3.75 g;10 kkal;0;0;2 g;0;0 g;0 g;0;0;0;0;0;1 g;0;0;1 g;0;0;0;0;0;0;0;0;0;0;0;0;0;0;0;0;0;0;0;0;0;90 mg;0;0;0;0;0;0;0;0;0;0;0;0;0
1369;Frisian flag belgian chocolate low fat;PT. Frisian Flag Indonesia;1;225 ml;150 kkal;0;0;25 g;0;7 g;2.50 g;0;0;0;0;0;0;0;0;19 g;0;0;0;0;0;0;0;0;0;0;0;0;0;0;0;0;0;0;0;0;0;100 mg;0;0;0;0;0;0;0;0;0;0;0;0;0
1370;Frisian flag california strawberry low fat;PT. Frisian Flag Indonesia;1;225 ml;150 kkal;0;0;24 g;0;7 g;2.50 g;0;0;0;0;0;0;0;0;22 g;0;0;0;0;0;0;0;0;0;0;0;0;0;0;0;0;0;0;0;0;0;125 mg;0;0;0;0;0;0;0;0;0;0;0;0;0
1366;Frisian flag coconut delight;PT. Frisian Flag Indonesia;1;225 ml;160 kkal;0;0;25 g;0;6 g;5 g;0;0;0;0;0;0;0;0;14 g;0;0;0;0;0;0;0;0;0;0;0;0;0;0;0;0;0;0;0;0;0;95 mg;0;0;0;0;0;0;0;0;0;0;0;0;0
1420;Frisian flag cokelat (kental manis);PT. Frisian Flag Indonesia;1;40 g;135 kkal;0;0;23 g;0;1 g;4.50 g;0;0;0;0;0;0;0;0;19 g;0;0;0;0;0;0;0;0;0;0;0;0;0;0;0;0;0;0;0;0;0;0 mg;0;0;0;0;0;0;0;0;0;0;0;0;0
1490;Frisian flag french vanilla low fat;PT. Frisian Flag Indonesia;1;225 ml;110 kkal;0;0;16 g;0;7 g;2.50 g;0;0;0;0;0;0;0;0;16 g;0;0;0;0;0;0;0;0;0;0;0;0;0;0;0;0;0;0;0;0;0;110 mg;0;0;0;0;0;0;0;0;0;0;0;0;0
4738;Frisian Flag Full Cream Gold 240g Pouch;PT. Frisian Flag Indonesia;1;30 gram;100 kkal;0;0;17 g;0;2 g;2.50 g;0;0;0;0;0;0;0;0;16 g;0;0;0;0;0;0;0;0;0;0;0;0;0;0;0;0;0;0;0;0;0;25 mg;0;0;0;0;0;0;0;0;0;0;0;0;0
1419;Frisian flag gold (kental manis);PT. Frisian Flag Indonesia;1;40 g;130 kkal;0;0;22 g;0;3 g;3.50 g;0;0;0;0;0;0;0;0;21 g;0;0;0;0;0;0;0;0;0;0;0;0;0;0;0;0;0;0;0;0;0;0 mg;0;0;0;0;0;0;0;0;0;0;0;0;0
2298;Frisian Flag Junio rasa Cokelat;PT. Frisian Flag Indonesia;1;110 ml;80 kkal;0;0;10 g;0;3 g;2.50 g;0;0;0;0;0;0;0;0;0;0;0;0;0;0;0;0;0;0;0;0;0;0;0;0;0;0;0;0;0;0;65 mg;0;0;0;0;0;0;0;0;0;0;0;0;0
4621;Frisian Flag Kental Manis Energo Cokelat;PT. Frisian Flag Indonesia;1;30 gram;100 kkal;0;0;17 g;0;1 g;3 g;0;0;0;0;0;0;0;0;15 g;0;0;0;0;0;0;0;0;0;0;0;0;0;0;0;0;0;0;0;0;0;30 mg;0;0;0;0;0;0;0;0;0;0;0;0;0
1152;Frisian Flag kental manis kemasan ekonomis 560 gram;PT. Frisian Flag Indonesia;1;40 g;140 kkal;0;0;23 g;0;1 g;40 g;0;0;0;0;0;0;0;0;19 g;0;0;0;0;0;0;0;0;0;0;0;0;0;0;0;0;0;0;0;0;0;25 mg;100 mg;0;0;0;0;0;0;0;0;0;0;0;0
3158;Frisian Flag Milky rasa coklat;PT. Frisian Flag Indonesia;1;100 g;140 kkal;0;0;21 g;0;4 g;4.50 g;0;0;0;0;0;0;0;0;20 g;0;0;0;0;0;0;0;0;0;0;0;0;0;0;0;0;0;0;0;0;0;50 mg;240 mg;0;0;0;0;0;0;0;0;0;0;0;0
3159;Frisian flag milky rasa stoberi;PT. Frisian Flag Indonesia;1;100 g;130 kkal;0;0;21 g;0;4 g;3.50 g;0;0;0;0;0;0;0;0;20 g;0;0;0;0;0;0;0;0;0;0;0;0;0;0;0;0;0;0;0;0;0;60 mg;220 mg;0;0;0;0;0;0;0;0;0;0;0;0
2493;frisian flag purefarm swiss chocolate;PT. Frisian Flag Indonesia;1;225 ml;160 kkal;0;0;24 g;0;5 g;5 g;0;0;0;0;0;0;0;0;0;0;0;0;0;0;0;0;0;0;0;0;0;0;0;0;0;0;0;0;0;0;125 mg;300 mg;0;0;0;0;0;0;0;0;0;0;0;0
1418;Frisian flag putih (kental manis);PT. Frisian Flag Indonesia;1;40 g;140 kkal;0;0;23 g;0;1 g;4 g;0;0;0;0;0;0;0;0;19 g;0;0;0;0;0;0;0;0;0;0;0;0;0;0;0;0;0;0;0;0;0;0 mg;0;0;0;0;0;0;0;0;0;0;0;0;0
1367;Frisian flag sweet delight;PT. Frisian Flag Indonesia;1;225 ml;150 kkal;0;0;20 g;0;6 g;6 g;0;0;0;0;0;0;0;0;18 g;0;0;0;0;0;0;0;0;0;0;0;0;0;0;0;0;0;0;0;0;0;75 mg;0;0;0;0;0;0;0;0;0;0;0;0;0
2019;Cheetos Crunchy;PT. Frito Lay;1;28 g;160 kkal;0;0;15 g;0;2 g;10 g;0;0;0;0;0;0.90 g;0;0;0.90 g;0;0;0;0;0;0;0;0;0;0;0;0;0;0;0;0;0;0;0;0;0;0 mg;0;0;0;0;0;0;0;0;0;0;0;0;0
2022;Cheetos Puffs;PT. Frito Lay;1;28 g;160 kkal;0;0;16 g;0;2 g;10 g;0;0;0;0;0;0.90 g;0;0;0.90 g;0;0;0;0;0;0;0;0;0;0;0;0;0;0;0;0;0;0;0;0;0;0 mg;0;0;0;0;0;0;0;0;0;0;0;0;0
4814;MaLing Kacang Polong;PT. Fu Yong Fong Indonesia;1;100 gram;100 kkal;0;0;18 g;0;6 g;0 g;0;0;0;0;0;0;0;0;0;0;0;0;0;0;0;0;0;0;0;0;0;0;0;0;0;0;0;0;0;0;270 mg;0;0;0;0;0;0;0;0;0;0;0;0;0
3038;Morin Pineapple Jam;PT. Futami Food & Beverage;1;100.00 g;45 kkal;0;0;11 g;0;0 g;0 g;0;0;0;0;0;0 g;0;0;9 g;0;0;0;0;0;0;0;0;0;0;0;0;0;0;0;0;0;0;0;0;0;0 mg;0;0;0;0;0;0;0;0;0;0;0;0;0
3263;WRP Active Coco Splash;PT. Futami Food & Beverage;1;20.00 g;70 kkal;0;0;17 g;0;1 g;0 g;0;0;0;0;0;0;0;0;14 g;0;0;0;0;0;0;0;0;0;0;0;0;0;0;90 mg;0;0;0;0;0;0;135 mg;320 mg;0;0;0;0;0;0;0;0;0;0;0;0
4562;Colatta Dark Compound Chocolate;PT. Gandum Mas Kencana;1;20 gram;120 kkal;0;0;10 g;0;1 g;8 g;0;0;0;0;0;2 g;0;0;8 g;0;0;0;0;0;0;0;0;0;0;0;0;0;0;0;0;0;0;0;0;0;10 mg;0;0;0;0;0;0;0;0;0;0;0;0;0
4567;Haan Gula Aren (Palm Sugar) 250 g;PT. Gandum Mas Kencana;1;20 gram;80 kkal;0;0;19 g;0;0 g;0 g;0;0;0;0;0;0 g;0;0;19 g;0;0;0;0;0;0;0;0;0;0;0;0;0;0;0;0;0;0;0;0;0;0 mg;0;0;0;0;0;0;0;0;0;0;0;0;0
4590;Haan Pancake Mix Chocolate 150g;PT. Gandum Mas Kencana;1;21 gram;70 kkal;0;0;16 g;0;1 g;0 g;0;0;0;0;0;1 g;0;0;7 g;0;0;0;0;0;0;0;0;0;0;0;0;0;0;0;0;0;0;0;0;0;180 mg;0;0;0;0;0;0;0;0;0;0;0;0;0
3192;Bawang Putih Bubuk;PT. Ganesha Abaditama;1;100 g;10 kkal;0;0;2 g;0;0 g;0 g;0;0;0;0;0;0;0;0;0 g;0;0;0;0;0;0;0;0;0;0;0;0;0;0;0;0;0;0;0;0;0;40 mg;0;0;0;0;0;0;0;0;0;0;0;0;0
3194;Cabe Bubuk;PT. Ganesha Abaditama;1;100 g;15 kkal;0;0;2 g;0;0 g;0 g;0;0;0;0;0;0;0;0;0 g;0;0;0;0;0;0;0;0;0;0;0;0;0;0;0;0;0;0;0;0;0;2 mg;0;0;0;0;0;0;0;0;0;0;0;0;0
4811;Lososa Less Sodium Salt;PT. Garam (Persero);1;2 gram;0 kkal;0;0;0 g;0;0 g;0 g;0;0;0;0;0;0;0;0;0;0;0;0;0;0;0;0;0;0;0;0;0;0;0;0;0;0;0;0;0;0;280 mg;170 mg;0;0;0;0;0;0;0;0;0;0;0;0
4488;Chocolatos Rich Chocolate;PT. Garudafood Putra Putri Jaya Tbk;1;14 gram;70 kkal;0;0;9 g;0;1 g;3.50 g;0;0;0;0;0;1 g;0;0;5 g;0;0;0;0;0;0;0;0;0;0;0;0;0;0;0;0;0;0;0;0;0;10 mg;0;0;0;0;0;0;0;0;0;0;0;0;0
4878;Chocolatos Wafer Cream 300g;PT. Garudafood Putra Putri Jaya Tbk;1;20 gram;100 kkal;0;0;14 g;0;1 g;4 g;0;0;0;0;0;1 g;0;0;5 g;0;0;0;0;0;0;0;0;0;0;0;0;0;0;0;0;0;0;0;0;0;60 mg;0;0;0;0;0;0;0;0;0;0;0;0;0
2454;Garuda kacang kulit rasa;PT. Garudafood Putra Putri Jaya Tbk;1;25 g;130 kkal;0;0;8 g;0;7 g;8 g;0;0;0;0;0;7 g;0;0;0;0;0;0;0;0;0;0;0;0;0;0;0;0;0;0;0;0;0;0;0;0;250 mg;0;0;0;0;0;0;0;0;0;0;0;0;0
4806;Gery Butter Cookies 300g;PT. Garudafood Putra Putri Jaya Tbk;1;20 gram;100 kkal;0;0;13 g;0;1 g;5 g;0;0;0;0;0;1 g;0;0;3 g;0;0;0;0;0;0;0;0;0;0;0;0;0;0;0;0;0;0;0;0;0;80 mg;0;0;0;0;0;0;0;0;0;0;0;0;0
4788;Gery Egg Roll 210g;PT. Garudafood Putra Putri Jaya Tbk;1;20 gram;90 kkal;0;0;16 g;0;2 g;1.50 g;0;0;0;0;0;1 g;0;0;3 g;0;0;0;0;0;0;0;0;0;0;0;0;0;0;0;0;0;0;0;0;0;30 mg;0;0;0;0;0;0;0;0;0;0;0;0;0
3304;Gery salut malkist macha latte;PT. Garudafood Putra Putri Jaya Tbk;1;100 g;110 kkal;0;0;15 g;0;2 g;5 g;0;0;0;0;0;0;0;0;4 g;0;0;0;0;0;0;0;0;0;0;0;0;0;0;0;0;0;0;0;0;0;95 mg;0;0;0;0;0;0;0;0;0;0;0;0;0
1568;Gery Saluut Malkist;PT. Garudafood Putra Putri Jaya Tbk;1;28 g;130 kkal;0;0;19 g;0;2 g;5 g;0;0;0;0;0;0;0;0;5 g;0;0;0;0;0;0;0;0;0;0;0;0;0;0;0;0;0;0;0;0;0;0 mg;0;0;0;0;0;0;0;0;0;0;0;0;0
3882;Gery Snack & Sereal;PT. Garudafood Putra Putri Jaya Tbk;1;20 gram;100 kkal;0;0;13 g;0;1 g;4.50 g;0;0;0;0;0;1 g;0;0;7 g;0;0;0;0;0;0;0;0;0;0;0;0;0;0;0;0;0;0;0;0;0;70 mg;0;0;0;0;0;0;0;0;0;0;0;0;0
3887;Gery Snack Bantal Cokelat;PT. Garudafood Putra Putri Jaya Tbk;1;14 gram;70 kkal;0;0;9 g;0;1 g;3.50 g;0;0;0;0;0;0;0;0;3 g;0;0;0;0;0;0;0;0;0;0;0;0;0;0;0;0;0;0;0;0;0;15 mg;0;0;0;0;0;0;0;0;0;0;0;0;0
4879;Gery Wafer Cream Chocolate 250g;PT. Garudafood Putra Putri Jaya Tbk;1;20 gram;100 kkal;0;0;14 g;0;1 g;4.50 g;0;0;0;0;0;1 g;0;0;5 g;0;0;0;0;0;0;0;0;0;0;0;0;0;0;0;0;0;0;0;0;0;105 mg;0;0;0;0;0;0;0;0;0;0;0;0;0
4468;Waffle Pandan;PT. Garudafood Putra Putri Jaya Tbk;1;16 gram;80 kkal;0;0;9 g;0;1 g;4.50 g;0;0;0;0;0;0;0;0;4 g;0;0;0;0;0;0;0;0;0;0;0;0;0;0;0;0;0;0;0;0;0;50 mg;0;0;0;0;0;0;0;0;0;0;0;0;0
2481;kacang garuda roste kacang panggang;PT. GARUDAFOOD PUTRI JAYA;1;30 g;130 kkal;0;0;16 g;0;5 g;5 g;0;0;0;0;0;0;0;0;0;0;0;0;0;0;0;0;0;0;0;0;0;0;0;0;0;0;0;0;0;0;115 mg;0;0;0;0;0;0;0;0;0;0;0;0;0
2557;PRONAS Sarden dalam saus tomat (425 g);PT. GEMA ISTA RAYA;1;70 g;90 kkal;0;0;1 g;0;9 g;6 g;0;0;0;0;0;0;0;0;0;0;0;0;0;0;0;0;0;0;0;0;0;0;0;0;0;0;0;0;0;0;150 mg;0;0;0;0;0;0;0;0;0;0;0;0;0
2558;PRONAS Sarden saus pedas (425 g);PT. GEMA ISTA RAYA;1;70 g;80 kkal;0;0;2 g;0;8 g;4 g;0;0;0;0;0;0;0;0;0;0;0;0;0;0;0;0;0;0;0;0;0;0;0;0;0;0;0;0;0;0;120 mg;0;0;0;0;0;0;0;0;0;0;0;0;0
4529;Gita Nana Snack Ball Cokelat;PT. Gita;1;20 gram;100 kkal;0;0;14 g;0;1 g;4.50 g;0;0;0;0;0;0;0;0;0 g;0;0;0;0;0;0;0;0;0;0;0;0;0;0;0;0;0;0;0;0;0;75 mg;0;0;0;0;0;0;0;0;0;0;0;0;0
4742;Glico Alfie Milk Chocolate;PT. Glico Indonesia;1;31 gram;160 kkal;0;0;19.40 g;0;2.10 g;8.40 g;0;0;0;0;0;1.80 g;0;0;11 g;0;0;0;0;0;0;0;0;0;0;0;0;0;0;0;0;0;0;0;0;0;32 mg;0;0;0;0;0;0;0;0;0;0;0;0;0
4741;Glico Alfie Strawberry & Milk;PT. Glico Indonesia;1;31 gram;170 kkal;0;0;18.80 g;0;1.50 g;10 g;0;0;0;0;0;0.90 g;0;0;14.60 g;0;0;0;0;0;0;0;0;0;0;0;0;0;0;0;0;0;0;0;0;0;32 mg;0;0;0;0;0;0;0;0;0;0;0;0;0
4349;Pejoy Belgian Chocolate;PT. Glico Indonesia;1;30 gram;150 kkal;0;0;19 g;0;2 g;7 g;0;0;0;0;0;0;0;0;8 g;0;0;0;0;0;0;0;0;0;0;0;0;0;0;0;0;0;0;0;0;0;85 mg;0;0;0;0;0;0;0;0;0;0;0;0;0
4486;Pejoy Belgian Chocolate Flavour;PT. Glico Indonesia;1;30 gram;150 kkal;0;0;19 g;0;2 g;7 g;0;0;0;0;0;0;0;0;8 g;0;0;0;0;0;0;0;0;0;0;0;0;0;0;0;0;0;0;0;0;0;85 mg;0;0;0;0;0;0;0;0;0;0;0;0;0
3768;Pejoy Vanilla Hokkaido Milk;PT. Glico Indonesia;1;100 g;150 kkal;0;0;20 g;0;2 g;7 g;0;0;0;0;0;0;0;0;9 g;0;0;0;0;0;0;0;0;0;0;0;0;0;0;0;0;0;0;0;0;0;95 mg;0;0;0;0;0;0;0;0;0;0;0;0;0
1528;Pocky Choco banana;PT. Glico Indonesia;1;42 g;220 kkal;0;0;28 g;0;3 g;10 g;0;0;0;0;0;0;0;0;12 g;0;0;0;0;0;0;0;0;0;0;0;0;0;0;0;0;0;0;0;0;0;0 mg;0;0;0;0;0;0;0;0;0;0;0;0;0
1524;Pocky Chocolate;PT. Glico Indonesia;1;250.00 ml;220 kkal;0;0;32 g;0;4 g;8 g;0;0;0;0;0;2 g;0;0;14 g;0;0;0;0;0;0;0;0;0;0;0;0;0;0;0;0;0;0;0;0;0;90 mg;0;0;0;0;0;0;0;0;0;0;0;0;0
4484;Pocky Crushed Fruits Blueberry Yoghurt Flavour;PT. Glico Indonesia;1;38 gram;190 kkal;0;0;26 g;0;3 g;7 g;0;0;0;0;0;1 g;0;0;13 g;0;0;0;0;0;0;0;0;0;0;0;0;0;0;0;0;0;0;0;0;0;65 mg;0;0;0;0;0;0;0;0;0;0;0;0;0
4483;Pocky Crushed Fruits Strawberry Peach Yoghurt Flavour;PT. Glico Indonesia;1;38 gram;190 kkal;0;0;26 g;0;3 g;8 g;0;0;0;0;0;1 g;0;0;14 g;0;0;0;0;0;0;0;0;0;0;0;0;0;0;0;0;0;0;0;0;0;65 mg;0;0;0;0;0;0;0;0;0;0;0;0;0
1527;Pocky Strawberry;PT. Glico Indonesia;1;45 g;220 kkal;0;0;31 g;0;3 g;10 g;0;0;0;0;0;0;0;0;9 g;0;0;0;0;0;0;0;0;0;0;0;0;0;0;0;0;0;0;0;0;0;0 mg;0;0;0;0;0;0;0;0;0;0;0;0;0
2052;pocky strawberry (11 g);PT. Glico Indonesia;1;9 g;45 kkal;0;0;6 g;0;1 g;2 g;0;0;0;0;0;0;0;0;3 g;0;0;0;0;0;0;0;0;0;0;0;0;0;0;0;0;0;0;0;0;0;15 mg;0;0;0;0;0;0;0;0;0;0;0;0;0
4485;Pocky Crushed Nuts Almonds Dark Chocolate Flavour;PT. Glico Manufacturing Indonesia;1;25 gram;130 kkal;0;0;14 g;0;3 g;7 g;0;0;0;0;0;1 g;0;0;8 g;0;0;0;0;0;0;0;0;0;0;0;0;0;0;0;0;0;0;0;0;0;40 mg;0;0;0;0;0;0;0;0;0;0;0;0;0
4342;Frost Bite Es Krim Boba Milk Tea with Brown Sugar;PT. Glico Wings;1;60 ml;110 kkal;0;0;21 g;0;1 g;3 g;0;0;0;0;0;0;0;0;13 g;0;0;0;0;0;0;0;0;0;0;0;0;0;0;0;0;0;0;0;0;0;35 mg;0;0;0;0;0;0;0;0;0;0;0;0;0
4344;Frost Bite Es Krim Cup Rasa Cookies & Cream;PT. Glico Wings;1;90 ml;110 kkal;0;0;18 g;0;1 g;3.50 g;0;0;0;0;0;0;0;0;10 g;0;0;0;0;0;0;0;0;0;0;0;0;0;0;0;0;0;0;0;0;0;55 mg;0;0;0;0;0;0;0;0;0;0;0;0;0
4343;Frost Bite Es Krim Cup Rasa Strawberry Vanilla;PT. Glico Wings;1;90 ml;140 kkal;0;0;24 g;0;2 g;4 g;0;0;0;0;0;0;0;0;15 g;0;0;0;0;0;0;0;0;0;0;0;0;0;0;0;0;0;0;0;0;0;20 mg;0;0;0;0;0;0;0;0;0;0;0;0;0
4336;Frost Bite Es Krim Susu Rasa Choco Lava Mochi;PT. Glico Wings;1;46 ml;120 kkal;0;0;27 g;0;1 g;1 g;0;0;0;0;0;0;0;0;10 g;0;0;0;0;0;0;0;0;0;0;0;0;0;0;0;0;0;0;0;0;0;25 mg;0;0;0;0;0;0;0;0;0;0;0;0;0
4340;Frost Bite Jcone Es Krim Black & Pink;PT. Glico Wings;1;90 ml;220 kkal;0;0;37 g;0;2 g;7 g;0;0;0;0;0;0;0;0;14 g;0;0;0;0;0;0;0;0;0;0;0;0;0;0;0;0;0;0;0;0;0;25 mg;0;0;0;0;0;0;0;0;0;0;0;0;0
4339;Frost Bite Jcone Es Krim Rasa Cookies & Cream;PT. Glico Wings;1;80 ml;140 kkal;0;0;25 g;0;2 g;4 g;0;0;0;0;0;0;0;0;14 g;0;0;0;0;0;0;0;0;0;0;0;0;0;0;0;0;0;0;0;0;0;35 mg;0;0;0;0;0;0;0;0;0;0;0;0;0
1846;Teh gopek;PT. Gopek Cipta Utama;1;2 g;0 kkal;0;0;0 g;0;0 g;0 g;0;0;0;0;0;0 g;0;0;0 g;0;0;0;0;0;0;0;0;0;0;0;0;0;0;0;0;0;0;0;0;0;0 mg;0;0;0;0;0;0;0;0;0;0;0;0;0
2028;Sereal Great Gains Crunchy Pecan;PT. Great Grain;1;52 g;210 kkal;0;0;38 g;0;5 g;6 g;0;0;0;0;0;5 g;0;0;8 g;0;0;0;0;0;0;0;0;0;0;0;0;0;0;0;0;0;0;0;0;0;0 mg;0;0;0;0;0;0;0;0;0;0;0;0;0
2026;Sereal Great Grains Banana nut crunch;PT. Great Grain;1;59 g;230 kkal;0;0;45 g;0;6 g;4.50 g;0;0;0;0;0;7 g;0;0;10 g;0;0;0;0;0;0;0;0;0;0;0;0;0;0;0;0;0;0;0;0;0;0 mg;0;0;0;0;0;0;0;0;0;0;0;0;0
2027;Sereal Great Grains Raisins, Dates & Pecans;PT. Great Grain;1;55 g;210 kkal;0;0;41 g;0;4 g;4 g;0;0;0;0;0;5 g;0;0;13 g;0;0;0;0;0;0;0;0;0;0;0;0;0;0;0;0;0;0;0;0;0;0 mg;0;0;0;0;0;0;0;0;0;0;0;0;0
2234;Berry Yoghurt;PT. Greenfield Indonesia;1;125 g;140 kkal;0;0;22 g;0;4 g;4 g;0;0;0;0;0;0;0;0;0;0;0;0;0;0;0;0;0;0;0;0;0;0;0;0;0;0;0;0;0;0;4 mg;0;0;0;0;0;0;0;0;0;0;0;0;0
2733;Blueberry Yogurt;PT. Greenfield Indonesia;1;100 g;140 kkal;0;0;23 g;0;4 g;4 g;0;0;0;0;0;0;0;0;0;0;0;0;0;0;0;0;0;0;0;0;0;0;0;0;0;0;0;0;0;0;30 mg;0;0;0;0;0;0;0;0;0;0;0;0;0
4605;Greenfield Chocolate 105 mL;PT. Greenfield Indonesia;1;105 ml;80 kkal;0;0;12 g;0;3 g;2 g;0;0;0;0;0;0 g;0;0;10 g;0;0;0;0;0;0;0;0;0;0;0;0;0;0;0;0;0;0;0;0;0;30 mg;0;0;0;0;0;0;0;0;0;0;0;0;0
3714;Greenfield Low Fat UHT;PT. Greenfield Indonesia;1;18.00 g;110 kkal;0;0;12 g;0;9 g;3 g;0;0;0;0;0;0;0;0;0;0;0;0;0;0;0;0;0;0;0;0;0;0;0;0;0;0;0;0;0;0;95 mg;0;0;0;0;0;0;0;0;0;0;0;0;0
2863;Greenfields UHT Full Cream Milk;PT. Greenfield Indonesia;1;18.00 g;160 kkal;0;0;12 g;0;8 g;9 g;0;0;0;0;0;1 g;0;0;7 g;0;0;0;0;0;0;0;0;0;0;0;0;0;0;0;0;0;0;0;0;0;75 mg;310 mg;0;0;0;0;0;0;0;0;0;0;0;0
1593;Keju greenfields ricotta;PT. Greenfield Indonesia;1;50 g;110 kkal;0;0;2 g;0;4 g;9 g;0;0;0;0;0;0 g;0;0;1 g;0;0;0;0;0;0;0;0;0;0;0;0;0;0;0;0;0;0;0;0;0;0 mg;0;0;0;0;0;0;0;0;0;0;0;0;0
1592;Keju greenfileds mozzarella;PT. Greenfield Indonesia;1;20 g;90 kkal;0;0;2 g;0;7 g;6 g;0;0;0;0;0;0;0;0;0;0;0;0;0;0;0;0;0;0;0;0;0;0;0;0;0;0;0;0;0;0;0 mg;0;0;0;0;0;0;0;0;0;0;0;0;0
1417;Susu greenfields full cream;PT. Greenfield Indonesia;1;250 ml;160 kkal;0;0;12 g;0;8 g;9 g;0;0;0;0;0;1 g;0;0;7 g;0;0;0;0;0;0;0;0;0;0;0;0;0;0;0;0;0;0;0;0;0;0 mg;0;0;0;0;0;0;0;0;0;0;0;0;0
1416;Susu greenfields low fat;PT. Greenfield Indonesia;1;250 ml;110 kkal;0;0;12 g;0;9 g;3 g;0;0;0;0;0;0;0;0;12 g;0;0;0;0;0;0;0;0;0;0;0;0;0;0;0;0;0;0;0;0;0;0 mg;0;0;0;0;0;0;0;0;0;0;0;0;0
1415;Susu greenfields skimmed milk;PT. Greenfield Indonesia;1;250 ml;80 kkal;0;0;11 g;0;10 g;0 g;0;0;0;0;0;0;0;0;8 g;0;0;0;0;0;0;0;0;0;0;0;0;0;0;0;0;0;0;0;0;0;0 mg;0;0;0;0;0;0;0;0;0;0;0;0;0
2284;Yogurt mixed berry;PT. Greenfield Indonesia;1;125 g;140 kkal;0;0;22 g;0;4 g;4 g;0;0;0;0;0;4 g;0;0;0;0;0;0;0;0;0;0;0;0;0;0;0;0;0;0;0;0;0;0;0;0;30 mg;0;0;0;0;0;0;0;0;0;0;0;0;0
1230;Kuaci Rebo green tea;PT. Gumindo Bogamanis;1;18 g;110 kkal;0;0;2 g;0;6 g;9 g;0;0;0;0;0;2 g;0;0;1 g;0;0;0;0;0;0;0;0;0;0;0;0;0;0;0;0;0;0;0;0;0;180 mg;0;0;0;0;0;0;0;0;0;0;0;0;0
1231;Kuaci Rebo milk;PT. Gumindo Bogamanis;1;6 g;40 kkal;0;0;1 g;0;2 g;3 g;0;0;0;0;0;0;0;0;0;0;0;0;0;0;0;0;0;0;0;0;0;0;0;0;0;0;0;0;0;0;120 mg;0;0;0;0;0;0;0;0;0;0;0;0;0
1229;Kuaci Rebo origial;PT. Gumindo Bogamanis;1;18 g;110 kkal;0;0;3 g;0;5 g;9 g;0;0;0;0;0;3 g;0;0;0 g;0;0;0;0;0;0;0;0;0;0;0;0;0;0;0;0;0;0;0;0;0;130 mg;0;0;0;0;0;0;0;0;0;0;0;0;0
4990;Kuaci Rebo Rasa Kelapa 140g;PT. Gumindo Bogamanis;1;10 gram;50 kkal;0;0;5 g;0;3 g;2 g;0;0;0;0;0;1 g;0;0;0 g;0;0;0;0;0;0;0;0;0;0;0;0;0;0;0;0;0;0;0;0;0;105 mg;0;0;0;0;0;0;0;0;0;0;0;0;0
4994;Kuaci Rebo Rasa Original 140g;PT. Gumindo Bogamanis;1;10 gram;60 kkal;0;0;1 g;0;3 g;5 g;0;0;0;0;0;1 g;0;0;0 g;0;0;0;0;0;0;0;0;0;0;0;0;0;0;0;0;0;0;0;0;0;125 mg;0;0;0;0;0;0;0;0;0;0;0;0;0
4993;Kuaci Rebo Rasa Salted Caramel 140g;PT. Gumindo Bogamanis;1;10 gram;60 kkal;0;0;2 g;0;3 g;5 g;0;0;0;0;0;1 g;0;0;0 g;0;0;0;0;0;0;0;0;0;0;0;0;0;0;0;0;0;0;0;0;0;105 mg;0;0;0;0;0;0;0;0;0;0;0;0;0
4992;Kuaci Rebo Rasa Susu 140g;PT. Gumindo Bogamanis;1;10 gram;60 kkal;0;0;1 g;0;3 g;5 g;0;0;0;0;0;1 g;0;0;0 g;0;0;0;0;0;0;0;0;0;0;0;0;0;0;0;0;0;0;0;0;0;200 mg;0;0;0;0;0;0;0;0;0;0;0;0;0
4991;Kuaci Rebo Rasa Teh Hijau 140g;PT. Gumindo Bogamanis;1;10 gram;60 kkal;0;0;1 g;0;3 g;5 g;0;0;0;0;0;1 g;0;0;0 g;0;0;0;0;0;0;0;0;0;0;0;0;0;0;0;0;0;0;0;0;0;115 mg;0;0;0;0;0;0;0;0;0;0;0;0;0
1232;Kuaci Rebo salted caramel;PT. Gumindo Bogamanis;1;8 g;50 kkal;0;0;1 g;0;2 g;4 g;0;0;0;0;0;1 g;0;0;0;0;0;0;0;0;0;0;0;0;0;0;0;0;0;0;0;0;0;0;0;0;90 mg;0;0;0;0;0;0;0;0;0;0;0;0;0
4773;Dua Belibis Saus Cabe 135 mL;PT. Gunacipta Multirasa;1;15 ml;30 kkal;0;0;7 g;0;0 g;0 g;0;0;0;0;0;0 g;0;0;5 g;0;0;0;0;0;0;0;0;0;0;0;0;0;0;0;0;0;0;0;0;0;360 mg;0;0;0;0;0;0;0;0;0;0;0;0;0
4774;Dua Belibis Saus Tomat 135 mL;PT. Gunacipta Multirasa;1;15 ml;25 kkal;0;0;6 g;0;0 g;0 g;0;0;0;0;0;0 g;0;0;4 g;0;0;0;0;0;0;0;0;0;0;0;0;0;0;0;0;0;0;0;0;0;200 mg;0;0;0;0;0;0;0;0;0;0;0;0;0
4775;Dua Belibis Saus Tomat 235 mL;PT. Gunacipta Multirasa;1;15 ml;25 kkal;0;0;6 g;0;0 g;0 g;0;0;0;0;0;0 g;0;0;4 g;0;0;0;0;0;0;0;0;0;0;0;0;0;0;0;0;0;0;0;0;0;200 mg;0;0;0;0;0;0;0;0;0;0;0;0;0
2599;TOP cofee (isi 6 sachet);PT. Harum Alam Segar;1;22 g;100 kkal;0;0;18 g;0;1 g;2.50 g;0;0;0;0;0;0;0;0;14 g;0;0;0;0;0;0;0;0;0;0;0;0;0;0;0;0;0;0;0;0;0;35 mg;0;0;0;0;0;0;0;0;0;0;0;0;0
1393;Heavenly blush greek yogurt;PT. Heavenly nutrition indonesia;1;100 g;170 kkal;0;0;16 g;0;6 g;9 g;0;0;0;0;0;3 g;0;0;9 g;0;0;0;0;0;0;0;0;0;0;0;0;0;0;0;0;0;0;0;0;0;0 mg;0;0;0;0;0;0;0;0;0;0;0;0;0
2014;Heavenly Kitchen Thai Tea Latte;PT. Heavenly nutrition indonesia;1;24 g;100 kkal;0;0;19 g;0;1 g;2.50 g;0;0;0;0;0;0;0;0;0;0;0;0;0;0;0;0;0;0;0;0;0;0;0;0;0;0;0;0;0;0;70 mg;0;0;0;0;0;0;0;0;0;0;0;0;0
1513;Yogurt greek heavenly blush honey;PT. Heavenly nutrition indonesia;1;100 g;180 kkal;0;0;18 g;0;5 g;10 g;0;0;0;0;0;2 g;0;0;9 g;0;0;0;0;0;0;0;0;0;0;0;0;0;0;0;0;0;0;0;0;0;40 mg;0;0;0;0;0;0;0;0;0;0;0;0;0
1515;Yogurt greek heavenly blush strawberrt;PT. Heavenly nutrition indonesia;1;100 g;170 kkal;0;0;18 g;0;5 g;9 g;0;0;0;0;0;4 g;0;0;10 g;0;0;0;0;0;0;0;0;0;0;0;0;0;0;0;0;0;0;0;0;0;45 mg;0;0;0;0;0;0;0;0;0;0;0;0;0
1512;Yogurt greek yummy blueberry;PT. Heavenly nutrition indonesia;1;100 g;140 kkal;0;0;19 g;0;8 g;3.50 g;0;0;0;0;0;0;0;0;10 g;0;0;0;0;0;0;0;0;0;0;0;0;0;0;0;0;0;0;0;0;0;65 mg;0;0;0;0;0;0;0;0;0;0;0;0;0
1511;Yogurt greek yummy original;PT. Heavenly nutrition indonesia;1;100 g;140 kkal;0;0;17 g;0;7 g;4 g;0;0;0;0;0;0;0;0;8 g;0;0;0;0;0;0;0;0;0;0;0;0;0;0;0;0;0;0;0;0;0;0 mg;0;0;0;0;0;0;0;0;0;0;0;0;0
1514;Yogurt greek yummy strawberry;PT. Heavenly nutrition indonesia;1;100 g;120 kkal;0;0;16 g;0;8 g;3 g;0;0;0;0;0;0;0;0;9 g;0;0;0;0;0;0;0;0;0;0;0;0;0;0;0;0;0;0;0;0;0;70 mg;0;0;0;0;0;0;0;0;0;0;0;0;0
4721;ABC Kecap Asin 131 mL;PT. Heinz ABC Indonesia;1;15 ml;5 kkal;0;0;1 g;0;1 g;0 g;0;0;0;0;0;0;0;0;1 g;0;0;0;0;0;0;0;0;0;0;0;0;0;0;0;0;0;0;0;0;0;1070 mg;0;0;0;0;0;0;0;0;0;0;0;0;0
2080;ABC Minuman Asam Jawa;PT. Heinz ABC Indonesia;1;250 ml;140 kkal;0;0;34 g;0;0 g;0 g;0;0;0;0;0;0;0;0;0;0;0;0;0;0;0;0;0;0;0;0;0;0;0;0;0;0;0;0;0;0;0 mg;0;0;0;0;0;0;0;0;0;0;0;0;0
4725;ABC Minyak Wijen 195 mL;PT. Heinz ABC Indonesia;1;10 ml;80 kkal;0;0;0 g;0;0 g;9 g;0;0;0;0;0;0;0;0;0 g;0;0;0;0;0;0;0;0;0;0;0;0;0;0;0;0;0;0;0;0;0;0 mg;0;0;0;0;0;0;0;0;0;0;0;0;0
4785;ABC Sambal Asli 270 mL;PT. Heinz ABC Indonesia;1;15 ml;20 kkal;0;0;5 g;0;0 g;0 g;0;0;0;0;0;0;0;0;3 g;0;0;0;0;0;0;0;0;0;0;0;0;0;0;0;0;0;0;0;0;0;320 mg;0;0;0;0;0;0;0;0;0;0;0;0;0
4783;ABC Sambal Asli 380g;PT. Heinz ABC Indonesia;1;15 gram;15 kkal;0;0;4 g;0;0 g;0 g;0;0;0;0;0;0;0;0;3 g;0;0;0;0;0;0;0;0;0;0;0;0;0;0;0;0;0;0;0;0;0;280 mg;0;0;0;0;0;0;0;0;0;0;0;0;0
4784;ABC Sambal Asli 65g;PT. Heinz ABC Indonesia;1;15 gram;15 kkal;0;0;4 g;0;0 g;0 g;0;0;0;0;0;0;0;0;3 g;0;0;0;0;0;0;0;0;0;0;0;0;0;0;0;0;0;0;0;0;0;280 mg;0;0;0;0;0;0;0;0;0;0;0;0;0
4804;ABC Sambal Ayam Goreng 130 mL;PT. Heinz ABC Indonesia;1;15 ml;30 kkal;0;0;7 g;0;0 g;0 g;0;0;0;0;0;0;0;0;5 g;0;0;0;0;0;0;0;0;0;0;0;0;0;0;0;0;0;0;0;0;0;380 mg;0;0;0;0;0;0;0;0;0;0;0;0;0
4786;ABC Sambal Manis Pedas 130 mL;PT. Heinz ABC Indonesia;1;15 ml;40 kkal;0;0;9 g;0;0 g;0 g;0;0;0;0;0;0;0;0;7 g;0;0;0;0;0;0;0;0;0;0;0;0;0;0;0;0;0;0;0;0;0;230 mg;0;0;0;0;0;0;0;0;0;0;0;0;0
1208;ABC Selera pedas hot gulai chicken;PT. Heinz ABC Indonesia;1;60 g;270 kkal;0;0;34 g;0;7 g;12 g;0;0;0;0;0;21 g;0;0;1 g;0;0;0;0;0;0;0;0;0;0;0;0;0;0;0;0;0;0;0;0;0;0 mg;0;0;0;0;0;0;0;0;0;0;0;0;0
4642;ABC Special Grade Rasa Melon;PT. Heinz ABC Indonesia;1;29 ml;70 kkal;0;0;18 g;0;0 g;0 g;0;0;0;0;0;0;0;0;14 g;0;0;0;0;0;0;0;0;0;0;0;0;0;0;0;0;0;0;0;0;0;10 mg;0;0;0;0;0;0;0;0;0;0;0;0;0
2488;Sardines ABC in chili sauce;PT. Heinz ABC Indonesia;1;50 g;60 kkal;0;0;2 g;0;12 g;1 g;0;0;0;0;0;0;0;0;0;0;0;0;0;0;0;0;0;0;0;0;0;0;0;0;0;0;0;0;0;0;250 mg;0;0;0;0;0;0;0;0;0;0;0;0;0
4697;Sirup ABC Special Grade Rasa Coco Pandan;PT. Heinz ABC Indonesia;1;29 ml;90 kkal;0;0;22 g;0;0 g;0 g;0;0;0;0;0;0;0;0;20 g;0;0;0;0;0;0;0;0;0;0;0;0;0;0;0;0;0;0;0;0;0;0 mg;0;0;0;0;0;0;0;0;0;0;0;0;0
4696;Sirup ABC Squash Delight Rasa Leci;PT. Heinz ABC Indonesia;1;29 ml;40 kkal;0;0;10 g;0;0 g;0 g;0;0;0;0;0;0;0;0;10 g;0;0;0;0;0;0;0;0;0;0;0;0;0;0;0;0;0;0;0;0;0;10 mg;0;0;0;0;0;0;0;0;0;0;0;0;0
4348;Milton Rasa Blackcurrant (kembang gula pastilles);PT. Henson Farma;1;1 gram;0 kkal;0;0;1 g;0;0 g;0 g;0;0;0;0;0;0;0;0;0 g;0;0;0;0;0;0;0;0;0;0;0;0;0;0;0;0;0;0;0;0;0;0 mg;0;0;0;0;0;0;0;0;0;0;0;0;0
4347;Milton Rasa Lemon (kembang gula pastilis);PT. Henson Farma;1;1 gram;0 kkal;0;0;1 g;0;0 g;0 g;0;0;0;0;0;0;0;0;0 g;0;0;0;0;0;0;0;0;0;0;0;0;0;0;0;0;0;0;0;0;0;0 mg;0;0;0;0;0;0;0;0;0;0;0;0;0
4686;Naraya Kuaci Biji Bunga Matahari 100g;PT. Hoki Sukses Mandiri;1;20 gram;130 kkal;0;0;2 g;0;5 g;11 g;0;0;0;0;0;0;0;0;0;0;0;0;0;0;0;0;0;0;0;0;0;0;0;0;0;0;0;0;0;0;200 mg;0;0;0;0;0;0;0;0;0;0;0;0;0
2450;Adem sari herbal lemon;PT. Hokkan Indonesia;1;175 ml;60 kkal;0;0;16 g;0;0 g;0 g;0;0;0;0;0;0;0;0;14 g;0;0;0;0;0;0;0;0;0;0;0;0;0;0;0;0;0;0;0;0;0;65 mg;0;0;0;0;0;0;0;0;0;0;0;0;0
3201;Ichitan Thailand Milk Tea;PT. Hon Chuan Indonesia;1;100 g;210 kkal;0;0;36 g;0;3 g;6 g;0;0;0;0;0;0;0;0;25 g;0;0;0;0;0;0;0;0;0;0;0;0;0;0;0;0;0;0;0;0;0;160 mg;0;0;0;0;0;0;0;0;0;0;0;0;0
4539;Kopi Kenangan Botol Rasa Royal Cheese Latte;PT. Hon Chuan Indonesia;1;200 ml;110 kkal;0;0;20 g;0;1 g;3 g;0;0;0;0;0;0;0;0;13 g;0;0;0;0;0;0;0;0;0;0;0;0;0;0;0;0;0;0;0;0;0;170 mg;0;0;0;0;0;0;0;0;0;0;0;0;0
2783;Icithan Thai milk coffee;PT. Ichi Tan;1;300.00 ml;210 kkal;0;0;36 g;0;4 g;5 g;0;0;0;0;0;0;0;0;29 g;0;0;0;0;0;0;0;0;0;0;0;0;0;0;0;0;0;0;0;0;0;220 mg;0;0;0;0;0;0;0;0;0;0;0;0;0
2787;Icithan Thai milk coffee;PT. Ichi Tan;1;300.00 ml;210 kkal;0;0;36 g;0;4 g;5 g;0;0;0;0;0;0;0;0;29 g;0;0;0;0;0;0;0;0;0;0;0;0;0;0;0;0;0;0;0;0;0;220 mg;0;0;0;0;0;0;0;0;0;0;0;0;0
4809;Tepung Tapioka Cap Gajah Laut;PT. Ilufat;1;100 gram;360 kkal;0;0;88 g;0;0 g;0 g;0;0;0;0;0;0;0;0;0;0;0;0;0;0;0;0;0;0;0;0;0;0;0;0;0;0;0;0;0;0;3 mg;0;0;0;0;0;0;0;0;0;0;0;0;0
3247;Sakura Mie Goreng;PT. INDOFOOD CBP SUKSES MAKMUR;1;100 g;290 kkal;0;0;37 g;0;6 g;13 g;0;0;0;0;0;8 g;0;0;2 g;0;0;0;0;0;0;0;0;0;0;0;0;0;0;0;0;0;0;0;0;0;680 mg;0;0;0;0;0;0;0;0;0;0;0;0;0
2531;Supermi Extra Mie Goreng rasa Ayam pangsit;PT. INDOFOOD CBP SUKSES MAKMUR;1;110 g;510 kkal;0;0;70 g;0;10 g;21 g;0;0;0;0;0;0;0;0;0;0;0;0;0;0;0;0;0;0;0;0;0;0;0;0;0;0;0;0;0;0;1130 mg;0;0;0;0;0;0;0;0;0;0;0;0;0
2826;Bubur SUN beras merah 20g;PT. Indofood CBP Sukses Makmur Tbk;1;100 g;80 kkal;0;0;16 g;0;2 g;1.50 g;0;0;0;0;0;0;0;0;5 g;0;0;0;0;0;0;0;0;0;0;0;0;0;0;0;0;0;0;0;0;0;50 mg;240 mg;0;0;0;0;0;0;0;0;0;0;0;0
1979;Chitato;PT. Indofood CBP Sukses Makmur Tbk;1;20 g;110 kkal;0;0;11 g;0;2 g;6 g;0;0;0;0;0;0;0;0;0;0;0;0;0;0;0;0;0;0;0;0;0;0;0;0;0;0;0;0;0;0;0 mg;0;0;0;0;0;0;0;0;0;0;0;0;0
1406;Chitato fresh potato;PT. Indofood CBP Sukses Makmur Tbk;1;20 g;110 kkal;0;0;12 g;0;1 g;6 g;0;0;0;0;0;0;0;0;0;0;0;0;0;0;0;0;0;0;0;0;0;0;0;0;0;0;0;0;0;0;0 mg;0;0;0;0;0;0;0;0;0;0;0;0;0
3153;Chitato keripik kentang rasa original;PT. Indofood CBP Sukses Makmur Tbk;1;100 g;100 kkal;0;0;12 g;0;1 g;5 g;0;0;0;0;0;0;0;0;0 g;0;0;0;0;0;0;0;0;0;0;0;0;0;0;0;0;0;0;0;0;0;60 mg;0;0;0;0;0;0;0;0;0;0;0;0;0
3152;Chitato keripik kentang rasa sapi panggang;PT. Indofood CBP Sukses Makmur Tbk;1;100 g;110 kkal;0;0;11 g;0;2 g;6 g;0;0;0;0;0;0;0;0;0 g;0;0;0;0;0;0;0;0;0;0;0;0;0;0;0;0;0;0;0;0;0;115 mg;0;0;0;0;0;0;0;0;0;0;0;0;0
4551;Chitato Rasa Keju;PT. Indofood CBP Sukses Makmur Tbk;1;20 gram;110 kkal;0;0;11 g;0;1 g;7 g;0;0;0;0;0;0;0;0;1 g;0;0;0;0;0;0;0;0;0;0;0;0;0;0;0;0;0;0;0;0;0;80 mg;0;0;0;0;0;0;0;0;0;0;0;0;0
3770;Freiss Squash Rasa Jeruk;PT. Indofood CBP Sukses Makmur Tbk;1;100 g;40 kkal;0;0;9 g;0;0 g;0 g;0;0;0;0;0;0;0;0;8 g;0;0;0;0;0;0;0;0;0;0;0;0;0;0;0;0;0;0;0;0;0;15 mg;0;0;0;0;0;0;0;0;0;0;0;0;0
4720;Indofood Kecap Asin 140 mL;PT. Indofood CBP Sukses Makmur Tbk;1;12 gram;20 kkal;0;0;5 g;0;1 g;0 g;0;0;0;0;0;0;0;0;1 g;0;0;0;0;0;0;0;0;0;0;0;0;0;0;0;0;0;0;0;0;0;660 mg;0;0;0;0;0;0;0;0;0;0;0;0;0
4563;Indofood Kecap Manis 520 mL;PT. Indofood CBP Sukses Makmur Tbk;1;14 gram;45 kkal;0;0;11 g;0;0 g;0 g;0;0;0;0;0;0;0;0;10 g;0;0;0;0;0;0;0;0;0;0;0;0;0;0;0;0;0;0;0;0;0;230 mg;0;0;0;0;0;0;0;0;0;0;0;0;0
4555;Indofood Sambal Fried Chicken;PT. Indofood CBP Sukses Makmur Tbk;1;8 gram;0 kkal;0;0;1 g;0;0 g;0 g;0;0;0;0;0;0;0;0;0 g;0;0;0;0;0;0;0;0;0;0;0;0;0;0;0;0;0;0;0;0;0;170 mg;0;0;0;0;0;0;0;0;0;0;0;0;0
1439;Indomie ayam geprek;PT. Indofood CBP Sukses Makmur Tbk;1;85 g;410 kkal;0;0;49 g;0;9 g;20 g;0;0;0;0;0;3 g;0;0;6 g;0;0;0;0;0;0;0;0;0;0;0;0;0;0;0;0;0;0;0;0;0;0 mg;0;0;0;0;0;0;0;0;0;0;0;0;0
1200;Indomie goreng;PT. Indofood CBP Sukses Makmur Tbk;1;300 gram;380 kkal;0;0;54 g;0;8 g;14 g;0;0;0;0;0;2 g;0;0;8 g;0;0;0;0;0;0;0;0;0;0;0;0;0;0;0;0;0;0;0;0;0;0 mg;0;0;0;0;0;0;0;0;0;0;0;0;0
1199;Indomie goreng Jumbo;PT. Indofood CBP Sukses Makmur Tbk;1;129 g;560 kkal;0;0;80 g;0;21 g;13 g;0;0;0;0;0;31 g;0;0;13 g;0;0;0;0;0;0;0;0;0;0;0;0;0;0;0;0;0;0;0;0;0;0 mg;0;0;0;0;0;0;0;0;0;0;0;0;0
3199;Indomie Goreng Rasa Rendang;PT. Indofood CBP Sukses Makmur Tbk;1;91 gram;440 kkal;0;0;57 g;0;8 g;20 g;0;0;0;0;0;3 g;0;0;9 g;0;0;0;0;0;0;0;0;0;0;0;0;0;0;0;0;0;0;0;0;0;1060 mg;0;0;0;0;0;0;0;0;0;0;0;0;0
1683;Indomie goreng sambal matah;PT. Indofood CBP Sukses Makmur Tbk;1;85 g;410 kkal;0;0;51 g;0;8 g;20 g;0;0;0;0;0;6 g;0;0;2 g;0;0;0;0;0;0;0;0;0;0;0;0;0;0;0;0;0;0;0;0;0;0 mg;0;0;0;0;0;0;0;0;0;0;0;0;0
1682;Indomie goreng sambal rica rica;PT. Indofood CBP Sukses Makmur Tbk;1;85 g;420 kkal;0;0;49 g;0;8 g;22 g;0;0;0;0;0;7 g;0;0;3 g;0;0;0;0;0;0;0;0;0;0;0;0;0;0;0;0;0;0;0;0;0;0 mg;0;0;0;0;0;0;0;0;0;0;0;0;0
4544;Indomie Hot and Spicy Flavor;PT. Indofood CBP Sukses Makmur Tbk;1;80 gram;374 kkal;0;0;51 g;0;7.80 g;15.50 g;0;0;0;0;0;0;0;0;4.90 g;0;0;0;0;0;0;0;0;0;0;0;0;0;0;0;0;0;0;0;0;0;815 mg;0;0;0;0;0;0;0;0;0;0;0;0;0
4894;Indomie Hype Abis Mi Nyemek ala Jogja Rasa Rendang 84g;PT. Indofood CBP Sukses Makmur Tbk;1;84 gram;390 kkal;0;0;53 g;0;9 g;15 g;0;0;0;0;0;3 g;0;0;8 g;0;0;0;0;0;0;0;0;0;0;0;0;0;0;0;0;0;0;0;0;0;1030 mg;0;0;0;0;0;0;0;0;0;0;0;0;0
1443;Indomie kari ayam;PT. Indofood CBP Sukses Makmur Tbk;1;72 g;320 kkal;0;0;46 g;0;7 g;12 g;0;0;0;0;0;2 g;0;0;4 g;0;0;0;0;0;0;0;0;0;0;0;0;0;0;0;0;0;0;0;0;0;0 mg;0;0;0;0;0;0;0;0;0;0;0;0;0
1153;Indomie mi goreng;PT. Indofood CBP Sukses Makmur Tbk;1;85 g;300 kkal;0;0;54 g;0;8 g;14 g;0;0;0;0;0;2 g;0;0;8 g;0;0;0;0;0;0;0;0;0;0;0;0;0;0;0;0;0;0;0;0;0;1070 mg;0;0;0;0;0;0;0;0;0;0;0;0;0
1154;Indomie mi goreng aceh;PT. Indofood CBP Sukses Makmur Tbk;1;90 g;430 kkal;0;0;55 g;0;9 g;19 g;0;0;0;0;0;6 g;0;0;6 g;0;0;0;0;0;0;0;0;0;0;0;0;0;0;0;0;0;0;0;0;0;790 mg;0;0;0;0;0;0;0;0;0;0;0;0;0
1201;Indomie mi kuah;PT. Indofood CBP Sukses Makmur Tbk;1;69 g;300 kkal;0;0;43 g;0;7 g;11 g;0;0;0;0;0;2 g;0;0;3 g;0;0;0;0;0;0;0;0;0;0;0;0;0;0;0;0;0;0;0;0;0;0 mg;0;0;0;0;0;0;0;0;0;0;0;0;0
4395;Indomie Mi Nyemek ala Jogja rasa Rendang;PT. Indofood CBP Sukses Makmur Tbk;1;84 gram;390 kkal;0;0;53 g;0;9 g;15 g;0;0;0;0;0;3 g;0;0;8 g;0;0;0;0;0;0;0;0;0;0;0;0;0;0;0;0;0;0;0;0;0;1030 mg;0;0;0;0;0;0;0;0;0;0;0;0;0
1440;Indomie mi rendang;PT. Indofood CBP Sukses Makmur Tbk;1;91 g;420 kkal;0;0;59 g;0;9 g;16 g;0;0;0;0;0;3 g;0;0;9 g;0;0;0;0;0;0;0;0;0;0;0;0;0;0;0;0;0;0;0;0;0;0 mg;0;0;0;0;0;0;0;0;0;0;0;0;0
4537;Indomie Mie Goreng Pedas;PT. Indofood CBP Sukses Makmur Tbk;1;79 gram;360 kkal;0;0;52 g;0;8 g;6 g;0;0;0;0;0;2 g;0;0;7 g;0;0;0;0;0;0;0;0;0;0;0;0;0;0;0;0;0;0;0;0;0;980 mg;0;0;0;0;0;0;0;0;0;0;0;0;0
4554;Indomie Mie Goreng Spicy Red Curry;PT. Indofood CBP Sukses Makmur Tbk;1;90 gram;414 kkal;0;0;56.70 g;0;6.70 g;17.30 g;0;0;0;0;0;0;0;0;6.70 g;0;0;0;0;0;0;0;0;0;0;0;0;0;0;0;0;0;0;0;0;0;887 mg;0;0;0;0;0;0;0;0;0;0;0;0;0
4472;Indomie mie nyemek Bangladesh;PT. Indofood CBP Sukses Makmur Tbk;1;80 gram;380 kkal;0;0;50 g;0;7 g;16 g;0;0;0;0;0;2 g;0;0;5 g;0;0;0;0;0;0;0;0;0;0;0;0;0;0;0;0;0;0;0;0;0;500 mg;0;0;0;0;0;0;0;0;0;0;0;0;0
2803;Indomie Mieghetti;PT. Indofood CBP Sukses Makmur Tbk;1;100 g;390 kkal;0;0;57 g;0;8 g;14 g;0;0;0;0;0;0;0;0;0;0;0;0;0;0;0;0;0;0;0;0;0;0;0;0;0;0;0;0;0;0;940 mg;0;0;0;0;0;0;0;0;0;0;0;0;0
1156;Indomie rasa ayam bawang;PT. Indofood CBP Sukses Makmur Tbk;1;69 g;300 kkal;0;0;43 g;0;7 g;11 g;0;0;0;0;0;2 g;0;0;3 g;0;0;0;0;0;0;0;0;0;0;0;0;0;0;0;0;0;0;0;0;0;1330 mg;0;0;0;0;0;0;0;0;0;0;0;0;0
1157;Indomie rasa ayam special;PT. Indofood CBP Sukses Makmur Tbk;1;68 g;300 kkal;0;0;44 g;0;7 g;10 g;0;0;0;0;0;2 g;0;0;3 g;0;0;0;0;0;0;0;0;0;0;0;0;0;0;0;0;0;0;0;0;0;1180 mg;0;0;0;0;0;0;0;0;0;0;0;0;0
1155;Indomie rasa kaldu ayam;PT. Indofood CBP Sukses Makmur Tbk;1;75 g;340 kkal;0;0;50 g;0;6 g;12 g;0;0;0;0;0;4 g;0;0;0 g;0;0;0;0;0;0;0;0;0;0;0;0;0;0;0;0;0;0;0;0;0;980 mg;0;0;0;0;0;0;0;0;0;0;0;0;0
1158;Indomie rasa soto lamongan;PT. Indofood CBP Sukses Makmur Tbk;1;80 g;360 kkal;0;0;48 g;0;10 g;14 g;0;0;0;0;0;6 g;0;0;4 g;0;0;0;0;0;0;0;0;0;0;0;0;0;0;0;0;0;0;0;0;0;1030 mg;0;0;0;0;0;0;0;0;0;0;0;0;0
1681;Indomie salted Egg;PT. Indofood CBP Sukses Makmur Tbk;1;100 g;480 kkal;0;0;53 g;0;11 g;25 g;0;0;0;0;0;2 g;0;0;6 g;0;0;0;0;0;0;0;0;0;0;0;0;0;0;0;0;0;0;0;0;0;0 mg;0;0;0;0;0;0;0;0;0;0;0;0;0
1803;Indomie soto padang;PT. Indofood CBP Sukses Makmur Tbk;1;75 g;330 kkal;0;0;44 g;0;8 g;14 g;0;0;0;0;0;6 g;0;0;0 g;0;0;0;0;0;0;0;0;0;0;0;0;0;0;0;0;0;0;0;0;0;0 mg;0;0;0;0;0;0;0;0;0;0;0;0;0
1442;Indomie soto spesial;PT. Indofood CBP Sukses Makmur Tbk;1;75 g;330 kkal;0;0;44 g;0;7 g;14 g;0;0;0;0;0;5 g;0;0;2 g;0;0;0;0;0;0;0;0;0;0;0;0;0;0;0;0;0;0;0;0;0;0 mg;0;0;0;0;0;0;0;0;0;0;0;0;0
4367;Indomie Spicy Korean Ramyeon Flavor;PT. Indofood CBP Sukses Makmur Tbk;1;71 gram;320 kkal;0;0;46 g;0;6 g;12 g;0;0;0;0;0;2 g;0;0;4 g;0;0;0;0;0;0;0;0;0;0;0;0;0;0;0;0;0;0;0;0;0;1480 mg;0;0;0;0;0;0;0;0;0;0;0;0;0
1441;Indomie tengkleng;PT. Indofood CBP Sukses Makmur Tbk;1;75 g;350 kkal;0;0;45 g;0;9 g;14 g;0;0;0;0;0;7 g;0;0;2 g;0;0;0;0;0;0;0;0;0;0;0;0;0;0;0;0;0;0;0;0;0;0 mg;0;0;0;0;0;0;0;0;0;0;0;0;0
4892;InterMie Mi Goreng Pedas;PT. Indofood CBP Sukses Makmur Tbk;1;60 gram;270 kkal;0;0;40 g;0;4 g;10 g;0;0;0;0;0;2 g;0;0;4 g;0;0;0;0;0;0;0;0;0;0;0;0;0;0;0;0;0;0;0;0;0;760 mg;0;0;0;0;0;0;0;0;0;0;0;0;0
1632;Keripik Qtela ubi ungu;PT. Indofood CBP Sukses Makmur Tbk;1;20 g;100 kkal;0;0;14 g;0;0 g;5 g;0;0;0;0;0;0;0;0;3 g;0;0;0;0;0;0;0;0;0;0;0;0;0;0;0;0;0;0;0;0;0;0 mg;0;0;0;0;0;0;0;0;0;0;0;0;0
2511;La Fonte Cocciolini-207;PT. Indofood CBP Sukses Makmur Tbk;1;60 g;200 kkal;0;0;40 g;0;8 g;1 g;0;0;0;0;0;2 g;0;0;0;0;0;0;0;0;0;0;0;0;0;0;0;0;0;0;0;0;0;0;0;0;0 mg;0;0;0;0;0;0;0;0;0;0;0;0;0
4575;La Fonte Fusilli-202;PT. Indofood CBP Sukses Makmur Tbk;1;60 gram;200 kkal;0;0;40 g;0;8 g;1 g;0;0;0;0;0;2 g;0;0;0;0;0;0;0;0;0;0;0;0;0;0;0;0;0;0;0;0;0;0;0;0;0 mg;0;0;0;0;0;0;0;0;0;0;0;0;0
2512;La Fonte Lasagna (230 g);PT. Indofood CBP Sukses Makmur Tbk;1;60 g;220 kkal;0;0;46 g;0;7 g;0.50 g;0;0;0;0;0;6 g;0;0;0;0;0;0;0;0;0;0;0;0;0;0;0;0;0;0;0;0;0;0;0;0;0 mg;0;0;0;0;0;0;0;0;0;0;0;0;0
4577;La Fonte Penne Ziti Rigate-91;PT. Indofood CBP Sukses Makmur Tbk;1;60 gram;200 kkal;0;0;40 g;0;8 g;1 g;0;0;0;0;0;2 g;0;0;0;0;0;0;0;0;0;0;0;0;0;0;0;0;0;0;0;0;0;0;0;0;0 mg;0;0;0;0;0;0;0;0;0;0;0;0;0
1832;Mie telur cap 3 ayam;PT. Indofood CBP Sukses Makmur Tbk;1;67 g;230 kkal;0;0;49 g;0;8 g;0 g;0;0;0;0;0;6 g;0;0;2 g;0;0;0;0;0;0;0;0;0;0;0;0;0;0;0;0;0;0;0;0;0;0 mg;0;0;0;0;0;0;0;0;0;0;0;0;0
1794;Pasta La fonte macaroni with cheese;PT. Indofood CBP Sukses Makmur Tbk;1;63 g;230 kkal;0;0;45 g;0;8 g;3 g;0;0;0;0;0;7 g;0;0;5 g;0;0;0;0;0;0;0;0;0;0;0;0;0;0;0;0;0;0;0;0;0;0 mg;0;0;0;0;0;0;0;0;0;0;0;0;0
1791;Pasta La fonte spaghetti with bolognese sauce;PT. Indofood CBP Sukses Makmur Tbk;1;117 g;420 kkal;0;0;93 g;0;10 g;0 g;0;0;0;0;0;6 g;0;0;0;0;0;0;0;0;0;0;0;0;0;0;0;0;0;0;0;0;0;0;0;0;0 mg;0;0;0;0;0;0;0;0;0;0;0;0;0
1793;Pasta La fonte spaghetti with chicken sauce;PT. Indofood CBP Sukses Makmur Tbk;1;117 g;340 kkal;0;0;57 g;0;10 g;8 g;0;0;0;0;0;4 g;0;0;0;0;0;0;0;0;0;0;0;0;0;0;0;0;0;0;0;0;0;0;0;0;0 mg;0;0;0;0;0;0;0;0;0;0;0;0;0
1792;Pasta La fonte spaghetti with mushroom sauce;PT. Indofood CBP Sukses Makmur Tbk;1;117 g;340 kkal;0;0;60 g;0;8 g;4 g;0;0;0;0;0;3 g;0;0;7 g;0;0;0;0;0;0;0;0;0;0;0;0;0;0;0;0;0;0;0;0;0;0 mg;0;0;0;0;0;0;0;0;0;0;0;0;0
4481;Pop Mie Cup Goreng Pedes Gledek;PT. Indofood CBP Sukses Makmur Tbk;1;75 gram;370 kkal;0;0;45 g;0;6 g;18 g;0;0;0;0;0;2 g;0;0;6 g;0;0;0;0;0;0;0;0;0;0;0;0;0;0;0;0;0;0;0;0;0;930 mg;0;0;0;0;0;0;0;0;0;0;0;0;0
2333;Pop Mie Goreng Pedas Gledek;PT. Indofood CBP Sukses Makmur Tbk;1;75.00 g;370 kkal;0;0;45 g;0;6 g;18 g;0;0;0;0;0;0;0;0;6 g;0;0;0;0;0;0;0;0;0;0;0;0;0;0;0;0;0;0;0;0;0;930 mg;0;0;0;0;0;0;0;0;0;0;0;0;0
1192;Pop mie kuah pedes dower;PT. Indofood CBP Sukses Makmur Tbk;1;75 g;360 kkal;0;0;46 g;0;6 g;16 g;0;0;0;0;0;3 g;0;0;4 g;0;0;0;0;0;0;0;0;0;0;0;0;0;0;0;0;0;0;0;0;0;0 mg;0;0;0;0;0;0;0;0;0;0;0;0;0
4496;Pop Mie Mi Instan Tori Miso Ramen;PT. Indofood CBP Sukses Makmur Tbk;1;77 gram;370 kkal;0;0;49 g;0;5 g;17 g;0;0;0;0;0;2 g;0;0;4 g;0;0;0;0;0;0;0;0;0;0;0;0;0;0;0;0;0;0;0;0;0;1490 mg;0;0;0;0;0;0;0;0;0;0;0;0;0
1206;Pop mie mie goreng pedas;PT. Indofood CBP Sukses Makmur Tbk;1;80 g;370 kkal;0;0;49 g;0;6 g;17 g;0;0;0;0;0;6 g;0;0;4 g;0;0;0;0;0;0;0;0;0;0;0;0;0;0;0;0;0;0;0;0;0;0 mg;0;0;0;0;0;0;0;0;0;0;0;0;0
2731;Pop Mie PAKE NASI;PT. Indofood CBP Sukses Makmur Tbk;1;75.00 g;350 kkal;0;0;48 g;0;7 g;15 g;0;0;0;0;0;0;0;0;0;0;0;0;0;0;0;0;0;0;0;0;0;0;0;0;0;0;0;0;0;0;1370 mg;0;0;0;0;0;0;0;0;0;0;0;0;0
2851;Pop mie rasa baso;PT. Indofood CBP Sukses Makmur Tbk;1;75 gram;360 kkal;0;0;44 g;0;7 g;17 g;0;0;0;0;0;2 g;0;0;4 g;0;0;0;0;0;0;0;0;0;0;0;0;0;0;0;0;0;0;0;0;0;1170 mg;0;0;0;0;0;0;0;0;0;0;0;0;0
2854;Pop mie rasa baso;PT. Indofood CBP Sukses Makmur Tbk;1;75 gram;360 kkal;0;0;44 g;0;7 g;17 g;0;0;0;0;0;2 g;0;0;4 g;0;0;0;0;0;0;0;0;0;0;0;0;0;0;0;0;0;0;0;0;0;1170 mg;0;0;0;0;0;0;0;0;0;0;0;0;0
1205;Pop mie rasa kari ayam;PT. Indofood CBP Sukses Makmur Tbk;1;100 g;360 kkal;0;0;44 g;0;7 g;17 g;0;0;0;0;0;3 g;0;0;4 g;0;0;0;0;0;0;0;0;0;0;0;0;0;0;0;0;0;0;0;0;0;1450 mg;0;0;0;0;0;0;0;0;0;0;0;0;0
4495;Pop Mie Rasa Korean Spicy Ramyeon;PT. Indofood CBP Sukses Makmur Tbk;1;71 gram;320 kkal;0;0;46 g;0;6 g;12 g;0;0;0;0;0;2 g;0;0;4 g;0;0;0;0;0;0;0;0;0;0;0;0;0;0;0;0;0;0;0;0;0;1480 mg;0;0;0;0;0;0;0;0;0;0;0;0;0
4497;Pop Mie rasa Soto Ayam;PT. Indofood CBP Sukses Makmur Tbk;1;77 gram;360 kkal;0;0;46 g;0;7 g;16 g;0;0;0;0;0;3 g;0;0;5 g;0;0;0;0;0;0;0;0;0;0;0;0;0;0;0;0;0;0;0;0;0;1140 mg;0;0;0;0;0;0;0;0;0;0;0;0;0
2533;pop mie rasa soto ayam dengan nasi;PT. Indofood CBP Sukses Makmur Tbk;1;75 g;250 kkal;0;0;48 g;0;7 g;15 g;0;0;0;0;0;3 g;0;0;5 g;0;0;0;0;0;0;0;0;0;0;0;0;0;0;0;0;0;0;0;0;0;1320 mg;0;0;0;0;0;0;0;0;0;0;0;0;0
3228;Promina Baby Crunchies Keju Cheddar;PT. Indofood CBP Sukses Makmur Tbk;1;100 g;100 kkal;0;0;13 g;0;2 g;4.50 g;0;0;0;0;0;1 g;0;0;2 g;0;0;0;0;0;0;0;0;0;0;0;0;0;0;0;0;0;0;0;0;0;60 mg;0;0;0;0;0;0;0;0;0;0;0;0;0
1397;Promina milky beras merah;PT. Indofood CBP Sukses Makmur Tbk;1;50 g;210 kkal;0;0;35 g;0;8 g;4.50 g;0;0;0;0;0;0;0;0;0;0;0;0;0;0;0;0;0;0;0;0;0;0;0;0;0;0;0;0;0;0;150 mg;0;0;0;0;0;0;0;0;0;0;0;0;0
1398;Promina pisang susu;PT. Indofood CBP Sukses Makmur Tbk;1;50 g;210 kkal;0;0;35 g;0;8 g;4.50 g;0;0;0;0;0;0;0;0;0;0;0;0;0;0;0;0;0;0;0;0;0;0;0;0;0;0;0;0;0;0;150 mg;0;0;0;0;0;0;0;0;0;0;0;0;0
3151;Promina silky puding rasa coklat;PT. Indofood CBP Sukses Makmur Tbk;1;100 g;110 kkal;0;0;19 g;0;2 g;3 g;0;0;0;0;0;1 g;0;0;5 g;0;0;0;0;0;0;0;0;0;0;0;0;0;0;0;0;0;0;0;0;0;10 mg;0;0;0;0;0;0;0;0;0;0;0;0;0
3150;Promina sliky puding rasa strawberry;PT. Indofood CBP Sukses Makmur Tbk;1;100 g;110 kkal;0;0;19 g;0;1 g;3 g;0;0;0;0;0;0;0;0;11 g;0;0;0;0;0;0;0;0;0;0;0;0;0;0;0;0;0;0;0;0;0;12 mg;0;0;0;0;0;0;0;0;0;0;0;0;0
1399;Promina smooth kacang hijau;PT. Indofood CBP Sukses Makmur Tbk;1;50 g;210 kkal;0;0;35 g;0;8 g;4.50 g;0;0;0;0;0;0;0;0;0;0;0;0;0;0;0;0;0;0;0;0;0;0;0;0;0;0;0;0;0;0;150 mg;0;0;0;0;0;0;0;0;0;0;0;0;0
1633;Qtela Tempe;PT. Indofood CBP Sukses Makmur Tbk;1;20 g;110 kkal;0;0;8 g;0;4 g;7 g;0;0;0;0;0;0;0;0;0 g;0;0;0;0;0;0;0;0;0;0;0;0;0;0;0;0;0;0;0;0;0;0 mg;0;0;0;0;0;0;0;0;0;0;0;0;0
4625;Racik Bumbu Spesial Semur;PT. Indofood CBP Sukses Makmur Tbk;1;10 gram;30 kkal;0;0;6 g;0;1 g;0.50 g;0;0;0;0;0;0;0;0;5 g;0;0;0;0;0;0;0;0;0;0;0;0;0;0;0;0;0;0;0;0;0;510 mg;0;0;0;0;0;0;0;0;0;0;0;0;0
4629;Racik Bumbu Spesial Soto Ayam;PT. Indofood CBP Sukses Makmur Tbk;1;9 gram;20 kkal;0;0;2 g;0;1 g;1 g;0;0;0;0;0;1 g;0;0;1 g;0;0;0;0;0;0;0;0;0;0;0;0;0;0;0;0;0;0;0;0;0;1100 mg;0;0;0;0;0;0;0;0;0;0;0;0;0
3447;Sarimi Gelas Rasa Baso Sapi;PT. Indofood CBP Sukses Makmur Tbk;1;100 g;140 kkal;0;0;18 g;0;2 g;6 g;0;0;0;0;0;3 g;0;0;2 g;0;0;0;0;0;0;0;0;0;0;0;0;0;0;0;0;0;0;0;0;0;390 mg;0;0;0;0;0;0;0;0;0;0;0;0;0
3445;Sarimi Gelas Rasa Kari Ayam;PT. Indofood CBP Sukses Makmur Tbk;1;100 g;140 kkal;0;0;16 g;0;8 g;8 g;0;0;0;0;0;2 g;0;0;1 g;0;0;0;0;0;0;0;0;0;0;0;0;0;0;0;0;0;0;0;0;0;1110 mg;0;0;0;0;0;0;0;0;0;0;0;0;0
3444;Sarimi Gelas Rasa Soto Ayam;PT. Indofood CBP Sukses Makmur Tbk;1;100 g;140 kkal;0;0;16 g;0;3 g;7 g;0;0;0;0;0;2 g;0;0;2 g;0;0;0;0;0;0;0;0;0;0;0;0;0;0;0;0;0;0;0;0;0;940 mg;0;0;0;0;0;0;0;0;0;0;0;0;0
2508;SUN Bubur Bayi;PT. Indofood CBP Sukses Makmur Tbk;1;40 g;160 kkal;0;0;31 g;0;4 g;2.50 g;0;0;0;0;0;0;0;0;0;0;0;0;0;0;0;0;0;0;0;0;0;0;0;0;0;0;0;0;0;0;100 mg;0;0;0;0;0;0;0;0;0;0;0;0;0
2440;SUN bubur sereal susu;PT. Indofood CBP Sukses Makmur Tbk;1;40 g;160 kkal;0;0;31 g;0;4 g;2.50 g;0;0;0;0;0;1 g;0;0;8 g;0;0;0;25 mcg;0;50 mg;55 mg;0;0;0;0;0;0;0;40 mg;0;0;0;65 mg;40 mg;0;100 mg;60 mg;85 mg;0;0;0;0;0;0;0;0;0;0;0
3441;Supermi ayam Bawang;PT. Indofood CBP Sukses Makmur Tbk;1;172.00 g;340 kkal;0;0;46 g;0;7 g;15 g;0;0;0;0;0;4 g;0;0;2 g;0;0;0;0;0;0;0;0;0;0;0;0;0;0;0;0;0;0;0;0;0;1030 mg;0;0;0;0;0;0;0;0;0;0;0;0;0
3442;Supermi rasa Kaldu Ayam;PT. Indofood CBP Sukses Makmur Tbk;1;100 g;300 kkal;0;0;45 g;0;6 g;11 g;0;0;0;0;0;3 g;0;0;2 g;0;0;0;0;0;0;0;0;0;0;0;0;0;0;0;0;0;0;0;0;0;920 mg;0;0;0;0;0;0;0;0;0;0;0;0;0
4684;SuperMi Rasa Sup Sayuran;PT. Indofood CBP Sukses Makmur Tbk;1;65 gram;290 kkal;0;0;40 g;0;6 g;11 g;0;0;0;0;0;3 g;0;0;2 g;0;0;0;0;0;0;0;0;0;0;0;0;0;0;0;0;0;0;0;0;0;880 mg;0;0;0;0;0;0;0;0;0;0;0;0;0
4700;Taburi Rasa Keju Sultan;PT. Indofood CBP Sukses Makmur Tbk;1;6 gram;20 kkal;0;0;3 g;0;1 g;0 g;0;0;0;0;0;0 g;0;0;2 g;0;0;0;0;0;0;0;0;0;0;0;0;0;0;0;0;0;0;0;0;0;560 mg;0;0;0;0;0;0;0;0;0;0;0;0;0
3234;Chiki Balls Rasa Cokelat;PT. Indofood Fortuna Makmur;1;100 g;50 kkal;0;0;7 g;0;1 g;2.50 g;0;0;0;0;0;0;0;0;2 g;0;0;0;0;0;0;0;0;0;0;0;0;0;0;0;0;0;0;0;0;0;5 mg;0;0;0;0;0;0;0;0;0;0;0;0;0
3166;Chiki Balls Rasa Coklat;PT. Indofood Fortuna Makmur;1;100 g;50 kkal;0;0;7 g;0;1 g;2.50 g;0;0;0;0;0;0;0;0;2 g;0;0;0;0;0;0;0;0;0;0;0;0;0;0;0;0;0;0;0;0;0;5 mg;0;0;0;0;0;0;0;0;0;0;0;0;0
3233;Chiki Balls Rasa Kaldu Ayam;PT. Indofood Fortuna Makmur;1;100 g;50 kkal;0;0;7 g;0;1 g;2.50 g;0;0;0;0;0;0;0;0;0;0;0;0;0;0;0;0;0;0;0;0;0;0;0;0;0;0;0;0;0;0;55 mg;0;0;0;0;0;0;0;0;0;0;0;0;0
4731;Chiki Puffs Rasa Keju Cheddar;PT. Indofood Fortuna Makmur;1;10 gram;50 kkal;0;0;6 g;0;1 g;3 g;0;0;0;0;0;0;0;0;1 g;0;0;0;0;0;0;0;0;0;0;0;0;0;0;0;0;0;0;0;0;0;50 mg;0;0;0;0;0;0;0;0;0;0;0;0;0
4646;Chitato Lite Rasa Rumput Laut;PT. Indofood Fortuna Makmur;1;20 gram;110 kkal;0;0;11 g;0;1 g;7 g;0;0;0;0;0;0;0;0;1 g;0;0;0;0;0;0;0;0;0;0;0;0;0;0;0;0;0;0;0;0;0;65 mg;0;0;0;0;0;0;0;0;0;0;0;0;0
3875;JetZ Chocolate Fiesta;PT. Indofood Fortuna Makmur;1;20 gram;100 kkal;0;0;14 g;0;1 g;4.50 g;0;0;0;0;0;0;0;0;5 g;0;0;0;0;0;0;0;0;0;0;0;0;0;0;0;0;0;0;0;0;0;75 mg;0;0;0;0;0;0;0;0;0;0;0;0;0
4569;Maxicorn Chips Rasa Barbecue (55g);PT. Indofood Fortuna Makmur;1;20 gram;100 kkal;0;0;14 g;0;1 g;4.50 g;0;0;0;0;0;0;0;0;1 g;0;0;0;0;0;0;0;0;0;0;0;0;0;0;0;0;0;0;0;0;0;100 mg;0;0;0;0;0;0;0;0;0;0;0;0;0
2887;Chiki balls;PT. Indofood Fritolay Makmur;1;100 g;60 kkal;0;0;7 g;0;1 g;3 g;0;0;0;0;0;0;0;0;0;0;0;0;0;0;0;0;0;0;0;0;0;0;0;0;0;0;0;0;0;0;125 mg;0;0;0;0;0;0;0;0;0;0;0;0;0
3236;Chitato Maxx Spicy Mexican Chili Flavor;PT. Indofood Fritolay Makmur;1;100 g;110 kkal;0;0;12 g;0;1 g;6 g;0;0;0;0;0;0;0;0;1 g;0;0;0;0;0;0;0;0;0;0;0;0;0;0;0;0;0;0;0;0;0;90 mg;0;0;0;0;0;0;0;0;0;0;0;0;0
4603;Qtela Singkong 20g;PT. Indofood Fritolay Makmur;1;20 gram;110 kkal;0;0;13 g;0;0 g;6 g;0;0;0;0;0;0;0;0;1 g;0;0;0;0;0;0;0;0;0;0;0;0;0;0;0;0;0;0;0;0;0;50 mg;0;0;0;0;0;0;0;0;0;0;0;0;0
2438;Qtela tempe original;PT. Indofood Fritolay Makmur;1;20 g;110 kkal;0;0;8 g;0;4 g;7 g;0;0;0;0;0;0;0;0;0 g;0;0;0;0;0;0;0;0;0;0;0;0;0;0;0;0;0;0;0;0;0;125 mg;0;0;0;0;0;0;0;0;0;0;0;0;0
1842;Abon sapi super pedas superindo;PT. Indofood indonesia;1;100 g;510 kkal;0;0;40 g;0;26 g;27 g;0;0;0;0;0;6 g;0;0;33 g;0;0;0;0;0;0;0;0;0;0;0;0;0;0;0;0;0;0;0;0;0;0 mg;0;0;0;0;0;0;0;0;0;0;0;0;0
1840;Abon sapi superindo;PT. Indofood indonesia;1;100 g;140 kkal;0;0;60 g;0;14 g;17 g;0;0;0;0;0;3 g;0;0;20 g;0;0;0;0;0;0;0;0;0;0;0;0;0;0;0;0;0;0;0;0;0;0 mg;0;0;0;0;0;0;0;0;0;0;0;0;0
1423;Indofood cap enak (kental manis);PT. Indofood indonesia;1;37 g;120 kkal;0;0;21 g;0;1 g;4 g;0;0;0;0;0;2 g;0;0;19 g;0;0;0;0;0;0;0;0;0;0;0;0;0;0;0;0;0;0;0;0;0;0 mg;0;0;0;0;0;0;0;0;0;0;0;0;0
2898;Indomie Seblak;PT. Indofood indonesia;1;100 g;360 kkal;0;0;44 g;0;7 g;17 g;0;0;0;0;0;0;0;0;0;0;0;0;0;0;0;0;0;0;0;0;0;0;0;0;0;0;0;0;0;0;1190 mg;0;0;0;0;0;0;0;0;0;0;0;0;0
1836;Sohun superindo (mentah);PT. Indofood indonesia;1;50 g;169 kkal;0;0;42 g;0;0 g;0 g;0;0;0;0;0;0;0;0;1 g;0;0;0;0;0;0;0;0;0;0;0;0;0;0;0;0;0;0;0;0;0;0 mg;0;0;0;0;0;0;0;0;0;0;0;0;0
1810;Tropinana Slim Stevia;PT. Indofood indonesia;1;2.60 g;0 kkal;0;0;3 g;0;0 g;0 g;0;0;0;0;0;0;0;0;0 g;0;0;0;0;0;0;0;0;0;0;0;0;0;0;0;0;0;0;0;0;0;0 mg;0;0;0;0;0;0;0;0;0;0;0;0;0
1409;WRP deli chips;PT. Indofood indonesia;1;40 g;210 kkal;0;0;26 g;0;1 g;11 g;0;0;0;0;0;3 g;0;0;1 g;0;0;0;0;0;0;0;0;0;0;0;0;0;0;0;0;0;0;0;0;0;0 mg;0;0;0;0;0;0;0;0;0;0;0;0;0
2070;indomie mi keriting goreng spesial;PT. Indofood Sukses Makmur;1;90 g;400 kkal;0;0;56 g;0;10 g;15 g;0;0;0;0;0;0;0;0;0;0;0;0;0;0;0;0;0;0;0;0;0;0;0;0;0;0;0;0;0;0;1180 mg;0;0;0;0;0;0;0;0;0;0;0;0;0
2072;indomie mi keriting goreng spesial;PT. Indofood Sukses Makmur;1;90 g;400 kkal;0;0;56 g;0;10 g;15 g;0;0;0;0;0;0;0;0;0;0;0;0;0;0;0;0;0;0;0;0;0;0;0;0;0;0;0;0;0;0;1180 mg;0;0;0;0;0;0;0;0;0;0;0;0;0
2441;Lafonte spaghetti-11;PT. Indofood Sukses Makmur;1;60 g;20 kkal;0;0;40 g;0;8 g;1 g;0;0;0;0;0;2 g;0;0;0;0;0;0;0;0;0;0;0;0;0;0;0;0;0;0;0;0;0;0;0;0;0 mg;0;0;0;0;0;0;0;0;0;0;0;0;0
1804;Mie Sedaap baso spesial;PT. Indofood Sukses Makmur;1;77 g;340 kkal;0;0;47 g;0;9 g;13 g;0;0;0;0;0;6 g;0;0;2 g;0;0;0;0;0;0;0;0;0;0;0;0;0;0;0;0;0;0;0;0;0;0 mg;0;0;0;0;0;0;0;0;0;0;0;0;0
1805;Mie sedaap kari spesial;PT. Indofood Sukses Makmur;1;76 g;340 kkal;0;0;48 g;0;8 g;13 g;0;0;0;0;0;3 g;0;0;2 g;0;0;0;0;0;0;0;0;0;0;0;0;0;0;0;0;0;0;0;0;0;0 mg;0;0;0;0;0;0;0;0;0;0;0;0;0
3615;Gowell sereal & susu rasa taro;PT. Indofood Sukses Makmur Tbk;1;30.00 gram;120 kkal;0;0;23 g;0;2 g;2.50 g;0;0;0;0;0;0;0;0;0;0;0;0;0;0;0;0;0;0;0;0;0;0;0;0;0;0;0;0;0;0;165 mg;0;0;0;0;0;0;0;0;0;0;0;0;0
3448;Makaroni Pasta Sedani;PT. Indofood Sukses Makmur Tbk;1;100 g;220 kkal;0;0;46 g;0;7 g;1 g;0;0;0;0;0;4 g;0;0;0;0;0;0;0;0;0;0;0;0;0;0;0;0;0;0;0;0;0;0;0;0;10 mg;0;0;0;0;0;0;0;0;0;0;0;0;0
4589;Tepung Terigu Bogasari Kunci Biru 1 kg;PT. Indofood Sukses Makmur Tbk;1;100 gram;350 kkal;0;0;77 g;0;9 g;1 g;0;0;0;0;0;0;0;0;0;0;0;0;0;0;0;0;0;0;0;0;0;0;0;0;0;0;0;0;0;0;10 mg;0;0;0;0;0;0;0;0;0;0;0;0;0
1407;Cheetos jagung bakar;PT. Indofoodd fretolay makmur;1;10 g;50 kkal;0;0;6 g;0;1 g;3 g;0;0;0;0;0;0;0;0;0;0;0;0;0;0;0;0;0;0;0;0;0;0;0;0;0;0;0;0;0;0;0 mg;0;0;0;0;0;0;0;0;0;0;0;0;0
1410;Doritos barbeque;PT. Indofoodd fretolay makmur;1;20 g;100 kkal;0;0;13 g;0;2 g;4.50 g;0;0;0;0;0;0;0;0;1 g;0;0;0;0;0;0;0;0;0;0;0;0;0;0;0;0;0;0;0;0;0;0 mg;0;0;0;0;0;0;0;0;0;0;0;0;0
1408;Lays krim dan bawang;PT. Indofoodd fretolay makmur;1;20 g;110 kkal;0;0;11 g;0;2 g;6 g;0;0;0;0;0;0;0;0;0;0;0;0;0;0;0;0;0;0;0;0;0;0;0;0;0;0;0;0;0;0;0 mg;0;0;0;0;0;0;0;0;0;0;0;0;0
1422;Indomilk (kental manis);PT. Indolakto;1;37 g;120 kkal;0;0;21 g;0;1 g;3.50 g;0;0;0;0;0;2 g;0;0;19 g;0;0;0;0;0;0;0;0;0;0;0;0;0;0;0;0;0;0;0;0;0;0 mg;0;0;0;0;0;0;0;0;0;0;0;0;0
4871;Indomilk Creamy Original 545g;PT. Indolakto;1;30 gram;100 kkal;0;0;17 g;0;1 g;3 g;0;0;0;0;0;1 g;0;0;15 g;0;0;0;0;0;0;0;0;0;0;0;0;0;0;0;0;0;0;0;0;0;25 mg;0;0;0;0;0;0;0;0;0;0;0;0;0
4383;Indomilk Gangneung Dalgona Coffee Flavor;PT. Indolakto;1;180 ml;120 kkal;0;0;19 g;0;4 g;3.50 g;0;0;0;0;0;3 g;0;0;15 g;0;0;0;0;0;0;0;0;0;0;0;0;0;0;0;0;0;0;0;0;0;75 mg;0;0;0;0;0;0;0;0;0;0;0;0;0
4382;Indomilk Haenam Goguma Flavor;PT. Indolakto;1;180 ml;120 kkal;0;0;17 g;0;4 g;3.50 g;0;0;0;0;0;0;0;0;16 g;0;0;0;0;0;0;0;0;0;0;0;0;0;0;0;0;0;0;0;0;0;70 mg;0;0;0;0;0;0;0;0;0;0;0;0;0
4380;Indomilk Hong Kong Lychee Flavor;PT. Indolakto;1;180 ml;140 kkal;0;0;20 g;0;5 g;4 g;0;0;0;0;0;1 g;0;0;19 g;0;0;0;0;0;0;0;0;0;0;0;0;0;0;0;0;0;0;0;0;0;105 mg;0;0;0;0;0;0;0;0;0;0;0;0;0
4381;Indomilk Italian Coffee Latte Flavor;PT. Indolakto;1;180 ml;150 kkal;0;0;23 g;0;5 g;4 g;0;0;0;0;0;1 g;0;0;19 g;0;0;0;0;0;0;0;0;0;0;0;0;0;0;0;0;0;0;0;0;0;80 mg;0;0;0;0;0;0;0;0;0;0;0;0;0
3176;Indomilk Kids Rasa Coklat;PT. Indolakto;1;100 g;80 kkal;0;0;12 g;0;3 g;2.50 g;0;0;0;0;0;0;0;0;11 g;0;0;0;90 mcg;0;0;0;0;0;0;0;0;0;0;0;0;0;0;0;140 mg;0;40 mg;0;0;0;0;0;0;0;0;0;0;0;0;0
2425;Indomilk stroberi 190 ml;PT. Indolakto;1;190 ml;120 kkal;0;0;18 g;0;4 g;4 g;0;0;0;0;0;2 g;0;0;19 g;0;0;0;0;0;0;0;0;0;0;0;0;0;0;0;0;0;0;0;0;0;75 mg;0;0;0;0;0;0;0;0;0;0;0;0;0
2436;Indomilk stroberi 190 ml;PT. Indolakto;1;190 ml;120 kkal;0;0;18 g;0;4 g;4 g;0;0;0;0;0;2 g;0;0;19 g;0;0;0;0;0;0;0;0;0;0;0;0;0;0;0;0;0;0;0;0;0;75 mg;0;0;0;0;0;0;0;0;0;0;0;0;0
4727;Indomilk Susu Steril Plain 189ml;PT. Indolakto;1;189 ml;110 kkal;0;0;8 g;0;6 g;6 g;0;0;0;0;0;0;0;0;8 g;0;0;0;0;0;0;0;0;0;0;0;0;0;0;0;0;0;0;0;0;0;95 mg;0;0;0;0;0;0;0;0;0;0;0;0;0
3705;Susu UHT Indomilk full Cream Plain;PT. Indolakto;1;100 g;150 kkal;0;0;12 g;0;8 g;3.50 g;0;0;0;0;0;1 g;0;0;11 g;0;0;0;25 mcg;0;0;0;0;0;0;0;0;0;0;30 mg;0;0;0;35 mg;0;0;160 mg;0;6 mg;0;0;0;0;0;0;0;0;0;0;0
2941;kental Manis Tiga Sapi;PT. Indolaktoo;1;100 g;120 kkal;0;0;22 g;0;1 g;3.50 g;0;0;0;0;0;0;0;0;20 g;0;0;0;0;0;0;0;0;0;0;0;0;0;0;0;0;0;0;0;0;0;25 mg;0;0;0;0;0;0;0;0;0;0;0;0;0
4860;Indomaret Kacang Oven 95g;PT. Indomarco Prismatama;1;25 gram;120 kkal;0;0;14 g;0;4 g;6 g;0;0;0;0;0;4 g;0;0;3 g;0;0;0;0;0;0;0;0;0;0;0;0;0;0;0;0;0;0;0;0;0;45 mg;0;0;0;0;0;0;0;0;0;0;0;0;0
1234;Kuaci Indomaret;PT. Indomarco Prismatama;1;13 g;80 kkal;0;0;2 g;0;4 g;7 g;0;0;0;0;0;0;0;0;0;0;0;0;0;0;0;0;0;0;0;0;0;0;0;0;0;0;0;0;0;0;180 mg;0;0;0;0;0;0;0;0;0;0;0;0;0
1433;L-MEN 2 GO;PT. Indomarco Prismatama;1;200 ml;90 kkal;0;0;10 g;0;8 g;2 g;0;0;0;0;0;0;0;0;9 g;0;0;0;0;0;0;0;0;0;0;0;0;0;0;0;0;0;0;0;0;0;0 mg;0;0;0;0;0;0;0;0;0;0;0;0;0
4568;Aoka Roti Gulung Rasa Keju;PT. Indonesia Bakery Family;1;38 gram;140 kkal;0;0;20 g;0;3 g;6 g;0;0;0;0;0;2 g;0;0;6 g;0;0;0;0;0;0;0;0;0;0;0;0;0;0;0;0;0;0;0;0;0;95 mg;0;0;0;0;0;0;0;0;0;0;0;0;0
2861;Mr. Bread Roti Isi Abon Ayam Mayo Pedas;PT. INDOROTI PRIMA CEMERLANG;1;40.00 g;200 kkal;0;0;28 g;0;6 g;7 g;0;0;0;0;0;0;0;0;8 g;0;0;0;0;0;0;0;0;0;0;0;0;0;0;0;0;0;0;0;0;0;300 mg;0;0;0;0;0;0;0;0;0;0;0;0;0
4900;Este Emje dengan Ginseng;PT. Industri Jamu dan Farmasi Sidomuncul Tbk;1;30 gram;120 kkal;0;0;20 g;0;3 g;3.50 g;0;0;0;0;0;0;0;0;18 g;0;0;0;0;0;0;0;0;0;0;0;0;0;0;0;0;0;0;0;0;0;55 mg;0;0;0;0;0;0;0;0;0;0;0;0;0
3197;Saori Saus Mentega;PT. Inkenas Agung;1;100 g;10 kkal;0;0;2 g;0;0 g;0 g;0;0;0;0;0;0;0;0;0 g;0;0;0;0;0;0;0;0;0;0;0;0;0;0;0;0;0;0;0;0;0;200 mg;0;0;0;0;0;0;0;0;0;0;0;0;0
4819;Tropicana Slim Mayosauce Roasted Sesame;PT. Inkenas Agung;1;15 gram;50 kkal;0;0;0 g;0;0 g;5 g;0;0;0;0;0;0;0;0;0;0;0;0;0;0;0;0;0;0;0;0;0;0;0;0;0;0;0;0;0;0;70 mg;0;0;0;0;0;0;0;0;0;0;0;0;0
4360;Rocho Choco;PT. Inkubisc;1;7 gram;40 kkal;0;0;5 g;0;0 g;2 g;0;0;0;0;0;0;0;0;3 g;0;0;0;0;0;0;0;0;0;0;0;0;0;0;0;0;0;0;0;0;0;0 mg;0;0;0;0;0;0;0;0;0;0;0;0;0
2495;APOLLO milk wafer cream;PT. Interfood sukses jasindo;1;48 g;290 kkal;0;0;22 g;0;2 g;22 g;0;0;0;0;0;0;0;0;19 g;0;0;0;0;0;0;0;0;0;0;0;0;0;0;0;0;0;0;0;0;0;45 mg;0;0;0;0;0;0;0;0;0;0;0;0;0
1233;Naraya melon seed;PT. Interfood sukses jasindo;1;20 g;130 kkal;0;0;2 g;0;6 g;10 g;0;0;0;0;0;0;0;0;0;0;0;0;0;0;0;0;0;0;0;0;0;0;0;0;0;0;0;0;0;0;180 mg;0;0;0;0;0;0;0;0;0;0;0;0;0
4691;Biskitop Wafer Stick Rasa Vanilla;PT. Intim Harmonis Foods Industri;1;30 gram;150 kkal;0;0;22 g;0;1 g;6 g;0;0;0;0;0;0 g;0;0;16 g;0;0;0;0;0;0;0;0;0;0;0;0;0;0;0;0;0;0;0 mg;0;0;40 mg;0 mg;0 mg;0;0;0;0;0;0;0;0;0;0;0
4792;Kogen Wafer Stick Chocolate 500g;PT. Jadi Jaya Abadi Corak Biscuit Factory Indonesia;1;30 gram;140 kkal;0;0;23 g;0;1 g;4.50 g;0;0;0;0;0;0 g;0;0;11 g;0;0;0;0;0;0;0;0;0;0;0;0;0;0;0;0;0;0;0;0;0;55 mg;0;0;0;0;0;0;0;0;0;0;0;0;0
4675;Monde Bourbon Choco 500g;PT. Jadi Jaya Abadi Corak Biscuit Factory Indonesia;1;30 gram;150 kkal;0;0;21 g;0;2 g;6 g;0;0;0;0;0;0;0;0;7 g;0;0;0;0;0;0;0;0;0;0;0;0;0;0;0;0;0;0;0;0;0;45 mg;0;0;0;0;0;0;0;0;0;0;0;0;0
4580;Monde Bourbon Gandum Cokelat;PT. Jadi Jaya Abadi Corak Biscuit Factory Indonesia;1;12 gram;60 kkal;0;0;8 g;0;1 g;3 g;0;0;0;0;0;3 g;0;0;2 g;0;0;0;0;0;0;0;0;0;0;0;0;0;0;0;0;0;0;0;0;0;30 mg;0;0;0;0;0;0;0;0;0;0;0;0;0
4890;Gaga Mie Gepeng Rasa Soto;PT. Jakarana Tama;1;67 gram;300 kkal;0;0;40 g;0;6 g;13 g;0;0;0;0;0;0;0;0;2 g;0;0;0;0;0;0;0;0;0;0;0;0;0;0;0;0;0;0;0;0;0;1150 mg;0;0;0;0;0;0;0;0;0;0;0;0;0
4505;Gaga 100 Extra Pedas Mie Cup Goreng Jalapeno;PT. Jakarana Tama Bogor;1;75 gram;340 kkal;0;0;49 g;0;7 g;13 g;0;0;0;0;0;0;0;0;5 g;0;0;0;0;0;0;0;0;0;0;0;0;0;0;0;0;0;0;0;0;0;950 mg;0;0;0;0;0;0;0;0;0;0;0;0;0
2422;Mie gaga;PT. Jakarana tama, bogor;1;75 g;330 kkal;0;0;45 g;0;9 g;13 g;0;0;0;0;0;0;0;0;0;0;0;0;0;0;0;0;0;0;0;0;0;0;0;0;0;0;0;0;0;0;240 mg;0;0;0;0;0;0;0;0;0;0;0;0;0
2758;Mie Gaga Goreng Lada Hitam;PT. Jakarana tama, bogor;1;100 g;390 kkal;0;0;53 g;0;9 g;16 g;0;0;0;0;0;0;0;0;0;0;0;0;0;0;0;0;0;0;0;0;0;0;0;0;0;0;0;0;0;0;1150 mg;0;0;0;0;0;0;0;0;0;0;0;0;0
3460;Promilch/ imukal;PT. JANGKAR NUSANTARA MEGAH;1;50.00 g;190 kkal;0;0;26 g;0;4 g;7 g;0;0;0;0;0;0;0;0;0;0;0;0;0;0;0;0;0;0;0;0;0;0;0;0;0;0;0;0;0;0;160 mg;0;0;0;0;0;0;0;0;0;0;0;0;0
3779;Mamayo Mayonais Original;PT. Java Egg Specialities;1;100 g;150 kkal;0;0;1 g;0;1 g;17 g;0;0;0;0;0;0;0;0;0 g;0;0;0;0;0;0;0;0;0;0;0;0;0;0;0;0;0;0;0;0;0;30 mg;0;0;0;0;0;0;0;0;0;0;0;0;0
1521;Kopi luwak white koffie;PT. Java prima abadi;1;20 g;90 kkal;0;0;17 g;0;1 g;2 g;0;0;0;0;0;2 g;0;0;12 g;0;0;0;0;0;0;0;0;0;0;0;0;0;0;0;0;0;0;0;0;0;0 mg;0;0;0;0;0;0;0;0;0;0;0;0;0
1466;Luwak white coffe;PT. Java prima abadi;1;240 ml;130 kkal;0;0;23 g;0;4 g;2 g;0;0;0;0;0;0;0;0;0;0;0;0;0;0;0;0;0;0;0;0;0;0;0;0;0;0;0;0;0;0;0 mg;0;0;0;0;0;0;0;0;0;0;0;0;0
2961;Promina Arrowroot Biscuit Coklat;PT. Javafood Aneka Industri;1;100 g;120 kkal;0;0;21 g;0;3 g;3.50 g;0;0;0;0;0;1 g;0;0;5 g;0;0;0;0;0;0;0;0;0;0;0;0;0;0;0;0;0;0;0;0;0;30 mg;0;0;0;0;0;0;0;0;0;0;0;0;0
4915;Luwak Kopi + Gula 23g;PT. Javaprima Abadi;1;23 gram;90 kkal;0;0;21 g;0;1 g;0.50 g;0;0;0;0;0;4 g;0;0;16 g;0;0;0;0;0;0;0;0;0;0;0;0;0;0;0;0;0;0;0;0;0;0 mg;0;0;0;0;0;0;0;0;0;0;0;0;0
4914;Luwak White Koffie Caramel 200g;PT. Javaprima Abadi;1;20 gram;90 kkal;0;0;16 g;0;1 g;2.50 g;0;0;0;0;0;2 g;0;0;13 g;0;0;0;0;0;0;0;0;0;0;0;0;0;0;0;0;0;0;0;0;0;35 mg;0;0;0;0;0;0;0;0;0;0;0;0;0
4913;Luwak White Koffie Mocca 200g;PT. Javaprima Abadi;1;20 gram;90 kkal;0;0;16 g;0;1 g;2.50 g;0;0;0;0;0;2 g;0;0;12 g;0;0;0;0;0;0;0;0;0;0;0;0;0;0;0;0;0;0;0;0;0;30 mg;0;0;0;0;0;0;0;0;0;0;0;0;0
4911;Luwak White Koffie Original 180g;PT. Javaprima Abadi;1;20 gram;90 kkal;0;0;17 g;0;1 g;1.50 g;0;0;0;0;0;1 g;0;0;12 g;0;0;0;0;0;0;0;0;0;0;0;0;0;0;0;0;0;0;0;0;0;15 mg;0;0;0;0;0;0;0;0;0;0;0;0;0
4910;Luwak White Koffie Premium Less Sugar 171g;PT. Javaprima Abadi;1;19 gram;80 kkal;0;0;16 g;0;0 g;2.50 g;0;0;0;0;0;2 g;0;0;5 g;0;0;0;0;0;0;0;0;0;0;0;0;0;0;0;0;0;0;0;0;0;15 mg;0;0;0;0;0;0;0;0;0;0;0;0;0
4912;Luwak White Koffie Vanilla 200g;PT. Javaprima Abadi;1;20 gram;90 kkal;0;0;16 g;0;1 g;2.50 g;0;0;0;0;0;1 g;0;0;12 g;0;0;0;0;0;0;0;0;0;0;0;0;0;0;0;0;0;0;0;0;0;30 mg;0;0;0;0;0;0;0;0;0;0;0;0;0
4753;Liang Shi Fu Minyak Wijen Hitam;PT. Jaya Putra Dewata;1;15 ml;130 kkal;0;0;0 g;0;0 g;15 g;0;0;0;0;0;0;0;0;0 g;0;0;0;0;0;0;0;0;0;0;0;0;0;0;0;0;0;0;0;0;0;0 mg;0;0;0;0;0;0;0;0;0;0;0;0;0
1478;Fox's Fruits;PT. Jaya Utama Santika;1;4.50 g;15 kkal;0;0;4 g;0;0 g;0 g;0;0;0;0;0;0;0;0;3 g;0;0;0;0;0;0;0;0;0;0;0;0;0;0;0;0;0;0;0;0;0;0 mg;0;0;0;0;0;0;0;0;0;0;0;0;0
4596;Frutaneira Sweet Kernel Corn;PT. Jaya Utama Santika;1;100 gram;80 kkal;0;0;15 g;0;2 g;1 g;0;0;0;0;0;0;0;0;0;0;0;0;0;0;0;0;0;0;0;0;0;0;0;0;0;0;0;0;0;0;210 mg;0;0;0;0;0;0;0;0;0;0;0;0;0
1405;Selamat wafer;PT. Jenindo prakarsa;1;30 g;160 kkal;0;0;19 g;0;2 g;8 g;0;0;0;0;0;0;0;0;0;0;0;0;0;0;0;0;0;0;0;0;0;0;0;0;0;0;0;0;0;0;0 mg;0;0;0;0;0;0;0;0;0;0;0;0;0
1939;Keju Castello Brie;PT. Jerindo Jaya Abadi;1;25 g;73 kkal;0;0;0.03 g;0;5 g;6 g;0;0;0;0;0;0 g;0;0;0.03 g;0;0;0;0;0;0;0;0;0;0;0;0;0;0;0;0;0;0;0;0;0;0 mg;0;0;0;0;0;0;0;0;0;0;0;0;0
2352;Baker Brothers Wafer Rolls;PT. Kacang dua kelincii;1;30 g;130 kkal;0;0;25 g;0;2 g;2.50 g;0;0;0;0;0;2 g;0;0;10 g;0;0;0;0;0;0;0;0;0;0;0;0;0;0;0;0;0;0;0;0;0;30 mg;0;0;0;0;0;0;0;0;0;0;0;0;0
1483;Dua kelinci kacang garing;PT. Kacang dua kelincii;1;25 g;160 kkal;0;0;4 g;0;8 g;12 g;0;0;0;0;0;3 g;0;0;1 g;0;0;0;0;0;0;0;0;0;0;0;0;0;0;0;0;0;0;0;0;0;0 mg;0;0;0;0;0;0;0;0;0;0;0;0;0
1485;Dua kelinci kacang polong;PT. Kacang dua kelincii;1;25 g;120 kkal;0;0;15 g;0;3 g;5 g;0;0;0;0;0;5 g;0;0;0;0;0;0;0;0;0;0;0;0;0;0;0;0;0;0;0;0;0;0;0;0;0 mg;0;0;0;0;0;0;0;0;0;0;0;0;0
1484;Dua kelinci sukro;PT. Kacang dua kelincii;1;25 g;130 kkal;0;0;15 g;0;2 g;7 g;0;0;0;0;0;2 g;0;0;1 g;0;0;0;0;0;0;0;0;0;0;0;0;0;0;0;0;0;0;0;0;0;0 mg;0;0;0;0;0;0;0;0;0;0;0;0;0
4869;Diabetasol Rasa Vanila 170g;PT. Kalbe Farma;1;60 gram;250 kkal;0;0;37 g;0;11 g;7 g;0;0;0;0;0;4 g;0;0;13 g;0;0;0;0;0;0;0;0;0;0;0;0;0;0;0;0;0;0;0;0;0;90 mg;0;0;0;0;0;0;0;0;0;0;0;0;0
4734;Entrasol Gold Vanilla 560g;PT. Kalbe Farma;1;35 gram;130 kkal;0;0;24 g;0;7 g;1 g;0;0;0;0;0;3 g;0;0;13 g;0;0;0;0;0;0;0;0;0;0;0;0;0;0;0;0;0;0;0;0;0;125 mg;0;0;0;0;0;0;0;0;0;0;0;0;0
1437;Diabetasol (vanilla malt);PT. Kalbe Nutritional;1;200 g;170 kkal;0;0;26 g;0;8 g;4 g;0;0;0;0;0;3 g;0;0;0;0;0;0;0;0;0;0;0;0;0;0;0;0;0;0;0;0;0;0;0;0;0 mg;0;0;0;0;0;0;0;0;0;0;0;0;0
1812;Diabetasol sweetener;PT. Kalbe Nutritional;1;1 g;0 kkal;0;0;1 g;0;0 g;0 g;0;0;0;0;0;0;0;0;0 g;0;0;0;0;0;0;0;0;0;0;0;0;0;0;0;0;0;0;0;0;0;0 mg;0;0;0;0;0;0;0;0;0;0;0;0;0
1434;Entrasol (coklat);PT. Kalbe Nutritional;1;200 ml;140 kkal;0;0;24 g;0;5 g;2.50 g;0;0;0;0;0;1 g;0;0;11 g;0;0;0;0;0;0;0;0;0;0;0;0;0;0;0;0;0;0;0;0;0;0 mg;0;0;0;0;0;0;0;0;0;0;0;0;0
1430;Hydro coco;PT. Kalbe Nutritional;1;250 ml;60 kkal;0;0;18 g;0;0 g;0 g;0;0;0;0;0;7 g;0;0;10 g;0;0;0;0;0;0;0;0;0;0;0;0;0;0;0;0;0;0;0;0;0;0 mg;0;0;0;0;0;0;0;0;0;0;0;0;0
4549;Hydro Coco 500 mL;PT. Kalbe Nutritional;1;250 ml;60 kkal;0;0;15 g;0;0 g;0 g;0;0;0;0;0;8 g;0;0;7 g;0;0;0;0;0;0;0;0;0;0;0;0;0;0;0;0;0;0;0;0;0;105 mg;470 mg;0;0;0;0;0;0;0;0;0;0;0;0
1394;Milna beras merah;PT. Kalbe Nutritional;1;50 g;210 kkal;0;0;36 g;0;6 g;5 g;0;0;0;0;0;0;0;0;0;0;0;0;0;0;0;0;0;0;0;0;0;0;0;0;0;0;0;0;0;0;35 mg;0;0;0;0;0;0;0;0;0;0;0;0;0
1396;Milna kacang hijau;PT. Kalbe Nutritional;1;50 g;210 kkal;0;0;36 g;0;6 g;5 g;0;0;0;0;0;0;0;0;0;0;0;0;0;0;0;0;0;0;0;0;0;0;0;0;0;0;0;0;0;0;55 mg;0;0;0;0;0;0;0;0;0;0;0;0;0
1395;Milna pisang;PT. Kalbe Nutritional;1;50 g;210 kkal;0;0;36 g;0;6 g;4.50 g;0;0;0;0;0;0;0;0;0;0;0;0;0;0;0;0;0;0;0;0;0;0;0;0;0;0;0;0;0;0;50 mg;0;0;0;0;0;0;0;0;0;0;0;0;0
1811;Nulife sweetener;PT. Kalbe Nutritional;1;1.50 g;5 kkal;0;0;1 g;0;0 g;0 g;0;0;0;0;0;0;0;0;0 g;0;0;0;0;0;0;0;0;0;0;0;0;0;0;0;0;0;0;0;0;0;0 mg;0;0;0;0;0;0;0;0;0;0;0;0;0
1655;Nutrive Benecol;PT. Kalbe Nutritional;1;100 ml;60 kkal;0;0;9 g;0;1 g;2 g;0;0;0;0;0;0 g;0;0;4 g;0;0;0;0;0;0;0;0;0;0;0;0;0;0;0;0;0;0;0;0;0;0 mg;0;0;0;0;0;0;0;0;0;0;0;0;0
1586;Susu Slim dan fit coklat;PT. Kalbe Nutritional;1;54 g;200 kkal;0;0;30 g;0;15 g;3 g;0;0;0;0;0;5 g;0;0;12 g;0;0;0;0;0;0;0;0;0;0;0;0;0;0;0;0;0;0;0;0;0;0 mg;0;0;0;0;0;0;0;0;0;0;0;0;0
1587;Susu Slim dan fit vanila;PT. Kalbe Nutritional;1;54 g;200 kkal;0;0;30 g;0;15 g;2.50 g;0;0;0;0;0;5 g;0;0;13 g;0;0;0;0;0;0;0;0;0;0;0;0;0;0;0;0;0;0;0;0;0;0 mg;0;0;0;0;0;0;0;0;0;0;0;0;0
4547;Nabati Bites Rasa Keju;PT. Kaldu Sari Nabati Indonesia;1;8 gram;40 kkal;0;0;6 g;0;0 g;1.50 g;0;0;0;0;0;0;0;0;3 g;0;0;0;0;0;0;0;0;0;0;0;0;0;0;0;0;0;0;0;0;0;30 mg;0;0;0;0;0;0;0;0;0;0;0;0;0
3177;Nabati Pasta Keju;PT. Kaldu Sari Nabati Indonesia;1;100 g;35 kkal;0;0;3 g;0;0 g;2.50 g;0;0;0;0;0;0;0;0;2 g;0;0;0;0;0;0;0;0;0;0;0;0;0;0;0;0;0;0;0;0;0;15 mg;0;0;0;0;0;0;0;0;0;0;0;0;0
4681;Nabati Pink Lava Wafer 24g;PT. Kaldu Sari Nabati Indonesia;1;8 gram;40 kkal;0;0;6 g;0;0 g;1.50 g;0;0;0;0;0;0;0;0;3 g;0;0;0;0;0;0;0;0;0;0;0;0;0;0;0;0;0;0;0;0;0;25 mg;0;0;0;0;0;0;0;0;0;0;0;0;0
3725;Nabati Wafer Krim Cokelat;PT. Kaldu Sari Nabati Indonesia;1;30.00 g;70 kkal;0;0;11 g;0;1 g;3 g;0;0;0;0;0;0;0;0;5 g;0;0;0;0;0;0;0;0;0;0;0;0;0;0;0;0;0;0;0;0;0;25 mg;0;0;0;0;0;0;0;0;0;0;0;0;0
4559;Nextar Nastar Pineapple Jam 112 g;PT. Kaldu Sari Nabati Indonesia;1;14 gram;60 kkal;0;0;10 g;0;1 g;2 g;0;0;0;0;0;0;0;0;4 g;0;0;0;0;0;0;0;0;0;0;0;0;0;0;0;0;0;0;0;0;0;50 mg;0;0;0;0;0;0;0;0;0;0;0;0;0
2749;Santan sun kara;PT. Kara Santan Pertama;1;15 g;35 kkal;0;0;0 g;0;0 g;4 g;0;0;0;0;0;0;0;0;0;0;0;0;0;0;0;0;0;0;0;0;0;0;0;0;0;0;0;0;0;0;0 mg;0;0;0;0;0;0;0;0;0;0;0;0;0
2270;Hydromama;PT. KARNIEL PACIFIC INDONESIA;1;18 g;0 kkal;0;0;18 g;0;0 g;0 g;0;0;0;0;0;0;0;0;15 g;0;0;0;0;0;0;0;0;0;0;0;0;0;0;100 mg;0;0;0;0;0;0;85 mg;25 mg;0;0;0;0;0;0;0;0;0;0;0;0
2272;Hydromama;PT. KARNIEL PACIFIC INDONESIA;1;18 g;0 kkal;0;0;18 g;0;0 g;0 g;0;0;0;0;0;0;0;0;15 g;0;0;0;0;0;0;0;0;0;0;0;0;0;0;100 mg;0;0;0;0;0;0;85 mg;25 mg;0;0;0;0;0;0;0;0;0;0;0;0
1771;kopi Karniel coffee7 caramel macchiato;PT. KARNIEL PACIFIC INDONESIA;1;22.50 g;100 kkal;0;0;15 g;0;2 g;4 g;0;0;0;0;0;0;0;0;10 g;0;0;0;0;0;0;0;0;0;0;0;0;0;0;0;0;0;0;0;0;0;0 mg;0;0;0;0;0;0;0;0;0;0;0;0;0
4465;Golden Whole Kernel Corn;PT. Kartikawira Adisukses;1;50 gram;40 kkal;0;0;6 g;0;1 g;1 g;0;0;0;0;0;0;0;0;2 g;0;0;0;0;0;0;0;0;0;0;0;0;0;0;0;0;0;0;0;0;0;95 mg;0;0;0;0;0;0;0;0;0;0;0;0;0
1847;Blacktea cap dandang;PT. Kartini teh nasional;1;2 g;0 kkal;0;0;0 g;0;0 g;0 g;0;0;0;0;0;0 g;0;0;0 g;0;0;0;0;0;0;0;0;0;0;0;0;0;0;0;0;0;0;0;0;0;0 mg;0;0;0;0;0;0;0;0;0;0;0;0;0
4517;Teh Cap Dandang Jasmine Tea;PT. Kartini Teh Nasional;1;2 gram;10 kkal;0;0;1 g;0;0 g;0 g;0;0;0;0;0;0;0;0;0 g;0;0;0;0;0;0;0;0;0;0;0;0;0;0;0;0;0;0;0;0;0;0 mg;0;0;0;0;0;0;0;0;0;0;0;0;0
2435;Chocodrink;PT. Karunia Alam Segar;1;28 g;120 kkal;0;0;23 g;0;2 g;2.50 g;0;0;0;0;0;0;0;0;18 g;0;0;0;0;0;0;0;0;0;0;0;0;0;0;0;0;0;0;0;0;0;100 mg;0;0;0;0;0;0;0;0;0;0;0;0;0
4635;EkoMie Baksoo;PT. Karunia Alam Segar;1;55 gram;200 kkal;0;0;41 g;0;6 g;1 g;0;0;0;0;0;4 g;0;0;1 g;0;0;0;0;0;0;0;0;0;0;0;0;0;0;0;0;0;0;0;0;0;360 mg;0;0;0;0;0;0;0;0;0;0;0;0;0
3251;Jasjus Rasa Jeruk;PT. Karunia Alam Segar;1;100 g;30 kkal;0;0;7 g;0;0 g;0 g;0;0;0;0;0;0;0;0;6 g;0;0;0;0;0;0;0;0;0;0;0;0;0;0;0;0;0;0;0;0;0;15 mg;0;0;0;0;0;0;0;0;0;0;0;0;0
3250;Jasjus Rasa Jeruk Peras;PT. Karunia Alam Segar;1;100 g;25 kkal;0;0;6 g;0;0 g;0 g;0;0;0;0;0;0;0;0;5 g;0;0;0;0;0;0;0;0;0;0;0;0;0;0;0;0;0;0;0;0;0;15 mg;0;0;0;0;0;0;0;0;0;0;0;0;0
2977;Jasjus Rasa Lemon;PT. Karunia Alam Segar;1;100 g;25 kkal;0;0;6 g;0;0 g;0 g;0;0;0;0;0;0;0;0;5 g;0;0;0;0;0;0;0;0;0;0;0;0;0;0;0;0;0;0;0;0;0;15 mg;0;0;0;0;0;0;0;0;0;0;0;0;0
3294;Jasjus Rasa Melon;PT. Karunia Alam Segar;1;100 g;25 kkal;0;0;6 g;0;0 g;0 g;0;0;0;0;0;0;0;0;5 g;0;0;0;0;0;0;0;0;0;0;0;0;0;0;0;0;0;0;0;0;0;15 mg;0;0;0;0;0;0;0;0;0;0;0;0;0
3296;Jasjus Rasa Stroberi;PT. Karunia Alam Segar;1;100 g;25 kkal;0;0;6 g;0;0 g;0 g;0;0;0;0;0;0;0;0;5 g;0;0;0;0;0;0;0;0;0;0;0;0;0;0;0;0;0;0;0;0;0;15 mg;0;0;0;0;0;0;0;0;0;0;0;0;0
3354;Jasjus Rsa Mangga;PT. Karunia Alam Segar;1;10.00 g;30 kkal;0;0;8 g;0;0 g;0 g;0;0;0;0;0;0;0;0;7 g;0;0;0;0;0;0;0;0;0;0;0;0;0;0;0;0;0;0;0;0;0;30 mg;0;0;0;0;0;0;0;0;0;0;0;0;0
4500;Mie Sedaap Cup Mie Kuah Rasa Kari Spesial;PT. Karunia Alam Segar;1;81 gram;360 kkal;0;0;48 g;0;8 g;16 g;0;0;0;0;0;6 g;0;0;3 g;0;0;0;0;0;0;0;0;0;0;0;0;0;0;0;0;0;0;0;0;0;900 mg;0;0;0;0;0;0;0;0;0;0;0;0;0
4499;Mie Sedaap Cup Mie Kuah Rasa Soto;PT. Karunia Alam Segar;1;81 gram;370 kkal;0;0;45 g;0;8 g;18 g;0;0;0;0;0;7 g;0;0;2 g;0;0;0;0;0;0;0;0;0;0;0;0;0;0;0;0;0;0;0;0;0;1210 mg;0;0;0;0;0;0;0;0;0;0;0;0;0
4501;Mie Sedaap Cup Rasa Ayam Jerit;PT. Karunia Alam Segar;1;79 gram;380 kkal;0;0;48 g;0;8 g;17 g;0;0;0;0;0;5 g;0;0;3 g;0;0;0;0;0;0;0;0;0;0;0;0;0;0;0;0;0;0;0;0;0;1360 mg;0;0;0;0;0;0;0;0;0;0;0;0;0
4502;Mie Sedaap Cup Rawit Bingit Rasa Kari Mercon;PT. Karunia Alam Segar;1;75 gram;330 kkal;0;0;42 g;0;9 g;14 g;0;0;0;0;0;5 g;0;0;3 g;0;0;0;0;0;0;0;0;0;0;0;0;0;0;0;0;0;0;0;0;0;1360 mg;0;0;0;0;0;0;0;0;0;0;0;0;0
1148;Mie Sedaap Instant Rasa Soto 75 g;PT. Karunia Alam Segar;1;75 g;340 kkal;0;0;46 g;0;8 g;13 g;0;0;0;0;0;2 g;0;0;3 g;0;0;0;0;0;0;0;0;0;0;0;0;0;0;0;0;0;0;0;0;0;1030 mg;0;0;0;0;0;0;0;0;0;0;0;0;0
4637;Mie Sedaap Ramen Hakata Chicken Ramen;PT. Karunia Alam Segar;1;88 gram;330 kkal;0;0;56 g;0;10 g;7 g;0;0;0;0;0;5 g;0;0;4 g;0;0;0;0;0;0;0;0;0;0;0;0;0;0;0;0;0;0;0;0;0;1230 mg;0;0;0;0;0;0;0;0;0;0;0;0;0
4636;Mie Sedaap Ramen Tokyo Chicken Yakitori;PT. Karunia Alam Segar;1;84 gram;320 kkal;0;0;56 g;0;10 g;6 g;0;0;0;0;0;5 g;0;0;4 g;0;0;0;0;0;0;0;0;0;0;0;0;0;0;0;0;0;0;0;0;0;1250 mg;0;0;0;0;0;0;0;0;0;0;0;0;0
2737;mie sedaap tasty;PT. Karunia Alam Segar;1;100 g;590 kkal;0;0;84 g;0;15 g;22 g;0;0;0;0;0;7 g;0;0;6 g;0;0;0;0;0;0;0;0;0;0;0;0;0;0;0;0;0;0;0;0;0;810 mg;0;0;0;0;0;0;0;0;0;0;0;0;0
2547;Mie sedap cup kuah baso spesial;PT. Karunia Alam Segar;1;100 g;360 kkal;0;0;42 g;0;9 g;17 g;0;0;0;0;0;4 g;0;0;3 g;0;0;0;0;0;0;0;0;0;0;0;0;0;0;0;0;0;0;0;0;0;820 mg;0;0;0;0;0;0;0;0;0;0;0;0;0
4893;Sedaap Baked Mie Instan Goreng 87g;PT. Karunia Alam Segar;1;87 gram;340 kkal;0;0;62 g;0;8 g;6 g;0;0;0;0;0;6 g;0;0;5 g;0;0;0;0;0;0;0;0;0;0;0;0;0;0;0;0;0;0;0;0;0;680 mg;0;0;0;0;0;0;0;0;0;0;0;0;0
4643;Sedaap Bumbu Kaldu Rasa Ayam;PT. Karunia Alam Segar;1;3 gram;0 kkal;0;0;0 g;0;0 g;0 g;0;0;0;0;0;0;0;0;0;0;0;0;0;0;0;0;0;0;0;0;0;0;0;0;0;0;0;0;0;0;780 mg;0;0;0;0;0;0;0;0;0;0;0;0;0
4632;Sedaap Bumbu Kaldu Rasa Sapi;PT. Karunia Alam Segar;1;3 gram;0 kkal;0;0;0 g;0;0 g;0 g;0;0;0;0;0;0;0;0;0 g;0;0;0;0;0;0;0;0;0;0;0;0;0;0;0;0;0;0;0;0;0;840 mg;0;0;0;0;0;0;0;0;0;0;0;0;0
4852;Sedaap Kecap Manis 135 mL (Pet);PT. Karunia Alam Segar;1;15 ml;70 kkal;0;0;16 g;0;1 g;0 g;0;0;0;0;0;0;0;0;12 g;0;0;0;0;0;0;0;0;0;0;0;0;0;0;0;0;0;0;0;0;0;380 mg;0;0;0;0;0;0;0;0;0;0;0;0;0
4853;Sedaap Kecap Manis 275 mL (Pet);PT. Karunia Alam Segar;1;15 ml;70 kkal;0;0;16 g;0;1 g;0 g;0;0;0;0;0;0;0;0;12 g;0;0;0;0;0;0;0;0;0;0;0;0;0;0;0;0;0;0;0;0;0;380 mg;0;0;0;0;0;0;0;0;0;0;0;0;0
4854;Sedaap Kecap Manis 500 mL (Pouch);PT. Karunia Alam Segar;1;21 gram;70 kkal;0;0;17 g;0;0 g;0 g;0;0;0;0;0;0;0;0;12 g;0;0;0;0;0;0;0;0;0;0;0;0;0;0;0;0;0;0;0;0;0;300 mg;0;0;0;0;0;0;0;0;0;0;0;0;0
4631;Sedaap Kecap Manis 725g;PT. Karunia Alam Segar;1;21 gram;70 kkal;0;0;17 g;0;1 g;0 g;0;0;0;0;0;0;0;0;13 g;0;0;0;0;0;0;0;0;0;0;0;0;0;0;0;0;0;0;0;0;0;380 mg;0;0;0;0;0;0;0;0;0;0;0;0;0
2560;Sedaap Tasty bakmi ayam;PT. Karunia Alam Segar;1;129 g;590 kkal;0;0;84 g;0;15 g;22 g;0;0;0;0;0;7 g;0;0;6 g;0;0;0;0;0;0;0;0;0;0;0;0;0;0;0;0;0;0;0;0;0;810 mg;0;0;0;0;0;0;0;0;0;0;0;0;0
2561;Sedaap Tasty bakmi ayam geprek matah;PT. Karunia Alam Segar;1;124 g;190 kkal;0;0;81 g;0;14 g;21 g;0;0;0;0;0;6 g;0;0;2 g;0;0;0;0;0;0;0;0;0;0;0;0;0;0;0;0;0;0;0;0;0;870 mg;0;0;0;0;0;0;0;0;0;0;0;0;0
4606;Sedaap Tasty Beef Yakiniku;PT. Karunia Alam Segar;1;115 gram;530 kkal;0;0;69 g;0;13 g;23 g;0;0;0;0;0;7 g;0;0;5 g;0;0;0;0;0;0;0;0;0;0;0;0;0;0;0;0;0;0;0;0;0;1120 mg;0;0;0;0;0;0;0;0;0;0;0;0;0
2978;Teajus Madu;PT. Karunia Alam Segar;1;225.00 ml;30 kkal;0;0;7 g;0;0 g;0 g;0;0;0;0;0;0;0;0;7 g;0;0;0;0;0;0;0;0;0;0;0;0;0;0;0;0;0;0;0;0;0;5 mg;0;0;0;0;0;0;0;0;0;0;0;0;0
3252;Teajus Rasa Apel;PT. Karunia Alam Segar;1;100 g;25 kkal;0;0;6 g;0;0 g;0 g;0;0;0;0;0;0;0;0;5 g;0;0;0;0;0;0;0;0;0;0;0;0;0;0;0;0;0;0;0;0;0;0 mg;0;0;0;0;0;0;0;0;0;0;0;0;0
3096;Teajus Rasa Lemon;PT. Karunia Alam Segar;1;100 g;25 kkal;0;0;6 g;0;0 g;0 g;0;0;0;0;0;0;0;0;5 g;0;0;0;0;0;0;0;0;0;0;0;0;0;0;0;0;0;0;0;0;0;0 mg;0;0;0;0;0;0;0;0;0;0;0;0;0
3601;Odeng Geezy;PT. Kelola Mina Laut;1;100 g;210 kkal;0;0;21 g;0;12 g;9 g;0;0;0;0;0;0;0;0;0;0;0;0;0;0;0;0;0;0;0;0;0;0;0;0;0;0;0;0;0;0;560 mg;0;0;0;0;0;0;0;0;0;0;0;0;0
4739;Wong Coco Pudding Guava;PT. Keong Nusantara Abadi;1;100 gram;100 kkal;0;0;25 g;0;1 g;0 g;0;0;0;0;0;3 g;0;0;19 g;0;0;0;0;0;0;0;0;0;0;0;0;0;0;0;0;0;0;0;0;0;75 mg;0;0;0;0;0;0;0;0;0;0;0;0;0
4619;Wong Coco Pudding Mango;PT. Keong Nusantara Abadi;1;100 gram;110 kkal;0;0;26 g;0;1 g;0 g;0;0;0;0;0;4 g;0;0;21 g;0;0;0;0;0;0;0;0;0;0;0;0;0;0;0;0;0;0;0;0;0;70 mg;0;0;0;0;0;0;0;0;0;0;0;0;0
4715;Kewpie Mayonais Original 60g;PT. Kewpie Indonesia;1;15 gram;110 kkal;0;0;0 g;0;0 g;12 g;0;0;0;0;0;0;0;0;0 g;0;0;0;0;0;0;0;0;0;0;0;0;0;0;0;0;0;0;0;0;0;95 mg;0;0;0;0;0;0;0;0;0;0;0;0;0
4780;Kewpie Salad Dressing Caesar 200 mL;PT. Kewpie Indonesia;1;25 ml;80 kkal;0;0;2 g;0;0 g;8 g;0;0;0;0;0;0;0;0;1 g;0;0;0;0;0;0;0;0;0;0;0;0;0;0;0;0;0;0;0;0;0;370 mg;0;0;0;0;0;0;0;0;0;0;0;0;0
4779;Kewpie Salad Dressing dengan Kecap Ala Jepang 200 mL;PT. Kewpie Indonesia;1;25 ml;90 kkal;0;0;10 g;0;1 g;5 g;0;0;0;0;0;0;0;0;3 g;0;0;0;0;0;0;0;0;0;0;0;0;0;0;0;0;0;0;0;0;0;440 mg;0;0;0;0;0;0;0;0;0;0;0;0;0
4716;Kewpie Salad Dressing dengan Yougurt 60g;PT. Kewpie Indonesia;1;15 gram;60 kkal;0;0;5 g;0;0 g;4.50 g;0;0;0;0;0;0;0;0;3 g;0;0;0;0;0;0;0;0;0;0;0;0;0;0;0;0;0;0;0;0;0;130 mg;0;0;0;0;0;0;0;0;0;0;0;0;0
4777;Kewpie Salad Dressing Thousand Island 200 mL;PT. Kewpie Indonesia;1;25 ml;70 kkal;0;0;5 g;0;0 g;5 g;0;0;0;0;0;0;0;0;4 g;0;0;0;0;0;0;0;0;0;0;0;0;0;0;0;0;0;0;0;0;0;430 mg;0;0;0;0;0;0;0;0;0;0;0;0;0
4778;Kewpie Salad Dressing Tomat Pedas 200 mL;PT. Kewpie Indonesia;1;25 ml;80 kkal;0;0;7 g;0;0 g;5 g;0;0;0;0;0;0;0;0;6 g;0;0;0;0;0;0;0;0;0;0;0;0;0;0;0;0;0;0;0;0;0;590 mg;0;0;0;0;0;0;0;0;0;0;0;0;0
1569;Khong Guan Malkist abon;PT. KHONG GUAN;1;18 g;80 kkal;0;0;13 g;0;2 g;3 g;0;0;0;0;0;0;0;0;3 g;0;0;0;0;0;0;0;0;0;0;0;0;0;0;0;0;0;0;0;0;0;0 mg;0;0;0;0;0;0;0;0;0;0;0;0;0
2443;Marie salut cokelat;PT. KHONG GUAN;1;18 g;90 kkal;0;0;13 g;0;1 g;3.50 g;0;0;0;0;0;0;0;0;6 g;0;0;0;0;0;0;0;0;0;0;0;0;0;0;0;0;0;0;0;0;0;35 mg;0;0;0;0;0;0;0;0;0;0;0;0;0
2688;Khong Guan Cream wafer rasa coconut;PT. Khong Guan Biscuit Factory Indonesia;1;18.00 g;130 kkal;0;0;17 g;0;1 g;6 g;0;0;0;0;0;0;0;0;0;0;0;0;0;0;0;0;0;0;0;0;0;0;0;0;0;0;0;0;0;0;20 mg;0;0;0;0;0;0;0;0;0;0;0;0;0
2999;Superco;PT. Khong Guan Biscuit Factory Indonesia LTD;1;100 g;80 kkal;0;0;13 g;0;1 g;3 g;0;0;0;0;0;0;0;0;4 g;0;0;0;0;0;0;0;0;0;0;0;0;0;0;0;0;0;0;0;0;0;80 mg;0;0;0;0;0;0;0;0;0;0;0;0;0
2824;Pia 100 Rasa Kacang Hijau;pt. Kia food;1;100 g;100 kkal;0;0;17 g;0;2 g;3 g;0;0;0;0;0;0;0;0;0;0;0;0;0;0;0;0;0;0;0;0;0;0;0;0;0;0;0;0;0;0;15 mg;0;0;0;0;0;0;0;0;0;0;0;0;0
3287;Antaka Bumbu Rasa Keju Manis;PT. Kiantaka Rasa;1;100 g;5 kkal;0;0;2 g;0;0 g;0 g;0;0;0;0;0;0 g;0;0;2 g;0;0;0;0;0;0;0;0;0;0;0;0;0;0;0;0;0;0;0;0;0;230 mg;0;0;0;0;0;0;0;0;0;0;0;0;0
4718;Kikkoman Kecap Asin Khas Jepang 150 mL;PT. Kikkoman Akufood Indonesia;1;15 ml;10 kkal;0;0;2 g;0;1 g;0 g;0;0;0;0;0;0;0;0;1 g;0;0;0;0;0;0;0;0;0;0;0;0;0;0;0;0;0;0;0;0;0;1070 mg;0;0;0;0;0;0;0;0;0;0;0;0;0
4760;Kikkoman Saus Barbeque;PT. Kikkoman Akufood Indonesia;1;15 gram;20 kkal;0;0;5 g;0;0 g;0 g;0;0;0;0;0;0;0;0;3 g;0;0;0;0;0;0;0;0;0;0;0;0;0;0;0;0;0;0;0;0;0;230 mg;0;0;0;0;0;0;0;0;0;0;0;0;0
4867;Kikkoman Saus Bulgogi 300g;PT. Kikkoman Akufood Indonesia;1;15 gram;25 kkal;0;0;6 g;0;0 g;0 g;0;0;0;0;0;0;0;0;2 g;0;0;0;0;0;0;0;0;0;0;0;0;0;0;0;0;0;0;0;0;0;330 mg;0;0;0;0;0;0;0;0;0;0;0;0;0
4758;Kikkoman Saus Teriyaki Bawang;PT. Kikkoman Akufood Indonesia;1;15 gram;20 kkal;0;0;5 g;0;0 g;0 g;0;0;0;0;0;0;0;0;5 g;0;0;0;0;0;0;0;0;0;0;0;0;0;0;0;0;0;0;0;0;0;270 mg;0;0;0;0;0;0;0;0;0;0;0;0;0
4669;Kikkoman Saus Teriyaki Lada Hitam;PT. Kikkoman Akufood Indonesia;1;15 gram;25 kkal;0;0;6 g;0;0 g;25 g;0;0;0;0;0;0;0;0;4 g;0;0;0;0;0;0;0;0;0;0;0;0;0;0;0;0;0;0;0;0;0;270 mg;0;0;0;0;0;0;0;0;0;0;0;0;0
4664;Kkikoman Gochujang 300g;PT. Kikkoman Akufood Indonesia;1;15 gram;15 kkal;0;0;3 g;0;0 g;0 g;0;0;0;0;0;0;0;0;2 g;0;0;0;0;0;0;0;0;0;0;0;0;0;0;0;0;0;0;0;0;0;460 mg;0;0;0;0;0;0;0;0;0;0;0;0;0
1618;Boncabe level 15;PT. KOBE;1;2.50 g;10 kkal;0;0;1 g;0;0 g;0 g;0;0;0;0;0;0;0;0;0;0;0;0;0;0;0;0;0;0;0;0;0;0;0;0;0;0;0;0;0;0;0 mg;0;0;0;0;0;0;0;0;0;0;0;0;0
2363;Bon Cabe Original;PT. Kobe Boga Utama;1;2.50 g;10 kkal;0;0;1 g;0;0 g;0 g;0;0;0;0;0;0;0;0;0;0;0;0;0;0;0;0;0;0;0;0;0;0;0;0;0;0;0;0;0;0;90 mg;0;0;0;0;0;0;0;0;0;0;0;0;0
1619;Boncabe level 10;PT. Kobe Boga Utama;1;2.50 g;10 kkal;0;0;1 g;0;0 g;0 g;0;0;0;0;0;0;0;0;0;0;0;0;0;0;0;0;0;0;0;0;0;0;0;0;0;0;0;0;0;0;0 mg;0;0;0;0;0;0;0;0;0;0;0;0;0
3036;Kobe Tepung Bumbu Serbaguna Special;PT. Kobe Boga Utama;1;100 g;60 kkal;0;0;13 g;0;2 g;0 g;0;0;0;0;0;1 g;0;0;0 g;0;0;0;0;0;0;0;0;0;0;0;0;0;0;0;0;0;0;0;0;0;450 mg;0;0;0;0;0;0;0;0;0;0;0;0;0
4832;Mi BonCabe Mie Goreng Chili Oil;PT. Kobe Boga Utama;1;60 gram;310 kkal;0;0;34 g;0;5 g;17 g;0;0;0;0;0;5 g;0;0;1 g;0;0;0;0;0;0;0;0;0;0;0;0;0;0;0;0;0;0;0;0;0;210 mg;0;0;0;0;0;0;0;0;0;0;0;0;0
3443;Mie Bon Cabe;PT. Kobe Boga Utama;1;100 g;200 kkal;0;0;26 g;0;4 g;9 g;0;0;0;0;0;2 g;0;0;15 g;0;0;0;0;0;0;0;0;0;0;0;0;0;0;0;0;0;0;0;0;0;620 mg;0;0;0;0;0;0;0;0;0;0;0;0;0
1950;Tepung bumbu kobe bakwan & perkedel;PT. Kobe Boga Utama;1;20 g;70 kkal;0;0;15 g;0;2 g;0 g;0;0;0;0;0;2 g;0;0;1 g;0;0;0;0;0;0;0;0;0;0;0;0;0;0;0;0;0;0;0;0;0;0 mg;0;0;0;0;0;0;0;0;0;0;0;0;0
1952;Tepung bumbu kobe bumbu kalasan;PT. Kobe Boga Utama;1;20 g;70 kkal;0;0;15 g;0;0 g;0 g;0;0;0;0;0;1 g;0;0;3 g;0;0;0;0;0;0;0;0;0;0;0;0;0;0;0;0;0;0;0;0;0;0 mg;0;0;0;0;0;0;0;0;0;0;0;0;0
1949;Tepung bumbu kobe kentucky super crispy;PT. Kobe Boga Utama;1;2 g;70 kkal;0;0;14 g;0;2 g;0 g;0;0;0;0;0;1 g;0;0;1 g;0;0;0;0;0;0;0;0;0;0;0;0;0;0;0;0;0;0;0;0;0;0 mg;0;0;0;0;0;0;0;0;0;0;0;0;0
1951;Tepung bumbu kobe pisang goreng;PT. Kobe Boga Utama;1;20 g;70 kkal;0;0;16 g;0;1 g;0 g;0;0;0;0;0;2 g;0;0;2 g;0;0;0;0;0;0;0;0;0;0;0;0;0;0;0;0;0;0;0;0;0;0 mg;0;0;0;0;0;0;0;0;0;0;0;0;0
1953;Tepung bumbu kobe tempe goreng;PT. Kobe Boga Utama;1;20 g;70 kkal;0;0;14 g;0;2 g;0 g;0;0;0;0;0;1 g;0;0;1 g;0;0;0;0;0;0;0;0;0;0;0;0;0;0;0;0;0;0;0;0;0;0 mg;0;0;0;0;0;0;0;0;0;0;0;0;0
1954;Tepung bumbu kobe tepung bumbu;PT. Kobe Boga Utama;1;20 g;70 kkal;0;0;16 g;0;0 g;0 g;0;0;0;0;0;2 g;0;0;0 g;0;0;0;0;0;0;0;0;0;0;0;0;0;0;0;0;0;0;0;0;0;0 mg;0;0;0;0;0;0;0;0;0;0;0;0;0
1760;Biskuit choco mania;PT. Konimex;1;21 g;100 kkal;0;0;14 g;0;1 g;4.50 g;0;0;0;0;0;0;0;0;7 g;0;0;0;0;0;0;0;0;0;0;0;0;0;0;0;0;0;0;0;0;0;0 mg;0;0;0;0;0;0;0;0;0;0;0;0;0
1813;Konimex Diasweet;PT. Konimex;1;1 g;0 kkal;0;0;1 g;0;0 g;0 g;0;0;0;0;0;0;0;0;0 g;0;0;0;0;0;0;0;0;0;0;0;0;0;0;0;0;0;0;0;0;0;0 mg;0;0;0;0;0;0;0;0;0;0;0;0;0
1539;Permen frozz lime mint;PT. Konimex;1;1.10 g;0 kkal;0;0;1 g;0;0 g;0 g;0;0;0;0;0;0;0;0;0;0;0;0;0;0;0;0;0;0;0;0;0;0;0;0;0;0;0;0;0;0;0 mg;0;0;0;0;0;0;0;0;0;0;0;0;0
1535;Permen frozz mint;PT. Konimex;1;1.10 g;0 kkal;0;0;1 g;0;0 g;0 g;0;0;0;0;0;0;0;0;0;0;0;0;0;0;0;0;0;0;0;0;0;0;0;0;0;0;0;0;0;0;0 mg;0;0;0;0;0;0;0;0;0;0;0;0;0
4823;Tini Wini Biti Whizpy Juicy Strawberry;PT. Konimex;1;22 gram;120 kkal;0;0;14 g;0;1 g;7 g;0;0;0;0;0;0;0;0;7 g;0;0;0;0;0;0;0;0;0;0;0;0;0;0;0;0;0;0;0;0;0;55 mg;0;0;0;0;0;0;0;0;0;0;0;0;0
4822;Tini Wini Biti Whizpy Milky Chocolate;PT. Konimex;1;22 gram;120 kkal;0;0;14 g;0;1 g;6 g;0;0;0;0;0;0;0;0;6 g;0;0;0;0;0;0;0;0;0;0;0;0;0;0;0;0;0;0;0;0;0;60 mg;0;0;0;0;0;0;0;0;0;0;0;0;0
4516;Cheddar Singles;PT. Kraft foods Indonesia;1;15 gram;45 kkal;0;0;1 g;0;2 g;3 g;0;0;0;0;0;0;0;0;0 g;0;0;0;0;0;0;0;0;0;0;0;0;0;0;0;0;0;0;0;0;0;220 mg;0;0;0;0;0;0;0;0;0;0;0;0;0
1590;Keju kraft cheddar;PT. Kraft foods Indonesia;1;20 g;70 kkal;0;0;2 g;0;4 g;5 g;0;0;0;0;0;0;0;0;0;0;0;0;0;0;0;0;0;0;0;0;0;0;0;0;0;0;0;0;0;0;0 mg;0;0;0;0;0;0;0;0;0;0;0;0;0
2086;Keju Kraft Milky Soft;PT. Kraft foods Indonesia;1;30 g;90 kkal;0;0;4 g;0;3 g;7 g;0;0;0;0;0;0;0;0;0;0;0;0;0;0;0;0;0;0;0;0;0;0;0;0;0;0;0;0;0;0;240 mg;0;0;0;0;0;0;0;0;0;0;0;0;0
1591;Keju kraft quick melt;PT. Kraft foods Indonesia;1;30 g;100 kkal;0;0;4 g;0;5 g;7 g;0;0;0;0;0;0;0;0;1 g;0;0;0;0;0;0;0;0;0;0;0;0;0;0;0;0;0;0;0;0;0;0 mg;0;0;0;0;0;0;0;0;0;0;0;0;0
2083;Keju Kraft Singles;PT. Kraft foods Indonesia;1;17 g;50 kkal;0;0;1 g;0;3 g;3.50 g;0;0;0;0;0;0;0;0;0;0;0;0;0;0;0;0;0;0;0;0;0;0;0;0;0;0;0;0;0;0;250 mg;0;0;0;0;0;0;0;0;0;0;0;0;0
2085;Keju Kraft Singles BBQ Chicken;PT. Kraft foods Indonesia;1;17 g;60 kkal;0;0;3 g;0;2 g;4 g;0;0;0;0;0;0;0;0;0;0;0;0;0;0;0;0;0;0;0;0;0;0;0;0;0;0;0;0;0;0;220 mg;0;0;0;0;0;0;0;0;0;0;0;0;0
2078;Keju Kraft Singles Light;PT. Kraft foods Indonesia;1;17 g;40 kkal;0;0;2 g;0;3 g;2.50 g;0;0;0;0;0;0;0;0;0;0;0;0;0;0;0;0;0;0;0;0;0;0;0;0;0;0;0;0;0;0;280 mg;0;0;0;0;0;0;0;0;0;0;0;0;0
2084;Keju Kraft Singles Light;PT. Kraft foods Indonesia;1;17 g;40 kkal;0;0;2 g;0;3 g;2.50 g;0;0;0;0;0;0;0;0;0;0;0;0;0;0;0;0;0;0;0;0;0;0;0;0;0;0;0;0;0;0;280 mg;0;0;0;0;0;0;0;0;0;0;0;0;0
2474;OREO SOFT CAKE;PT. Kraft foods Indonesia;1;16 g;80 kkal;0;0;8 g;0;1 g;5 g;0;0;0;0;0;0;0;0;0;0;0;0;0;0;0;0;0;0;0;0;0;0;0;0;0;0;0;0;0;0;50 mg;0;0;0;0;0;0;0;0;0;0;0;0;0
1718;Super bihun goreng;PT. Kuala Pangan;1;65 g;250 kkal;0;0;46 g;0;4 g;5 g;0;0;0;0;0;4 g;0;0;3 g;0;0;0;0;0;0;0;0;0;0;0;0;0;0;0;0;0;0;0;0;0;0 mg;0;0;0;0;0;0;0;0;0;0;0;0;0
1717;Super bihun kuah;PT. Kuala Pangan;1;51 gram;190 kkal;0;0;36 g;0;4 g;2.50 g;0;0;0;0;0;3 g;0;0;0 g;0;0;0;0;0;0;0;0;0;0;0;0;0;0;0;0;0;0;0;0;0;1190 mg;0;0;0;0;0;0;0;0;0;0;0;0;0
2410;MEEJU Classic Cheese;PT. Lampung Sukses Bersama;1;85 g;370 kkal;0;0;50 g;0;7 g;16 g;0;0;0;0;0;0;0;0;0;0;0;0;0;0;0;0;0;0;0;0;0;0;0;0;0;0;0;0;0;0;870 mg;0;0;0;0;0;0;0;0;0;0;0;0;0
4464;Sago Cookies Chocolate Flavor;PT. Langkah Hijau Bersama;1;10 gram;50 kkal;0;0;8 g;0;0 g;2 g;0;0;0;0;0;0 g;0;0;3 g;0;0;0;0;0;0;0;0;0;0;0;0;0;0;0;0;0;0;0;0;0;35 mg;0;0;0;0;0;0;0;0;0;0;0;0;0
4864;Del Monte Barbeque Sauce 250g;PT. Lasallefood Indonesia;1;25 gram;30 kkal;0;0;7 g;0;0 g;0 g;0;0;0;0;0;0;0;0;5 g;0;0;0;0;0;0;0;0;0;0;0;0;0;0;0;0;0;0;0;0;0;440 mg;0;0;0;0;0;0;0;0;0;0;0;0;0
4617;Del Monte Carbonara Mushroom Sauce;PT. Lasallefood Indonesia;1;25 gram;20 kkal;0;0;2 g;0;1 g;1.50 g;0;0;0;0;0;0;0;0;0 g;0;0;0;0;0;0;0;0;0;0;0;0;0;0;0;0;0;0;0;0;0;105 mg;0;0;0;0;0;0;0;0;0;0;0;0;0
4650;Del Monte Carbonara Sauce;PT. Lasallefood Indonesia;1;25 gram;25 kkal;0;0;2 g;0;1 g;1.50 g;0;0;0;0;0;0;0;0;0 g;0;0;0;0;0;0;0;0;0;0;0;0;0;0;0;0;0;0;0;0;0;125 mg;0;0;0;0;0;0;0;0;0;0;0;0;0
4772;Del Monte Chilli Extra Hot 265 mL;PT. Lasallefood Indonesia;1;15 ml;15 kkal;0;0;4 g;0;0 g;0 g;0;0;0;0;0;0;0;0;2 g;0;0;0;0;0;0;0;0;0;0;0;0;0;0;0;0;0;0;0;0;0;210 mg;0;0;0;0;0;0;0;0;0;0;0;0;0
4651;Del Monte Korean Barbeque Sauce;PT. Lasallefood Indonesia;1;25 gram;70 kkal;0;0;14 g;0;0 g;0.50 g;0;0;0;0;0;0;0;0;9 g;0;0;0;0;0;0;0;0;0;0;0;0;0;0;0;0;0;0;0;0;0;880 mg;0;0;0;0;0;0;0;0;0;0;0;0;0
2484;Del monte sardines saus cabe;PT. Lasallefood Indonesia;1;75 g;120 kkal;0;0;6 g;0;6 g;8 g;0;0;0;0;0;0;0;0;0;0;0;0;0;0;0;0;0;0;0;0;0;0;0;0;0;0;0;0;0;0;900 mg;0;0;0;0;0;0;0;0;0;0;0;0;0
4565;Del Monte Saus Tomat (270 mL);PT. Lasallefood Indonesia;1;15 ml;20 kkal;0;0;5 g;0;0 g;0 g;0;0;0;0;0;0;0;0;3 g;0;0;0;0;0;0;0;0;0;0;0;0;0;0;0;0;0;0;0;0;0;290 mg;0;0;0;0;0;0;0;0;0;0;0;0;0
4564;Del Monte Spaghetti Sauce 250 g;PT. Lasallefood Indonesia;1;25 gram;40 kkal;0;0;7 g;0;1 g;1 g;0;0;0;0;0;0;0;0;4 g;0;0;0;0;0;0;0;0;0;0;0;0;0;0;0;0;0;0;0;0;0;280 mg;0;0;0;0;0;0;0;0;0;0;0;0;0
4782;Del Monte Tasty Chilli Sauce 200g;PT. Lasallefood Indonesia;1;15 gram;25 kkal;0;0;5 g;0;0 g;0 g;0;0;0;0;0;0;0;0;4 g;0;0;0;0;0;0;0;0;0;0;0;0;0;0;0;0;0;0;0;0;0;230 mg;0;0;0;0;0;0;0;0;0;0;0;0;0
4764;Maestro Blue Cheese Salad Dressing;PT. Lasallefood Indonesia;1;20 ml;60 kkal;0;0;2 g;0;0 g;5 g;0;0;0;0;0;0;0;0;1 g;0;0;0;0;0;0;0;0;0;0;0;0;0;0;0;0;0;0;0;0;0;160 mg;0;0;0;0;0;0;0;0;0;0;0;0;0
3439;Maestro light Mayonnaise;PT. Lasallefood Indonesia;1;25.00 g;80 kkal;0;0;7 g;0;0 g;5 g;0;0;0;0;0;0;0;0;0;0;0;0;0;0;0;0;0;0;0;0;0;0;0;0;0;0;0;0;0;0;130 mg;0;0;0;0;0;0;0;0;0;0;0;0;0
4781;Maestro Mustard 245g;PT. Lasallefood Indonesia;1;20 gram;10 kkal;0;0;1 g;0;1 g;0 g;0;0;0;0;0;0;0;0;0 g;0;0;0;0;0;0;0;0;0;0;0;0;0;0;0;0;0;0;0;0;0;190 mg;0;0;0;0;0;0;0;0;0;0;0;0;0
4615;Maestro Saus Mayo Pedas;PT. Lasallefood Indonesia;1;25 gram;50 kkal;0;0;4 g;0;0 g;4 g;0;0;0;0;0;0;0;0;2 g;0;0;0;0;0;0;0;0;0;0;0;0;0;0;0;0;0;0;0;0;0;320 mg;0;0;0;0;0;0;0;0;0;0;0;0;0
4592;Maestro Saus Mayo Premium;PT. Lasallefood Indonesia;1;25 gram;60 kkal;0;0;5 g;0;1 g;4 g;0;0;0;0;0;0;0;0;2 g;0;0;0;0;0;0;0;0;0;0;0;0;0;0;0;0;0;0;0;0;0;210 mg;0;0;0;0;0;0;0;0;0;0;0;0;0
4678;Maestro Saus Tiram 180g;PT. Lasallefood Indonesia;1;15 gram;25 kkal;0;0;5 g;0;0 g;0 g;0;0;0;0;0;0;0;0;4 g;0;0;0;0;0;0;0;0;0;0;0;0;0;0;0;0;0;0;0;0;0;570 mg;0;0;0;0;0;0;0;0;0;0;0;0;0
4513;Maestro Wijen Sangrai;PT. Lasallefood Indonesia;1;20 gram;70 kkal;0;0;6 g;0;0 g;5 g;0;0;0;0;0;0;0;0;4 g;0;0;0;0;0;0;0;0;0;0;0;0;0;0;0;0;0;0;0;0;0;200 mg;0;0;0;0;0;0;0;0;0;0;0;0;0
4717;Maestro Yogurt Dressing;PT. Lasallefood Indonesia;1;25 gram;70 kkal;0;0;6 g;0;0 g;5 g;0;0;0;0;0;0;0;0;4 g;0;0;0;0;0;0;0;0;0;0;0;0;0;0;0;0;0;0;0;0;0;125 mg;0;0;0;0;0;0;0;0;0;0;0;0;0
4835;Marjan Boudoin Orange 460 mL;PT. Lasallefood Indonesia;1;30 ml;100 kkal;0;0;26 g;0;0 g;0 g;0;0;0;0;0;0;0;0;23 g;0;0;0;0;0;0;0;0;0;0;0;0;0;0;0;0;0;0;0;0;0;50 mg;0;0;0;0;0;0;0;0;0;0;0;0;0
4836;Marjan Boudoin Strawberry 460 mL;PT. Lasallefood Indonesia;1;30 ml;110 kkal;0;0;26 g;0;0 g;0 g;0;0;0;0;0;0;0;0;23 g;0;0;0;0;0;0;0;0;0;0;0;0;0;0;0;0;0;0;0;0;0;20 mg;0;0;0;0;0;0;0;0;0;0;0;0;0
2953;Marjan Coco Pandan;PT. Lasallefood Indonesia;1;100 g;130 kkal;0;0;31 g;0;0 g;0 g;0;0;0;0;0;0 g;0;0;30 g;0;0;0;0;0;0;0;0;0;0;0;0;0;0;0;0;0;0;0;0;0;10 mg;0;0;0;0;0;0;0;0;0;0;0;0;0
4840;Marjan Sirup Rasa Leci 460 mL;PT. Lasallefood Indonesia;1;30 ml;90 kkal;0;0;22 g;0;0 g;0 g;0;0;0;0;0;0;0;0;21 g;0;0;0;0;0;0;0;0;0;0;0;0;0;0;0;0;0;0;0;0;0;10 mg;0;0;0;0;0;0;0;0;0;0;0;0;0
4372;Marjan Sirup Rasa Lemon;PT. Lasallefood Indonesia;1;30 ml;100 kkal;0;0;24 g;0;0 g;0 g;0;0;0;0;0;0;0;0;21 g;0;0;0;0;0;0;0;0;0;0;0;0;0;0;0;0;0;0;0;0;0;20 mg;0;0;0;0;0;0;0;0;0;0;0;0;0
4843;Marjan Sirup Rasa Lemon 460 mL;PT. Lasallefood Indonesia;1;30 ml;100 kkal;0;0;24 g;0;0 g;0 g;0;0;0;0;0;0;0;0;21 g;0;0;0;0;0;0;0;0;0;0;0;0;0;0;0;0;0;0;0;0;0;20 mg;0;0;0;0;0;0;0;0;0;0;0;0;0
4837;Marjan Sirup Rasa Melon 460 mL;PT. Lasallefood Indonesia;1;30 ml;90 kkal;0;0;22 g;0;0 g;0 g;0;0;0;0;0;0;0;0;21 g;0;0;0;0;0;0;0;0;0;0;0;0;0;0;0;0;0;0;0;0;0;5 mg;0;0;0;0;0;0;0;0;0;0;0;0;0
4839;Marjan Sirup Rasa Moka 460 mL;PT. Lasallefood Indonesia;1;30 ml;90 kkal;0;0;22 g;0;0 g;0 g;0;0;0;0;0;0;0;0;21 g;0;0;0;0;0;0;0;0;0;0;0;0;0;0;0;0;0;0;0;0;0;5 mg;0;0;0;0;0;0;0;0;0;0;0;0;0
4842;Marjan Sirup Rasa Ros 460 mL;PT. Lasallefood Indonesia;1;30 ml;90 kkal;0;0;22 g;0;0 g;0 g;0;0;0;0;0;0;0;0;21 g;0;0;0;0;0;0;0;0;0;0;0;0;0;0;0;0;0;0;0;0;0;10 mg;0;0;0;0;0;0;0;0;0;0;0;0;0
4838;Marjan Sirup Rasa Stroberi 460 mL;PT. Lasallefood Indonesia;1;30 ml;90 kkal;0;0;22 g;0;0 g;0 g;0;0;0;0;0;0;0;0;21 g;0;0;0;0;0;0;0;0;0;0;0;0;0;0;0;0;0;0;0;0;0;10 mg;0;0;0;0;0;0;0;0;0;0;0;0;0
4371;Marjan Sirup Rasa Vanila;PT. Lasallefood Indonesia;1;30 ml;90 kkal;0;0;23 g;0;0 g;0 g;0;0;0;0;0;0;0;0;21 g;0;0;0;0;0;0;0;0;0;0;0;0;0;0;0;0;0;0;0;0;0;5 mg;0;0;0;0;0;0;0;0;0;0;0;0;0
4841;Marjan Sirup Rasa Vanila 460 mL;PT. Lasallefood Indonesia;1;30 ml;90 kkal;0;0;23 g;0;0 g;0 g;0;0;0;0;0;0;0;0;21 g;0;0;0;0;0;0;0;0;0;0;0;0;0;0;0;0;0;0;0;0;0;5 mg;0;0;0;0;0;0;0;0;0;0;0;0;0
4540;Marjan Squash Rasa Melon;PT. Lasallefood Indonesia;1;30 ml;50 kkal;0;0;13 g;0;0 g;0 g;0;0;0;0;0;0;0;0;12 g;0;0;0;0;0;0;0;0;0;0;0;0;0;0;0;0;0;0;0;0;0;30 mg;0;0;0;0;0;0;0;0;0;0;0;0;0
4847;Tropicana Slim Pengganti Sirup Leci 750 mL;PT. Lasallefood Indonesia;1;25 ml;5 kkal;0;0;2 g;0;0 g;0 g;0;0;0;0;0;0;0;0;0 g;0;0;0;0;0;0;0;0;0;0;0;0;0;0;0;0;0;0;0;0;0;10 mg;0;0;0;0;0;0;0;0;0;0;0;0;0
3000;Marjan Squash rasa jeruk;PT. Lasellafood Indonesia;1;100 g;60 kkal;0;0;14 g;0;0 g;0 g;0;0;0;0;0;0;0;0;11 g;0;0;0;0;0;0;0;0;0;0;0;0;0;0;0;0;0;0;0;0;0;40 mg;0;0;0;0;0;0;0;0;0;0;0;0;0
2559;Del Monte Sardines saus tomat (155 g);PT. Lasellefood Indonesia;1;75 g;100 kkal;0;0;4 g;0;17 g;1.50 g;0;0;0;0;0;0;0;0;2 g;0;0;0;0;0;0;0;0;0;0;0;0;0;0;0;0;0;0;0;0;0;410 mg;0;0;0;0;0;0;0;0;0;0;0;0;0
4370;Marjan Sirup Rasa Moka;PT. Lasellefood Indonesia;1;30 ml;90 kkal;0;0;22 g;0;0 g;0 g;0;0;0;0;0;0;0;0;21 g;0;0;0;0;0;0;0;0;0;0;0;0;0;0;0;0;0;0;0;0;0;5 mg;0;0;0;0;0;0;0;0;0;0;0;0;0
4523;Lemonilo Brownies Cruunchy Chocolate;PT. Lemonilo Cahaya Makmur;1;15 gram;80 kkal;0;0;9 g;0;1 g;4 g;0;0;0;0;0;1 g;0;0;5 g;0;0;0;0;0;0;0;0;0;0;0;0;0;0;0;0;0;0;0;0;0;10 mg;0;0;0;0;0;0;0;0;0;0;0;0;0
1665;Granola Bites chocolate vanilla;PT. Lemonilo Indonesia Sehat;1;30 g;159 kkal;0;0;21 g;0;3 g;8 g;0;0;0;0;0;2 g;0;0;7 g;0;0;0;0;0;0;0;0;0;0;0;0;0;0;0;0;0;0;0;0;0;0 mg;0;0;0;0;0;0;0;0;0;0;0;0;0
1668;Granola bites coconut banana;PT. Lemonilo Indonesia Sehat;1;330 g;129 kkal;0;0;17 g;0;2 g;6 g;0;0;0;0;0;2 g;0;0;8 g;0;0;0;0;0;0;0;0;0;0;0;0;0;0;0;0;0;0;0;0;0;0 mg;0;0;0;0;0;0;0;0;0;0;0;0;0
1666;Granola creation cinnamon and raisin;PT. Lemonilo Indonesia Sehat;1;60 g;225 kkal;0;0;36 g;0;7 g;5 g;0;0;0;0;0;2 g;0;0;10 g;0;0;0;0;0;0;0;0;0;0;0;0;0;0;0;0;0;0;0;0;0;0 mg;0;0;0;0;0;0;0;0;0;0;0;0;0
1663;Granola creation dark chocolate;PT. Lemonilo Indonesia Sehat;1;60 g;236 kkal;0;0;38 g;0;7 g;7 g;0;0;0;0;0;2 g;0;0;10 g;0;0;0;0;0;0;0;0;0;0;0;0;0;0;0;0;0;0;0;0;0;0 mg;0;0;0;0;0;0;0;0;0;0;0;0;0
1667;Granola creation honey and mango;PT. Lemonilo Indonesia Sehat;1;60 g;222 kkal;0;0;38 g;0;7 g;5 g;0;0;0;0;0;2 g;0;0;10 g;0;0;0;0;0;0;0;0;0;0;0;0;0;0;0;0;0;0;0;0;0;0 mg;0;0;0;0;0;0;0;0;0;0;0;0;0
1664;Granola creation tropical fruit and nuts;PT. Lemonilo Indonesia Sehat;1;60 g;162 kkal;0;0;23 g;0;7 g;5 g;0;0;0;0;0;2 g;0;0;5 g;0;0;0;0;0;0;0;0;0;0;0;0;0;0;0;0;0;0;0;0;0;0 mg;0;0;0;0;0;0;0;0;0;0;0;0;0
3885;Lemonilo chimi keripik ubi rasa jagung bakar;PT. Lemonilo Indonesia Sehat;1;25 gram;140 kkal;0;0;14 g;0;1 g;8 g;0;0;0;0;0;3 g;0;0;3 g;0;0;0;0;0;0;0;0;0;0;0;0;0;0;0;0;0;0;0;0;0;80 mg;0;0;0;0;0;0;0;0;0;0;0;0;0
1876;Mie Lemonilo ayam bawang;PT. Lemonilo Indonesia Sehat;1;70 g;267 kkal;0;0;49 g;0;9 g;4 g;0;0;0;0;0;3 g;0;0;1 g;0;0;0;0;0;0;0;0;0;0;0;0;0;0;0;0;0;0;0;0;0;948 mg;0;0;0;0;0;0;0;0;0;0;0;0;0
1877;Mie Lemonilo kari ayam;PT. Lemonilo Indonesia Sehat;1;70 g;270 kkal;0;0;48 g;0;8 g;5 g;0;0;0;0;0;2 g;0;0;1 g;0;0;0;0;0;0;0;0;0;0;0;0;0;0;0;0;0;0;0;0;0;1036 mg;0;0;0;0;0;0;0;0;0;0;0;0;0
1875;Mie Lemonilo mie goreng;PT. Lemonilo Indonesia Sehat;1;77 g;300 kkal;0;0;53 g;0;8 g;6 g;0;0;0;0;0;0;0;0;5 g;0;0;0;0;0;0;0;0;0;0;0;0;0;0;0;0;0;0;0;0;0;940 mg;0;0;0;0;0;0;0;0;0;0;0;0;0
4429;Yummy Bites Meal Step 1 Apple and Carrot;PT. Leon Boga Sentosa;1;145 gram;90 kkal;0;0;21 g;0;1 g;0.50 g;0;0;0;0;0;5 g;0;0;0 g;0;0;0;0;0;0;0;0;0;0;0;0;0;0;0;0;0;0;0;0;0;15 mg;0;0;0;0;0;0;0;0;0;0;0;0;0
4430;Yummy Bites Meal Step 2 Potato Risotto with Cheese;PT. Leon Boga Sentosa;1;145 gram;110 kkal;0;0;17 g;0;3 g;3 g;0;0;0;0;0;5 g;0;0;0 g;0;0;0;0;0;0;0;0;0;0;0;0;0;0;0;0;0;0;0;0;0;85 mg;0;0;0;0;0;0;0;0;0;0;0;0;0
4431;Yummy Bites Meal Step 3 Beef Carrot and Potato;PT. Leon Boga Sentosa;1;145 gram;100 kkal;0;0;17 g;0;4 g;2 g;0;0;0;0;0;6 g;0;0;0 g;0;0;0;0;0;0;0;0;0;0;0;0;0;0;0;0;0;0;0;0;0;35 mg;0;0;0;0;0;0;0;0;0;0;0;0;0
4295;Yummy Bites Premiks untuk Pancake & Waffle Mix;PT. Leon Boga Sentosa;1;40 gram;160 kkal;0;0;28 g;0;6 g;2.50 g;0;0;0;0;0;2 g;0;0;8 g;0;0;0;0;0;0;0;0;0;0;0;0;0;0;0;0;0;0;0;0;0;135 mg;0;0;0;0;0;0;0;0;0;0;0;0;0
2045;Getas bangka super superindo;PT. Lion Superindo;1;100 g;550 kkal;0;0;60 g;0;5 g;30 g;0;0;0;0;0;0;0;0;0;0;0;0;0;0;0;0;0;0;0;0;0;0;0;0;0;0;0;0;0;0;950 mg;0;0;0;0;0;0;0;0;0;0;0;0;0
2043;kerupuk ikan superindo;PT. Lion Superindo;1;100 g;520 kkal;0;0;64 g;0;4 g;28 g;0;0;0;0;0;0;0;0;0;0;0;0;0;0;0;0;0;0;0;0;0;0;0;0;0;0;0;0;0;0;1120 mg;0;0;0;0;0;0;0;0;0;0;0;0;0
2047;kerupuk kapsul mini pedas superindo;PT. Lion Superindo;1;100 g;460 kkal;0;0;19 g;0;8 g;18 g;0;0;0;0;0;0;0;0;0;0;0;0;0;0;0;0;0;0;0;0;0;0;0;0;0;0;0;0;0;0;0 mg;0;0;0;0;0;0;0;0;0;0;0;0;0
2046;kerupuk kemplang mangkok superindo;PT. Lion Superindo;1;100 g;600 kkal;0;0;55 g;0;5 g;40 g;0;0;0;0;0;0;0;0;0;0;0;0;0;0;0;0;0;0;0;0;0;0;0;0;0;0;0;0;0;0;500 mg;0;0;0;0;0;0;0;0;0;0;0;0;0
2044;kerupuk seblak superindo;PT. Lion Superindo;1;100 g;460 kkal;0;0;20 g;0;8 g;21 g;0;0;0;0;0;0;0;0;0;0;0;0;0;0;0;0;0;0;0;0;0;0;0;0;0;0;0;0;0;0;0 mg;0;0;0;0;0;0;0;0;0;0;0;0;0
2048;kerupuk stik tenggiri superindo;PT. Lion Superindo;1;100 g;475 kkal;0;0;60 g;0;15 g;20 g;0;0;0;0;0;0;0;0;0;0;0;0;0;0;0;0;0;0;0;0;0;0;0;0;0;0;0;0;0;0;492 mg;0;0;0;0;0;0;0;0;0;0;0;0;0
4824;Oishi Flutes Potato Rasa Saos Sambal Colek;PT. Liwayway;1;20 gram;100 kkal;0;0;13 g;0;1 g;5 g;0;0;0;0;0;1 g;0;0;0;0;0;0;0;0;0;0;0;0;0;0;0;0;0;0;0;0;0;0;0;0;180 mg;0;0;0;0;0;0;0;0;0;0;0;0;0
3144;Oishi Pillows Rasa Coklat;PT. Liwayway;1;100 g;35 kkal;0;0;5 g;0;1 g;1.50 g;0;0;0;0;0;0 g;0;0;2 g;0;0;0;0;0;0;0;0;0;0;0;0;0;0;0;0;0;0;0;0;0;15 mg;0;0;0;0;0;0;0;0;0;0;0;0;0
2800;Oishi Pillows Rasa Ubi;PT. Liwayway;1;42.00 g;70 kkal;0;0;10 g;0;1 g;3 g;0;0;0;0;0;0 g;0;0;4 g;0;0;0;0;0;0;0;0;0;0;0;0;0;0;0;0;0;0;0;0;0;35 mg;0;0;0;0;0;0;0;0;0;0;0;0;0
3422;Oishi Poppy Pop;PT. Liwayway;1;100 g;60 kkal;0;0;7 g;0;1 g;3 g;0;0;0;0;0;0 g;0;0;1 g;0;0;0;0;0;0;0;0;0;0;0;0;0;0;0;0;0;0;0;0;0;70 mg;0;0;0;0;0;0;0;0;0;0;0;0;0
3104;Oishi Snack Sponge Crunch Chocolate;PT. Liwayway;1;100 g;90 kkal;0;0;11 g;0;1 g;5 g;0;0;0;0;0;0 g;0;0;5 g;0;0;0;0;0;0;0;0;0;0;0;0;0;0;0;0;0;0;0;0;0;20 mg;0;0;0;0;0;0;0;0;0;0;0;0;0
3431;Oishi Snack Sponge Crunch Strawberry;PT. Liwayway;1;100 g;70 kkal;0;0;7 g;0;1 g;4 g;0;0;0;0;0;1 g;0;0;3 g;0;0;0;0;0;0;0;0;0;0;0;0;0;0;0;0;0;0;0;0;0;20 mg;0;0;0;0;0;0;0;0;0;0;0;0;0
4826;Oishi Toss Potato Crisps Rasa Rumput Laut;PT. Liwayway;1;20 gram;110 kkal;0;0;11 g;0;1 g;7 g;0;0;0;0;0;1 g;0;0;1 g;0;0;0;0;0;0;0;0;0;0;0;0;0;0;0;0;0;0;0;0;0;140 mg;0;0;0;0;0;0;0;0;0;0;0;0;0
4825;Oishi Toss Potato Crisps Rasa Sapi Panggang;PT. Liwayway;1;20 gram;110 kkal;0;0;12 g;0;1 g;6 g;0;0;0;0;0;1 g;0;0;0;0;0;0;0;0;0;0;0;0;0;0;0;0;0;0;0;0;0;0;0;0;140 mg;0;0;0;0;0;0;0;0;0;0;0;0;0
3383;Pillows Coklat;PT. Liwayway;1;100 g;90 kkal;0;0;14 g;0;1 g;3.50 g;0;0;0;0;0;0 g;0;0;5 g;0;0;0;0;0;0;0;0;0;0;0;0;0;0;0;0;0;0;0;0;0;40 mg;0;0;0;0;0;0;0;0;0;0;0;0;0
3384;Pillows Durian;PT. Liwayway;1;100 g;100 kkal;0;0;14 g;0;1 g;3.50 g;0;0;0;0;0;1 g;0;0;7 g;0;0;0;0;0;0;0;0;0;0;0;0;0;0;0;0;0;0;0;0;0;55 mg;0;0;0;0;0;0;0;0;0;0;0;0;0
3382;Pillows Keju;PT. Liwayway;1;100 g;90 kkal;0;0;14 g;0;1 g;3.50 g;0;0;0;0;0;0 g;0;0;5 g;0;0;0;0;0;0;0;0;0;0;0;0;0;0;0;0;0;0;0;0;0;100 mg;0;0;0;0;0;0;0;0;0;0;0;0;0
2278;Rin-bee;PT. LIWAYWAY;1;22 g;100 kkal;0;0;16 g;0;2 g;3 g;0;0;0;0;0;0;0;0;0;0;0;0;0;0;0;0;0;0;0;0;0;0;0;0;0;0;0;0;0;0;220 mg;0;0;0;0;0;0;0;0;0;0;0;0;0
1596;biskuit Lotte choco pie;PT. Lotte Indonesia;1;28 g;120 kkal;0;0;19 g;0;1 g;4.50 g;0;0;0;0;0;0;0;0;10 g;0;0;0;0;0;0;0;0;0;0;0;0;0;0;0;0;0;0;0;0;0;0 mg;0;0;0;0;0;0;0;0;0;0;0;0;0
3330;Koala march rasa coklat;PT. Lotte Indonesia;1;100 g;190 kkal;0;0;22 g;0;2 g;11 g;0;0;0;0;0;0;0;0;12 g;0;0;0;0;0;0;0;0;0;0;0;0;0;0;0;0;0;0;0;0;0;75 mg;0;0;0;0;0;0;0;0;0;0;0;0;0
3331;Koala march rasa strawberry;PT. Lotte Indonesia;1;100 g;200 kkal;0;0;24 g;0;1 g;11 g;0;0;0;0;0;0;0;0;12 g;0;0;0;0;0;0;0;0;0;0;0;0;0;0;0;0;0;0;0;0;0;85 mg;0;0;0;0;0;0;0;0;0;0;0;0;0
1658;Montou rasa coklat;PT. Lotte Indonesia;1;40 g;120 kkal;0;0;24 g;0;3 g;1.50 g;0;0;0;0;0;0;0;0;6 g;0;0;0;0;0;0;0;0;0;0;0;0;0;0;0;0;0;0;0;0;0;0 mg;0;0;0;0;0;0;0;0;0;0;0;0;0
1657;Montou Plain;PT. Lotte Mart Indonesia;1;40 g;120 kkal;0;0;24 g;0;2 g;1 g;0;0;0;0;0;0;0;0;4 g;0;0;0;0;0;0;0;0;0;0;0;0;0;0;0;0;0;0;0;0;0;0 mg;0;0;0;0;0;0;0;0;0;0;0;0;0
4534;Kanzler Singles Gochujang Level 15;PT. MACROPRIMA PANGANUTAMA;1;60 gram;120 kkal;0;0;4 g;0;8 g;8 g;0;0;0;0;0;0;0;0;0 g;0;0;0;0;0;0;0;0;0;0;0;0;0;0;0;0;0;0;0;0;0;500 mg;0;0;0;0;0;0;0;0;0;0;0;0;0
4620;Kanzler Singles Original;PT. MACROPRIMA PANGANUTAMA;1;65 gram;120 kkal;0;0;4 g;0;9 g;8 g;0;0;0;0;0;0;0;0;0 g;0;0;0;0;0;0;0;0;0;0;0;0;0;0;0;0;0;0;0;0;0;510 mg;0;0;0;0;0;0;0;0;0;0;0;0;0
4999;Honeylemon Drink 300 mL;PT. Madu Murni Nusantara;1;200 ml;80 kkal;0;0;21 g;0;0 g;0 g;0;0;0;0;0;0;0;0;17 g;0;0;0;0;0;0;0;0;0;0;0;0;0;0;0;0;0;0;0;0;0;40 mg;0;0;0;0;0;0;0;0;0;0;0;0;0
4998;Madu Murni Nusantara 250 mL;PT. Madu Murni Nusantara;1;250 ml;780 kkal;0;0;12 g;0;0 g;0 g;0;0;0;0;0;1 g;0;0;0;0;0;0;0 mcg;0;0;0;0;0;0;0;0;0;0;0;0;0;0;1 mg;0;0;16 mg;0;0;0;0;0;0;0;0;0;0;0;0;0
4997;Madu Nusantara Sumber Tenaga Alami 100 mL;PT. Madu Murni Nusantara;1;15 gram;50 kkal;0;0;12 g;0;0 g;0 g;0;0;0;0;0;0;0;0;10 g;0;0;0;0;0;0;0;0;0;0;0;0;0;0;0;0;0;0;0;0;0;0 mg;0;0;0;0;0;0;0;0;0;0;0;0;0
2390;Slim & fit cookies;PT. Makindo Perdana;1;22 g;90 kkal;0;0;13 g;0;1 g;4 g;0;0;0;0;0;1 g;0;0;5 g;0;0;0;0;0;0;0;0;0;0;0;0;0;0;0;0;0;0;0;0;0;15 mg;0;0;0;0;0;0;0;0;0;0;0;0;0
4789;Iyes Roll n Roll Mini Wafer Roll 150g;PT. MANOHARA ASRI;1;15 gram;60 kkal;0;0;12 g;0;1 g;1.50 g;0;0;0;0;0;0 g;0;0;6 g;0;0;0;0;0;0;0;0;0;0;0;0;0;0;0;0;0;0;0;0;0;50 mg;0;0;0;0;0;0;0;0;0;0;0;0;0
4889;Iyes Rosted Peanuts Garlic Flavor 125g;PT. MANOHARA ASRI;1;25 gram;120 kkal;0;0;16 g;0;3 g;5 g;0;0;0;0;0;3 g;0;0;3 g;0;0;0;0;0;0;0;0;0;0;0;0;0;0;0;0;0;0;0;0;0;180 mg;0;0;0;0;0;0;0;0;0;0;0;0;0
4752;Li Mang Huat Minyak Nabati dengan Minyak Wijen;PT. MANOHARA ASRI;1;100 ml;720 kkal;0;0;0 g;0;0 g;80 g;0;0;0;0;0;0;0;0;0 g;0;0;0;0;0;0;0;0;0;0;0;0;0;0;0;0;0;0;0;0;0;0 mg;0;0;0;0;0;0;0;0;0;0;0;0;0
2476;mayasi koro koro;PT. MANOHARA ASRI;1;25 g;120 kkal;0;0;12 g;0;7 g;5 g;0;0;0;0;0;3 g;0;0;2 g;0;0;0;0;0;0;0;0;0;0;0;0;0;0;0;0;0;0;0;0;0;130 mg;0;0;0;0;0;0;0;0;0;0;0;0;0
3368;Marimas Cincau;PT. Marimas Putera Kencana;1;100 g;25 kkal;0;0;6 g;0;0 g;0 g;0;0;0;0;0;0;0;0;5 g;0;0;0;0;0;0;0;0;0;0;0;0;0;0;0;0;0;0;0;0;0;30 mg;0;0;0;0;0;0;0;0;0;0;0;0;0
3366;Marimas Cocopandan;PT. Marimas Putera Kencana;1;100 g;25 kkal;0;0;6 g;0;0 g;0 g;0;0;0;0;0;0;0;0;5 g;0;0;0;0;0;0;0;0;0;0;0;0;0;0;0;0;0;0;0;0;0;30 mg;0;0;0;0;0;0;0;0;0;0;0;0;0
3367;Marimas Jeruk Manis;PT. Marimas Putera Kencana;1;100 g;25 kkal;0;0;7 g;0;0 g;0 g;0;0;0;0;0;0;0;0;6 g;0;0;0;0;0;0;0;0;0;0;0;0;0;0;0;0;0;0;0;0;0;90 mg;0;0;0;0;0;0;0;0;0;0;0;0;0
3369;Marimas Kelapa Muda;PT. Marimas Putera Kencana;1;100 g;20 kkal;0;0;5 g;0;0 g;0 g;0;0;0;0;0;0;0;0;5 g;0;0;0;0;0;0;0;0;0;0;0;0;0;0;0;0;0;0;0;0;0;35 mg;0;0;0;0;0;0;0;0;0;0;0;0;0
3365;Marimas Mangga;PT. Marimas Putera Kencana;1;100 g;25 kkal;0;0;6 g;0;0 g;0 g;0;0;0;0;0;0;0;0;6 g;0;0;0;0;0;0;0;0;0;0;0;0;0;0;0;0;0;0;0;0;0;25 mg;0;0;0;0;0;0;0;0;0;0;0;0;0
4909;Scrubber Vegeta Hi-Fiber Serat;PT. Marketama Indah;1;7 gram;25 kkal;0;0;6 g;0;0 g;0 g;0;0;0;0;0;3 g;0;0;3 g;0;0;0;0;0;0;0;0;0;0;0;0;0;0;0;0;0;0;0;0;0;75 mg;0;0;0;0;0;0;0;0;0;0;0;0;0
4703;Botan Ikan Sarden dalam Saus Tomat;PT. Maya Food Industries;1;100 gram;160 kkal;0;0;4 g;0;23 g;6 g;0;0;0;0;0;1 g;0;0;1 g;0;0;0;0;0;0;0;0;0;0;0;0;0;0;0;0;0;0;0;0;0;190 mg;0;0;0;0;0;0;0;0;0;0;0;0;0
4613;Maya Chunk Tuna in Brine 200g;PT. Maya Muncar;1;100 gram;120 kkal;0;0;1 g;0;27 g;0 g;0;0;0;0;0;0;0;0;0 g;0;0;0;0;0;0;0;0;0;0;0;0;0;0;0;0;0;0;0;0;0;180 mg;0;0;0;0;0;0;0;0;0;0;0;0;0
4611;Maya Ikan Tuna Bumbu Gulai 200g;PT. Maya Muncar;1;100 gram;110 kkal;0;0;1 g;0;24 g;0.50 g;0;0;0;0;0;0;0;0;1 g;0;0;0;0;0;0;0;0;0;0;0;0;0;0;0;0;0;0;0;0;0;350 mg;0;0;0;0;0;0;0;0;0;0;0;0;0
4612;Maya Ikan Tuna Bumbu Kari 200g;PT. Maya Muncar;1;100 gram;130 kkal;0;0;1 g;0;25 g;2.50 g;0;0;0;0;0;0;0;0;1 g;0;0;0;0;0;0;0;0;0;0;0;0;0;0;0;0;0;0;0;0;0;270 mg;0;0;0;0;0;0;0;0;0;0;0;0;0
4614;Maya Ikan Tuna Bumbu Pepes 200g;PT. Maya Muncar;1;100 gram;130 kkal;0;0;2 g;0;23 g;3 g;0;0;0;0;0;0;0;0;2 g;0;0;0;0;0;0;0;0;0;0;0;0;0;0;0;0;0;0;0;0;0;420 mg;0;0;0;0;0;0;0;0;0;0;0;0;0
4610;Maya Ikan Tuna Bumbu Rica-Rica 200g;PT. Maya Muncar;1;100 gram;110 kkal;0;0;1 g;0;23 g;1.50 g;0;0;0;0;0;0;0;0;1 g;0;0;0;0;0;0;0;0;0;0;0;0;0;0;0;0;0;0;0;0;0;400 mg;0;0;0;0;0;0;0;0;0;0;0;0;0
4609;Maya Ikan Tuna Sambal Goreng 200g;PT. Maya Muncar;1;100 gram;140 kkal;0;0;6 g;0;22 g;3 g;0;0;0;0;0;0;0;0;2 g;0;0;0;0;0;0;0;0;0;0;0;0;0;0;0;0;0;0;0;0;0;360 mg;0;0;0;0;0;0;0;0;0;0;0;0;0
4594;Maya Mackerel in Chili Sauce;PT. Maya Muncar;1;100 gram;120 kkal;0;0;4 g;0;14 g;4.50 g;0;0;0;0;0;0;0;0;3 g;0;0;0;0;0;0;0;0;0;0;0;0;0;0;0;0;0;0;0;0;0;420 mg;0;0;0;0;0;0;0;0;0;0;0;0;0
3284;Maya Sardines Chili sause;PT. Maya Muncar;1;100 g;180 kkal;0;0;2.60 g;0;12.08 g;2.11 g;0;0;0;0;0;0;0;0;0;0;0;0;0;0;0;0;0;0;0;0;0;0;0;0;0;0;0;300 mg;0;0;0.20 mg;0;0;0;0;0;0;0;0;0;0;0;0;0
2545;Maya Chunks Tuna In Vegetable Oil;PT. MAYA MUNCAR BANYUWANGI;1;40 g;60 kkal;0;0;2 g;0;4 g;4.50 g;0;0;0;0;0;0;0;0;0;0;0;0;0;0;0;0;0;0;0;0;0;0;0;0;0;0;0;0;0;0;150 mg;0;0;0;0;0;0;0;0;0;0;0;0;0
3074;Roma Arden Choco;PT. Mayora Indah;1;27.00 g;160 kkal;0;0;17 g;0;2 g;10 g;0;0;0;0;0;0;0;0;7 g;0;0;0;0;0;0;0;0;0;0;0;0;0;0;0;0;0;0;0;0;0;115 mg;0;0;0;0;0;0;0;0;0;0;0;0;0
4828;Apetito Creamy Onion;PT. Mayora Indah Tbk;1;15 gram;70 kkal;0;0;11 g;0;1 g;2.50 g;0;0;0;0;0;1 g;0;0;0;0;0;0;0;0;0;0;0;0;0;0;0;0;0;0;0;0;0;0;0;0;110 mg;0;0;0;0;0;0;0;0;0;0;0;0;0
1204;Bakmi Mewah;PT. Mayora Indah Tbk;1;110 g;450 kkal;0;0;47 g;0;13 g;23 g;0;0;0;0;0;0;0;0;1 g;0;0;0;0;0;0;0;0;0;0;0;0;0;0;0;0;0;0;0;0;0;0 mg;0;0;0;0;0;0;0;0;0;0;0;0;0
2227;beng beng;PT. Mayora Indah Tbk;1;9.50 g;50 kkal;0;0;6 g;0;1 g;2 g;0;0;0;0;0;0;0;0;0;0;0;0;0;0;0;0;0;0;0;0;0;0;0;0;0;0;0;0;0;0;20 mg;0;0;0;0;0;0;0;0;0;0;0;0;0
2959;Better Sandwich Biscuit;PT. Mayora Indah Tbk;1;100 g;140 kkal;0;0;18 g;0;2 g;7 g;0;0;0;0;0;1 g;0;0;9 g;0;0;0;0;0;0;0;0;0;0;0;0;0;0;0;0;0;0;0;0;0;75 mg;0;0;0;0;0;0;0;0;0;0;0;0;0
1651;Energen Oat milk;PT. Mayora Indah Tbk;1;24 g;100 kkal;0;0;16 g;0;3 g;2 g;0;0;0;0;0;2 g;0;0;1 g;0;0;0;0;0;0;0;0;0;0;0;0;0;0;0;0;0;0;0;0;0;0 mg;0;0;0;0;0;0;0;0;0;0;0;0;0
1652;Energen sereal cokelat;PT. Mayora Indah Tbk;1;29 g;130 kkal;0;0;23 g;0;1 g;3.50 g;0;0;0;0;0;1 g;0;0;17 g;0;0;0;0;0;0;0;0;0;0;0;0;0;0;0;0;0;0;0;0;0;0 mg;0;0;0;0;0;0;0;0;0;0;0;0;0
4393;Fruta Gummy;PT. Mayora Indah Tbk;1;15 gram;60 kkal;0;0;13 g;0;1 g;0 g;0;0;0;0;0;0.50 g;0;0;8 g;0;0;0;0;0;0;0;0;0;0;0;0;0;0;0;0;0;0;0;0;0;15 mg;0;0;0;0;0;0;0;0;0;0;0;0;0
3190;Kalpa;PT. Mayora Indah Tbk;1;100 g;130 kkal;0;0;13 g;0;2 g;8 g;0;0;0;0;0;0;0;0;6 g;0;0;0;0;0;0;0;0;0;0;0;0;0;0;0;0;0;0;0;0;0;50 mg;0;0;0;0;0;0;0;0;0;0;0;0;0
5000;Kis Mint Cherry 125g;PT. Mayora Indah Tbk;1;8 gram;30 kkal;0;0;7 g;0;0 g;0 g;0;0;0;0;0;0;0;0;5 g;0;0;0;0;0;0;0;0;0;0;0;0;0;0;0;0;0;0;0;0;0;5 mg;0;0;0;0;0;0;0;0;0;0;0;0;0
1469;Kopiko 78'C coffe latte;PT. Mayora Indah Tbk;1;240 ml;160 kkal;0;0;28 g;0;4 g;3 g;0;0;0;0;0;0;0;0;24 g;0;0;0;0;0;0;0;0;0;0;0;0;0;0;0;0;0;0;0;0;0;0 mg;0;0;0;0;0;0;0;0;0;0;0;0;0
1477;Kopiko coffe candy;PT. Mayora Indah Tbk;1;9 g;40 kkal;0;0;8 g;0;0 g;1 g;0;0;0;0;0;0;0;0;6 g;0;0;0;0;0;0;0;0;0;0;0;0;0;0;0;0;0;0;0;0;0;0 mg;0;0;0;0;0;0;0;0;0;0;0;0;0
1164;Permen KIS mini assorted;PT. Mayora Indah Tbk;1;7.50 g;30 kkal;0;0;7 g;0;0 g;0 g;0;0;0;0;0;0;0;0;5 g;0;0;0;0;0;0;0;0;0;0;0;0;0;0;0;0;0;0;0;0;0;0 mg;0;0;0;0;0;0;0;0;0;0;0;0;0
2245;Roma : Biskuit Kelapa;PT. Mayora Indah Tbk;1;27 g;130 kkal;0;0;19 g;0;2 g;5 g;0;0;0;0;0;0;0;0;6 g;0;0;0;0;0;0;0;0;0;0;0;0;0;0;0;0;0;0;0;0;0;90 mg;0;0;0;0;0;0;0;0;0;0;0;0;0
2250;Roma : Biskuit Kelapa;PT. Mayora Indah Tbk;1;27 g;130 kkal;0;0;19 g;0;2 g;5 g;0;0;0;0;0;0;0;0;6 g;0;0;0;0;0;0;0;0;0;0;0;0;0;0;0;0;0;0;0;0;0;90 mg;0;0;0;0;0;0;0;0;0;0;0;0;0
3774;Roma Lavita Cinnamon Milk Biscuit;PT. Mayora Indah Tbk;1;100 g;110 kkal;0;0;17 g;0;2 g;4.50 g;0;0;0;0;0;1 g;0;0;4 g;0;0;0;0;0;0;0;0;0;0;0;0;0;0;0;0;0;0;0;0;0;75 mg;0;0;0;0;0;0;0;0;0;0;0;0;0
1566;Roma Malkist;PT. Mayora Indah Tbk;1;27 g;120 kkal;0;0;19 g;0;2 g;4.50 g;0;0;0;0;0;0;0;0;3 g;0;0;0;0;0;0;0;0;0;0;0;0;0;0;0;0;0;0;0;0;0;0 mg;0;0;0;0;0;0;0;0;0;0;0;0;0
1723;Roma Marie Gold;PT. Mayora Indah Tbk;1;20 g;90 kkal;0;0;15 g;0;2 g;3 g;0;0;0;0;0;0;0;0;4 g;0;0;0;0;0;0;0;0;0;0;0;0;0;0;0;0;0;0;0;0;0;0 mg;0;0;0;0;0;0;0;0;0;0;0;0;0
1724;Roma sari gandum;PT. Mayora Indah Tbk;1;19.50 g;100 kkal;0;0;13 g;0;2 g;4 g;0;0;0;0;0;0;0;0;3 g;0;0;0;0;0;0;0;0;0;0;0;0;0;0;0;0;0;0;0;0;0;0 mg;0;0;0;0;0;0;0;0;0;0;0;0;0
2837;Slai O'lai;PT. Mayora Indah Tbk;1;25.00 ml;110 kkal;0;0;18 g;0;1 g;3 g;0;0;0;0;0;0;0;0;0;0;0;0;0;0;0;0;0;0;0;0;0;0;0;0;0;0;0;0;0;0;65 mg;0;0;0;0;0;0;0;0;0;0;0;0;0
2836;Slai O'lai Blueberry;PT. Mayora Indah Tbk;1;25.00 ml;110 kkal;0;0;18 g;0;2 g;3 g;0;0;0;0;0;0 g;0;0;7 g;0;0;0;0;0;0;0;0;0;0;0;0;0;0;0;0;0;0;0;0;0;65 mg;0 mg;0;0;0;0;0;0;0;0;0;0;0;0
3396;Slai O'lai Nanas;PT. Mayora Indah Tbk;1;25.00 ml;110 kkal;0;0;18 g;0;1 g;3.50 g;0;0;0;0;0;0;0;0;6 g;0;0;0;0;0;0;0;0;0;0;0;0;0;0;0;0;0;0;0;0;0;50 mg;0;0;0;0;0;0;0;0;0;0;0;0;0
1556;Teh botol sosro tawar;PT. Mayora Indah Tbk;1;350 g;0 kkal;0;0;0 g;0;0 g;0 g;0;0;0;0;0;0;0;0;0 g;0;0;0;0;0;0;0;0;0;0;0;0;0;0;0;0;0;0;0;0;0;0 mg;0;0;0;0;0;0;0;0;0;0;0;0;0
1557;Teh pucuk harum;PT. Mayora Indah Tbk;1;500 ml;140 kkal;0;0;36 g;0;0 g;0 g;0;0;0;0;0;0;0;0;36 g;0;0;0;0;0;0;0;0;0;0;0;0;0;0;0;0;0;0;0;0;0;0 mg;0;0;0;0;0;0;0;0;0;0;0;0;0
4945;Teh Pucuk Harum 1,36L;PT. Mayora Indah Tbk;1;240 ml;70 kkal;0;0;18 g;0;0 g;0 g;0;0;0;0;0;0;0;0;18 g;0;0;0;0;0;0;0;0;0;0;0;0;0;0;0;0;0;0;0;0;0;10 mg;0;0;0;0;0;0;0;0;0;0;0;0;0
4830;Wafello Italian Bites;PT. Mayora Indah Tbk;1;15 gram;80 kkal;0;0;10 g;0;1 g;4 g;0;0;0;0;0;0;0;0;3 g;0;0;0;0;0;0;0;0;0;0;0;0;0;0;0;0;0;0;0;0;0;40 mg;0;0;0;0;0;0;0;0;0;0;0;0;0
2442;Wafello italian taste;PT. Mayora Indah Tbk;1;20 g;100 kkal;0;0;14 g;0;1 g;4.50 g;0;0;0;0;0;0;0;0;5 g;0;0;0;0;0;0;0;0;0;0;0;0;0;0;0;0;0;0;0;0;0;50 mg;0;0;0;0;0;0;0;0;0;0;0;0;0
3776;Wow Spageti Aglio Olio;PT. Mayora Indah Tbk;1;100 g;300 kkal;0;0;46 g;0;11 g;8 g;0;0;0;0;0;4 g;0;0;6 g;0;0;0;0;0;0;0;0;0;0;0;0;0;0;0;0;0;0;0;0;0;1160 mg;0;0;0;0;0;0;0;0;0;0;0;0;0
2840;Malkist Roma Rasa Abon;PT. Mayora Tbk;1;100 g;80 kkal;0;0;3 g;0;4 g;3 g;0;0;0;0;0;0;0;0;0;0;0;0;0;0;0;0;0;0;0;0;0;0;0;0;0;0;0;0;0;0;115 mg;0;0;0;0;0;0;0;0;0;0;0;0;0
3878;Biskuat Bites;PT. Mega Global Food Industry;1;35 gram;160 kkal;0;0;25 g;0;2 g;5 g;0;0;0;0;0;0;0;0;8 g;0;0;0;0;0;0;0;0;0;0;0;0;0;0;0;0;0;0;0;0;0;150 mg;0;0;0;0;0;0;0;0;0;0;0;0;0
2553;Butter Cookies;PT. Mega Global Food Industry;1;30 g;140 kkal;0;0;23 g;0;2 g;4 g;0;0;0;0;0;0;0;0;0;0;0;0;0;0;0;0;0;0;0;0;0;0;0;0;0;0;0;0;0;0;130 mg;0;0;0;0;0;0;0;0;0;0;0;0;0
2798;Kokola Kukis Kelapa;PT. Mega Global Food Industry;1;100 g;130 kkal;0;0;22 g;0;2 g;4 g;0;0;0;0;0;0;0;0;0;0;0;0;0;0;0;0;0;0;0;0;0;0;0;0;0;0;0;0;0;0;80 mg;0;0;0;0;0;0;0;0;0;0;0;0;0
4357;Kokola Kukis Susu Vanila;PT. Mega Global Food Industry;1;30 gram;140 kkal;0;0;22 g;0;2 g;5 g;0;0;0;0;0;1 g;0;0;7 g;0;0;0;0;0;0;0;0;0;0;0;0;0;0;0;0;0;0;0;0;0;120 mg;0;0;0;0;0;0;0;0;0;0;0;0;0
4627;Kokola Malkist Susu;PT. Mega Global Food Industry;1;12 gram;50 kkal;0;0;9 g;0;1 g;1.50 g;0;0;0;0;0;1 g;0;0;1 g;0;0;0;0;0;0;0;0;0;0;0;0;0;0;0;0;0;0;0;0;0;70 mg;0;0;0;0;0;0;0;0;0;0;0;0;0
1594;Keju Meg cheddar;PT. Megmilk Snow Brand Indonesia;1;30 g;90 kkal;0;0;2 g;0;6 g;7 g;0;0;0;0;0;0;0;0;0;0;0;0;0;0;0;0;0;0;0;0;0;0;0;0;0;0;0;0;0;0;0 mg;0;0;0;0;0;0;0;0;0;0;0;0;0
2087;Keju Snow Brand Cheddar;PT. Megmilk Snow Brand Indonesia;1;28 g;100 kkal;0;0;2 g;0;5 g;8 g;0;0;0;0;0;0;0;0;0;0;0;0;0;0;0;0;0;0;0;0;0;0;0;0;0;0;0;0;0;0;360 mg;0;0;0;0;0;0;0;0;0;0;0;0;0
4487;Hello panda;PT. Meiji Food Indonesia;1;25 gram;130 kkal;0;0;17 g;0;2 g;6 g;0;0;0;0;0;2 g;0;0;7 g;0;0;0;0;0;0;0;0;0;0;0;0;0;0;0;0;0;0;0;0;0;70 mg;0;0;0;0;0;0;0;0;0;0;0;0;0
3315;Hello Panda Cheese Cream;PT. Meiji Food Indonesia;1;100 g;200 kkal;0;0;27 g;0;2 g;9 g;0;0;0;0;0;3 g;0;0;12 g;0;0;0;0;0;0;0;0;0;0;0;0;0;0;0;0;0;0;0;0;0;95 mg;0;0;0;0;0;0;0;0;0;0;0;0;0
3314;Hello Panda Krim Susu;PT. Meiji Food Indonesia;1;100 g;230 kkal;0;0;27 g;0;3 g;12 g;0;0;0;0;0;1 g;0;0;13 g;0;0;0;0;0;0;0;0;0;0;0;0;0;0;0;0;0;0;0;0;0;130 mg;0;0;0;0;0;0;0;0;0;0;0;0;0
3312;Hello Panda Rasa Cookies And Cream;PT. Meiji Food Indonesia;1;100 g;230 kkal;0;0;32 g;0;2 g;10 g;0;0;0;0;0;3 g;0;0;12 g;0;0;0;0;0;0;0;0;0;0;0;0;0;0;0;0;0;0;0;0;0;150 mg;0;0;0;0;0;0;0;0;0;0;0;0;0
3313;Hello Panda Strawberry;PT. Meiji Food Indonesia;1;100 g;240 kkal;0;0;30 g;0;3 g;12 g;0;0;0;0;0;1 g;0;0;14 g;0;0;0;0;0;0;0;0;0;0;0;0;0;0;0;0;0;0;0;0;0;130 mg;0;0;0;0;0;0;0;0;0;0;0;0;0
3890;Hello Panda Vanilla;PT. Meiji Food Indonesia;1;25 gram;130 kkal;0;0;17 g;0;1 g;6 g;0;0;0;0;0;1 g;0;0;7 g;0;0;0;0;0;0;0;0;0;0;0;0;0;0;0;0;0;0;0;0;0;55 mg;0;0;0;0;0;0;0;0;0;0;0;0;0
3889;hello panda cokelat;PT. Meiji Indonesia;1;25 gram;130 kkal;0;0;17 g;0;2 g;6 g;0;0;0;0;0;2 g;0;0;7 g;0;0;0;0;0;0;0;0;0;0;0;0;0;0;0;0;0;0;0;0;0;70 mg;0;0;0;0;0;0;0;0;0;0;0;0;0
2472;Sunco minyak goreng;PT. Mikie Oleo Nabati Industri;1;11 ml;90 kkal;0;0;0 g;0;4 g;16 g;0;0;0;0;0;0;0;0;0;0;0;0;0;0;0;0;0;0;0;0;0;0;0;0;0;0;0;0;0;0;0 mg;0;0;0;0;0;0;0;0;0;0;0;0;0
2644;Diva Collagen;PT. Milko Beverages;1;43.00 g;35 kkal;0;0;8 g;0;1 g;0 g;0;0;0;0;0;0;0;0;8 g;0;0;0;0;0;0;0;0;0;0;0;0;0;0;0;0;0;0;0;0;0;30 mg;0;0;0;0;0;0;0;0;0;0;0;0;0
4816;Lactona Skim Low Fat;PT. Mirota KSM;1;30 gram;110 kkal;0;0;16 g;0;10 g;0 g;0;0;0;0;0;2 g;0;0;15 g;0;0;0;0;0;0;0;0;0;0;0;0;0;0;0;0;0;0;0;0;0;140 mg;0;0;0;0;0;0;0;0;0;0;0;0;0
4936;Milku Susu UHT Rasa Cokelat Premium 200 mL;PT. Mitra Alam Segar;1;200 ml;160 kkal;0;0;22 g;0;6 g;4.50 g;0;0;0;0;0;0;0;0;22 g;0;0;0;0;0;0;0;0;0;0;0;0;0;0;0;0;0;0;0;0;0;105 mg;0;0;0;0;0;0;0;0;0;0;0;0;0
4937;Milku Susu UHT Rasa Original 200 mL;PT. Mitra Alam Segar;1;200 ml;100 kkal;0;0;11 g;0;6 g;4 g;0;0;0;0;0;0;0;0;9 g;0;0;0;0;0;0;0;0;0;0;0;0;0;0;0;0;0;0;0;0;0;130 mg;0;0;0;0;0;0;0;0;0;0;0;0;0
4935;Milku Susu UHT Rasa Stroberi 200 mL;PT. Mitra Alam Segar;1;200 ml;150 kkal;0;0;22 g;0;6 g;4 g;0;0;0;0;0;0;0;0;22 g;0;0;0;0;0;0;0;0;0;0;0;0;0;0;0;0;0;0;0;0;0;130 mg;0;0;0;0;0;0;0;0;0;0;0;0;0
2556;Del Monte Tomato Paste;PT. Mitra Sarana Purnama;1;33 g;30 kkal;0;0;6 g;0;1 g;0 g;0;0;0;0;0;2 g;0;0;3 g;0;0;0;0;0;0;0;0;0;0;0;0;0;0;0;0;0;0;0;0;0;15 mg;0;0;0;0;0;0;0;0;0;0;0;0;0
1488;MR. P Honey Peanuts;PT. Mitrasatrya Perkasautama;1;25 g;150 kkal;0;0;5 g;0;7 g;12 g;0;0;0;0;0;0;0;0;3 g;0;0;0;0;0;0;0;0;0;0;0;0;0;0;0;0;0;0;0;0;0;0 mg;0;0;0;0;0;0;0;0;0;0;0;0;0
1487;MR.P Cashewnuts;PT. Mitrasatrya Perkasautama;1;40 g;250 kkal;0;0;11 g;0;7 g;19 g;0;0;0;0;0;0;0;0;0;0;0;0;0;0;0;0;0;0;0;0;0;0;0;0;0;0;0;0;0;0;0 mg;0;0;0;0;0;0;0;0;0;0;0;0;0
1486;MR.P Garlic peanut;PT. Mitrasatrya Perkasautama;1;40 g;240 kkal;0;0;14 g;0;6 g;17 g;0;0;0;0;0;0;0;0;0;0;0;0;0;0;0;0;0;0;0;0;0;0;0;0;0;0;0;0;0;0;0 mg;0;0;0;0;0;0;0;0;0;0;0;0;0
1766;Mitratani edamame;PT. Mitratani dua tujuh;1;100 g;100 kkal;0;0;8 g;0;10 g;4 g;0;0;0;0;0;8 g;0;0;0;0;0;0;0;0;0;0;0;0;0;0;0;0;0;0;0;0;0;0;0;0;0 mg;0;0;0;0;0;0;0;0;0;0;0;0;0
1597;Biskuit serena egg rolls chocolate;PT. Monde Mahkota Biskuit;1;14 g;80 kkal;0;0;8 g;0;1 g;4.50 g;0;0;0;0;0;1 g;0;0;4 g;0;0;0;0;0;0;0;0;0;0;0;0;0;0;0;0;0;0;0;0;0;0 mg;0;0;0;0;0;0;0;0;0;0;0;0;0
4677;Monde Assorted Pie 285g;PT. Monde Mahkota Biskuit;1;40 gram;200 kkal;0;0;23 g;0;3 g;11 g;0;0;0;0;0;1 g;0;0;6 g;0;0;0;0;0;0;0;0;0;0;0;0;0;0;0;0;0;0;0;0;0;90 mg;0;0;0;0;0;0;0;0;0;0;0;0;0
3326;Monde Boromon Cookies milk flavour;PT. Monde Mahkota Biskuit;1;100 g;80 kkal;0;0;18 g;0;0 g;0 g;0;0;0;0;0;0 g;0;0;5 g;0;0;0;0;0;0;0;0;0;0;0;0;0;0;0;0;0;0;0;0;0;10 mg;0;0;0;0;0;0;0;0;0;0;0;0;0
3327;Monde Boromon cookies original flavor;PT. Monde Mahkota Biskuit;1;100 g;80 kkal;0;0;18 g;0;0 g;0 g;0;0;0;0;0;0;0;0;0;0;0;0;0;0;0;0;0;0;0;0;0;0;0;0;0;0;0;0;0;0;10 mg;0;0;0;0;0;0;0;0;0;0;0;0;0
3325;Monde Boromon Wafers rasa Strawberry susu;PT. Monde Mahkota Biskuit;1;100 g;130 kkal;0;0;17 g;0;1 g;6 g;0;0;0;0;0;2 g;0;0;7 g;0;0;0;0;0;0;0;0;0;0;0;0;0;0;0;0;0;0;0;0;0;35 mg;0;0;0;0;0;0;0;0;0;0;0;0;0
3324;Monde Boromon Wafers rasa Vanila;PT. Monde Mahkota Biskuit;1;100 g;130 kkal;0;0;16 g;0;1 g;7 g;0;0;0;0;0;2 g;0;0;7 g;0;0;0;0;0;0;0;0;0;0;0;0;0;0;0;0;0;0;0;0;0;60 mg;0;0;0;0;0;0;0;0;0;0;0;0;0
3295;Monde Serena Egg Rolls Original;PT. Monde Mahkota Biskuit;1;100 g;80 kkal;0;0;8 g;0;1 g;5 g;0;0;0;0;0;1 g;0;0;4 g;0;0;0;0;0;0;0;0;0;0;0;0;0;0;0;0;0;0;0;0;0;10 mg;0;0;0;0;0;0;0;0;0;0;0;0;0
3186;Nissin Kelapa Ijo;PT. Monde Mahkota Biskuit;1;100 g;90 kkal;0;0;14 g;0;1 g;3.50 g;0;0;0;0;0;1 g;0;0;4 g;0;0;0;0;0;0;0;0;0;0;0;0;0;0;0;0;0;0;0;0;0;80 mg;0;0;0;0;0;0;0;0;0;0;0;0;0
2295;Nissin wafer coklat;PT. Monde Mahkota Biskuit;1;29 g;140 kkal;0;0;20 g;0;2 g;6 g;0;0;0;0;0;0;0;0;8 g;0;0;0;0;0;0;0;0;0;0;0;0;0;0;0;0;0;0;0;0;0;70 mg;0;0;0;0;0;0;0;0;0;0;0;0;0
4553;Ovaltine Wafer Rasa Chocomalt;PT. Monde Mahkota Biskuit;1;25 gram;120 kkal;0;0;16 g;0;2 g;5 g;0;0;0;0;0;2 g;0;0;7 g;0;0;0;0;0;0;0;0;0;0;0;0;0;0;0;0;0;0;0;0;0;40 mg;0;0;0;0;0;0;0;0;0;0;0;0;0
1725;Belvita madu dan cokelat;PT. Mondelez Indonesia;1;40 g;180 kkal;0;0;28 g;0;3 g;6 g;0;0;0;0;0;1 g;0;0;11 g;0;0;0;0;0;0;0;0;0;0;0;0;0;0;0;0;0;0;0;0;0;0 mg;0;0;0;0;0;0;0;0;0;0;0;0;0
1726;Belvita susu dan sereal;PT. Mondelez Indonesia;1;40 g;180 kkal;0;0;28 g;0;3 g;6 g;0;0;0;0;0;1 g;0;0;10 g;0;0;0;0;0;0;0;0;0;0;0;0;0;0;0;0;0;0;0;0;0;0 mg;0;0;0;0;0;0;0;0;0;0;0;0;0
2660;RITZ Creackers Original (isis 3 pack);PT. Mondelez International;1;100 g;140 kkal;0;0;20 g;0;2 g;6 g;0;0;0;0;0;0;0;0;0;0;0;0;0;0;0;0;0;0;0;0;0;0;0;0;0;0;0;0;0;0;115 mg;0;0;0;0;0;0;0;0;0;0;0;0;0
1912;Mr. Bread Roti Kasur manis;PT. Mr. Bread Company;1;80 g;260 kkal;0;0;44 g;0;7 g;7 g;0;0;0;0;0;0;0;0;8 g;0;0;0;0;0;0;0;0;0;0;0;0;0;0;0;0;0;0;0;0;0;210 mg;0;0;0;0;0;0;0;0;0;0;0;0;0
1907;Mr. Bread Roti manis coklat special;PT. Mr. Bread Company;1;60 g;179 kkal;0;0;32 g;0;5.50 g;3.50 g;0;0;0;0;0;2 g;0;0;5 g;0;0;0;0;0;0;0;0;0;0;0;0;0;0;0;0;0;0;0;0;0;256 mg;0;0;0;0;0;0;0;0;0;0;0;0;0
1910;Mr. Bread Roti manis gandum keju;PT. Mr. Bread Company;1;60 g;190 kkal;0;0;27 g;0;6 g;6 g;0;0;0;0;0;2 g;0;0;5 g;0;0;0;0;0;0;0;0;0;0;0;0;0;0;0;0;0;0;0;0;0;290 mg;0;0;0;0;0;0;0;0;0;0;0;0;0
1915;Mr. Bread Roti manis kasur coklat;PT. Mr. Bread Company;1;90 g;320 kkal;0;0;51 g;0;8 g;10 g;0;0;0;0;0;0;0;0;9 g;0;0;0;0;0;0;0;0;0;0;0;0;0;0;0;0;0;0;0;0;0;230 mg;0;0;0;0;0;0;0;0;0;0;0;0;0
1909;Mr. Bread Roti manis kasur coklat susu;PT. Mr. Bread Company;1;90 g;320 kkal;0;0;48 g;0;7 g;12 g;0;0;0;0;0;0;0;0;14 g;0;0;0;0;0;0;0;0;0;0;0;0;0;0;0;0;0;0;0;0;0;170 mg;0;0;0;0;0;0;0;0;0;0;0;0;0
1906;Mr. Bread Roti manis pandan coklat srikaya;PT. Mr. Bread Company;1;90 g;330 kkal;0;0;50 g;0;7 g;11 g;0;0;0;0;0;0;0;0;12 g;0;0;0;0;0;0;0;0;0;0;0;0;0;0;0;0;0;0;0;0;0;330 mg;0;0;0;0;0;0;0;0;0;0;0;0;0
1913;Mr. Bread Roti Sandwich krim keju;PT. Mr. Bread Company;1;50 g;160 kkal;0;0;25 g;0;3 g;6 g;0;0;0;0;0;3 g;0;0;0 g;0;0;0;0;0;0;0;0;0;0;0;0;0;0;0;0;0;0;0;0;0;250 mg;0;0;0;0;0;0;0;0;0;0;0;0;0
1916;Mr. Bread Roti Sandwich Pasta Coklat;PT. Mr. Bread Company;1;50 g;150 kkal;0;0;25 g;0;4 g;4.50 g;0;0;0;0;0;0;0;0;7 g;0;0;0;0;0;0;0;0;0;0;0;0;0;0;0;0;0;0;0;0;0;135 mg;0;0;0;0;0;0;0;0;0;0;0;0;0
1911;Mr. Bread Roti tawar;PT. Mr. Bread Company;1;70 g;198 kkal;0;0;36 g;0;7 g;3 g;0;0;0;0;0;2.50 g;0;0;2.50 g;0;0;0;0;0;0;0;0;0;0;0;0;0;0;0;0;0;0;0;0;0;269 mg;0;0;0;0;0;0;0;0;0;0;0;0;0
1905;Mr. Bread Roti tawar choco chips;PT. Mr. Bread Company;1;70 g;227 kkal;0;0;38.50 g;0;7 g;5 g;0;0;0;0;0;2 g;0;0;8 g;0;0;0;0;0;0;0;0;0;0;0;0;0;0;0;0;0;0;0;0;0;286 mg;0;0;0;0;0;0;0;0;0;0;0;0;0
1914;Mr. Bread Roti tawar gandum;PT. Mr. Bread Company;1;70 g;199 kkal;0;0;36 g;0;7 g;3 g;0;0;0;0;0;2.50 g;0;0;2 g;0;0;0;0;0;0;0;0;0;0;0;0;0;0;0;0;0;0;0;0;0;487 mg;0;0;0;0;0;0;0;0;0;0;0;0;0
1908;Mr. Bread Roti tawar kupas;PT. Mr. Bread Company;1;44 g;119 kkal;0;0;21.50 g;0;4.50 g;2 g;0;0;0;0;0;1.50 g;0;0;1 g;0;0;0;0;0;0;0;0;0;0;0;0;0;0;0;0;0;0;0;0;0;209 mg;0;0;0;0;0;0;0;0;0;0;0;0;0
4808;Prochiz Gold Cheddar;PT. Mulia Boga Raya;1;20 gram;70 kkal;0;0;6 g;0;1 g;4.50 g;0;0;0;0;0;0;0;0;0;0;0;0;0;0;0;0;0;0;0;0;0;0;0;0;0;0;0;0;0;0;270 mg;0;0;0;0;0;0;0;0;0;0;0;0;0
4865;Prochiz Gold Cheddar Slice;PT. Mulia Boga Raya;1;24 gram;80 kkal;0;0;5 g;0;1 g;6 g;0;0;0;0;0;0;0;0;0;0;0;0;0;0;0;0;0;0;0;0;0;0;0;0;0;0;0;0;0;0;350 mg;0;0;0;0;0;0;0;0;0;0;0;0;0
4722;Kecap Manis Nasional 700 mL;PT. Multi Sari Sedap;1;15 gram;50 kkal;0;0;12 g;0;0 g;0 g;0;0;0;0;0;0;0;0;9 g;0;0;0;0;0;0;0;0;0;0;0;0;0;0;0;0;0;0;0;0;0;220 mg;0;0;0;0;0;0;0;0;0;0;0;0;0
2538;Minyak Goreng Sania;PT. Multimas Nabati Asahan;1;10 ml;80 kkal;0;0;0 g;0;0 g;9 g;0;0;0;0;0;0;0;0;0;0;0;0;0;0;0;0;0;0;0;0;0;0;0;0;0;0;0;0;0;0;0 mg;0;0;0;0;0;0;0;0;0;0;0;0;0
4405;Kacang Polong (dalam air garam);PT. Multisari Idaman;1;100 gram;50 kkal;0;0;6 g;0;7 g;0.50 g;0;0;0;0;0;0;0;0;0 g;0;0;0;0;0;0;0;0;0;0;0;0;0;0;0;0;0;0;0;0;0;290 mg;0;0;0;0;0;0;0;0;0;0;0;0;0
1759;Cookies Oat krunch coklat gelap;PT. Munchy's Indonesia;1;26 g;120 kkal;0;0;18 g;0;2 g;4.50 g;0;0;0;0;0;2 g;0;0;6 g;0;0;0;0;0;0;0;0;0;0;0;0;0;0;0;0;0;0;0;0;0;0 mg;0;0;0;0;0;0;0;0;0;0;0;0;0
2642;Teh Pucuk less sugar;PT. Murni Aik Sukses;1;100 g;45 kkal;0;0;12 g;0;0 g;0 g;0;0;0;0;0;0;0;0;12 g;0;0;0;0;0;0;0;0;0;0;0;0;0;0;0;0;0;0;0;0;0;15 mg;0;0;0;0;0;0;0;0;0;0;0;0;0
1600;Susu My protein impact whey protein;PT. Natural Nusantara;1;25 g;105 kkal;0;0;3 g;0;20 g;1.80 g;0;0;0;0;0;0.50 g;0;0;1.60 g;0;0;0;0;0;0;0;0;0;0;0;0;0;0;0;0;0;0;0;0;0;0 mg;0;0;0;0;0;0;0;0;0;0;0;0;0
2457;Bear brand;PT. Nestle Indonesia;1;189 g;120 kkal;0;0;9 g;0;6 g;7 g;0;0;0;0;0;0;0;0;0;0;0;0;0;0;0;0;0;0;0;0;0;0;0;0;0;0;0;0;0;0;115 mg;0;0;0;0;0;0;0;0;0;0;0;0;0
2765;Dancow FortiGro rasa vanilla;PT. Nestle Indonesia;1;100 g;120 kkal;0;0;14 g;0;5 g;6 g;0;0;0;0;0;0;0;0;11 g;0;0;0;0;0;0;0;0;0;0;0;0;0;0;0;0;0;0;0;0;0;90 mg;0;0;0;0;0;0;0;0;0;0;0;0;0
3477;Datita 3+ rasa vanila 900 gram;PT. Nestle Indonesia;1;100 g;160 kkal;0;0;22 g;0;5 g;6 g;0;0;0;0;0;0;0;0;15 g;0;0;0;0;0;0;0;0;0;0;0;0;0;0;0;0;0;0;0;0;0;100 mg;180 mg;0;0;0;0;0;0;0;0;0;0;0;0
3147;Fitnesse Granola Honey;PT. Nestle Indonesia;1;100 g;190 kkal;0;0;30 g;0;4 g;6 g;0;0;0;0;0;3 g;0;0;10 g;0;0;0;0;0;0;0;0;0;0;0;0;0;0;0;0;0;0;0;0;0;70 mg;0;0;0;0;0;0;0;0;0;0;0;0;0
1383;Honey Stars;PT. Nestle Indonesia;1;30 g;110 kkal;0;0;25 g;0;1 g;0.50 g;0;0;0;0;0;1 g;0;0;8 g;0;0;0;0;0;0;0;0;0;0;0;0;0;0;0;0;0;0;0;0;0;0 mg;0;0;0;0;0;0;0;0;0;0;0;0;0
3533;Isocal;PT. Nestle Indonesia;1;100 g;260 kkal;0;0;31 g;0;8 g;12 g;0;0;0;0;0;2 g;0;0;26 g;0;0;0;0;0;0;0;0;0;0;0;0;0;0;0;0;0;0;0;0;0;210 mg;0;0;0;0;0;0;0;0;0;0;0;0;0
2071;KitKat;PT. Nestle Indonesia;1;17 g;90 kkal;0;0;10 g;0;1 g;5 g;0;0;0;0;0;0;0;0;0;0;0;0;0;0;0;0;0;0;0;0;0;0;0;0;0;0;0;0;0;0;15 mg;0;0;0;0;0;0;0;0;0;0;0;0;0
2480;koko crunch cup;PT. Nestle Indonesia;1;32 g;70 kkal;0;0;15 g;0;1 g;0.50 g;0;0;0;0;0;0;0;0;0;0;0;0;0;0;0;0;0;0;0;0;0;0;0;0;0;0;0;0;0;0;30 mg;0;0;0;0;0;0;0;0;0;0;0;0;0
1382;Koko krunch;PT. Nestle Indonesia;1;30 g;110 kkal;0;0;23 g;0;2 g;1 g;0;0;0;0;0;1 g;0;0;9 g;0;0;0;0;0;0;0;0;0;0;0;0;0;0;0;0;0;0;0;0;0;0 mg;0;0;0;0;0;0;0;0;0;0;0;0;0
1772;kopi Nescafe 3in1 creamy;PT. Nestle Indonesia;1;18 g;80 kkal;0;0;15 g;0;0 g;2 g;0;0;0;0;0;0;0;0;13 g;0;0;0;0;0;0;0;0;0;0;0;0;0;0;0;0;0;0;0;0;0;0 mg;0;0;0;0;0;0;0;0;0;0;0;0;0
1769;kopi Nescafe green coffe;PT. Nestle Indonesia;1;20 g;90 kkal;0;0;15 g;0;0 g;2.50 g;0;0;0;0;0;0;0;0;11 g;0;0;0;0;0;0;0;0;0;0;0;0;0;0;0;0;0;0;0;0;0;0 mg;0;0;0;0;0;0;0;0;0;0;0;0;0
1413;Milo bubuk;PT. Nestle Indonesia;1;18 g;80 kkal;0;0;13 g;0;2 g;2 g;0;0;0;0;0;0;0;0;8 g;0;0;0;0;0;0;0;0;0;0;0;0;0;0;0;0;0;0;0;0;0;0 mg;0;0;0;0;0;0;0;0;0;0;0;0;0
1355;Milo cair (coklat);PT. Nestle Indonesia;1;190 ml;120 kkal;0;0;17 g;0;3 g;4 g;0;0;0;0;0;0;0;0;15 g;0;0;0;0;0;0;0;0;0;0;0;0;0;0;0;0;0;0;0;0;0;0 mg;0;0;0;0;0;0;0;0;0;0;0;0;0
1384;MILO cereal;PT. Nestle Indonesia;1;30 g;110 kkal;0;0;23 g;0;2 g;1 g;0;0;0;0;0;2 g;0;0;9 g;0;0;0;0;0;0;0;0;0;0;0;0;0;0;0;0;0;0;0;0;0;0 mg;0;0;0;0;0;0;0;0;0;0;0;0;0
4373;Milo Cereal Bar Cokelat;PT. Nestle Indonesia;1;24 gram;100 kkal;0;0;16 g;0;2 g;2.50 g;0;0;0;0;0;1 g;0;0;5 g;0;0;0;0;0;0;0;0;0;0;0;0;0;0;0;0;0;0;0;0;0;40 mg;0;0;0;0;0;0;0;0;0;0;0;0;0
4584;Milo Sereal Cup;PT. Nestle Indonesia;1;32 gram;80 kkal;0;0;17 g;0;2 g;0.50 g;0;0;0;0;0;1 g;0;0;5 g;0;0;0;0;0;0;0;0;0;0;0;0;0;0;0;0;0;0;0;0;0;30 mg;0;0;0;0;0;0;0;0;0;0;0;0;0
1465;Nescafe black;PT. Nestle Indonesia;1;200 ml;60 kkal;0;0;15 g;0;0 g;0 g;0;0;0;0;0;0;0;0;12 g;0;0;0;0;0;0;0;0;0;0;0;0;0;0;0;0;0;0;0;0;0;0 mg;0;0;0;0;0;0;0;0;0;0;0;0;0
4546;Nescafe Caramel Macchiato;PT. Nestle Indonesia;1;220 ml;110 kkal;0;0;20 g;0;3 g;3 g;0;0;0;0;0;0;0;0;16 g;0;0;0;0;0;0;0;0;0;0;0;0;0;0;0;0;0;0;0;0;0;115 mg;0;0;0;0;0;0;0;0;0;0;0;0;0
1468;Nescafe latte;PT. Nestle Indonesia;1;240 ml;130 kkal;0;0;22 g;0;4 g;3.50 g;0;0;0;0;0;0;0;0;18 g;0;0;0;0;0;0;0;0;0;0;0;0;0;0;0;0;0;0;0;0;0;0 mg;0;0;0;0;0;0;0;0;0;0;0;0;0
1516;Nescafe original 3 in 1;PT. Nestle Indonesia;1;17.50 g;80 kkal;0;0;15 g;0;1 g;2 g;0;0;0;0;0;0;0;0;11 g;0;0;0;0;0;0;0;0;0;0;0;0;0;0;0;0;0;0;0;0;0;0 mg;0;0;0;0;0;0;0;0;0;0;0;0;0
1357;Nestle air minum;PT. Nestle Indonesia;1;600 ml;0 kkal;0;0;0 g;0;0 g;0 g;0;0;0;0;0;0;0;0;0;0;0;0;0;0;0;0;0;0;0;0;0;0;0;0;0;0;0;0;0;0;0 mg;0;0;0;0;0;0;0;0;0;0;0;0;0
1421;Nestle Carnation (kental manis);PT. Nestle Indonesia;1;29 g;100 kkal;0;0;17 g;0;1 g;3 g;0;0;0;0;0;0;0;0;16 g;0;0;0;0;0;0;0;0;0;0;0;0;0;0;0;0;0;0;0;0;0;0 mg;0;0;0;0;0;0;0;0;0;0;0;0;0
4928;Nestle Coffee Mate 100g;PT. Nestle Indonesia;1;5 gram;25 kkal;0;0;3 g;0;0 g;1.50 g;0;0;0;0;0;0;0;0;0 g;0;0;0;0;0;0;0;0;0;0;0;0;0;0;0;0;0;0;0;0;0;15 mg;0;0;0;0;0;0;0;0;0;0;0;0;0
1259;Nestle corn flakes;PT. Nestle Indonesia;1;30 g;110 kkal;0;0;24 g;0;2 g;0.50 g;0;0;0;0;0;0;0;0;0;0;0;0;0;0;0;0;0;0;0;0;0;0;0;0;0;0;0;0;0;0;0 mg;0;0;0;0;0;0;0;0;0;0;0;0;0
3727;Nestle Dancow Imunutri 1;PT. Nestle Indonesia;1;100 g;160 kkal;0;0;20 g;0;5 g;6 g;0;0;0;0;0;0;0;0;15 g;0;0;0;0;0;0;0;0;0;0;0;0;0;0;0;0;0;0;0;0;0;95 mg;0;0;0;0;0;0;0;0;0;0;0;0;0
4732;Nestle Goodnes Kurma Ajwa Madinah;PT. Nestle Indonesia;1;189 ml;140 kkal;0;0;22 g;0;4 g;4 g;0;0;0;0;0;0;0;0;20 g;0;0;0;0;0;0;0;0;0;0;0;0;0;0;0;0;0;0;0;0;0;190 mg;0;0;0;0;0;0;0;0;0;0;0;0;0
2649;nestle honey star sereal;PT. Nestle Indonesia;1;100 g;110 kkal;0;0;25 g;0;1 g;1 g;0;0;0;0;0;0;0;0;0;0;0;0;0;0;0;0;0;0;0;0;0;0;0;0;0;0;0;0;0;0;10 mg;0;0;0;0;0;0;0;0;0;0;0;0;0
4802;Nestle Honey Stars 150g;PT. Nestle Indonesia;1;30 gram;110 kkal;0;0;24 g;0;2 g;1 g;0;0;0;0;0;2 g;0;0;8 g;0;0;0;0;0;0;0;0;0;0;0;0;0;0;0;0;0;0;0;0;0;35 mg;0;0;0;0;0;0;0;0;0;0;0;0;0
4801;Nestle Koko Krunch Duo 150g;PT. Nestle Indonesia;1;30 gram;120 kkal;0;0;25 g;0;3 g;1 g;0;0;0;0;0;1 g;0;0;8 g;0;0;0;0;0;0;0;0;0;0;0;0;0;0;0;0;0;0;0;0;0;45 mg;0;0;0;0;0;0;0;0;0;0;0;0;0
2015;Nestle Milo 3in1 Activ-Go (Malt);PT. Nestle Indonesia;1;35 g;140 kkal;0;0;25 g;0;4 g;3 g;0;0;0;0;0;1 g;0;0;0;0;0;0;0 mcg;0;0;0;0;0;0;0;0;0;0;0;0;0;0;0;0;0;80 mg;0;0;0;0;0;0;0;0;0;0;0;0;0
4803;Nestle Milo Balls 150g;PT. Nestle Indonesia;1;30 gram;120 kkal;0;0;25 g;0;2 g;1 g;0;0;0;0;0;2 g;0;0;7 g;0;0;0;0;0;0;0;0;0;0;0;0;0;0;0;0;0;0;0;0;0;45 mg;0;0;0;0;0;0;0;0;0;0;0;0;0
4800;Nestle Milo Stay Active 150g;PT. Nestle Indonesia;1;30 gram;120 kkal;0;0;25 g;0;2 g;1 g;0;0;0;0;0;2 g;0;0;7 g;0;0;0;0;0;0;0;0;0;0;0;0;0;0;0;0;0;0;0;0;0;45 mg;0;0;0;0;0;0;0;0;0;0;0;0;0
1653;Nestle nestum;PT. Nestle Indonesia;1;32 g;130 kkal;0;0;27 g;0;3 g;1.50 g;0;0;0;0;0;1 g;0;0;9 g;0;0;0;0;0;0;0;0;0;0;0;0;0;0;0;0;0;0;0;0;0;0 mg;0;0;0;0;0;0;0;0;0;0;0;0;0
4798;Nestle Trix Cereal 150g;PT. Nestle Indonesia;1;30 gram;120 kkal;0;0;25 g;0;2 g;1 g;0;0;0;0;0;1 g;0;0;8 g;0;0;0;0;0;0;0;0;0;0;0;0;0;0;0;0;0;0;0;0;0;25 mg;0;0;0;0;0;0;0;0;0;0;0;0;0
4601;Nestle Trix Sereal 30g;PT. Nestle Indonesia;1;20 gram;80 kkal;0;0;17 g;0;1 g;0.50 g;0;0;0;0;0;1 g;0;0;5 g;0;0;0;0;0;0;0;0;0;0;0;0;0;0;0;0;0;0;0;0;0;20 mg;0;0;0;0;0;0;0;0;0;0;0;0;0
1730;Susu Bear brand gold malt putih;PT. Nestle Indonesia;1;140 ml;120 kkal;0;0;19 g;0;4 g;1.50 g;0;0;0;0;0;0;0;0;0;0;0;0;0;0;0;0;0;0;0;0;0;0;0;0;0;0;0;0;0;0;0 mg;0;0;0;0;0;0;0;0;0;0;0;0;0
1731;Susu Bear brand gold teh putih;PT. Nestle Indonesia;1;140 ml;70 kkal;0;0;10 g;0;4 g;2 g;0;0;0;0;0;0;0;0;0;0;0;0;0;0;0;0;0;0;0;0;0;0;0;0;0;0;0;0;0;0;0 mg;0;0;0;0;0;0;0;0;0;0;0;0;0
2859;Susu bubuk dancow fullcream;PT. Nestle Indonesia;1;100 g;120 kkal;0;0;13 g;0;5 g;6 g;0;0;0;0;0;0 g;0;0;0;0;0;0;0;0;0;0;0;0;0;0;0;0;0;0;0;0;0;0;0;0;90 mg;0;0;0;0;0;0;0;0;0;0;0;0;0
4645;Chocolatos Smooth Matcha;PT. Netania Kasih Karunia;1;20 gram;90 kkal;0;0;16 g;0;0 g;2.50 g;0;0;0;0;0;2 g;0;0;10 g;0;0;0;0;0;0;0;0;0;0;0;0;0;0;0;0;0;0;0;0;0;95 mg;0;0;0;0;0;0;0;0;0;0;0;0;0
3614;Roti Tawar Gandum Sari Roti;PT. Nippon Indosari Corpindo Tbk;1;100 g;190 kkal;0;0;32 g;0;6 g;3.50 g;0;0;0;0;0;6 g;0;0;2 g;0;0;0;0;0;0;0;0;0;0;0;0;0;0;0;0;0;0;0;0;0;290 mg;0;0;0;0;0;0;0;0;0;0;0;0;0
2809;Sari Roti Cokelat Keju;PT. Nippon Indosari Corpindo Tbk;1;100 g;230 kkal;0;0;32 g;0;6 g;9 g;0;0;0;0;0;2 g;0;0;6 g;0;0;0;0;0;0;0;0;0;0;0;0;0;0;0;0;0;0;0;0;0;220 mg;0;0;0;0;0;0;0;0;0;0;0;0;0
2491;Sari Roti Milky Soft;PT. Nippon Indosari corporindo Tbk;1;43 g;120 kkal;0;0;20 g;0;3 g;2.50 g;0;0;0;0;0;3 g;0;0;2 g;0;0;0;0;0;0;0;0;0;0;0;0;0;0;0;0;0;0;0;0;0;140 mg;0;0;0;0;0;0;0;0;0;0;0;0;0
2426;Sariroti isi krim keju;PT. Nippon Indosari corporindo Tbk;1;66 g;220 kkal;0;0;32 g;0;5 g;9 g;0;0;0;0;0;0;0;0;16 g;0;0;0;0;0;0;0;0;0;0;0;0;0;0;0;0;0;0;0;0;0;220 mg;0;0;0;0;0;0;0;0;0;0;0;0;0
1703;Sariroti roti isi cokelat;PT. Nippon Indosari corporindo Tbk;1;66 g;240 kkal;0;0;36 g;0;5 g;8 g;0;0;0;0;0;2 g;0;0;8 g;0;0;0;0;0;0;0;0;0;0;0;0;0;0;0;0;0;0;0;0;0;0 mg;0;0;0;0;0;0;0;0;0;0;0;0;0
1700;Sariroti roti isi cokelat keju;PT. Nippon Indosari corporindo Tbk;1;69 g;230 kkal;0;0;32 g;0;6 g;9 g;0;0;0;0;0;2 g;0;0;6 g;0;0;0;0;0;0;0;0;0;0;0;0;0;0;0;0;0;0;0;0;0;220 mg;0;0;0;0;0;0;0;0;0;0;0;0;0
1704;Sariroti roti krim cokelat;PT. Nippon Indosari corporindo Tbk;1;60 g;220 kkal;0;0;52 g;0;4 g;8 g;0;0;0;0;0;2 g;0;0;10 g;0;0;0;0;0;0;0;0;0;0;0;0;0;0;0;0;0;0;0;0;0;230 mg;0;0;0;0;0;0;0;0;0;0;0;0;0
1701;Sariroti roti krim keju;PT. Nippon Indosari corporindo Tbk;1;60 g;210 kkal;0;0;30 g;0;5 g;7 g;0;0;0;0;0;1 g;0;0;7 g;0;0;0;0;0;0;0;0;0;0;0;0;0;0;0;0;0;0;0;0;0;220 mg;0;0;0;0;0;0;0;0;0;0;0;0;0
1223;Sariroti Roti tawar;PT. Nippon Indosari corporindo Tbk;1;74 g;200 kkal;0;0;37 g;0;7 g;3 g;0;0;0;0;0;1 g;0;0;2 g;0;0;0;0;0;0;0;0;0;0;0;0;0;0;0;0;0;0;0;0;0;280 mg;0;0;0;0;0;0;0;0;0;0;0;0;0
1699;Sariroti roti tawar double soft;PT. Nippon Indosari corporindo Tbk;1;45 g;140 kkal;0;0;23 g;0;4 g;3 g;0;0;0;0;0;3 g;0;0;1 g;0;0;0;0;0;0;0;0;0;0;0;0;0;0;0;0;0;0;0;0;0;105 mg;0;0;0;0;0;0;0;0;0;0;0;0;0
1702;Sariroti roti tawar gandum;PT. Nippon Indosari corporindo Tbk;1;70 g;190 kkal;0;0;32 g;0;6 g;3.50 g;0;0;0;0;0;6 g;0;0;2 g;0;0;0;0;0;0;0;0;0;0;0;0;0;0;0;0;0;0;0;0;0;290 mg;0;0;0;0;0;0;0;0;0;0;0;0;0
1228;Sariroti roti tawar kupas;PT. Nippon Indosari corporindo Tbk;1;40 g;110 kkal;0;0;19 g;0;3 g;2 g;0;0;0;0;0;1 g;0;0;1 g;0;0;0;0;0;0;0;0;0;0;0;0;0;0;0;0;0;0;0;0;0;170 mg;0;0;0;0;0;0;0;0;0;0;0;0;0
1224;Sariroti sandwich coklat;PT. Nippon Indosari corporindo Tbk;1;42 g;150 kkal;0;0;21 g;0;3 g;6 g;0;0;0;0;0;2 g;0;0;4 g;0;0;0;0;0;0;0;0;0;0;0;0;0;0;0;0;0;0;0;0;0;125 mg;0;0;0;0;0;0;0;0;0;0;0;0;0
1226;Sariroti Sandwich kacang;PT. Nippon Indosari corporindo Tbk;1;42 g;140 kkal;0;0;18 g;0;5 g;6 g;0;0;0;0;0;2 g;0;0;2 g;0;0;0;0;0;0;0;0;0;0;0;0;0;0;0;0;0;0;0;0;0;135 mg;0;0;0;0;0;0;0;0;0;0;0;0;0
1225;Sariroti Sandwich krim keju;PT. Nippon Indosari corporindo Tbk;1;42 g;130 kkal;0;0;17 g;0;3 g;6 g;0;0;0;0;0;1 g;0;0;3 g;0;0;0;0;0;0;0;0;0;0;0;0;0;0;0;0;0;0;0;0;0;260 mg;0;0;0;0;0;0;0;0;0;0;0;0;0
1227;Sariroti Sandwich pandan sarikaya;PT. Nippon Indosari corporindo Tbk;1;40 g;110 kkal;0;0;19 g;0;2 g;2.50 g;0;0;0;0;0;1 g;0;0;4 g;0;0;0;0;0;0;0;0;0;0;0;0;0;0;0;0;0;0;0;0;0;180 mg;0;0;0;0;0;0;0;0;0;0;0;0;0
3778;Mini Jelly with nata de coco;PT. Niramas Utama;1;100 g;60 kkal;0;0;16 g;0;0 g;0 g;0;0;0;0;0;0 g;0;0;15 g;0;0;0;0;0;0;0;0;0;0;0;0;0;0;0;0;0;0;0;0;0;45 mg;0;0;0;0;0;0;0;0;0;0;0;0;0
1575;Coklat Ritter Sport Whole Almonds;PT. Nirwana Lestari;1;25 g;140 kkal;0;0;13 g;0;3 g;9 g;0;0;0;0;0;0;0;0;9 g;0;0;0;0;0;0;0;0;0;0;0;0;0;0;0;0;0;0;0;0;0;0 mg;0;0;0;0;0;0;0;0;0;0;0;0;0
1577;Coklat Toblerone;PT. Nirwana Lestari;1;25 g;130 kkal;0;0;15 g;0;1 g;7 g;0;0;0;0;0;0;0;0;15 g;0;0;0;0;0;0;0;0;0;0;0;0;0;0;0;0;0;0;0;0;0;0 mg;0;0;0;0;0;0;0;0;0;0;0;0;0
2131;Pringles potato crisps 25 g;PT. Nirwana Lestari;1;25 g;130 kkal;0;0;16 g;0;1 g;6 g;0;0;0;0;0;0;0;0;0;0;0;0;0;0;0;0;0;0;0;0;0;0;0;0;0;0;0;0;0;0;125 mg;0;0;0;0;0;0;0;0;0;0;0;0;0
1167;Butter cookies Monde;PT. nissin biscuit indonesia;1;30 g;160 kkal;0;0;20 g;0;2 g;8 g;0;0;0;0;0;0;0;0;7 g;0;0;0;0;0;0;0;0;0;0;0;0;0;0;0;0;0;0;0;0;0;0 mg;0;0;0;0;0;0;0;0;0;0;0;0;0
2823;Good time mini;PT. nissin biscuit indonesia;1;30.00 g;100 kkal;0;0;13 g;0;1 g;4.50 g;0;0;0;0;0;0;0;0;0;0;0;0;0;0;0;0;0;0;0;0;0;0;0;0;0;0;0;0;0;0;90 mg;0;0;0;0;0;0;0;0;0;0;0;0;0
2772;Monde Snack Gold;PT. nissin biscuit indonesia;1;100 g;90 kkal;0;0;16 g;0;2 g;2.50 g;0;0;0;0;0;0;0;0;3 g;0;0;0;0;0;0;0;0;0;0;0;0;0;0;0;0;0;0;0;0;0;35 mg;0;0;0;0;0;0;0;0;0;0;0;0;0
1567;Nissin crispy crackers;PT. nissin biscuit indonesia;1;30 g;150 kkal;0;0;21 g;0;2 g;6 g;0;0;0;0;0;0;0;0;3 g;0;0;0;0;0;0;0;0;0;0;0;0;0;0;0;0;0;0;0;0;0;0 mg;0;0;0;0;0;0;0;0;0;0;0;0;0
1603;Nissin Kukis Sagu Keju;PT. nissin biscuit indonesia;1;30 g;150 kkal;0;0;21 g;0;1 g;6 g;0;0;0;0;0;0;0;0;6 g;0;0;0;0;0;0;0;0;0;0;0;0;0;0;0;0;0;0;0;0;0;90 mg;0;0;0;0;0;0;0;0;0;0;0;0;0
2880;Nissin Malkist Coklat;PT. nissin biscuit indonesia;1;100 g;150 kkal;0;0;19 g;0;1 g;7 g;0;0;0;0;0;0;0;0;0;0;0;0;0;0;0;0;0;0;0;0;0;0;0;0;0;0;0;0;0;0;110 mg;0;0;0;0;0;0;0;0;0;0;0;0;0
2364;Nissin Vegetable Crackers;PT. nissin biscuit indonesia;1;30 g;130 kkal;0;0;22 g;0;3 g;3 g;0;0;0;0;0;0;0;0;0;0;0;0;0;0;0;0;0;0;0;0;0;0;0;0;0;0;0;0;0;0;190 mg;0;0;0;0;0;0;0;0;0;0;0;0;0
4489;Walens Cheese Soes;PT. nissin biscuit indonesia;1;15 gram;80 kkal;0;0;8 g;0;1 g;5 g;0;0;0;0;0;0;0;0;6 g;0;0;0;0;0;0;0;0;0;0;0;0;0;0;0;0;0;0;0;0;0;95 mg;0;0;0;0;0;0;0;0;0;0;0;0;0
1403;Walens choco soes;PT. nissin biscuit indonesia;1;25 g;140 kkal;0;0;14 g;0;2 g;8 g;0;0;0;0;0;0;0;0;0;0;0;0;0;0;0;0;0;0;0;0;0;0;0;0;0;0;0;0;0;0;0 mg;0;0;0;0;0;0;0;0;0;0;0;0;0
1159;Gekikara ramen 109 gram;PT. nissin food indonesia;1;109 g;500 kkal;0;0;74 g;0;9 g;18 g;0;0;0;0;0;6 g;0;0;4 g;0;0;0;0;0;0;0;0;0;0;0;0;0;0;0;0;0;0;0;0;0;1200 mg;0;0;0;0;0;0;0;0;0;0;0;0;0
4476;Fried Ramen UFO Rasa Kari Pedas;PT. NISSIN FOODS INDONESIA;1;88 gram;400 kkal;0;0;54 g;0;8 g;17 g;0;0;0;0;0;3 g;0;0;5 g;0;0;0;0;0;0;0;0;0;0;0;0;0;0;0;0;0;0;0;0;0;1430 mg;0;0;0;0;0;0;0;0;0;0;0;0;0
4509;Gekikara Mie Instan Goreng Hot Chicken Flavour (Rasa Ayam Pedas);PT. NISSIN FOODS INDONESIA;1;59 gram;265 kkal;0;0;39 g;0;5 g;9 g;0;0;0;0;0;2 g;0;0;3 g;0;0;0;0;0;0;0;0;0;0;0;0;0;0;0;0;0;0;0;0;0;1050 mg;0;0;0;0;0;0;0;0;0;0;0;0;0
4508;Gekikara Mie Instan Goreng Rasa Carbonara Pedas;PT. NISSIN FOODS INDONESIA;1;60 gram;270 kkal;0;0;42 g;0;5 g;9 g;0;0;0;0;0;3 g;0;0;3 g;0;0;0;0;0;0;0;0;0;0;0;0;0;0;0;0;0;0;0;0;0;1070 mg;0;0;0;0;0;0;0;0;0;0;0;0;0
4507;Gekikara Mie Instan Hot Spicy Flavour;PT. NISSIN FOODS INDONESIA;1;54 gram;230 kkal;0;0;35 g;0;4 g;8 g;0;0;0;0;0;0;0;0;1 g;0;0;0;0;0;0;0;0;0;0;0;0;0;0;0;0;0;0;0;0;0;910 mg;0;0;0;0;0;0;0;0;0;0;0;0;0
4363;Indomaret Mi Goreng Cup ala Indonesia;PT. NISSIN FOODS INDONESIA;1;88 gram;420 kkal;0;0;53 g;0;7 g;20 g;0;0;0;0;0;3 g;0;0;7 g;0;0;0;0;0;0;0;0;0;0;0;0;0;0;0;0;0;0;0;0;0;1140 mg;0;0;0;0;0;0;0;0;0;0;0;0;0
4362;Indomaret Mi Goreng Pedas Cup;PT. NISSIN FOODS INDONESIA;1;92 gram;420 kkal;0;0;57 g;0;8 g;18 g;0;0;0;0;0;4 g;0;0;8 g;0;0;0;0;0;0;0;0;0;0;0;0;0;0;0;0;0;0;0;0;0;1110 mg;0;0;0;0;0;0;0;0;0;0;0;0;0
4364;Indomaret Mi Instan Hot Chicken ala Jepang;PT. NISSIN FOODS INDONESIA;1;90 gram;390 kkal;0;0;55 g;0;8 g;15 g;0;0;0;0;0;3 g;0;0;5 g;0;0;0;0;0;0;0;0;0;0;0;0;0;0;0;0;0;0;0;0;0;1490 mg;0;0;0;0;0;0;0;0;0;0;0;0;0
4942;Irvins Salted Egg Flavour;PT. NISSIN FOODS INDONESIA;1;59 gram;290 kkal;0;0;37 g;0;3 g;15 g;0;0;0;0;0;3 g;0;0;4 g;0;0;0;0;0;0;0;0;0;0;0;0;0;0;0;0;0;0;0;0;0;670 mg;0;0;0;0;0;0;0;0;0;0;0;0;0
4366;Mi Goreng (Fried Ramen) U.F.O Rasa Saus Jepang;PT. NISSIN FOODS INDONESIA;1;83 gram;410 kkal;0;0;55 g;0;8 g;17 g;0;0;0;0;0;2 g;0;0;5 g;0;0;0;0;0;0;0;0;0;0;0;0;0;0;0;0;0;0;0;0;0;1300 mg;0;0;0;0;0;0;0;0;0;0;0;0;0
4365;Mi Goreng U.F.O Rasa Kari Pedas;PT. NISSIN FOODS INDONESIA;1;88 gram;400 kkal;0;0;54 g;0;8 g;17 g;0;0;0;0;0;3 g;0;0;5 g;0;0;0;0;0;0;0;0;0;0;0;0;0;0;0;0;0;0;0;0;0;1430 mg;0;0;0;0;0;0;0;0;0;0;0;0;0
4504;Nissin Cup Noodles Rasa Kaldu Sapi ala Jepang;PT. NISSIN FOODS INDONESIA;1;66 gram;310 kkal;0;0;41 g;0;7 g;13 g;0;0;0;0;0;3 g;0;0;3 g;0;0;0;0;0;0;0;0;0;0;0;0;0;0;0;0;0;0;0;0;0;1480 mg;0;0;0;0;0;0;0;0;0;0;0;0;0
2534;Nissin Gekikara Ramen rasa Ayam Pedas;PT. NISSIN FOODS INDONESIA;1;80 g;360 kkal;0;0;52 g;0;7 g;14 g;0;0;0;0;0;0;0;0;0;0;0;0;0;0;0;0;0;0;0;0;0;0;0;0;0;0;0;0;0;0;1030 mg;0;0;0;0;0;0;0;0;0;0;0;0;0
2532;Nissin Gekikara Ramen Rasa Carbonara Pedas;PT. NISSIN FOODS INDONESIA;1;81 g;350 kkal;0;0;53 g;0;7 g;12 g;0;0;0;0;0;0;0;0;0;0;0;0;0;0;0;0;0;0;0;0;0;0;0;0;0;0;0;0;0;0;1170 mg;0;0;0;0;0;0;0;0;0;0;0;0;0
3903;Nissin Irvins Spicy Salted Egg;PT. NISSIN FOODS INDONESIA;1;58.50 gram;300 kkal;0;0;36 g;0;4 g;15 g;0;0;0;0;0;3 g;0;0;4 g;0;0;0;0;0;0;0;0;0;0;0;0;0;0;0;0;0;0;0;0;0;950 mg;0;0;0;0;0;0;0;0;0;0;0;0;0
4688;Nissin Ramen Yakisoba Rasa Takoyaki;PT. NISSIN FOODS INDONESIA;1;104 gram;470 kkal;0;0;68 g;0;10 g;18 g;0;0;0;0;0;3 g;0;0;4 g;0;0;0;0;0;0;0;0;0;0;0;0;0;0;0;0;0;0;0;0;0;910 mg;0;0;0;0;0;0;0;0;0;0;0;0;0
4579;Nissin Vegetable Crackers 160g;PT. NISSIN FOODS INDONESIA;1;30 gram;150 kkal;0;0;19 g;0;3 g;7 g;0;0;0;0;0;0;0;0;1 g;0;0;0;0;0;0;0;0;0;0;0;0;0;0;0;0;0;0;0;0;0;120 mg;0;0;0;0;0;0;0;0;0;0;0;0;0
4883;Nissin Wafers 175g;PT. NISSIN FOODS INDONESIA;1;29 gram;140 kkal;0;0;20 g;0;2 g;6 g;0;0;0;0;0;2 g;0;0;8 g;0;0;0;0;0;0;0;0;0;0;0;0;0;0;0;0;0;0;0;0;0;70 mg;0;0;0;0;0;0;0;0;0;0;0;0;0
4884;Nissin Wafers 233g;PT. NISSIN FOODS INDONESIA;1;25 gram;130 kkal;0;0;16 g;0;2 g;6 g;0;0;0;0;0;2 g;0;0;6 g;0;0;0;0;0;0;0;0;0;0;0;0;0;0;0;0;0;0;0;0;0;55 mg;0;0;0;0;0;0;0;0;0;0;0;0;0
2521;Bumbu Racik Ikan Goreng;PT. Nugraha Indah Citarasa Indonesia;1;4 g;10 kkal;0;0;1 g;0;0 g;0 g;0;0;0;0;0;0;0;0;0;0;0;0;0;0;0;0;0;0;0;0;0;0;0;0;0;0;0;0;0;0;1010 mg;0;0;0;0;0;0;0;0;0;0;0;0;0
2979;Bumbu Racik Sayur Asem;PT. Nugraha Indah Citarasa Indonesia;1;100 g;25 kkal;0;0;6 g;0;0 g;0 g;0;0;0;0;0;0 g;0;0;4 g;0;0;0;0;0;0;0;0;0;0;0;0;0;0;0;0;0;0;0;0;0;560 mg;0;0;0;0;0;0;0;0;0;0;0;0;0
4525;Racik Bumbu Spesial Gulai;PT. Nugraha Indah Citarasa Indonesia;1;9 gram;30 kkal;0;0;5 g;0;1 g;0.50 g;0;0;0;0;0;0 g;0;0;1 g;0;0;0;0;0;0;0;0;0;0;0;0;0;0;0;0;0;0;0;0;0;540 mg;0;0;0;0;0;0;0;0;0;0;0;0;0
4527;Racik Bumbu Spesial Kare;PT. Nugraha Indah Citarasa Indonesia;1;9 gram;30 kkal;0;0;3 g;0;1 g;1.50 g;0;0;0;0;0;1 g;0;0;1 g;0;0;0;0;0;0;0;0;0;0;0;0;0;0;0;0;0;0;0;0;0;750 mg;0;0;0;0;0;0;0;0;0;0;0;0;0
4526;Racik Bumbu Spesial Opor Ayam;PT. Nugraha Indah Citarasa Indonesia;1;9 gram;30 kkal;0;0;2 g;0;1 g;2 g;0;0;0;0;0;0 g;0;0;1 g;0;0;0;0;0;0;0;0;0;0;0;0;0;0;0;0;0;0;0;0;0;380 mg;0;0;0;0;0;0;0;0;0;0;0;0;0
4626;Racik Bumbu Tumis;PT. Nugraha Indah Citarasa Indonesia;1;5 gram;15 kkal;0;0;3 g;0;1 g;0 g;0;0;0;0;0;0;0;0;1 g;0;0;0;0;0;0;0;0;0;0;0;0;0;0;0;0;0;0;0;0;0;540 mg;0;0;0;0;0;0;0;0;0;0;0;0;0
4514;Racik Sayur Sop;PT. Nugraha Indah Citarasa Indonesia;1;5 gram;10 kkal;0;0;1 g;0;1 g;0 g;0;0;0;0;0;0 g;0;0;1 g;0;0;0;0;0;0;0;0;0;0;0;0;0;0;0;0;0;0;0;0;0;920 mg;0;0;0;0;0;0;0;0;0;0;0;0;0
2980;Bumbu Racik Sayur Asem;PT. Nugraha Indah Citarasa Indonesiia;1;100 g;25 kkal;0;0;6 g;0;1 g;0 g;0;0;0;0;0;0;0;0;4 g;0;0;0;0;0;0;0;0;0;0;0;0;0;0;0;0;0;0;0;0;0;560 mg;0;0;0;0;0;0;0;0;0;0;0;0;0
2492;bebelac gold;pt. nutricia indonesia sejahtera;1;38 g;170 kkal;0;0;24 g;0;6 g;6 g;0;0;0;0;0;2 g;0;0;17 g;0;0;0;0;0;0;0;0;0;0;0;0;0;0;0;0;0;0;320 mg;0;0;75 mg;0;0;0;0;0;0;0;0;0;0;0;0;0
2637;Heavenly Blush Tumm Yogurt;PT. Nutrifood Indonesia;1;100 g;90 kkal;0;0;1.50 g;0;2 g;2.50 g;0;0;0;0;0;4 g;0;0;5 g;0;0;0;0;0;0;0;0;0;0;0;0;0;0;0;0;0;0;29 mg;0;0;0 mg;80 mg;0;0;0;0;0;0;0;0;0;0;0;0
2645;Heavenly Blush Tumm Yogurt;PT. Nutrifood Indonesia;1;100 g;90 kkal;0;0;1.50 g;0;2 g;2.50 g;0;0;0;0;0;4 g;0;0;5 g;0;0;0;0;0;0;0;0;0;0;0;0;0;0;0;0;0;0;29 mg;0;0;0 mg;80 mg;0;0;0;0;0;0;0;0;0;0;0;0
4735;HiLo Calcium Thai Tea;PT. Nutrifood Indonesia;1;15 gram;70 kkal;0;0;12 g;0;0 g;2 g;0;0;0;0;0;0;0;0;11 g;0;0;0;0;0;0;0;0;0;0;0;0;0;0;0;0;0;0;0;0;0;35 mg;0;0;0;0;0;0;0;0;0;0;0;0;0
2477;HILO PLATINUM Swiss Chocolate Flavour;PT. Nutrifood Indonesia;1;35 g;130 kkal;0;0;21 g;0;8 g;2 g;0;0;0;0;0;0;0;0;0;0;0;0;0;0;0;0;0;0;0;0;0;0;0;0;0;0;0;0;0;0;150 mg;0;0;0;0;0;0;0;0;0;0;0;0;0
3350;Hilo School Chocolate Candy;PT. Nutrifood Indonesia;1;100 g;30 kkal;0;0;6 g;0;1 g;0 g;0;0;0;0;0;0;0;0;5 g;0;0;0;0;0;0;0;0;0;0;0;0;0;0;0;0;0;0;47 mg;0;0;5 mg;0;0;0;0;0;0;0;0;0;0;0;0;0
4930;Lokalate Avocado Latte;PT. Nutrifood Indonesia;1;15 gram;70 kkal;0;0;11 g;0;1 g;2 g;0;0;0;0;0;0;0;0;7 g;0;0;0;0;0;0;0;0;0;0;0;0;0;0;0;0;0;0;0;0;0;30 mg;0;0;0;0;0;0;0;0;0;0;0;0;0
4929;Lokalate Kopi Aren Latte;PT. Nutrifood Indonesia;1;15 gram;70 kkal;0;0;11 g;0;1 g;2.50 g;0;0;0;0;0;0;0;0;6 g;0;0;0;0;0;0;0;0;0;0;0;0;0;0;0;0;0;0;0;0;0;60 mg;0;0;0;0;0;0;0;0;0;0;0;0;0
4901;Lokalate Kopi Show-Berry 15g;PT. Nutrifood Indonesia;1;15 gram;70 kkal;0;0;11 g;0;1 g;2 g;0;0;0;0;0;0;0;0;6 g;0;0;0;0;0;0;0;0;0;0;0;0;0;0;0;0;0;0;0;0;0;35 mg;0;0;0;0;0;0;0;0;0;0;0;0;0
3283;Nutrisari Anggur;PT. Nutrifood Indonesia;1;100 g;45 kkal;0;0;11 g;0;0 g;0 g;0;0;0;0;0;0;0;0;9 g;0;0;0;200 mcg;0;0.12 mg;0;2.40 mg;0;0;0;0;0;0;90 mg;0;0;0;40 mg;0;0;15 mg;0;0;0;0;0;0;0;0;0;0;0;0;0
3222;Nutrisari Blewah;PT. Nutrifood Indonesia;1;100 g;45 kkal;0;0;11 g;0;0 g;0 g;0;0;0;0;0;0;0;0;9 g;0;0;0;0;0;0;0;0;0;0;0;0;0;0;0;0;0;0;0;0;0;20 mg;0;0;0;0;0;0;0;0;0;0;0;0;0
3341;Nutrisari Buah & Sayur;PT. Nutrifood Indonesia;1;100 g;45 kkal;0;0;11 g;0;0 g;0 g;0;0;0;0;0;0;0;0;9 g;0;0;0;200 mcg;0;0.10 mg;0;2 mg;0;0;0;0;0;0;90 mg;0;0;0;37 mg;16 mg;0;10 mg;0;0;0;0;0;0;0;0;0;0;0;0;0
3285;Nutrisari Es Cincau;PT. Nutrifood Indonesia;1;100 g;50 kkal;0;0;13 g;0;0 g;0 g;0;0;0;0;0;0;0;0;12 g;0;0;0;313 mcg;0;0.22 mg;0;2.50 mg;0;0;0;0;0;0;90 mg;0;0;0;36 mg;21 mg;0;15 mg;0;0;0;0;0;0;0;0;0;0;0;0;0
3348;Nutrisari Es Rujak;PT. Nutrifood Indonesia;1;100 g;50 kkal;0;0;12 g;0;0 g;0 g;0;0;0;0;0;0;0;0;10 g;0;0;0;208 mcg;0;0.11 mg;0;2.30 mg;0;0;0;0;0;0;90 mg;0;0;0;0;0;0;150 mg;0;0;0;0;0;0;0;0;0;0;0;0;0
1856;Nutrisari jeruk manis;PT. Nutrifood Indonesia;1;30 g;120 kkal;0;0;28 g;0;0 g;0 g;0;0;0;0;0;0;0;0;27 g;0;0;0;0;0;0;0;0;0;0;0;0;0;0;0;0;0;0;0;0;0;0 mg;0;0;0;0;0;0;0;0;0;0;0;0;0
3265;Nutrisari Jeruk Peras;PT. Nutrifood Indonesia;1;100 g;50 kkal;0;0;14 g;0;0 g;0 g;0;0;0;0;0;0;0;0;12 g;0;0;0;199 mcg;0;0.10 mg;0;2 mg;0;0;0;0;0;0;90 mg;0;0;0;46 mg;25 mg;0;35 mg;0;0;0;0;0;0;0;0;0;0;0;0;0
1861;Nutrisari jus jambu;PT. Nutrifood Indonesia;1;15 g;60 kkal;0;0;13 g;0;0 g;1.50 g;0;0;0;0;0;0;0;0;12 g;0;0;0;0;0;0;0;0;0;0;0;0;0;0;0;0;0;0;0;0;0;0 mg;0;0;0;0;0;0;0;0;0;0;0;0;0
3345;Nutrisari Kelapa Muda;PT. Nutrifood Indonesia;1;100 g;40 kkal;0;0;10 g;0;0 g;0 g;0;0;0;0;0;0;0;0;8 g;0;0;0;200 mcg;0;0.12 mg;0;2.40 mg;0;0;0;0;0;0;90 mg;0;0;0;0;0;0;190 mg;420 mg;0;0;0;0;0;0;0;0;0;0;0;0
3342;Nutrisari Leci;PT. Nutrifood Indonesia;1;100 g;45 kkal;0;0;11 g;0;0 g;0 g;0;0;0;0;0;0;0;0;9 g;0;0;0;62.10 mcg;0;0.10 mg;0;3 mg;0;0;0;0;0;0;90 mg;0;0;0;37 mg;17 mg;0;15 mg;0;0;0;0;0;0;0;0;0;0;0;0;0
3347;Nutrisari Madu Jeruk;PT. Nutrifood Indonesia;1;100 g;50 kkal;0;0;14 g;0;0 g;0 g;0;0;0;0;0;0;0;0;12 g;0;0;0;88.20 mcg;0;0.15 mg;0;2.30 mg;0;0;0;0;0;0;90 mg;0;0;0;63 mg;29 mg;0;45 mg;0;0;0;0;0;0;0;0;0;0;0;0;0
3344;Nutrisari Madu Kurma;PT. Nutrifood Indonesia;1;100 g;60 kkal;0;0;14 g;0;0 g;0 g;0;0;0;0;0;0;0;0;12 g;0;0;0;309 mcg;0;0.22 mg;0;3.10 mg;0;0;0;0;0;0;90 mg;0;0;0;0;0;0;25 mg;0;0;0;0;0;0;0;0;0;0;0;0;0
3343;Nutrisari Madu Lemon;PT. Nutrifood Indonesia;1;100 g;50 kkal;0;0;14 g;0;0 g;0 g;0;0;0;0;0;0;0;0;12 g;0;0;0;318 mcg;0;0.25 mg;0;3.20 mg;0;0;0;0;0;0;90 mg;0;0;0;45 mg;20 mg;0;20 mg;0;0;0;0;0;0;0;0;0;0;0;0;0
3338;Nutrisari Mangga Gandaria;PT. Nutrifood Indonesia;1;100 g;50 kkal;0;0;14 g;0;0 g;0 g;0;0;0;0;0;0;0;0;12 g;0;0;0;210 mcg;0;0.11 mg;0;2.50 mg;0;0;0;0;0;0;90 mg;0;0;0;51 mg;30 mg;0;15 mg;0;0;0;0;0;0;0;0;0;0;0;0;0
3281;Nutrisari Markisa;PT. Nutrifood Indonesia;1;100 g;50 kkal;0;0;14 g;0;0 g;0 g;0;0;0;0;0;0;0;0;11 g;0;0;0;269 mcg;0;0.14 mg;0;3.20 mg;0;0;0;0;0;0;90 mg;0;0;0;50 mg;0;0;50 mg;0;0;0;0;0;0;0;0;0;0;0;0;0
3264;Nutrisari Milky Orange;PT. Nutrifood Indonesia;1;100 g;40 kkal;0;0;10 g;0;0 g;0 g;0;0;0;0;0;0;0;0;8 g;0;0;0;90 mcg;0;0.21 mg;0;2.25 mg;0;0;0;0;0;0;90 mg;0;0;0;110 mg;0;0;60 mg;0;0;0;0;0;0;0;0;0;0;0;0;0
3337;Nutrisari Nanas;PT. Nutrifood Indonesia;1;100 g;50 kkal;0;0;13 g;0;0 g;0 g;0;0;0;0;0;0;0;0;11 g;0;0;0;324 mcg;0;0.24 mg;0;2.50 mg;0;0;0;0;0;0;90 mg;0;0;0;37 mg;21 mg;0;25 mg;0;0;0;0;0;0;0;0;0;0;0;0;0
3339;Nutrisari Semangka;PT. Nutrifood Indonesia;1;100 g;50 kkal;0;0;13 g;0;0 g;0 g;0;0;0;0;0;0;0;0;11 g;0;0;0;322 mcg;0;0.22 mg;0;2.40 mg;0;0;0;0;0;0;90 mg;0;0;0;89 mg;14 mg;0;5 mg;0;0;0;0;0;0;0;0;0;0;0;0;0
4904;Nutrisari W'dank Bandrek Jahe Merah;PT. Nutrifood Indonesia;1;15 gram;60 kkal;0;0;14 g;0;0 g;0.50 g;0;0;0;0;0;0;0;0;11 g;0;0;0;0;0;0;0;0;0;0;0;0;0;0;0;0;0;0;0;0;0;120 mg;0;0;0;0;0;0;0;0;0;0;0;0;0
4902;Nutrisari W'dank Coconut Latte Bajigur;PT. Nutrifood Indonesia;1;15 gram;70 kkal;0;0;10 g;0;0 g;4 g;0;0;0;0;0;0;0;0;7 g;0;0;0;0;0;0;0;0;0;0;0;0;0;0;0;0;0;0;0;0;0;200 mg;0;0;0;0;0;0;0;0;0;0;0;0;0
4903;Nutrisari W'dank Jahe Kayu Manis;PT. Nutrifood Indonesia;1;15 gram;60 kkal;0;0;14 g;0;0 g;0 g;0;0;0;0;0;0;0;0;12 g;0;0;0;0;0;0;0;0;0;0;0;0;0;0;0;0;0;0;0;0;0;105 mg;0;0;0;0;0;0;0;0;0;0;0;0;0
3282;Nutrisari Yuzu Orange;PT. Nutrifood Indonesia;1;100 g;45 kkal;0;0;10 g;0;0 g;0 g;0;0;0;0;0;0;0;0;9 g;0;0;0;200 mcg;0;0.10 mg;0;2 mg;0;0;0;0;0;0;90 mg;0;0;0;0;0;0;20 mg;0;0;0;0;0;0;0;0;0;0;0;0;0
1785;Sirup Tropicana sirup slim sirup orange;PT. Nutrifood Indonesia;1;25 ml;5 kkal;0;0;0 g;0;0 g;0 g;0;0;0;0;0;0;0;0;0;0;0;0;0;0;0;0;0;0;0;0;0;0;0;0;0;0;0;0;0;0;0 mg;0;0;0;0;0;0;0;0;0;0;0;0;0
1585;Susu tropicana slim high fiber milk vanilla;PT. Nutrifood Indonesia;1;40 g;150 kkal;0;0;25 g;0;10 g;1 g;0;0;0;0;0;6 g;0;0;12 g;0;0;0;0;0;0;0;0;0;0;0;0;0;0;0;0;0;0;0;0;0;0 mg;0;0;0;0;0;0;0;0;0;0;0;0;0
1588;Susu WRP loses weight coklat;PT. Nutrifood Indonesia;1;50 g;220 kkal;0;0;27 g;0;14 g;6 g;0;0;0;0;0;2 g;0;0;20 g;0;0;0;0;0;0;0;0;0;0;0;0;0;0;0;0;0;0;0;0;0;0 mg;0;0;0;0;0;0;0;0;0;0;0;0;0
4965;Tropicana Slim 7 Fruits Fiber Daily;PT. Nutrifood Indonesia;1;15 gram;45 kkal;0;0;13 g;0;1 g;0 g;0;0;0;0;0;7 g;0;0;1 g;0;0;0;90 mcg;0;0.21 mg;0;2.30 mg;0;0;0;0;0;0;90 mg;0;0;0;0;0;0;0 mg;0;0;0;0;0;0;0;0;0;0;0;0;0
4957;Tropicana Slim Almond Drink Banana Delight 190 mL;PT. Nutrifood Indonesia;1;190 ml;60 kkal;0;0;6 g;0;4 g;3 g;0;0;0;0;0;2 g;0;0;3 g;0;0;0;177.60 mcg;0;0.44 mg;0.50 mg;4.60 mg;0;0;0;0;0;0;29 mg;0;0;0;168 mg;0;0;100 mg;0;0;0;0;0;0;0;0;0;0;0;0;0
4966;Tropicana Slim Bali Artisan Sea Salt 300g;PT. Nutrifood Indonesia;1;1 gram;0 kkal;0;0;0 g;0;0 g;0 g;0;0;0;0;0;0;0;0;0;0;0;0;0;0;0;0;0;0;0;0;0;0;0;0;0;0;0;0;0;0;220 mg;180 mg;0;0;0;0;0;0;0;0;0;0;0;0
4972;Tropicana Slim Beras Porang Instan 40g;PT. Nutrifood Indonesia;1;40 gram;140 kkal;0;0;33 g;0;2 g;0 g;0;0;0;0;0;3 g;0;0;0 g;0;0;0;0;0;0;0;0;0;0;0;0;0;0;0;0;0;0;0;0;0;0 mg;0;0;0;0;0;0;0;0;0;0;0;0;0
4960;Tropicana Slim Cafe Latte 140g;PT. Nutrifood Indonesia;1;14 gram;60 kkal;0;0;11 g;0;1 g;2 g;0;0;0;0;0;0;0;0;4 g;0;0;0;0;0;0;0;0;0;0;0;0;0;0;0;0;0;0;0;0;0;30 mg;0;0;0;0;0;0;0;0;0;0;0;0;0
4978;Tropicana Slim Canola Oil 946 mL;PT. Nutrifood Indonesia;1;14 ml;120 kkal;0;0;0 g;0;0 g;13 g;0;0;0;0;0;0;0;0;0 g;0;0;0;0;0;0;0;0;0;0;0;0;0;0;0;0;0;0;0;0;0;0 mg;0;0;0;0;0;0;0;0;0;0;0;0;0
1808;Tropicana slim classic;PT. Nutrifood Indonesia;1;2.50 g;5 kkal;0;0;2 g;0;0 g;0 g;0;0;0;0;0;0;0;0;0 g;0;0;0;0;0;0;0;0;0;0;0;0;0;0;0;0;0;0;0;0;0;0 mg;0;0;0;0;0;0;0;0;0;0;0;0;0
4959;Tropicana Slim Collagen Shot 190 mL;PT. Nutrifood Indonesia;1;190 ml;60 kkal;0;0;13 g;0;0 g;0 g;0;0;0;0;0;6 g;0;0;5 g;0;0;0;90 mcg;0;0.21 mg;0;2.30 mg;0;0;0;0;0;0;90 mg;0;0;0;0;0;0;25 mg;0;0;0;0;0;0;0;0;0;0;0;0;0
4979;Tropicana Slim Corn Oil 946 mL;PT. Nutrifood Indonesia;1;10 gram;80 kkal;0;0;0 g;0;0 g;9 g;0;0;0;0;0;0;0;0;0 g;0;0;0;0;0;0;0;0;0;0;0;0;0;0;0;0;0;0;0;0;0;0 mg;0;0;0;0;0;0;0;0;0;0;0;0;0
4961;Tropicana Slim dengan Gula Aren Sweetener 100g;PT. Nutrifood Indonesia;1;2 gram;5 kkal;0;0;2 g;0;0 g;0 g;0;0;0;0;0;0;0;0;0 g;0;0;0;0;0;0;0;0;0;0;0;0;0;0;0;0;0;0;0;0;0;0 mg;0;0;0;0;0;0;0;0;0;0;0;0;0
4954;Tropicana Slim dengan Stevia 110g;PT. Nutrifood Indonesia;1;2 gram;0 kkal;0;0;2 g;0;0 g;0 g;0;0;0;0;0;0;0;0;0 g;0;0;0;0;0;0;0;0;0;0;0;0;0;0;0;0;0;0;0;0;0;0 mg;0;0;0;0;0;0;0;0;0;0;0;0;0
4977;Tropicana Slim Extra Virgin Olive Oil 500 mL;PT. Nutrifood Indonesia;1;10 gram;80 kkal;0;0;0 g;0;0 g;9 g;0;0;0;0;0;0;0;0;0 g;0;0;0;0;0;0;0;0;0;0;0;0;0;0;0;0;0;0;0;0;0;30 mg;0;0;0;0;0;0;0;0;0;0;0;0;0
4322;Tropicana Slim Gula Jawa;PT. Nutrifood Indonesia;1;20 ml;60 kkal;0;0;21 g;0;0 g;0 g;0;0;0;0;0;0;0;0;0 g;0;0;0;0;0;0;0;0;0;0;0;0;0;0;0;0;0;0;0;0;0;70 mg;0;0;0;0;0;0;0;0;0;0;0;0;0
4973;Tropicana Slim Hokkaido Cheese Cookies 100g;PT. Nutrifood Indonesia;1;20 gram;100 kkal;0;0;13 g;0;1 g;5 g;0;0;0;0;0;0;0;0;0 g;0;0;0;0;0;0;0;0;0;0;0;0;0;0;0;0;0;0;0;0;0;55 mg;0;0;0;0;0;0;0;0;0;0;0;0;0
4962;Tropicana Slim I Love Sweet Sweetener;PT. Nutrifood Indonesia;1;2 gram;0 kkal;0;0;1 g;0;0 g;0 g;0;0;0;0;0;0;0;0;0;0;0;0;0;0;0;0;0;0;0;0;0;0;0;0;0;0;0;0;0;0;0 mg;0;0;0;0;0;0;0;0;0;0;0;0;0
4974;Tropicana Slim Klepon Cookies 100g;PT. Nutrifood Indonesia;1;20 gram;100 kkal;0;0;13 g;0;1 g;5 g;0;0;0;0;0;0;0;0;0 g;0;0;0;0;0;0;0;0;0;0;0;0;0;0;0;0;0;0;0;0;0;85 mg;0;0;0;0;0;0;0;0;0;0;0;0;0
4975;Tropicana Slim Korean Garlic Butter Cookies 100g;PT. Nutrifood Indonesia;1;20 gram;100 kkal;0;0;13 g;0;1 g;5 g;0;0;0;0;0;1 g;0;0;0 g;0;0;0;0;0;0;0;0;0;0;0;0;0;0;0;0;0;0;0;0;0;95 mg;0;0;0;0;0;0;0;0;0;0;0;0;0
4963;Tropicana Slim Lemon-C Sweetener;PT. Nutrifood Indonesia;1;3 gram;5 kkal;0;0;2 g;0;0 g;0 g;0;0;0;0;0;0;0;0;0;0;0;0;0;0;0;0;0;0;0;0;0;0;0;5 mg;0;0;0;0;0;0;0 mg;0;0;0;0;0;0;0;0;0;0;0;0;0
4952;Tropicana Slim Mint Cocoa 60g;PT. Nutrifood Indonesia;1;15 gram;60 kkal;0;0;10 g;0;2 g;2.50 g;0;0;0;0;0;0;0;0;6 g;0;0;0;0;0;0;0;0;0;0;0;0;0;0;0;0;0;0;0;0;0;75 mg;0;0;0;0;0;0;0;0;0;0;0;0;0
4976;Tropicana Slim Nutty Chocolate Cookies 200g;PT. Nutrifood Indonesia;1;20 gram;100 kkal;0;0;12 g;0;1 g;5 g;0;0;0;0;0;0;0;0;0 g;0;0;0;0;0;0;0;0;0;0;0;0;0;0;0;0;0;0;0;0;0;55 mg;0;0;0;0;0;0;0;0;0;0;0;0;0
4958;Tropicana Slim Oat Drink Chocolicious 190 mL;PT. Nutrifood Indonesia;1;190 ml;60 kkal;0;0;5 g;0;4 g;3 g;0;0;0;0;0;2 g;0;0;0 g;0;0;0;180 mcg;0;0.42 mg;0.48 mg;4.50 mg;0;0;0;0;0;0;27 mg;0;0;0;220 mg;0;0;90 mg;0;0;0;0;0;0;0;0;0;0;0;0;0
4955;Tropicana Slim Oat Drink Japanese Cantaloupe Melon 190 mL;PT. Nutrifood Indonesia;1;190 ml;80 kkal;0;0;11 g;0;4 g;3 g;0;0;0;0;0;2 g;0;0;0 g;0;0;0;180 mcg;0;0.42 mg;0.48 mg;4.50 mg;0;0;0;0;0;0;27 mg;0;0;0;168 mg;0;0;125 mg;0;0;0;0;0;0;0;0;0;0;0;0;0
4956;Tropicana Slim Oat Drink Vanillicious 190 mL;PT. Nutrifood Indonesia;1;190 ml;90 kkal;0;0;11 g;0;5 g;3 g;0;0;0;0;0;1 g;0;0;0 g;0;0;0;180 mcg;0;0.42 mg;0.48 mg;4.50 mg;0;0;0;0;0;0;27 mg;0;0;0;177 mg;0;0;65 mg;0;0;0;0;0;0;0;0;0;0;0;0;0
4969;Tropicana Slim Peanut Butter Almond 300g;PT. Nutrifood Indonesia;1;10 gram;60 kkal;0;0;4 g;0;2 g;3.50 g;0;0;0;0;0;1 g;0;0;1 g;0;0;0;0;0;0;0;0;0;0;0;0;0;0;0;0;0;0;0;0;0;10 mg;0;0;0;0;0;0;0;0;0;0;0;0;0
4719;Tropicana Slim Pengganti Kecap Asin;PT. Nutrifood Indonesia;1;10 ml;0 kkal;0;0;1 g;0;0 g;0 g;0;0;0;0;0;0;0;0;0 g;0;0;0;0;0;0;0;0;0;0;0;0;0;0;0;0;0;0;0;0;0;180 mg;0;0;0;0;0;0;0;0;0;0;0;0;0
4845;Tropicana Slim Pengganti Sirup Cocopandan 750 mL;PT. Nutrifood Indonesia;1;25 ml;5 kkal;0;0;2 g;0;0 g;0 g;0;0;0;0;0;0;0;0;0 g;0;0;0;0;0;0;0;0;0;0;0;0;0;0;0;0;0;0;0;0;0;5 mg;0;0;0;0;0;0;0;0;0;0;0;0;0
4846;Tropicana Slim Pengganti Sirup Orange 750 mL;PT. Nutrifood Indonesia;1;25 ml;5 kkal;0;0;2 g;0;0 g;0 g;0;0;0;0;0;0;0;0;0 g;0;0;0;0;0;0;0;0;0;0;0;0;0;0;0;0;0;0;0;0;0;15 mg;0;0;0;0;0;0;0;0;0;0;0;0;0
4968;Tropicana Slim Rasa Gula Jawa 350 mL;PT. Nutrifood Indonesia;1;20 ml;60 kkal;0;0;21 g;0;0 g;0 g;0;0;0;0;0;0;0;0;0;0;0;0;0;0;0;0;0;0;0;0;0;0;0;0;0;0;0;0;0;0;70 mg;0;0;0;0;0;0;0;0;0;0;0;0;0
4970;Tropicana Slim Royal Matcha Spread Crunchylicious 300g;PT. Nutrifood Indonesia;1;10 gram;50 kkal;0;0;6 g;0;0 g;4 g;0;0;0;0;0;0;0;0;1 g;0;0;0;0;0;0;0;0;0;0;0;0;0;0;0;0;0;0;0;0;0;15 mg;0;0;0;0;0;0;0;0;0;0;0;0;0
4980;Tropicana Slim Sunflower Oil 946 mL;PT. Nutrifood Indonesia;1;10 ml;80 kkal;0;0;0 g;0;0 g;9 g;0;0;0;0;0;0;0;0;0 g;0;0;0;0;0;0;0;0;0;0;0;0;0;0;0;0;0;0;0;0;0;0 mg;0;0;0;0;0;0;0;0;0;0;0;0;0
4967;Tropicana Slim Topping dengan Madu 350 mL;PT. Nutrifood Indonesia;1;7 ml;20 kkal;0;0;8 g;0;0 g;0 g;0;0;0;0;0;0;0;0;0;0;0;0;0;0;0;0;0;0;0;0;0;0;0;46 mg;0;0;0;0;0;0;0 mg;0;0;0;0;0;0;0;0;0;0;0;0;0
4953;Tropicana Slim White Coffee 60g;PT. Nutrifood Indonesia;1;15 gram;70 kkal;0;0;11 g;0;1 g;3 g;0;0;0;0;0;0;0;0;8 g;0;0;0;0;0;0;0;0;0;0;0;0;0;0;0;0;0;0;0;0;0;40 mg;0;0;0;0;0;0;0;0;0;0;0;0;0
2173;WRP lose weight meal replacement;PT. Nutrifood Indonesia;1;54 g;210 kkal;0;0;35 g;0;14 g;1.50 g;0;0;0;0;0;3 g;0;0;16 g;0;0;0;0;0;0;0;0;0;0;0;0;0;0;0;0;0;0;0;0;0;260 mg;550 mg;0;0;0;0;0;0;0;0;0;0;0;0
2799;WRP on the go (cokelat,);PT. Nutrifood Indonesia;1;20.00 g;150 kkal;0;0;23 g;0;7 g;3 g;0;0;0;0;0;0;0;0;0;0;0;0;0;0;0;0;0;0;0;0;0;0;0;0;0;0;0;0;0;0;70 mg;0;0;0;0;0;0;0;0;0;0;0;0;0
2811;WRP on the go (cokelat,);PT. Nutrifood Indonesia;1;20.00 g;150 kkal;0;0;23 g;0;7 g;3 g;0;0;0;0;0;0;0;0;0;0;0;0;0;0;0;0;0;0;0;0;0;0;0;0;0;0;0;0;0;0;70 mg;0;0;0;0;0;0;0;0;0;0;0;0;0
1602;Susu On gold standard whey;PT. Optimum Nutrition;1;30.40 g;120 kkal;0;0;3 g;0;20 g;1.80 g;0;0;0;0;0;0.50 g;0;0;1.60 g;0;0;0;0;0;0;0;0;0;0;0;0;0;0;0;0;0;0;0;0;0;0 mg;0;0;0;0;0;0;0;0;0;0;0;0;0
1404;Tango chocolate;PT. Orang Tua (OT);1;20 g;100 kkal;0;0;14 g;0;1 g;4 g;0;0;0;0;0;0;0;0;0;0;0;0;0;0;0;0;0;0;0;0;0;0;0;0;0;0;0;0;0;0;0 mg;0;0;0;0;0;0;0;0;0;0;0;0;0
1559;Teh gelas;PT. Orang Tua (OT);1;500 ml;175 kkal;0;0;45 g;0;0 g;0 g;0;0;0;0;0;0;0;0;40 g;0;0;0;0;0;0;0;0;0;0;0;0;0;0;0;0;0;0;0;0;0;0 mg;0;0;0;0;0;0;0;0;0;0;0;0;0
2016;Delfi Orion Choco Pie;PT. Orion Food Vina;1;30 g;130 kkal;0;0;21 g;0;1 g;4.50 g;0;0;0;0;0;0;0;0;9 g;0;0;0;0;0;0;0;0;0;0;0;0;0;0;0;0;0;0;0;0;0;65 mg;0;0;0;0;0;0;0;0;0;0;0;0;0
3767;DelfiOrion Custas;PT. Orion Food Vina;1;100 g;110 kkal;0;0;11 g;0;1 g;6 g;0;0;0;0;0;0;0;0;6 g;0;0;0;0;0;0;0;0;0;0;0;0;0;0;0;0;0;0;0;0;0;40 mg;0;0;0;0;0;0;0;0;0;0;0;0;0
2093;pang-pang manis;Pt. Padi mas buana;1;100 g;454.99 kkal;0;0;68.56 g;0;3.72 g;18.43 g;0;0;0;0;0;0;0;0;0;0;0;0;0;0;0;0;0;0;0;0;0;0;0;0;0;0;0;0;0;0;0 mg;0;0;0;0;0;0;0;0;0;0;0;0;0
4745;Home Vermicelli Soun Longkou;PT. Pangan Lestari;1;50 gram;170 kkal;0;0;43 g;0;0 g;0 g;0;0;0;0;0;0;0;0;0;0;0;0;0;0;0;0;0;0;0;0;0;0;0;0;0;0;0;0;0;0;15 mg;0;0;0;0;0;0;0;0;0;0;0;0;0
4740;Xianglong Bean Vermicelli Sohun;PT. Pangan Lestari;1;250 gram;170 kkal;0;0;42 g;0;0 g;0 g;0;0;0;0;0;0;0;0;0;0;0;0;0;0;0;0;0;0;0;0;0;0;0;0;0;0;0;0;0;0;0 mg;0;0;0;0;0;0;0;0;0;0;0;0;0
2853;Lemonilo Michoco;PT. Pangan Niaga Lestari;1;100 g;80 kkal;0;0;15 g;0;2 g;1 g;0;0;0;0;0;0 g;0;0;10 g;0;0;0;0;0;0;0;0;0;0;0;0;0;0;0;0;0;0;0;0;0;40 mg;0;0;0;0;0;0;0;0;0;0;0;0;0
2856;Lemonilo Michoco;PT. Pangan Niaga Lestari;1;100 g;80 kkal;0;0;15 g;0;2 g;1 g;0;0;0;0;0;0 g;0;0;10 g;0;0;0;0;0;0;0;0;0;0;0;0;0;0;0;0;0;0;0;0;0;40 mg;0;0;0;0;0;0;0;0;0;0;0;0;0
2537;AYAM BRAND Jamur Kancing;PT. Parentina;1;42 g;15 kkal;0;0;2 g;0;1 g;0 g;0;0;0;0;0;1 g;0;0;0;0;0;0;0;0;0;0;0;0;0;0;0;0;0;0;0;0;0;0;0;0;170 mg;0;0;0;0;0;0;0;0;0;0;0;0;0
1541;Permen mentos spearmint;PT. Perfetti van melle;1;1.40 g;5 kkal;0;0;1 g;0;0 g;0 g;0;0;0;0;0;0;0;0;0;0;0;0;0;0;0;0;0;0;0;0;0;0;0;0;0;0;0;0;0;0;0 mg;0;0;0;0;0;0;0;0;0;0;0;0;0
4694;Mentos Chewy Dragees Rasa Buah;PT. Perfetti Van Melle Indonesia;1;3 gram;11 kkal;0;0;2.50 g;0;0 g;0 g;0;0;0;0;0;0 g;0;0;2 g;0;0;0;0;0;0;0;0;0;0;0;0;0;0;0;0;0;0;0;0;0;0 mg;0;0;0;0;0;0;0;0;0;0;0;0;0
2412;Silverqueen Crispy with Milk Chocolate;PT. Perusahaan Industri Ceres;1;30 g;170 kkal;0;0;15 g;0;4 g;10 g;0;0;0;0;0;0;0;0;11 g;0;0;0;0;0;0;0;0;0;0;0;0;0;0;0;0;0;0;0;0;0;35 mg;0;0;0;0;0;0;0;0;0;0;0;0;0
2878;Twister Thins Choco;PT. Perusahaan Industri Ceres;1;100 g;90 kkal;0;0;14 g;0;1 g;3.50 g;0;0;0;0;0;0;0;0;5 g;0;0;0;0;0;0;0;0;0;0;0;0;0;0;0;0;0;0;0;0;0;60 mg;0;0;0;0;0;0;0;0;0;0;0;0;0
2700;vanhouten cocoa powder;PT. Perusahaan Industri Ceres;1;350.00 ml;120 kkal;0;0;15 g;0;6 g;4 g;0;0;0;0;0;0;0;0;0;0;0;0;0;0;0;0;0;0;0;0;0;0;0;0;0;0;0;0;0;0;0 mg;0;0;0;0;0;0;0;0;0;0;0;0;0
4520;Saos Raja Rasa;PT. Perusahaan Kecap Kenari;1;7 ml;5 kkal;0;0;1 g;0;1 g;0 g;0;0;0;0;0;0;0;0;0 g;0;0;0;0;0;0;0;0;0;0;0;0;0;0;0;0;0;0;0;0;0;360 mg;0;0;0;0;0;0;0;0;0;0;0;0;0
3316;Take-it 4 Fingers Delfi;PT. Perusahan Industri Ceres;1;100 g;160 kkal;0;0;18 g;0;2 g;9 g;0;0;0;0;0;0;0;0;12 g;0;0;0;0;0;0;0;0;0;0;0;0;0;0;0;0;0;0;0;0;0;20 mg;0;0;0;0;0;0;0;0;0;0;0;0;0
1576;Coklat Delfi dairy milk;PT. Petra Food;1;27 g;150 kkal;0;0;15 g;0;2 g;9 g;0;0;0;0;0;0;0;0;12 g;0;0;0;0;0;0;0;0;0;0;0;0;0;0;0;0;0;0;0;0;0;0 mg;0;0;0;0;0;0;0;0;0;0;0;0;0
1572;Coklat silverqueen almond;PT. Petra food indonesia;1;30 g;170 kkal;0;0;14 g;0;4 g;11 g;0;0;0;0;0;0;0;0;11 g;0;0;0;0;0;0;0;0;0;0;0;0;0;0;0;0;0;0;0;0;0;0 mg;0;0;0;0;0;0;0;0;0;0;0;0;0
1574;Coklat silverqueen chunky almond bar;PT. Petra food indonesia;1;30 g;170 kkal;0;0;15 g;0;3 g;11 g;0;0;0;0;0;0;0;0;12 g;0;0;0;0;0;0;0;0;0;0;0;0;0;0;0;0;0;0;0;0;0;0 mg;0;0;0;0;0;0;0;0;0;0;0;0;0
1401;Loacker chocolate;PT. Petra food indonesia;1;100 g;511 kkal;0;0;59 g;0;7.70 g;26 g;0;0;0;0;0;0;0;0;0;0;0;0;0;0;0;0;0;0;0;0;0;0;0;0;0;0;0;0;0;0;0 mg;0;0;0;0;0;0;0;0;0;0;0;0;0
2667;Pondan Bolu Kukus Serbaguna (400 g);PT. Pondan Pangan Makmur Indonesia;1;100 g;150 kkal;0;0;34 g;0;2 g;0.50 g;0;0;0;0;0;0;0;0;18 g;0;0;0;0;0;0;0;0;0;0;0;0;0;0;0;0;0;0;0;0;0;190 mg;0;0;0;0;0;0;0;0;0;0;0;0;0
2677;Pondan brownies kukus coklat keju (400 g);PT. Pondan Pangan Makmur Indonesia;1;100 g;190 kkal;0;0;42 g;0;3 g;1 g;0;0;0;0;0;0;0;0;23 g;0;0;0;0;0;0;0;0;0;0;0;0;0;0;0;0;0;0;0;0;0;45 mg;0;0;0;0;0;0;0;0;0;0;0;0;0
2675;Pondan Brownies Kukus Ketan Hitam (400 g);PT. Pondan Pangan Makmur Indonesia;1;100 g;190 kkal;0;0;41 g;0;3 g;1.50 g;0;0;0;0;0;0;0;0;17 g;0;0;0;0;0;0;0;0;0;0;0;0;0;0;0;0;0;0;0;0;0;170 mg;0;0;0;0;0;0;0;0;0;0;0;0;0
2684;Pondan Ice Cram Magic rasa cokelat choco chips (160 g);PT. Pondan Pangan Makmur Indonesia;1;100 g;130 kkal;0;0;25 g;0;1 g;2.50 g;0;0;0;0;0;0;0;0;14 g;0;0;0;0;0;0;0;0;0;0;0;0;0;0;0;0;0;0;0;0;0;65 mg;0;0;0;0;0;0;0;0;0;0;0;0;0
2683;Pondan ice cream magic rasa durian (150 g);PT. Pondan Pangan Makmur Indonesia;1;100 g;220 kkal;0;0;39 g;0;2 g;6 g;0;0;0;0;0;0;0;0;30 g;0;0;0;0;0;0;0;0;0;0;0;0;0;0;0;0;0;0;0;0;0;210 mg;0;0;0;0;0;0;0;0;0;0;0;0;0
2681;Pondan ice cream magic rasa moka choco chips;PT. Pondan Pangan Makmur Indonesia;1;100 g;110 kkal;0;0;14 g;0;1 g;5 g;0;0;0;0;0;0;0;0;19 g;0;0;0;0;0;0;0;0;0;0;0;0;0;0;0;0;0;0;0;0;0;810 mg;0;0;0;0;0;0;0;0;0;0;0;0;0
2654;Pondan ice cream mix Magic rasa stroberi;PT. Pondan Pangan Makmur Indonesia;1;100 g;330 kkal;0;0;59 g;0;4 g;9 g;0;0;0;0;0;0;0;0;49 g;0;0;0;0;0;0;0;0;0;0;0;0;0;0;0;0;0;0;0;0;0;21 mg;0;0;0;0;0;0;0;0;0;0;0;0;0
2653;Pondan ice cream mix magic rasa vanilla;PT. Pondan Pangan Makmur Indonesia;1;100 g;330 kkal;0;0;50 g;0;4 g;8 g;0;0;0;0;0;0;0;0;48 g;0;0;0;0;0;0;0;0;0;0;0;0;0;0;0;0;0;0;0;0;0;180 mg;0;0;0;0;0;0;0;0;0;0;0;0;0
2668;Pondan Indo Donat (362 g);PT. Pondan Pangan Makmur Indonesia;1;100 g;45 kkal;0;0;11 g;0;1 g;0 g;0;0;0;0;0;0;0;0;2 g;0;0;0;0;0;0;0;0;0;0;0;0;0;0;0;0;0;0;0;0;0;25 mg;0;0;0;0;0;0;0;0;0;0;0;0;0
2601;Pondan pudding flan instan rasa cokelat (100 g);PT. Pondan Pangan Makmur Indonesia;1;25 g;100 kkal;0;0;21 g;0;1 g;1.50 g;0;0;0;0;0;0;0;0;13 g;0;0;0;0;0;0;0;0;0;0;0;0;0;0;0;0;0;0;0;0;0;20 mg;0;0;0;0;0;0;0;0;0;0;0;0;0
2602;Pondan pudding flan instan rasa mangga (100 g);PT. Pondan Pangan Makmur Indonesia;1;25 g;100 kkal;0;0;21 g;0;1 g;1.50 g;0;0;0;0;0;0;0;0;15 g;0;0;0;0;0;0;0;0;0;0;0;0;0;0;0;0;0;0;0;0;0;75 mg;0;0;0;0;0;0;0;0;0;0;0;0;0
2682;Pondan pudding mix rasa cokelat (200 g);PT. Pondan Pangan Makmur Indonesia;1;100 g;170 kkal;0;0;29 g;0;3 g;4.50 g;0;0;0;0;0;0;0;0;14 g;0;0;0;0;0;0;0;0;0;0;0;0;0;0;0;0;0;0;0;0;0;170 mg;0;0;0;0;0;0;0;0;0;0;0;0;0
2672;Pondan Pudding rasa mangga (200 g);PT. Pondan Pangan Makmur Indonesia;1;100 g;170 kkal;0;0;30 g;0;3 g;4 g;0;0;0;0;0;0;0;0;15 g;0;0;0;0;0;0;0;0;0;0;0;0;0;0;0;0;0;0;0;0;0;200 mg;0;0;0;0;0;0;0;0;0;0;0;0;0
2670;Pondan Pudding rasa stroberi (200 g);PT. Pondan Pangan Makmur Indonesia;1;100 g;170 kkal;0;0;30 g;0;3 g;4 g;0;0;0;0;0;0;0;0;15 g;0;0;0;0;0;0;0;0;0;0;0;0;0;0;0;0;0;0;0;0;0;200 mg;0;0;0;0;0;0;0;0;0;0;0;0;0
2686;Pondan Sponge Cake Mix rasa cokelat (400 g);PT. Pondan Pangan Makmur Indonesia;1;100 g;150 kkal;0;0;33 g;0;2 g;1.50 g;0;0;0;0;0;0;0;0;15 g;0;0;0;0;0;0;0;0;0;0;0;0;0;0;0;0;0;0;0;0;0;160 mg;0;0;0;0;0;0;0;0;0;0;0;0;0
2652;Pondan sponge cake mix rasa pandan;PT. Pondan Pangan Makmur Indonesia;1;100 g;190 kkal;0;0;42 g;0;3 g;1.50 g;0;0;0;0;0;0;0;0;21 g;0;0;0;0;0;0;0;0;0;0;0;0;0;0;0;0;0;0;0;0;0;210 mg;0;0;0;0;0;0;0;0;0;0;0;0;0
2678;Pondan Sponge Cake Mix Rasa Pandan (400 g);PT. Pondan Pangan Makmur Indonesia;1;100 g;150 kkal;0;0;33 g;0;2 g;1 g;0;0;0;0;0;0;0;0;15 g;0;0;0;0;0;0;0;0;0;0;0;0;0;0;0;0;0;0;0;0;0;180 mg;0;0;0;0;0;0;0;0;0;0;0;0;0
1924;Mi sedaap cup mi goreng;PT. Prakarsa Alam Segar;1;85 g;390 kkal;0;0;52 g;0;6 g;18 g;0;0;0;0;0;7 g;0;0;5 g;0;0;0;0;0;0;0;0;0;0;0;0;0;0;0;0;0;0;0;0;0;0 mg;0;0;0;0;0;0;0;0;0;0;0;0;0
2578;Mie Sedaap instan rasa kari spesial;PT. Prakarsa Alam Segar;1;76 g;150 kkal;0;0;8 g;0;8 g;14 g;0;0;0;0;0;3 g;0;0;3 g;0;0;0;0;0;0;0;0;0;0;0;0;0;0;0;0;0;0;0;0;0;1060 mg;0;0;0;0;0;0;0;0;0;0;0;0;0
2577;Mie Sedaap instan white curry;PT. Prakarsa Alam Segar;1;81 g;360 kkal;0;0;50 g;0;8 g;14 g;0;0;0;0;0;2 g;0;0;3 g;0;0;0;0;0;0;0;0;0;0;0;0;0;0;0;0;0;0;0;0;0;840 mg;0;0;0;0;0;0;0;0;0;0;0;0;0
2580;Mie Sedaap selection korean sicy soup;PT. Prakarsa Alam Segar;1;77 g;350 kkal;0;0;48 g;0;10 g;13 g;0;0;0;0;0;6 g;0;0;3 g;0;0;0;0;0;0;0;0;0;0;0;0;0;0;0;0;0;0;0;0;0;1190 mg;0;0;0;0;0;0;0;0;0;0;0;0;0
4498;Mie sedap cup rasa korean spicy chicken;PT. Prakarsa Alam Segar;1;81 gram;380 kkal;0;0;51 g;0;8 g;17 g;0;0;0;0;0;6 g;0;0;4 g;0;0;0;0;0;0;0;0;0;0;0;0;0;0;0;0;0;0;0;0;0;770 mg;0;0;0;0;0;0;0;0;0;0;0;0;0
2453;Mie sedap instan goreng kriuk;PT. Prakarsa Alam Segar;1;90 g;420 kkal;0;0;57 g;0;9 g;18 g;0;0;0;0;0;8 g;0;0;6 g;0;0;0;0;0;0;0;30 mg;0;0;0;0;0;0;0;0;0;0;0;0;0;1170 mg;0;0;0;0;0;0;0;0;0;0;0;0;0
3211;Mie Sedap Instant Selection Style of Singapore Spicy Laksa;PT. Prakarsa Alam Segar;1;100 g;360 kkal;0;0;55 g;0;8 g;13 g;0;0;0;0;0;5 g;0;0;6 g;0;0;0;0;0;0;0;0;0;0;0;0;0;0;0;0;0;0;0;0;0;930 mg;0;0;0;0;0;0;0;0;0;0;0;0;0
2679;mie sedap selero padang;PT. Prakarsa Alam Segar;1;100 g;390 kkal;0;0;56 g;0;9 g;14 g;0;0;0;0;0;4 g;0;0;5 g;0;0;0;0;0;0;0;0;0;0;0;0;0;0;0;0;0;0;0;0;0;1170 mg;0;0;0;0;0;0;0;0;0;0;0;0;0
3905;Mie SUKSES'S isi 2 rasa Rendang;PT. Prakarsa Alam Segar;1;66 gram;310 kkal;0;0;40 g;0;8 g;13 g;0;0;0;0;0;4 g;0;0;5 g;0;0;0;0;0;0;0;0;0;0;0;0;0;0;0;0;0;0;0;0;0;560 mg;0;0;0;0;0;0;0;0;0;0;0;0;0
4634;Mariza Chocolate Topping;PT. Prima Aneka Rasa;1;20 gram;60 kkal;0;0;15 g;0;0 g;0 g;0;0;0;0;0;1 g;0;0;8 g;0;0;0;0;0;0;0;0;0;0;0;0;0;0;0;0;0;0;0;0;0;25 mg;0;0;0;0;0;0;0;0;0;0;0;0;0
1656;Yoforia Berry smooth;PT. Prima Laktosa;1;200 ml;130 kkal;0;0;24 g;0;4 g;2 g;0;0;0;0;0;0;0;0;20 g;0;0;0;0;0;0;0;0;0;0;0;0;0;0;0;0;0;0;0;0;0;0 mg;0;0;0;0;0;0;0;0;0;0;0;0;0
3088;Goldenfil Choco Crunchy;PT. Primarasa Abadi Sejahtera;1;100 g;110 kkal;0;0;13 g;0;1 g;6 g;0;0;0;0;0;0;0;0;10 g;0;0;0;0;0;0;0;0;0;0;0;0;0;0;0;0;0;0;0;0;0;20 mg;0;0;0;0;0;0;0;0;0;0;0;0;0
4863;Prims Food TKH Tepung Ketan Hitam 500g;PT. Primarasa Abadi Sejahtera;1;100 gram;360 kkal;0;0;73 g;0;9 g;3 g;0;0;0;0;0;0;0;0;0 g;0;0;0;0;0;0;0;0;0;0;0;0;0;0;0;0;0;0;0;0;0;10 mg;0;0;0;0;0;0;0;0;0;0;0;0;0
3888;cassa artisan chips barbeque;PT. Puri Pangan Utama;1;20 gram;110 kkal;0;0;11 g;0;0 g;7 g;0;0;0;0;0;0;0;0;1 g;0;0;0;0;0;0;0;0;0;0;0;0;0;0;0;0;0;0;0;0;0;90 mg;0;0;0;0;0;0;0;0;0;0;0;0;0
2479;Chicki Taro Net rasa BBQ;PT. Putra Taro Paloma;1;20 g;90 kkal;0;0;15 g;0;1 g;2.50 g;0;0;0;0;0;0;0;0;0;0;0;0;0;0;0;0;0;0;0;0;0;0;0;0;0;0;0;0;0;0;200 mg;0;0;0;0;0;0;0;0;0;0;0;0;0
4576;White Chocolate Bar 50g;PT. Rasa Coklat Indonesia;1;25 gram;150 kkal;0;0;13 g;0;2 g;10 g;0;0;0;0;0;0;0;0;10 g;0;0;0;0;0;0;0;0;0;0;0;0;0;0;0;0;0;0;0;0;0;15 mg;0;0;0;0;0;0;0;0;0;0;0;0;0
4698;Richeese Factory Smoke Cocktail;PT. Richeese Kuliner Indonesia;1;60 gram;100 kkal;0;0;5 g;0;9 g;4.50 g;0;0;0;0;0;0;0;0;0 g;0;0;0;0;0;0;0;0;0;0;0;0;0;0;0;0;0;0;0;0;0;360 mg;0;0;0;0;0;0;0;0;0;0;0;0;0
4699;Richeese French Fries;PT. Richeese Kuliner Indonesia;1;100 gram;160 kkal;0;0;26 g;0;3 g;5 g;0;0;0;0;0;0;0;0;0 g;0;0;0;0;0;0;0;0;0;0;0;0;0;0;0;0;0;0;0;0;0;280 mg;0;0;0;0;0;0;0;0;0;0;0;0;0
4648;Zenlatte Earl Grey;PT. Sakti Inti Perkasa;1;22 gram;90 kkal;0;0;18 g;0;1 g;1.50 g;0;0;0;0;0;0;0;0;14 g;0;0;0;0;0;0;0;0;0;0;0;0;0;0;0;0;0;0;0;0;0;40 mg;0;0;0;0;0;0;0;0;0;0;0;0;0
2525;Margarin Palmia;PT. Salim Ivomas Pratama Tbk. Jakarta;1;9 g;60 kkal;0;0;0 g;0;0 g;7 g;0;0;0;0;0;0;0;0;0;0;0;0;0;0;0;0;0;0;0;0;0;0;0;0;0;0;0;0;0;0;75 mg;0;0;0;0;0;0;0;0;0;0;0;0;0
4479;Samyang Buldak Hot Chicken Flavor Ramen (cup);PT. Samyang Foods Indonesia;1;105 gram;490 kkal;0;0;64 g;0;9 g;22 g;0;0;0;0;0;0;0;0;3 g;0;0;0;0;0;0;0;0;0;0;0;0;0;0;0;0;0;0;0;0;0;1000 mg;0;0;0;0;0;0;0;0;0;0;0;0;0
4387;Entrakid Susu Bubuk Rasa Vanila;PT. Sanghiang Perkasa;1;45 gram;200 kkal;0;0;29 g;0;6 g;7 g;0;0;0;0;0;1 g;0;0;11 g;0;0;0;0;0;0;0;0;0;0;0;0;0;0;0;0;0;0;0;0;0;70 mg;0;0;0;0;0;0;0;0;0;0;0;0;0
4624;Fitbar Choco Delight;PT. Sanghiang Perkasa;1;20 gram;90 kkal;0;0;15 g;0;2 g;3.50 g;0;0;0;0;0;1 g;0;0;5 g;0;0;0;0;0;0;0;0;0;0;0;0;0;0;0;0;0;0;0;0;0;30 mg;0;0;0;0;0;0;0;0;0;0;0;0;0
3178;Fitbar Multigrain Tiramisu Delight;PT. Sanghiang Perkasa;1;100 g;90 kkal;0;0;15 g;0;3 g;3.50 g;0;0;0;0;0;1 g;0;0;5 g;0;0;0;0;0;0;0;0;0;0;0;0;0;0;0;0;0;0;0;0;0;40 mg;0;0;0;0;0;0;0;0;0;0;0;0;0
2964;Milna Kinder Pudding Rasa Coklat;PT. Sanghiang Perkasa;1;100 g;90 kkal;0;0;15 g;0;1 g;2.50 g;0;0;0;0;0;1 g;0;0;11 g;0;0;0;0;0;0;0;0;0;0;0;0;0;0;0;0;0;0;0;0;0;20 mg;0;0;0;0;0;0;0;0;0;0;0;0;0
3229;Milna Rice Crackers Sweet Potato Carrot;PT. Sanghiang Perkasa;1;100 g;80 kkal;0;0;17 g;0;1 g;0 g;0;0;0;0;0;1 g;0;0;3 g;0;0;0;0;0;0;0;0;0;0;0;0;0;0;0;0;0;0;0;0;0;50 mg;0;0;0;0;0;0;0;0;0;0;0;0;0
4862;Morinaga Chilkid Gold Rasa Vanila 1-3 Tahun;PT. Sanghiang Perkasa;1;32 gram;140 kkal;0;0;19 g;0;5 g;5 g;0;0;0;0;0;1 g;0;0;16 g;0;0;0;0;0;0;0;0;0;0;0;0;0;0;0;0;0;0;0;0;0;80 mg;0;0;0;0;0;0;0;0;0;0;0;0;0
4385;Peptisol Rasa French Vanilla;PT. Sanghiang Perkasa;1;60 gram;240 kkal;0;0;40 g;0;13 g;2 g;0;0;0;0;0;0;0;0;12 g;0;0;0;0;0;0;0;0;0;0;0;0;0;0;0;0;0;0;0;0;0;140 mg;0;0;0;0;0;0;0;0;0;0;0;0;0
3286;Susu Entrasol Senior;PT. Sanghiang Perkasa;1;100 g;250 kkal;0;0;34 g;0;12 g;7 g;0;0;0;0;0;4 g;0;0;9 g;0;0;0;0;0;0;0;0;0;0;0;0;0;0;0;0;0;0;0;0;0;160 mg;260 mg;0;0;0;0;0;0;0;0;0;0;0;0
2025;Sereal Weet - Bix bites Cruncy honey;PT. Sanitarium;1;45 g;169 kkal;0;0;34 g;0;4.10 g;0.80 g;0;0;0;0;0;3.70 g;0;0;9.70 g;0;0;0;0;0;0;0;0;0;0;0;0;0;0;0;0;0;0;0;0;0;0 mg;0;0;0;0;0;0;0;0;0;0;0;0;0
2024;Sereal Weet - Bix bites wild berry;PT. Sanitarium;1;45 g;157 kkal;0;0;31.50 g;0;4.20 g;0.50 g;0;0;0;0;0;4.10 g;0;0;10 g;0;0;0;0;0;0;0;0;0;0;0;0;0;0;0;0;0;0;0;0;0;0 mg;0;0;0;0;0;0;0;0;0;0;0;0;0
2023;Sereal Weet- Bix bites Apricot;PT. Sanitarium;1;45 g;154 kkal;0;0;30.60 g;0;4 g;0.60 g;0;0;0;0;0;3.60 g;0;0;9.60 g;0;0;0;0;0;0;0;0;0;0;0;0;0;0;0;0;0;0;0;0;0;0 mg;0;0;0;0;0;0;0;0;0;0;0;0;0
2002;So good Almond milk original;PT. Sanitarium;1;250 ml;74 kkal;0;0;9 g;0;1.40 g;3.40 g;0;0;0;0;0;0.70 g;0;0;8.60 g;0;0;0;0;0;0;0;0;0;0;0;0;0;0;0;0;0;0;0;0;0;0 mg;0;0;0;0;0;0;0;0;0;0;0;0;0
2005;Susu almond So good Almond Milk unsweetend;PT. Sanitarium;1;250 ml;41 kkal;0;0;0.80 g;0;1.40 g;3.50 g;0;0;0;0;0;0.80 g;0;0;0.30 g;0;0;0;0;0;0;0;0;0;0;0;0;0;0;0;0;0;0;0;0;0;0 mg;0;0;0;0;0;0;0;0;0;0;0;0;0
2751;ABC Kopi Mocca;PT. Santos jaya abadi;1;60.00 g;120 kkal;0;0;23 g;0;1 g;2.50 g;0;0;0;0;0;2 g;0;0;17 g;0;0;0;0;0;0;0;0;0;0;0;0;0;0;0;0;0;0;0;0;0;20 mg;0;0;0;0;0;0;0;0;0;0;0;0;0
2753;ABC Kopi Mocca;PT. Santos jaya abadi;1;60.00 g;120 kkal;0;0;23 g;0;1 g;2.50 g;0;0;0;0;0;2 g;0;0;17 g;0;0;0;0;0;0;0;0;0;0;0;0;0;0;0;0;0;0;0;0;0;20 mg;0;0;0;0;0;0;0;0;0;0;0;0;0
4923;Excelso Arabica Gold 100g;PT. Santos jaya abadi;1;10 gram;45 kkal;0;0;6 g;0;1 g;1.50 g;0;0;0;0;0;5 g;0;0;0 g;0;0;0;0;0;0;0;0;0;0;0;0;0;0;0;0;0;0;0;0;0;0 mg;0;0;0;0;0;0;0;0;0;0;0;0;0
4924;Excelso Drip Coffee Bali Arabica 50g;PT. Santos jaya abadi;1;10 gram;45 kkal;0;0;7 g;0;1 g;1.50 g;0;0;0;0;0;4 g;0;0;0 g;0;0;0;0;0;0;0;0;0;0;0;0;0;0;0;0;0;0;0;0;0;0 mg;0;0;0;0;0;0;0;0;0;0;0;0;0
4925;Excelso Java Arabica 100g;PT. Santos jaya abadi;1;10 gram;45 kkal;0;0;6 g;0;2 g;1.50 g;0;0;0;0;0;2 g;0;0;0 g;0;0;0;0;0;0;0;0;0;0;0;0;0;0;0;0;0;0;0;0;0;0 mg;0;0;0;0;0;0;0;0;0;0;0;0;0
4922;Excelso Robusta Gold 200g;PT. Santos jaya abadi;1;10 gram;45 kkal;0;0;7 g;0;2 g;1 g;0;0;0;0;0;6 g;0;0;0 g;0;0;0;0;0;0;0;0;0;0;0;0;0;0;0;0;0;0;0;0;0;0 mg;0;0;0;0;0;0;0;0;0;0;0;0;0
4926;Excelso Sumatera Mandheling 100g;PT. Santos jaya abadi;1;10 gram;45 kkal;0;0;6 g;0;1 g;1.50 g;0;0;0;0;0;3 g;0;0;0 g;0;0;0;0;0;0;0;0;0;0;0;0;0;0;0;0;0;0;0;0;0;0 mg;0;0;0;0;0;0;0;0;0;0;0;0;0
4933;Fresco Kopi + Gula;PT. Santos jaya abadi;1;23 gram;90 kkal;0;0;22 g;0;1 g;0 g;0;0;0;0;0;2 g;0;0;17 g;0;0;0;0;0;0;0;0;0;0;0;0;0;0;0;0;0;0;0;0;0;0 mg;0;0;0;0;0;0;0;0;0;0;0;0;0
1467;Good day cappuccino;PT. Santos jaya abadi;1;250 ml;170 kkal;0;0;32 g;0;1 g;3.50 g;0;0;0;0;0;1 g;0;0;25 g;0;0;0;0;0;0;0;0;0;0;0;0;0;0;0;0;0;0;0;0;0;0 mg;0;0;0;0;0;0;0;0;0;0;0;0;0
3175;Good Day Cappuccino With Cocoa Granule;PT. Santos jaya abadi;1;100 g;110 kkal;0;0;21 g;0;1 g;2.50 g;0;0;0;0;0;1 g;0;0;17 g;0;0;0;0;0;0;0;0;0;0;0;0;0;0;0;0;0;0;0;0;0;10 mg;0;0;0;0;0;0;0;0;0;0;0;0;0
4916;Good Day Latte Butterscotch 220g;PT. Santos jaya abadi;1;22 gram;100 kkal;0;0;17 g;0;1 g;3 g;0;0;0;0;0;1 g;0;0;12 g;0;0;0;0;0;0;0;0;0;0;0;0;0;0;0;0;0;0;0;0;0;65 mg;0;0;0;0;0;0;0;0;0;0;0;0;0
4917;Good Day Latte Original 220g;PT. Santos jaya abadi;1;22 gram;100 kkal;0;0;7 g;0;1 g;3 g;0;0;0;0;0;2 g;0;0;12 g;0;0;0;0;0;0;0;0;0;0;0;0;0;0;0;0;0;0;0;0;0;45 mg;0;0;0;0;0;0;0;0;0;0;0;0;0
3174;Good Day Mocacinno;PT. Santos jaya abadi;1;100 g;90 kkal;0;0;16 g;0;1 g;2 g;0;0;0;0;0;1 g;0;0;13 g;0;0;0;0;0;0;0;0;0;0;0;0;0;0;0;0;0;0;0;0;0;10 mg;0;0;0;0;0;0;0;0;0;0;0;0;0
2982;good day mocacino;PT. Santos jaya abadi;1;30.00 g;90 kkal;0;0;16 g;0;1 g;2 g;0;0;0;0;0;1 g;0;0;13 g;0;0;0;0;0;0;0;0;0;0;0;0;0;0;0;0;0;0;0;0;0;10 mg;0;0;0;0;0;0;0;0;0;0;0;0;0
2458;Good Day rock caramello 3 in 1 200g;PT. Santos jaya abadi;1;20 g;100 kkal;0;0;14 g;0;1 g;4.50 g;0;0;0;0;0;1 g;0;0;13 g;0;0;0;0;0;0;0;0;0;0;0;0;0;0;0;0;0;0;0;0;0;100 mg;0;0;0;0;0;0;0;0;0;0;0;0;0
4582;Kapal Api Signature Original Black Coffee;PT. Santos jaya abadi;1;200 ml;100 kkal;0;0;22 g;0;1 g;1 g;0;0;0;0;0;0;0;0;19 g;0;0;0;0;0;0;0;0;0;0;0;0;0;0;0;0;0;0;0;0;0;10 mg;0;0;0;0;0;0;0;0;0;0;0;0;0
2954;Kapal Api Special;PT. Santos jaya abadi;1;100 g;30 kkal;0;0;4 g;0;1 g;0.50 g;0;0;0;0;0;2 g;0;0;0 g;0;0;0;0;0;0;0;0;0;0;0;0;0;0;0;0;0;0;0;0;0;0 mg;0;0;0;0;0;0;0;0;0;0;0;0;0
2866;Kopi Good Day Chococinno;PT. Santos jaya abadi;1;100 g;98 kkal;0;0;17 g;0;1 g;2 g;0;0;0;0;0;0;0;0;0;0;0;0;0;0;0;0;0;0;0;0;0;0;0;0;0;0;0;0;0;0;15 mg;0;0;0;0;0;0;0;0;0;0;0;0;0
1517;Kopi Good day the original;PT. Santos jaya abadi;1;20 g;90 kkal;0;0;16 g;0;1 g;2.50 g;0;0;0;0;0;1 g;0;0;13 g;0;0;0;0;0;0;0;0;0;0;0;0;0;0;0;0;0;0;0;0;0;0 mg;0;0;0;0;0;0;0;0;0;0;0;0;0
1518;Kopi Kapal api grande white coffe;PT. Santos jaya abadi;1;20 g;90 kkal;0;0;17 g;0;1 g;2 g;0;0;0;0;0;1 g;0;0;12 g;0;0;0;0;0;0;0;0;0;0;0;0;0;0;0;0;0;0;0;0;0;0 mg;0;0;0;0;0;0;0;0;0;0;0;0;0
4920;Kopi Kapal Api Lampung 175g;PT. Santos jaya abadi;1;7 gram;30 kkal;0;0;5 g;0;1 g;1 g;0;0;0;0;0;4 g;0;0;0 g;0;0;0;0;0;0;0;0;0;0;0;0;0;0;0;0;0;0;0;0;0;0 mg;0;0;0;0;0;0;0;0;0;0;0;0;0
4918;Kopi Kapal Api Mutu Khusus 60g;PT. Santos jaya abadi;1;7 gram;30 kkal;0;0;5 g;0;1 g;0.50 g;0;0;0;0;0;2 g;0;0;0 g;0;0;0;0;0;0;0;0;0;0;0;0;0;0;0;0;0;0;0;0;0;0 mg;0;0;0;0;0;0;0;0;0;0;0;0;0
4919;Kopi Kapal Api Special 60g;PT. Santos jaya abadi;1;6 gram;25 kkal;0;0;4 g;0;1 g;0.50 g;0;0;0;0;0;4 g;0;0;0 g;0;0;0;0;0;0;0;0;0;0;0;0;0;0;0;0;0;0;0;0;0;0 mg;0;0;0;0;0;0;0;0;0;0;0;0;0
4921;Kopi Kapal Api White Coffee 3 in 1;PT. Santos jaya abadi;1;37 gram;170 kkal;0;0;28 g;0;1 g;6 g;0;0;0;0;0;3 g;0;0;19 g;0;0;0;0;0;0;0;0;0;0;0;0;0;0;0;0;0;0;0;0;0;35 mg;0;0;0;0;0;0;0;0;0;0;0;0;0
4927;Krim Kafe Creamer 100g;PT. Santos jaya abadi;1;3 gram;15 kkal;0;0;2 g;0;0 g;1 g;0;0;0;0;0;0 g;0;0;1 g;0;0;0;0;0;0;0;0;0;0;0;0;0;0;0;0;0;0;0;0;0;0 mg;0;0;0;0;0;0;0;0;0;0;0;0;0
3748;Ellenka Fiber Creme;PT. Sarana Karya Utama;1;100 g;15 kkal;0;0;2 g;0;0 g;1 g;0;0;0;0;0;1 g;0;0;0 g;0;0;0;0;0;0;0;0;0;0;0;0;0;0;0;0;0;0;0;0;0;5 mg;0;0;0;0;0;0;0;0;0;0;0;0;0
2456;Nutri Boost Jeruk;PT. Sarana Karya Utama;1;180 g;100 kkal;0;0;22 g;0;1 g;1 g;0;0;0;0;0;0;0;0;19 g;0;0;0;0;0;0;0;15 mg;0;0;0;0;0;0;0;0;0;0;10 mg;0;0;110 mg;0;0;0;0;0;0;0;0;0;0;0;0;0
2664;Tango drink Berry Dremio rasa Dreamy strawberry (200 ml);PT. Sarana Karya Utama;1;100 g;90 kkal;0;0;14 g;0;2 g;2.50 g;0;0;0;0;0;3 g;0;0;10 g;0;0;0;0;0;0;0;0;0;0;0;0;0;0;0;0;0;0;0;0;0;90 mg;0;0;0;0;0;0;0;0;0;0;0;0;0
2661;Tango drink creamio rasa pudding pisang (200 ml);PT. Sarana Karya Utama;1;100 g;90 kkal;0;0;15 g;0;3 g;2.50 g;0;0;0;0;0;4 g;0;0;10 g;0;0;0;0;0;0;0;0;0;0;0;0;0;0;0;0;0;0;0;0;0;140 mg;0;0;0;0;0;0;0;0;0;0;0;0;0
2666;Tango drink Velluto rasa italian chocolate (200 ml);PT. Sarana Karya Utama;1;100 g;80 kkal;0;0;15 g;0;1 g;1.50 g;0;0;0;0;0;2 g;0;0;12 g;0;0;0;0;0;0;0;0;0;0;0;0;0;0;0;0;0;0;0;0;0;90 mg;0;0;0;0;0;0;0;0;0;0;0;0;0
1676;Mackerel Maya saus tomat;PT. Sarani tani pratama;1;100 g;100 kkal;0;0;4 g;0;16 g;3 g;0;0;0;0;0;0;0;0;0;0;0;0;0;0;0;0;0;0;0;0;0;0;0;0;0;0;0;0;0;0;0 mg;0;0;0;0;0;0;0;0;0;0;0;0;0
1675;Sarden maya sardines saus tomat;PT. Sarani tani pratama;1;100 g;80 kkal;0;0;4 g;0;13 g;1 g;0;0;0;0;0;0;0;0;0;0;0;0;0;0;0;0;0;0;0;0;0;0;0;0;0;0;0;0;0;0;0 mg;0;0;0;0;0;0;0;0;0;0;0;0;0
4987;Adem Sari Herbal Lemon 320 mL (kaleng);PT. Sari Enesis Indonesia;1;250 gram;90 kkal;0;0;21 g;0;0 g;0 g;0;0;0;0;0;0;0;0;18 g;0;0;0;0;0;0;0;0;0;0;0;0;0;0;0;0;0;0;0;0;0;130 mg;0;0;0;0;0;0;0;0;0;0;0;0;0
4988;Adem Sari Herbal Lemon 350 mL (botol);PT. Sari Enesis Indonesia;1;250 gram;90 kkal;0;0;22 g;0;0 g;0 g;0;0;0;0;0;0;0;0;16 g;0;0;0;0;0;0;0;0;0;0;0;0;0;0;0;0;0;0;0;0;0;115 mg;0;0;0;0;0;0;0;0;0;0;0;0;0
4989;Adem Sari Madu Lemon Tea 350 mL (botol);PT. Sari Enesis Indonesia;1;175 ml;60 kkal;0;0;16 g;0;0 g;0 g;0;0;0;0;0;0;0;0;15 g;0;0;0;0;0;0;0;0;0;0;0;0;0;0;0;0;0;0;0;0;0;35 mg;0;0;0;0;0;0;0;0;0;0;0;0;0
1851;Ademsari chingku;PT. Sari Enesis Indonesia;1;320 ml;110 kkal;0;0;27 g;0;0 g;0 g;0;0;0;0;0;0;0;0;25 g;0;0;0;0;0;0;0;0;0;0;0;0;0;0;0;0;0;0;0;0;0;0 mg;0;0;0;0;0;0;0;0;0;0;0;0;0
1850;Ademsari chingku herbal tea;PT. Sari Enesis Indonesia;1;325 ml;90 kkal;0;0;21 g;0;0 g;0 g;0;0;0;0;0;0;0;0;21 g;0;0;0;0;0;0;0;0;0;0;0;0;0;0;0;0;0;0;0;0;0;0 mg;0;0;0;0;0;0;0;0;0;0;0;0;0
1431;Coolant minuman;PT. Sari Enesis Indonesia;1;250 ml;100 kkal;0;0;25 g;0;0 g;0 g;0;0;0;0;0;0;0;0;23 g;0;0;0;0;0;0;0;0;0;0;0;0;0;0;0;0;0;0;0;0;0;0 mg;0;0;0;0;0;0;0;0;0;0;0;0;0
1520;Kopi Indocafe cappuccino;PT. Sari Incofood;1;25 g;110 kkal;0;0;19 g;0;2 g;3 g;0;0;0;0;0;0;0;0;14 g;0;0;0;0;0;0;0;0;0;0;0;0;0;0;0;0;0;0;0;0;0;0 mg;0;0;0;0;0;0;0;0;0;0;0;0;0
1519;Kopi Indocafe coffemix 3 in 1;PT. Sari Incofood;1;20 g;90 kkal;0;0;17 g;0;1 g;2 g;0;0;0;0;0;0;0;0;13 g;0;0;0;0;0;0;0;0;0;0;0;0;0;0;0;0;0;0;0;0;0;0 mg;0;0;0;0;0;0;0;0;0;0;0;0;0
1848;Maxtea lemon tea;PT. Sari Incofood;1;25 g;100 kkal;0;0;25 g;0;0 g;0 g;0;0;0;0;0;0;0;0;24 g;0;0;0;0;0;0;0;0;0;0;0;0;0;0;0;0;0;0;0;0;0;0 mg;0;0;0;0;0;0;0;0;0;0;0;0;0
1849;Maxtea tarik;PT. Sari Incofood;1;2 g;120 kkal;0;0;21 g;0;1 g;3 g;0;0;0;0;0;2 g;0;0;13 g;0;0;0;0;0;0;0;0;0;0;0;0;0;0;0;0;0;0;0;0;0;0 mg;0;0;0;0;0;0;0;0;0;0;0;0;0
4736;Indocafe Ginseng Cereal;PT. SARI INCOFOOD CORPORATION;1;35 gram;160 kkal;0;0;28 g;0;1 g;4.50 g;0;0;0;0;0;3 g;0;0;13 g;0;0;0;0;0;0;0;0;0;0;0;0;0;0;0;0;0;0;0;0;0;105 mg;0;0;0;0;0;0;0;0;0;0;0;0;0
4932;Max Tea Lemon Tea 125g;PT. SARI INCOFOOD CORPORATION;1;25 gram;100 kkal;0;0;25 g;0;0 g;0 g;0;0;0;0;0;0;0;0;24 g;0;0;0;0;0;0;0;0;0;0;0;0;0;0;0;0;0;0;0;0;0;0 mg;0;0;0;0;0;0;0;0;0;0;0;0;0
4931;Max Tea Tarikk;PT. SARI INCOFOOD CORPORATION;1;25 gram;110 kkal;0;0;20 g;0;1 g;3 g;0;0;0;0;0;0 g;0;0;14 g;0;0;0;0;0;0;0;0;0;0;0;0;0;0;0;0;0;0;0;0;0;15 mg;0;0;0;0;0;0;0;0;0;0;0;0;0
3020;maxtea apple tea;PT. SARI INCOFOOD CORPORATION;1;25.00 g;90 kkal;0;0;23 g;0;0 g;0 g;0;0;0;0;0;0;0;0;22 g;0;0;0;0;0;0;0;0;0;0;0;0;0;0;0;0;0;0;0;0;0;0 mg;0;0;0;0;0;0;0;0;0;0;0;0;0
2487;Momogi Bintang Coklat;PT. Sari Murni Abadi;1;10 g;50 kkal;0;0;6 g;0;1 g;3 g;0;0;0;0;0;0;0;0;0;0;0;0;0;0;0;0;0;0;0;0;0;0;0;0;0;0;0;0;0;0;20 mg;0;0;0;0;0;0;0;0;0;0;0;0;0
3013;Momogi long stick;PT. Sari Murni Abadi;1;10.00 g;60 kkal;0;0;5 g;0;1 g;3.50 g;0;0;0;0;0;0;0;0;2 g;0;0;0;0;0;0;0;0;0;0;0;0;0;0;0;0;0;0;0;0;0;50 mg;0;0;0;0;0;0;0;0;0;0;0;0;0
3212;Rose Brand Santan Kelapa;PT. Sari Segar Husada;1;100 g;35 kkal;0;0;1 g;0;0 g;3.50 g;0;0;0;0;0;0 g;0;0;0 g;0;0;0;0;0;0;0;0;0;0;0;0;0;0;0;0;0;0;0;0;0;0 mg;0;0;0;0;0;0;0;0;0;0;0;0;0
4607;SGM Eksplor 3+ Rasa Cokelat 400g;PT. Sarihusada Generasi Mahardika;1;40 gram;170 kkal;0;0;27 g;0;5 g;5 g;0;0;0;0;0;1 g;0;0;17 g;0;0;0;0;0;0;0;0;0;0;0;0;0;0;0;0;0;0;0;0;0;90 mg;0;0;0;0;0;0;0;0;0;0;0;0;0
3585;SGM EKSPLORE AKTIF 1;PT. Sarihusada Generasi Mahardika;1;200.00 ml;150 kkal;0;0;23 g;0;5 g;5 g;0;0;0;0;0;1 g;0;0;12 g;0;0;0;0;0;0;0;0;0;0;0;0;0;0;0;0;0;0;0;0;0;90 mg;0;0;0;0;0;0;0;0;0;0;0;0;0
1221;Pizza hut deluxe cheese;PT. Sarimelati kencana Tbk;1;150 g;380 kkal;0;0;37 g;0;16 g;19 g;0;0;0;0;0;3 g;0;0;1 g;0;0;0;0;0;0;0;0;0;0;0;0;0;0;0;0;0;0;0;0;0;0 mg;0;0;0;0;0;0;0;0;0;0;0;0;0
1222;Pizza hut deluxe cheeses;PT. Sarimelati kencana Tbk;1;65 g;150 kkal;0;0;17 g;0;6 g;6 g;0;0;0;0;0;1 g;0;0;2 g;0;0;0;0;0;0;0;0;0;0;0;0;0;0;0;0;0;0;0;0;0;0 mg;0;0;0;0;0;0;0;0;0;0;0;0;0
1218;Pizza hut meat lovers;PT. Sarimelati kencana Tbk;1;81 g;210 kkal;0;0;17 g;0;8 g;12 g;0;0;0;0;0;1 g;0;0;2 g;0;0;0;0;0;0;0;0;0;0;0;0;0;0;0;0;0;0;0;0;0;0 mg;0;0;0;0;0;0;0;0;0;0;0;0;0
1217;Pizza hut meat lover's;PT. Sarimelati kencana Tbk;1;175 g;470 kkal;0;0;36 g;0;19 g;28 g;0;0;0;0;0;2 g;0;0;1 g;0;0;0;0;0;0;0;0;0;0;0;0;0;0;0;0;0;0;0;0;0;0 mg;0;0;0;0;0;0;0;0;0;0;0;0;0
1219;Pizza hut super supreme;PT. Sarimelati kencana Tbk;1;172 g;410 kkal;0;0;37 g;0;16 g;22 g;0;0;0;0;0;3 g;0;0;2 g;0;0;0;0;0;0;0;0;0;0;0;0;0;0;0;0;0;0;0;0;0;0 mg;0;0;0;0;0;0;0;0;0;0;0;0;0
1220;Pizza hut super supreme personal;PT. Sarimelati kencana Tbk;1;77 g;170 kkal;0;0;17 g;0;7 g;9 g;0;0;0;0;0;1 g;0;0;2 g;0;0;0;0;0;0;0;0;0;0;0;0;0;0;0;0;0;0;0;0;0;0 mg;0;0;0;0;0;0;0;0;0;0;0;0;0
1807;Sarimi isi 2 ayam bawang;PT. SARIMI ASLI JAYA;1;115 g;510 kkal;0;0;70 g;0;13 g;20 g;0;0;0;0;0;3 g;0;0;3 g;0;0;0;0;0;0;0;0;0;0;0;0;0;0;0;0;0;0;0;0;0;0 mg;0;0;0;0;0;0;0;0;0;0;0;0;0
1806;Sarimi isi tongseng ayam;PT. SARIMI ASLI JAYA;1;120 g;560 kkal;0;0;76 g;0;11 g;23 g;0;0;0;0;0;6 g;0;0;5 g;0;0;0;0;0;0;0;0;0;0;0;0;0;0;0;0;0;0;0;0;0;0 mg;0;0;0;0;0;0;0;0;0;0;0;0;0
4771;Sasa Sambal Ekstra Pedas 275 mL;PT. Sasa Inti;1;15 ml;25 kkal;0;0;5 g;0;0 g;0 g;0;0;0;0;0;0;0;0;4 g;0;0;0;0;0;0;0;0;0;0;0;0;0;0;0;0;0;0;0;0;0;370 mg;0;0;0;0;0;0;0;0;0;0;0;0;0
4770;Sasa Sambal Pedas 135 mL;PT. Sasa Inti;1;15 ml;20 kkal;0;0;5 g;0;0 g;0 g;0;0;0;0;0;0;0;0;3 g;0;0;0;0;0;0;0;0;0;0;0;0;0;0;0;0;0;0;0;0;0;340 mg;0;0;0;0;0;0;0;0;0;0;0;0;0
3205;Sasa Santan Kelapa;PT. Sasa Inti;1;100 g;40 kkal;0;0;1 g;0;0 g;4 g;0;0;0;0;0;0 g;0;0;0 g;0;0;0;0;0;0;0;0;0;0;0;0;0;0;0;0;0;0;0;0;0;15 mg;0;0;0;0;0;0;0;0;0;0;0;0;0
4941;Fox's Fruits 90g;PT. Savoria Kreasi Rasa;1;5 gram;15 kkal;0;0;4 g;0;0 g;0 g;0;0;0;0;0;0;0;0;3 g;0;0;0;0;0;0;0;0;0;0;0;0;0;0;0;0;0;0;0;0;0;0 mg;0;0;0;0;0;0;0;0;0;0;0;0;0
4938;Fox's Lemon & Blackcurrant;PT. Savoria Kreasi Rasa;1;5 gram;15 kkal;0;0;4 g;0;0 g;0 g;0;0;0;0;0;0;0;0;3 g;0;0;0;0;0;0;0;0;0;0;0;0;0;0;0;0;0;0;0;0;0;0 mg;0;0;0;0;0;0;0;0;0;0;0;0;0
4939;Fox's Raspberry & Black Cherry;PT. Savoria Kreasi Rasa;1;5 gram;15 kkal;0;0;4 g;0;0 g;0 g;0;0;0;0;0;0;0;0;3 g;0;0;0;0;0;0;0;0;0;0;0;0;0;0;0;0;0;0;0;0;0;0 mg;0;0;0;0;0;0;0;0;0;0;0;0;0
4557;EkoMie Mie Instan Rasa Kaldu Ayam;PT. Sayap Mas Utama;1;55 gram;240 kkal;0;0;32 g;0;7 g;9 g;0;0;0;0;0;4 g;0;0;2 g;0;0;0;0;0;0;0;0;0;0;0;0;0;0;0;0;0;0;0;0;0;830 mg;0;0;0;0;0;0;0;0;0;0;0;0;0
3355;Floridina Orange;PT. Sayap Mas Utama;1;14.00 g;80 kkal;0;0;21 g;0;0 g;0 g;0;0;0;0;0;0;0;0;19 g;0;0;0;0;0;0;0;0;0;0;0;0;0;0;0;0;0;0;0;0;0;25 mg;0;0;0;0;0;0;0;0;0;0;0;0;0
3090;Bango Bumbu Kuliner Nusantara Tongseng Khas Solo;PT. Sekar Laut Tbk;1;100 g;35 kkal;0;0;5 g;0;0 g;1.50 g;0;0;0;0;0;1 g;0;0;4 g;0;0;0;0;0;0;0;0;0;0;0;0;0;0;0;0;0;0;0;0;0;800 mg;0;0;0;0;0;0;0;0;0;0;0;0;0
4644;Finna Kerupuk Udang Goreng;PT. Sekar Laut Tbk;1;10 gram;50 kkal;0;0;7 g;0;0 g;2 g;0;0;0;0;0;0;0;0;0;0;0;0;0;0;0;0;0;0;0;0;0;0;0;0;0;0;0;0;0;0;55 mg;0;0;0;0;0;0;0;0;0;0;0;0;0
1674;Sambal Terasi Kokita;PT. Sekar Laut Tbk;1;15 g;30 kkal;0;0;5 g;0;1 g;1 g;0;0;0;0;0;0;0;0;1 g;0;0;0;0;0;0;0;0;0;0;0;0;0;0;0;0;0;0;0;0;0;0 mg;0;0;0;0;0;0;0;0;0;0;0;0;0
4641;Sambal Terasi Uleg Finna Food;PT. Sekar Laut Tbk;1;8 gram;15 kkal;0;0;2 g;0;0 g;0.50 g;0;0;0;0;0;0;0;0;2 g;0;0;0;0;0;0;0;0;0;0;0;0;0;0;0;0;0;0;0;0;0;210 mg;0;0;0;0;0;0;0;0;0;0;0;0;0
4747;Uleg Sambal Bawang 190g;PT. Sekar Laut Tbk;1;8 gram;20 kkal;0;0;1 g;0;0 g;1.50 g;0;0;0;0;0;0;0;0;1 g;0;0;0;0;0;0;0;0;0;0;0;0;0;0;0;0;0;0;0;0;0;110 mg;0;0;0;0;0;0;0;0;0;0;0;0;0
4748;Uleg Sambal Kemiri 180g;PT. Sekar Laut Tbk;1;8 gram;20 kkal;0;0;2 g;0;0 g;1.50 g;0;0;0;0;0;1 g;0;0;1 g;0;0;0;0;0;0;0;0;0;0;0;0;0;0;0;0;0;0;0;0;0;130 mg;0;0;0;0;0;0;0;0;0;0;0;0;0
4750;Uleg Sambal Rawit 180g;PT. Sekar Laut Tbk;1;8 gram;10 kkal;0;0;1 g;0;0 g;0 g;0;0;0;0;0;0;0;0;1 g;0;0;0;0;0;0;0;0;0;0;0;0;0;0;0;0;0;0;0;0;0;170 mg;0;0;0;0;0;0;0;0;0;0;0;0;0
4680;Uleg Sambal Teri 15g;PT. Sekar Laut Tbk;1;8 gram;30 kkal;0;0;3 g;0;1 g;1.50 g;0;0;0;0;0;0 g;0;0;2 g;0;0;0;0;0;0;0;0;0;0;0;0;0;0;0;0;0;0;0;0;0;150 mg;0;0;0;0;0;0;0;0;0;0;0;0;0
4749;Uleg Sambal Teri 175g;PT. Sekar Laut Tbk;1;8 gram;30 kkal;0;0;3 g;0;1 g;1.50 g;0;0;0;0;0;0;0;0;2 g;0;0;0;0;0;0;0;0;0;0;0;0;0;0;0;0;0;0;0;0;0;150 mg;0;0;0;0;0;0;0;0;0;0;0;0;0
4751;Uleg Sambal Udang 175g;PT. Sekar Laut Tbk;1;8 gram;35 kkal;0;0;1 g;0;1 g;3 g;0;0;0;0;0;0;0;0;0 g;0;0;0;0;0;0;0;0;0;0;0;0;0;0;0;0;0;0;0;0;0;120 mg;0;0;0;0;0;0;0;0;0;0;0;0;0
4810;Bihun Jagung Cap Kijang;PT. Semi Intan Sejahtera;1;25 gram;90 kkal;0;0;20 g;0;2 g;0 g;0;0;0;0;0;0;0;0;0;0;0;0;0;0;0;0;0;0;0;0;0;0;0;0;0;0;0;0;0;0;15 mg;0;0;0;0;0;0;0;0;0;0;0;0;0
3179;Chuba Keripik Singkong Rasa Balado;PT. Sentral Multirasa Utama;1;100 g;70 kkal;0;0;11 g;0;0 g;2.50 g;0;0;0;0;0;1 g;0;0;1 g;0;0;0;0;0;0;0;0;0;0;0;0;0;0;0;0;0;0;0;0;0;125 mg;0;0;0;0;0;0;0;0;0;0;0;0;0
3400;Chuba Keripik Singkong Rasa Keju;PT. Sentral Multirasa Utama;1;100 g;100 kkal;0;0;14 g;0;0 g;5 g;0;0;0;0;0;3 g;0;0;1 g;0;0;0;0;0;0;0;0;0;0;0;0;0;0;0;0;0;0;0;0;0;40 mg;0;0;0;0;0;0;0;0;0;0;0;0;0
4515;Bellygood Mini Pillow Chocolate;PT. Sepanjang Pangan Jaya;1;15 gram;60 kkal;0;0;13 g;0;1 g;1 g;0;0;0;0;0;0;0;0;4 g;0;0;0;0;0;0;0;0;0;0;0;0;0;0;0;0;0;0;0;0;0;30 mg;0;0;0;0;0;0;0;0;0;0;0;0;0
4530;FamilyKu Choco Chips Assorted Cookies;PT. Sepanjang Pangan Jaya;1;15 gram;90 kkal;0;0;15 g;0;1 g;3.50 g;0;0;0;0;0;0;0;0;7 g;0;0;0;0;0;0;0;0;0;0;0;0;0;0;0;0;0;0;0;0;0;80 mg;0;0;0;0;0;0;0;0;0;0;0;0;0
3329;Folabee rasa coklat;PT. Serena Indopangan Industri;1;100 g;160 kkal;0;0;26 g;0;3 g;5 g;0;0;0;0;0;2 g;0;0;9 g;0;0;0;0;0;0;0;0;0;0;0;0;0;0;0;0;0;0;0;0;0;190 mg;0;0;0;0;0;0;0;0;0;0;0;0;0
3328;Folabee rasa original;PT. Serena Indopangan Industri;1;100 g;170 kkal;0;0;25 g;0;3 g;6 g;0;0;0;0;0;2 g;0;0;7 g;0;0;0;0;0;0;0;0;0;0;0;0;0;0;0;0;0;0;0;0;0;135 mg;0;0;0;0;0;0;0;0;0;0;0;0;0
2829;Klik Crackers;PT. Serena Indopangan Industri;1;100 g;60 kkal;0;0;8 g;0;1 g;2 g;0;0;0;0;0;0;0;0;1 g;0;0;0;0;0;0;0;0;0;0;0;0;0;0;0;0;0;0;0;0;0;90 mg;0;0;0;0;0;0;0;0;0;0;0;0;0
3184;Lemonia Biscuit;PT. Serena Indopangan Industri;1;100 g;100 kkal;0;0;13 g;0;1 g;5 g;0;0;0;0;0;1 g;0;0;5 g;0;0;0;0;0;0;0;0;0;0;0;0;0;0;0;0;0;0;0;0;0;50 mg;0;0;0;0;0;0;0;0;0;0;0;0;0
2958;Nissin Assorted Biscuits;PT. Serena Indopangan Industri;1;100 g;120 kkal;0;0;18 g;0;1 g;5 g;0;0;0;0;0;1 g;0;0;7 g;0;0;0;0;0;0;0;0;0;0;0;0;0;0;0;0;0;0;0;0;0;60 mg;0;0;0;0;0;0;0;0;0;0;0;0;0
2998;Nissin Butter Coconut Biscuits;PT. Serena Indopangan Industri;1;100 g;100 kkal;0;0;14 g;0;1 g;5 g;0;0;0;0;0;2 g;0;0;4 g;0;0;0;0;0;0;0;0;0;0;0;0;0;0;0;0;0;0;0;0;0;55 mg;0;0;0;0;0;0;0;0;0;0;0;0;0
2550;Saltcheese Crackers Biscuit;PT. Serena Indopangan Industri;1;16 g;80 kkal;0;0;10 g;0;2 g;3 g;0;0;0;0;0;0;0;0;0;0;0;0;0;0;0;0;0;0;0;0;0;0;0;0;0;0;0;0;0;0;110 mg;0;0;0;0;0;0;0;0;0;0;0;0;0
4353;Serena Chocolate Short Cake Cream Biscuits;PT. Serena Indopangan Industri;1;20 gram;100 kkal;0;0;13 g;0;1 g;4.50 g;0;0;0;0;0;1 g;0;0;6 g;0;0;0;0;0;0;0;0;0;0;0;0;0;0;0;0;0;0;0;0;0;45 mg;0;0;0;0;0;0;0;0;0;0;0;0;0
3309;Serena Rodeo Vanilla Cream;PT. Serena Indopangan Industri;1;100 g;170 kkal;0;0;24 g;0;2 g;8 g;0;0;0;0;0;1 g;0;0;14 g;0;0;0;0;0;0;0;0;0;0;0;0;0;0;0;0;0;0;0;0;0;90 mg;0;0;0;0;0;0;0;0;0;0;0;0;0
1756;Biskuit Serena broniz;PT. Serena Land;1;20 g;100 kkal;0;0;13 g;0;2 g;5 g;0;0;0;0;0;1 g;0;0;7 g;0;0;0;0;0;0;0;0;0;0;0;0;0;0;0;0;0;0;0;0;0;0 mg;0;0;0;0;0;0;0;0;0;0;0;0;0
2095;Pisang Cavendish, segar;PT. Sewu Segar Nusantara;1;160 g;110 kkal;0;0;30 g;0;1 g;0 g;0;0;0;0;0;3 g;0;0;0;0;0;0;24.30 mcg;0;0;0;0;0;0;0;0;0;0;9 mg;0;0;0;0;0;0;0 mg;450 mg;0.30 mg;0;0;0;0;0;0;0;0;0;0;0
2100;Pisang Cavendish, segar;PT. Sewu Segar Nusantara;1;160 g;110 kkal;0;0;30 g;0;1 g;0 g;0;0;0;0;0;3 g;0;0;0;0;0;0;24.30 mcg;0;0;0;0;0;0;0;0;0;0;9 mg;0;0;0;0;0;0;0 mg;450 mg;0.30 mg;0;0;0;0;0;0;0;0;0;0;0
3235;Gemez Enaak Snack Mi;PT. Siantar Top;1;100 g;100 kkal;0;0;13 g;0;2 g;4 g;0;0;0;0;0;0;0;0;0 g;0;0;0;0;0;0;0;0;0;0;0;0;0;0;0;0;0;0;0;0;0;240 mg;0;6 mg;0;0;0;0;0;0;0;0;0;0;0
2498;Tic Tic crunchy stick;PT. Siantar Top;1;20 g;90 kkal;0;0;40 g;0;5 g;16 g;0;0;0;0;0;0;0;0;0;0;0;0;0;0;0;0;0;0;0;0;0;0;0;0;0;0;0;0;0;0;135 mg;0;0;0;0;0;0;0;0;0;0;0;0;0
3237;Twistko Jagung Bakar Rasa Keju;PT. Siantar Top;1;100 g;100 kkal;0;0;14 g;0;2 g;4 g;0;0;0;0;0;0;0;0;1 g;0;0;0;0;0;0;0;0;0;0;0;0;0;0;0;0;0;0;0;0;0;160 mg;0;0;0;0;0;0;0;0;0;0;0;0;0
3886;mie gemez enaak;PT. Siantar Top Tbk;1;15 gram;70 kkal;0;0;10 g;0;1 g;3 g;0;0;0;0;0;0;0;0;0 g;0;0;0;0;0;0;0;0;0;0;0;0;0;0;0;0;0;0;0;0;0;140 mg;0;0;0;0;0;0;0;0;0;0;0;0;0
3891;soba snack mie rasa sambal balado;PT. Siantar Top Tbk;1;20 gram;100 kkal;0;0;13 g;0;2 g;4.50 g;0;0;0;0;0;0;0;0;1 g;0;0;0;0;0;0;0;0;0;0;0;0;0;0;0;0;0;0;0;0;0;150 mg;0;0;0;0;0;0;0;0;0;0;0;0;0
3358;Suki Rasa Ayam Kecap;PT. Siantar Top Tbk;1;100 g;100 kkal;0;0;13 g;0;2 g;4 g;0;0;0;0;0;0;0;0;1 g;0;0;0;0;0;0;0;0;0;0;0;0;0;0;0;0;0;0;0;0;0;240 mg;0;0;0;0;0;0;0;0;0;0;0;0;0
1770;kopi Indocafe white;PT. SIF;1;12 g;60 kkal;0;0;7 g;0;1 g;3.50 g;0;0;0;0;0;1 g;0;0;0;0;0;0;0;0;0;0;0;0;0;0;0;0;0;0;0;0;0;0;0;0;0 mg;0;0;0;0;0;0;0;0;0;0;0;0;0
2494;Choco Pillow;PT. Simba Indosnack;1;10 g;45 kkal;0;0;7 g;0;1 g;1.50 g;0;0;0;0;0;0;0;0;3 g;0;0;0;0;0;0;0;0;0;0;0;0;0;0;0;0;0;0;0;0;0;15 mg;0;0;0;0;0;0;0;0;0;0;0;0;0
3180;Simba Choco Chips;PT. Simba Indosnack Makmur;1;100 g;25 kkal;0;0;5 g;0;1 g;0 g;0;0;0;0;0;0 g;0;0;2 g;0;0;0;0;0;0;0;0;0;0;0;0;0;0;0;0;0;0;0;0;0;15 mg;20 mg;0;0;0;0;0;0;0;0;0;0;0;0
4591;Simba Choco Chips 330g + 30g;PT. Simba Indosnack Makmur;1;30 gram;130 kkal;0;0;24 g;0;3 g;2 g;0;0;0;0;0;2 g;0;0;10 g;0;0;0;0;0;0;1.15 mg;19.23 mg;0;0;0;0;0;0;0;0;0;0;0;0;0;85 mg;0;0;0;0;0;0;0;0;0;0;0;0;0
4799;Simba Choco Chips Box Rasa Strawberry 150g;PT. Simba Indosnack Makmur;1;20 gram;80 kkal;0;0;17 g;0;1 g;0.50 g;0;0;0;0;0;1 g;0;0;7 g;0;0;0;0;0;0;0;0;0;0;0;0;0;0;0;0;0;0;0;0;0;85 mg;0;0;0;0;0;0;0;0;0;0;0;0;0
3221;Happy Tos Tortilla Chips;PT. Sinar Kencana Agung;1;100 g;130 kkal;0;0;16 g;0;2 g;7 g;0;0;0;0;0;1 g;0;0;1 g;0;0;0;0;0;0;0;0;0;0;0;0;0;0;0;0;0;0;0;0;0;125 mg;0;0;0;0;0;0;0;0;0;0;0;0;0
3318;Country Choice Rasa Apel;PT. Sinar Sosro;1;100 g;170 kkal;0;0;41 g;0;0 g;0 g;0;0;0;0;0;0;0;0;35 g;0;0;0;0;0;0;0;0;0;0;0;0;0;0;0;0;0;0;0;0;0;20 mg;0;0;0;0;0;0;0;0;0;0;0;0;0
3319;Country Choice Rasa Jambu;PT. Sinar Sosro;1;100 g;110 kkal;0;0;28 g;0;0 g;0 g;0;0;0;0;0;0;0;0;26 g;0;0;0;0;0;0;0;0;0;0;0;0;0;0;0;0;0;0;0;0;0;20 mg;0;0;0;0;0;0;0;0;0;0;0;0;0
2033;Fruit Tea Lemon;PT. Sinar Sosro;1;500 ml;240 kkal;0;0;60 g;0;0 g;0 g;0;0;0;0;0;0;0;0;48 g;0;0;0;0;0;0;0;0;0;0;0;0;0;0;0;0;0;0;0;0;0;0 mg;0;0;0;0;0;0;0;0;0;0;0;0;0
3025;Sosro Fruit Tea Apel;PT. Sinar Sosro;1;100 g;100 kkal;0;0;24 g;0;0 g;0 g;0;0;0;0;0;0;0;0;19 g;0;0;0;0;0;0;0;0;0;0;0;0;0;0;0;0;0;0;0;0;0;45 mg;0;0;0;0;0;0;0;0;0;0;0;0;0
1845;Teh celup sosro;PT. Sinar Sosro;1;2 g;0 kkal;0;0;0 g;0;0 g;0 g;0;0;0;0;0;0 g;0;0;0 g;0;0;0;0;0;0;0;0;0;0;0;0;0;0;0;0;0;0;0;0;0;0 mg;0;0;0;0;0;0;0;0;0;0;0;0;0
4512;Teh Cap Poci Sakura Matcha Latte;PT. Sinar Sosro Gunung Slamet;1;25 gram;110 kkal;0;0;22 g;0;0 g;2 g;0;0;0;0;0;0;0;0;19 g;0;0;0;0;0;0;0;0;0;0;0;0;0;0;0;0;0;0;0;0;0;0 mg;0;0;0;0;0;0;0;0;0;0;0;0;0
4946;Teh Cap Poci Teh Tarik Gula Aren;PT. Sinar Sosro Gunung Slamet;1;25 gram;110 kkal;0;0;21 g;0;0 g;3 g;0;0;0;0;0;0;0;0;17 g;0;0;0;0;0;0;0;0;0;0;0;0;0;0;0;0;0;0;0;0;0;160 mg;0;0;0;0;0;0;0;0;0;0;0;0;0
4947;Teh Poci Pandan Vanilla + Selasih;PT. Sinar Sosro Gunung Slamet;1;24 gram;100 kkal;0;0;23 g;0;0 g;0 g;0;0;0;0;0;0;0;0;19 g;0;0;0;0;0;0;0;0;0;0;0;0;0;0;0;0;0;0;0;0;0;0 mg;0;0;0;0;0;0;0;0;0;0;0;0;0
3078;Real Good rasa Sereal Coklat;PT. So Good Food;1;30.00 g;100 kkal;0;0;17 g;0;3 g;2.50 g;0;0;0;0;0;0;0;0;13 g;0;0;0;0;0;0;0;0;0;0;0;0;0;0;0;0;0;0;0;0;0;55 mg;160 mg;0;0;0;0;0;0;0;0;0;0;0;0
4628;So Nice Sozzis Ayam 75g;PT. So Good Food;1;50 gram;80 kkal;0;0;10 g;0;4 g;3 g;0;0;0;0;0;0;0;0;0 g;0;0;0;0;0;0;0;0;0;0;0;0;0;0;0;0;0;0;0;0;0;450 mg;0;0;0;0;0;0;0;0;0;0;0;0;0
4858;So Nice Sozzis Sapi 75g;PT. So Good Food Manufacturing;1;50 gram;90 kkal;0;0;9 g;0;5 g;3.50 g;0;0;0;0;0;0;0;0;0 g;0;0;0;0;0;0;0;0;0;0;0;0;0;0;0;0;0;0;0;0;0;560 mg;0;0;0;0;0;0;0;0;0;0;0;0;0
1464;Sonice Bakso kuah sapi;PT. So Good Food Manufacturing;1;120 g;160 kkal;0;0;20 g;0;8 g;5 g;0;0;0;0;0;0;0;0;0;0;0;0;0;0;0;0;0;0;0;0;0;0;0;0;0;0;0;0;0;0;0 mg;0;0;0;0;0;0;0;0;0;0;0;0;0
1461;Sonice Chicken karage;PT. So Good Food Manufacturing;1;100 g;300 kkal;0;0;21 g;0;12 g;18 g;0;0;0;0;0;0;0;0;0;0;0;0;0;0;0;0;0;0;0;0;0;0;0;0;0;0;0;0;0;0;0 mg;0;0;0;0;0;0;0;0;0;0;0;0;0
1459;Sonice Chicken nugget;PT. So Good Food Manufacturing;1;100 g;250 kkal;0;0;14 g;0;16 g;14 g;0;0;0;0;0;0;0;0;0;0;0;0;0;0;0;0;0;0;0;0;0;0;0;0;0;0;0;0;0;0;0 mg;0;0;0;0;0;0;0;0;0;0;0;0;0
1463;Sonice Chicken sausage;PT. So Good Food Manufacturing;1;60 g;110 kkal;0;0;2 g;0;9 g;7 g;0;0;0;0;0;0;0;0;0;0;0;0;0;0;0;0;0;0;0;0;0;0;0;0;0;0;0;0;0;0;0 mg;0;0;0;0;0;0;0;0;0;0;0;0;0
1460;Sonice Chicken Stick;PT. So Good Food Manufacturing;1;100 g;250 kkal;0;0;13 g;0;13 g;17 g;0;0;0;0;0;0;0;0;0;0;0;0;0;0;0;0;0;0;0;0;0;0;0;0;0;0;0;0;0;0;0 mg;0;0;0;0;0;0;0;0;0;0;0;0;0
1462;Sonice Chicken wing;PT. So Good Food Manufacturing;1;100 g;220 kkal;0;0;4 g;0;20 g;14 g;0;0;0;0;0;0;0;0;0;0;0;0;0;0;0;0;0;0;0;0;0;0;0;0;0;0;0;0;0;0;0 mg;0;0;0;0;0;0;0;0;0;0;0;0;0
1509;Selai Smucker's Blueberry;PT. Sonton Food Indonesia;1;20 g;50 kkal;0;0;13 g;0;0 g;0 g;0;0;0;0;0;0;0;0;12 g;0;0;0;0;0;0;0;0;0;0;0;0;0;0;0;0;0;0;0;0;0;0 mg;0;0;0;0;0;0;0;0;0;0;0;0;0
1508;Selai Smucker's Strawberry;PT. Sonton Food Indonesia;1;20 g;50 kkal;0;0;13 g;0;0 g;0 g;0;0;0;0;0;0;0;0;0;0;0;0;0;0;0;0;0;0;0;0;0;0;0;0;0;0;0;0;0;0;0 mg;0;0;0;0;0;0;0;0;0;0;0;0;0
1659;Mini pau kacang merah;PT. Sorin Mahasa;1;25 g;80 kkal;0;0;13 g;0;2 g;1.50 g;0;0;0;0;0;0;0;0;2 g;0;0;0;0;0;0;0;0;0;0;0;0;0;0;0;0;0;0;0;0;0;0 mg;0;0;0;0;0;0;0;0;0;0;0;0;0
1390;Biokul greek yogurt;PT. Sukanda djaya;1;100 g;160 kkal;0;0;6 g;0;6 g;12 g;0;0;0;0;0;0;0;0;2 g;0;0;0;0;0;0;0;0;0;0;0;0;0;0;0;0;0;0;0;0;0;0 mg;0;0;0;0;0;0;0;0;0;0;0;0;0
1388;Biokul natural set yogurt;PT. Sukanda djaya;1;100 g;70 kkal;0;0;10 g;0;5 g;1 g;0;0;0;0;0;0;0;0;3 g;0;0;0;0;0;0;0;0;0;0;0;0;0;0;0;0;0;0;0;0;0;0 mg;0;0;0;0;0;0;0;0;0;0;0;0;0
1389;Biokul plain yogurt;PT. Sukanda djaya;1;100 g;90 kkal;0;0;15 g;0;5 g;0.50 g;0;0;0;0;0;0;0;0;7 g;0;0;0;0;0;0;0;0;0;0;0;0;0;0;0;0;0;0;0;0;0;0 mg;0;0;0;0;0;0;0;0;0;0;0;0;0
1976;Dairy cream Millac gold cooking cream;PT. Sukanda djaya;1;100 g;328 kkal;0;0;4 g;0;2.70 g;33.50 g;0;0;0;0;0;0;0;0;4 g;0;0;0;0;0;0;0;0;0;0;0;0;0;0;0;0;0;0;0;0;0;0 mg;0;0;0;0;0;0;0;0;0;0;0;0;0
1392;Elle vire yogurt;PT. Sukanda djaya;1;100 g;90 kkal;0;0;13 g;0;2.30 g;3.10 g;0;0;0;0;0;0.40 g;0;0;11 g;0;0;0;0;0;0;0;0;0;0;0;0;0;0;0;0;0;0;0;0;0;0 mg;0;0;0;0;0;0;0;0;0;0;0;0;0
1504;Es krim Diamond durian;PT. Sukanda djaya;1;100 ml;100 kkal;0;0;12 g;0;2 g;6 g;0;0;0;0;0;0;0;0;9 g;0;0;0;0;0;0;0;0;0;0;0;0;0;0;0;0;0;0;0;0;0;0 mg;0;0;0;0;0;0;0;0;0;0;0;0;0
1506;Es krim Diamond kacang hijau;PT. Sukanda djaya;1;100 ml;220 kkal;0;0;12 g;0;4 g;11 g;0;0;0;0;0;0;0;0;8 g;0;0;0;0;0;0;0;0;0;0;0;0;0;0;0;0;0;0;0;0;0;0 mg;0;0;0;0;0;0;0;0;0;0;0;0;0
1505;Es krim Diamond vanilla;PT. Sukanda djaya;1;100 ml;110 kkal;0;0;12 g;0;2 g;6 g;0;0;0;0;0;0;0;0;9 g;0;0;0;0;0;0;0;0;0;0;0;0;0;0;0;0;0;0;0;0;0;0 mg;0;0;0;0;0;0;0;0;0;0;0;0;0
1763;Golden Farm corn kernel;PT. Sukanda djaya;1;100 g;70 kkal;0;0;14 g;0;3 g;1 g;0;0;0;0;0;0;0;0;3 g;0;0;0;0;0;0;0;0;0;0;0;0;0;0;0;0;0;0;0;0;0;0 mg;0;0;0;0;0;0;0;0;0;0;0;0;0
1761;Golden Farm french fries;PT. Sukanda djaya;1;100 g;170 kkal;0;0;29 g;0;3 g;4.50 g;0;0;0;0;0;0;0;0;0 g;0;0;0;0;0;0;0;0;0;0;0;0;0;0;0;0;0;0;0;0;0;0 mg;0;0;0;0;0;0;0;0;0;0;0;0;0
1762;Golden Farm frozen pea;PT. Sukanda djaya;1;100 g;90 kkal;0;0;12 g;0;7 g;1 g;0;0;0;0;0;0;0;0;3 g;0;0;0;0;0;0;0;0;0;0;0;0;0;0;0;0;0;0;0;0;0;0 mg;0;0;0;0;0;0;0;0;0;0;0;0;0
1764;Golden Farm mixed vegetable;PT. Sukanda djaya;1;100 g;70 kkal;0;0;14 g;0;3 g;1 g;0;0;0;0;0;0;0;0;4 g;0;0;0;0;0;0;0;0;0;0;0;0;0;0;0;0;0;0;0;0;0;0 mg;0;0;0;0;0;0;0;0;0;0;0;0;0
1595;Keju Diamond cheddar;PT. Sukanda djaya;1;30 g;70 kkal;0;0;8 g;0;5 g;2 g;0;0;0;0;0;0;0;0;0;0;0;0;0;0;0;0;0;0;0;0;0;0;0;0;0;0;0;0;0;0;0 mg;0;0;0;0;0;0;0;0;0;0;0;0;0
4506;Nongshim Cup Korean Clay Pot Ramyun;PT. Sukanda djaya;1;70 gram;310 kkal;0;0;44 g;0;5 g;13 g;0;0;0;0;0;0;0;0;2 g;0;0;0;0;0;0;0;0;0;0;0;0;0;0;0;0;0;0;0;0;0;1150 mg;0;0;0;0;0;0;0;0;0;0;0;0;0
2183;Roti Canai Original;PT. Sukanda djaya;1;58 g;163.60 kkal;0;0;26.50 g;0;3.90 g;4.40 g;0;0;0;0;0;0;0;0;0;0;0;0;0;0;0;0;0;0;0;0;0;0;0;0;0;0;0;0;0;0;254 mg;0;0;0;0;0;0;0;0;0;0;0;0;0
1533;san remo pasta sauce bolognese mushroom;PT. Sukanda djaya;1;125 g;77 kkal;0;0;8.60 g;0;2.10 g;3.60 g;0;0;0;0;0;0;0;0;4.80 g;0;0;0;0;0;0;0;0;0;0;0;0;0;0;0;0;0;0;0;0;0;0 mg;0;0;0;0;0;0;0;0;0;0;0;0;0
1530;san remo pasta sauce spaghetti (mentah);PT. Sukanda djaya;1;125 g;457 kkal;0;0;90 g;0;15 g;2.50 g;0;0;0;0;0;3.80 g;0;0;3.10 g;0;0;0;0;0;0;0;0;0;0;0;0;0;0;0;0;0;0;0;0;0;0 mg;0;0;0;0;0;0;0;0;0;0;0;0;0
1532;san remo pasta sauce spinach fettuccine(mentah);PT. Sukanda djaya;1;125 g;457 kkal;0;0;89 g;0;15 g;2.50 g;0;0;0;0;0;6 g;0;0;4 g;0;0;0;0;0;0;0;0;0;0;0;0;0;0;0;0;0;0;0;0;0;0 mg;0;0;0;0;0;0;0;0;0;0;0;0;0
1732;san remo pasta sauce wholemeal (mentah);PT. Sukanda djaya;1;125 g;452 kkal;0;0;78 g;0;19 g;4 g;0;0;0;0;0;11 g;0;0;4 g;0;0;0;0;0;0;0;0;0;0;0;0;0;0;0;0;0;0;0;0;0;0 mg;0;0;0;0;0;0;0;0;0;0;0;0;0
1608;san remo sauce napolitana;PT. Sukanda djaya;1;125 g;72 kkal;0;0;8.60 g;0;1.40 g;3.50 g;0;0;0;0;0;0;0;0;6.50 g;0;0;0;0;0;0;0;0;0;0;0;0;0;0;0;0;0;0;0;0;0;0 mg;0;0;0;0;0;0;0;0;0;0;0;0;0
1534;san remo sauce tomato basil;PT. Sukanda djaya;1;125 g;96 kkal;0;0;11.50 g;0;2 g;4.60 g;0;0;0;0;0;0;0;0;7.40 g;0;0;0;0;0;0;0;0;0;0;0;0;0;0;0;0;0;0;0;0;0;0 mg;0;0;0;0;0;0;0;0;0;0;0;0;0
2205;Shin Ramyun Noodle Soup;PT. Sukanda djaya;1;60 g;250 kkal;0;0;38 g;0;5 g;80 g;0;0;0;0;0;0;0;0;0;0;0;0;0;0;0;0;0;0;0;0;0;0;0;0;0;0;0;0;0;0;970 mg;0;0;0;0;0;0;0;0;0;0;0;0;0
1869;Susu kedelai V Soy;PT. Sukanda djaya;1;250 ml;188 kkal;0;0;21 g;0;8 g;8.50 g;0;0;0;0;0;0;0;0;15 g;0;0;0;0;0;0;0;0;0;0;0;0;0;0;0;0;0;0;0;0;0;0 mg;0;0;0;0;0;0;0;0;0;0;0;0;0
1870;Susu kedelai V Soy Multigrain;PT. Sukanda djaya;1;250 ml;169 kkal;0;0;20.40 g;0;6.10 g;6.90 g;0;0;0;0;0;0;0;0;16.30 g;0;0;0;0;0;0;0;0;0;0;0;0;0;0;0;0;0;0;0;0;0;0 mg;0;0;0;0;0;0;0;0;0;0;0;0;0
2767;V-soy Soya bean Milk Low Sugar;PT. Sukanda djaya;1;200.00 ml;56 kkal;0;0;5.20 g;0;2.70 g;2.70 g;0;0;0;0;0;0;0;0;2.20 g;0;0;0;0;0;0;0;0;0;0;0;0;0;0;0;0;0;0;0;0;0;0 mg;0;0;0;0;0;0;0;0;0;0;0;0;0
2770;V-soy Soya bean Milk Low Sugar;PT. Sukanda djaya;1;200.00 ml;56 kkal;0;0;5.20 g;0;2.70 g;2.70 g;0;0;0;0;0;0;0;0;2.20 g;0;0;0;0;0;0;0;0;0;0;0;0;0;0;0;0;0;0;0;0;0;0 mg;0;0;0;0;0;0;0;0;0;0;0;0;0
4705;Rabbin Sardines in Tomato Sauce;PT. Sumber Mutiara Samudra;1;75 gram;80 kkal;0;0;4 g;0;10 g;3 g;0;0;0;0;0;0;0;0;1 g;0;0;0;0;0;0;0;0;0;0;0;0;0;0;0;0;0;0;0;0;0;210 mg;0;0;0;0;0;0;0;0;0;0;0;0;0
4704;Tanira Sardines in Tomato Sauce;PT. Sumber Mutiara Samudra;1;75 gram;80 kkal;0;0;4 g;0;10 g;3 g;0;0;0;0;0;0;0;0;1 g;0;0;0;0;0;0;0;0;0;0;0;0;0;0;0;0;0;0;0;0;0;210 mg;0;0;0;0;0;0;0;0;0;0;0;0;0
1843;Dendeng sapi sumber selera;PT. Sumber Selera;1;50 g;190 kkal;0;0;21 g;0;17 g;4.50 g;0;0;0;0;0;0;0;0;8 g;0;0;0;0;0;0;0;0;0;0;0;0;0;0;0;0;0;0;0;0;0;0 mg;0;0;0;0;0;0;0;0;0;0;0;0;0
4762;Masta Saus Teriyaki;PT. Sumber Tirta Hakiki;1;20 ml;40 kkal;0;0;9 g;0;0 g;0 g;0;0;0;0;0;0;0;0;8 g;0;0;0;0;0;0;0;0;0;0;0;0;0;0;0;0;0;0;0;0;0;490 mg;0;0;0;0;0;0;0;0;0;0;0;0;0
1721;Rose brand bihun rasa ayam bawang;PT. Sungan Budi;1;55 g;190 kkal;0;0;44 g;0;1 g;1 g;0;0;0;0;0;6 g;0;0;1 g;0;0;0;0;0;0;0;0;0;0;0;0;0;0;0;0;0;0;0;0;0;0 mg;0;0;0;0;0;0;0;0;0;0;0;0;0
1722;Rose brand bihun rasa ayam pedas;PT. Sungan Budi;1;55 g;190 kkal;0;0;43 g;0;1 g;1.50 g;0;0;0;0;0;6 g;0;0;2 g;0;0;0;0;0;0;0;0;0;0;0;0;0;0;0;0;0;0;0;0;0;0 mg;0;0;0;0;0;0;0;0;0;0;0;0;0
1150;MYTEA Teh Oolong 450 ml;PT. Suntory Garuda Beverage;1;225 ml;70 kkal;0;0;18 g;0;0 g;0 g;0;0;0;0;0;0;0;0;0;0;0;0;0;0;0;0;0;0;0;0;0;0;0;0;0;0;0;0;0;0;20 mg;0;0;0;0;0;0;0;0;0;0;0;0;0
4585;Goodmood Lemon dan Madu 450 mL;PT. Suntory Garuda Beverage (SGB);1;225 ml;45 kkal;0;0;11 g;0;0 g;0 g;0;0;0;0;0;0;0;0;11 g;0;0;0;0;0;0;0;0;0;0;0;0;0;0;0;0;0;0;0;0;0;35 mg;0;0;0;0;0;0;0;0;0;0;0;0;0
1833;Mie telur urai original pipih cap burung dara;PT. Suprama;1;140 g;510 kkal;0;0;103 g;0;21 g;2 g;0;0;0;0;0;4 g;0;0;1 g;0;0;0;0;0;0;0;0;0;0;0;0;0;0;0;0;0;0;0;0;0;0 mg;0;0;0;0;0;0;0;0;0;0;0;0;0
1834;Mie telur urai pipih cap burung dara;PT. Suprama;1;140 g;510 kkal;0;0;102 g;0;21 g;2 g;0;0;0;0;0;4 g;0;0;1 g;0;0;0;0;0;0;0;0;0;0;0;0;0;0;0;0;0;0;0;0;0;0 mg;0;0;0;0;0;0;0;0;0;0;0;0;0
4574;Best Wok Mie Goreng Black Papper Seafood;PT. Surya Pratista Hutama;1;80 gram;400 kkal;0;0;50 g;0;7 g;19 g;0;0;0;0;0;2 g;0;0;5 g;0;0;0;0;0;0;0;0;0;0;0;0;0;0;0;0;0;0;0;0;0;970 mg;0;0;0;0;0;0;0;0;0;0;0;0;0
4834;Best Wok Mie Goreng Korean Spicy Cheese;PT. Surya Pratista Hutama;1;73 gram;370 kkal;0;0;44 g;0;6 g;19 g;0;0;0;0;0;2 g;0;0;4 g;0;0;0;0;0;0;0;0;0;0;0;0;0;0;0;0;0;0;0;0;0;970 mg;0;0;0;0;0;0;0;0;0;0;0;0;0
4833;Best Wok Mie Goreng Thai Chili Lime;PT. Surya Pratista Hutama;1;75 gram;370 kkal;0;0;45 g;0;6 g;20 g;0;0;0;0;0;1 g;0;0;3 g;0;0;0;0;0;0;0;0;0;0;0;0;0;0;0;0;0;0;0;0;0;1060 mg;0;0;0;0;0;0;0;0;0;0;0;0;0
4943;Tao Kae Noi Big Sheet Classic Flavour;PT. Tao Kae Noi Food and Marketing Co Ltd;1;3 gram;20 kkal;0;0;1 g;0;1 g;2 g;0;0;0;0;0;0 g;0;0;0 g;0;0;0;0;0;0;0;0;0;0;0;0;0;0;0;0;0;0;0;0;0;15 mg;0;0;0;0;0;0;0;0;0;0;0;0;0
3167;Tao Kae Noi Crispy Seaweed Hot & Spicy;PT. Tao Kae Noi Food and Marketing Co Ltd;1;100 g;15 kkal;0;0;1 g;0;1 g;1 g;0;0;0;0;0;0 g;0;0;0 g;0;0;0;0;0;0;0;0;0;0;0;0;0;0;0;0;0;0;0;0;0;15 mg;0;0;0;0;0;0;0;0;0;0;0;0;0
3165;Tao Kae Noi crispy seaweed original;PT. Tao Kae Noi Food and Marketing Co Ltd;1;100 g;15 kkal;0;0;1 g;0;1 g;1 g;0;0;0;0;0;0 g;0;0;0 g;0;0;0;0;0;0;0;0;0;0;0;0;0;0;0;0;0;0;0;0;0;20 mg;0;0;0;0;0;0;0;0;0;0;0;0;0
4743;Bihunku Goreng;PT. Tiga Pilar Sejahtera;1;50 gram;180 kkal;0;0;40 g;0;2 g;2 g;0;0;0;0;0;0;0;0;4 g;0;0;0;0;0;0;0;0;0;0;0;0;0;0;0;0;0;0;0;0;0;380 mg;0;0;0;0;0;0;0;0;0;0;0;0;0
4744;Bihunku Rasa Soto;PT. Tiga Pilar Sejahtera;1;50 gram;190 kkal;0;0;40 g;0;2 g;2.50 g;0;0;0;0;0;0;0;0;2 g;0;0;0;0;0;0;0;0;0;0;0;0;0;0;0;0;0;0;0;0;0;520 mg;0;0;0;0;0;0;0;0;0;0;0;0;0
3067;Bihunku rasa soto spesial;PT. Tiga Pilar Sejahtera;1;100 g;200 kkal;0;0;46 g;0;4 g;0 g;0;0;0;0;0;0;0;0;1 g;0;0;0;0;0;0;0;0;0;0;0;0;0;0;0;0;0;0;0;0;0;1260 mg;0;0;0;0;0;0;0;0;0;0;0;0;0
2500;SUPERIOR Bihun Jagung urai;PT. Tiga Pilar Sejahtera;1;65 g;250 kkal;0;0;61 g;0;0 g;0 g;0;0;0;0;0;6 g;0;0;0;0;0;0;0;0;0;0;0;0;0;0;0;0;0;0;0;0;0;0;0;0;30 mg;0;0;0;0;0;0;0;0;0;0;0;0;0
1720;Bihunku goreng spesial;PT. Tiga Pilar Sejahtera Food Tbk;1;60 g;230 kkal;0;0;47 g;0;2 g;4 g;0;0;0;0;0;0;0;0;6 g;0;0;0;0;0;0;0;0;0;0;0;0;0;0;0;0;0;0;0;0;0;0 mg;0;0;0;0;0;0;0;0;0;0;0;0;0
1719;Bihunku white curry;PT. Tiga Pilar Sejahtera Food Tbk;1;55 g;220 kkal;0;0;38 g;0;2 g;6 g;0;0;0;0;0;0;0;0;4 g;0;0;0;0;0;0;0;0;0;0;0;0;0;0;0;0;0;0;0;0;0;0 mg;0;0;0;0;0;0;0;0;0;0;0;0;0
2502;mie telur lebar keriting cap ayam 2 telor;PT. Tiga Pilar Sejahtera Food Tbk;1;67 g;240 kkal;0;0;53 g;0;7 g;0 g;0;0;0;0;0;4 g;0;0;2 g;0;0;0;0;0;0;0;0;0;0;0;0;0;0;0;0;0;0;0;0;0;720 mg;0;0;0;0;0;0;0;0;0;0;0;0;0
1980;Taro net;PT. Tiga Pilar Sejahtera Food Tbk;1;20 g;80 kkal;0;0;15 g;0;2 g;2 g;0;0;0;0;0;0;0;0;0;0;0;0;0;0;0;0;0;0;0;0;0;0;0;0;0;0;0;0;0;0;0 mg;0;0;0;0;0;0;0;0;0;0;0;0;0
3187;Floridina Orange Pulp & Coco Bitz;PT. Tirta Alam Segar;1;100 g;90 kkal;0;0;21 g;0;0 g;0 g;0;0;0;0;0;0;0;0;19 g;0;0;0;0;0;0;0;0;0;0;0;0;0;0;0;0;0;0;0;0;0;25 mg;0;0;0;0;0;0;0;0;0;0;0;0;0
4692;Golda Coffee Rasa Dolce Latte 200 mL;PT. Tirta Alam Segar;1;200 ml;120 kkal;0;0;22 g;0;2 g;2.50 g;0;0;0;0;0;0;0;0;15 g;0;0;0;0;0;0;0;0;0;0;0;0;0;0;0;0;0;0;0;0;0;105 mg;0;0;0;0;0;0;0;0;0;0;0;0;0
4325;Milku Susu UHT Rasa Marie Biskuit;PT. Tirta Alam Segar;1;200 ml;150 kkal;0;0;23 g;0;6 g;4 g;0;0;0;0;0;0;0;0;21 g;0;0;0;0;0;0;0;0;0;0;0;0;0;0;0;0;0;0;0;0;0;130 mg;0;0;0;0;0;0;0;0;0;0;0;0;0
1162;Teh Javana;PT. Tirta Alam Segar;1;350 ml;110 kkal;0;0;28 g;0;0 g;0 g;0;0;0;0;0;0;0;0;28 g;0;0;0;0;0;0;0;0;0;0;0;0;0;0;0;0;0;0;0;0;0;75 mg;0;0;0;0;0;0;0;0;0;0;0;0;0
3145;Teh Rio;PT. Tirta Alam Segar;1;100 g;60 kkal;0;0;15 g;0;0 g;0 g;0;0;0;0;0;0;0;0;14 g;0;0;0;0;0;0;0;0;0;0;0;0;0;0;0;0;0;0;0;0;0;5 mg;0;0;0;0;0;0;0;0;0;0;0;0;0
1360;Club;PT. Tirta bahagia;1;600 ml;0 kkal;0;0;0 g;0;0 g;0 g;0;0;0;0;0;0;0;0;0;0;0;0;0;0;0;0;0;0;0;0;0;0;0;0;0;0;0;0;0;0;0 mg;0;0;0;0;0;0;0;0;0;0;0;0;0
1359;Le mineral;PT. Tirta fresindo jaya;1;600 ml;0 kkal;0;0;0 g;0;0 g;0 g;0;0;0;0;0;0;0;0;0;0;0;0;0;0;0;0;0;0;0;0;0;0;0;0;0;0;0;0;0;0;0 mg;0;0;0;0;0;0;0;0;0;0;0;0;0
4543;Energen Champion 4in1;PT. TORABIKA EKA SEMESTA;1;30 gram;130 kkal;0;0;24 g;0;2 g;3.50 g;0;0;0;0;0;1 g;0;0;17 g;0;0;0;0;0;0;0;0;0;0;0;0;0;0;0;0;0;0;0;0;0;85 mg;0;0;0;0;0;0;0;0;0;0;0;0;0
4542;Energen Champion Twin Pack;PT. TORABIKA EKA SEMESTA;1;35 gram;150 kkal;0;0;27 g;0;2 g;4 g;0;0;0;0;0;1 g;0;0;21 g;0;0;0;0;0;0;0;0;0;0;0;0;0;0;0;0;0;0;0;0;0;90 mg;0;0;0;0;0;0;0;0;0;0;0;0;0
4541;Energen Rasa Kurma;PT. TORABIKA EKA SEMESTA;1;30 gram;130 kkal;0;0;24 g;0;1 g;3.50 g;0;0;0;0;0;0;0;0;15 g;0;0;0;0;0;0;0;0;0;0;0;0;0;0;0;0;0;0;0;0;0;110 mg;0;0;0;0;0;0;0;0;0;0;0;0;0
2597;Gilus mix aroma gula aren (isi 10 sachet);PT. TORABIKA EKA SEMESTA;1;23 g;90 kkal;0;0;21 g;0;1 g;0 g;0;0;0;0;0;0;0;0;17 g;0;0;0;0;0;0;0;0;0;0;0;0;0;0;0;0;0;0;0;0;0;0 mg;0;0;0;0;0;0;0;0;0;0;0;0;0
2596;Gilus mix aroma vanila (isi 10 sachet);PT. TORABIKA EKA SEMESTA;1;23 g;90 kkal;0;0;21 g;0;1 g;0.50 g;0;0;0;0;0;0;0;0;17 g;0;0;0;0;0;0;0;0;0;0;0;0;0;0;0;0;0;0;0;0;0;0 mg;0;0;0;0;0;0;0;0;0;0;0;0;0
2581;Gilus mix sensasi aroma pandan (isi 10 sachet);PT. TORABIKA EKA SEMESTA;1;23 g;90 kkal;0;0;21 g;0;1 g;0.50 g;0;0;0;0;0;0;0;0;17 g;0;0;0;0;0;0;0;0;0;0;0;0;0;0;0;0;0;0;0;0;0;0 mg;0;0;0;0;0;0;0;0;0;0;0;0;0
4548;Kopiko Blanca Twin Pack;PT. TORABIKA EKA SEMESTA;1;26 gram;130 kkal;0;0;19 g;0;1 g;5 g;0;0;0;0;0;0;0;0;13 g;0;0;0;0;0;0;0;0;0;0;0;0;0;0;0;0;0;0;0;0;0;55 mg;0;0;0;0;0;0;0;0;0;0;0;0;0
4604;Kopiko Cafe Blend 125g;PT. TORABIKA EKA SEMESTA;1;25 gram;109 kkal;0;0;20.30 g;0;1.40 g;2.40 g;0;0;0;0;0;0;0;0;15.50 g;0;0;0;0;0;0;0;0;0;0;0;0;0;0;0;0;0;0;0;0;0;51 mg;0;0;0;0;0;0;0;0;0;0;0;0;0
4566;Kopiko Double Cups Original;PT. TORABIKA EKA SEMESTA;1;18 gram;80 kkal;0;0;15 g;0;1 g;2 g;0;0;0;0;0;0 g;0;0;12 g;0;0;0;0;0;0;0;0;0;0;0;0;0;0;0;0;0;0;0;0;0;30 mg;0;0;0;0;0;0;0;0;0;0;0;0;0
4647;Tora Cafe Cappuccino;PT. TORABIKA EKA SEMESTA;1;20 gram;90 kkal;0;0;17 g;0;1 g;2 g;0;0;0;0;0;0;0;0;13 g;0;0;0;0;0;0;0;0;0;0;0;0;0;0;0;0;0;0;0;0;0;50 mg;0;0;0;0;0;0;0;0;0;0;0;0;0
4737;Tora Cafe Caramel Latte;PT. TORABIKA EKA SEMESTA;1;19 gram;90 kkal;0;0;14 g;0;1 g;4 g;0;0;0;0;0;0;0;0;8 g;0;0;0;0;0;0;0;0;0;0;0;0;0;0;0;0;0;0;0;0;0;75 mg;0;0;0;0;0;0;0;0;0;0;0;0;0
4406;Longans in Syrup (canned longans);PT. TTS Mitra Abadi;1;100 gram;60 kkal;0;0;14 g;0;1 g;0 g;0;0;0;0;0;0;0;0;13 g;0;0;0;0;0;0;0;0;0;0;0;0;0;0;0;0;0;0;0;0;0;0 mg;0;0;0;0;0;0;0;0;0;0;0;0;0
4813;TTS Lychees in Syrup;PT. TTS Mitra Abadi;1;100 gram;60 kkal;0;0;15 g;0;1 g;0 g;0;0;0;0;0;0;0;0;15 g;0;0;0;0;0;0;0;0;0;0;0;0;0;0;0;0;0;0;0;0;0;0 mg;0;0;0;0;0;0;0;0;0;0;0;0;0
1479;UHA Milk Candy;PT. UHA Mikakuto Indonesia;1;3 g;15 kkal;0;0;3 g;0;0 g;0 g;0;0;0;0;0;0;0;0;2 g;0;0;0;0;0;0;0;0;0;0;0;0;0;0;0;0;0;0;0;0;0;0 mg;0;0;0;0;0;0;0;0;0;0;0;0;0
4885;Regal Marie Biscuits 550g;PT. ULTRA JAYA MILK INDUSTRY&TRADING CO.,TBK;1;40 gram;180 kkal;0;0;31 g;0;3 g;4.50 g;0;0;0;0;0;3 g;0;0;9 g;0;0;0;0;0;0;0;0;0;0;0;0;0;0;0;0;0;0;0;0;0;105 mg;0;0;0;0;0;0;0;0;0;0;0;0;0
3022;Teh Kotak Rasa Lemon;PT. ULTRA JAYA MILK INDUSTRY&TRADING CO.,TBK;1;100 g;100 kkal;0;0;23 g;0;0 g;0 g;0;0;0;0;0;0;0;0;20 g;0;0;0;0;0;0;0;0;0;0;0;0;0;0;0;0;0;0;0;0;0;25 mg;0;0;0;0;0;0;0;0;0;0;0;0;0
2499;permen mintz;PT. Ultra Prima Abadi;1;2.30 g;10 kkal;0;0;2 g;0;0 g;0 g;0;0;0;0;0;0;0;0;2 g;0;0;0;0;0;0;0;0;0;0;0;0;0;0;0;0;0;0;0;0;0;0 mg;0;0;0;0;0;0;0;0;0;0;0;0;0
3352;Permen Mintz Duomint;PT. Ultra Prima Abadi;1;100 g;10 kkal;0;0;2 g;0;0 g;0 g;0;0;0;0;0;0;0;0;2 g;0;0;0;0;0;0;0;0;0;0;0;0;0;0;0;0;0;0;0;0;0;0 mg;0;0;0;0;0;0;0;0;0;0;0;0;0
4649;Tango Vanilla Delight;PT. Ultra Prima Abadi;1;20 gram;100 kkal;0;0;14 g;0;1 g;4.50 g;0;0;0;0;0;0;0;0;4 g;0;0;0;0;0;0;0;0;0;0;0;0;0;0;0;0;0;0;0;0;0;80 mg;0;0;0;0;0;0;0;0;0;0;0;0;0
4522;Tango Waffle Choco Hazelnut;PT. Ultra Prima Abadi;1;25 gram;120 kkal;0;0;16 g;0;1 g;6 g;0;0;0;0;0;1 g;0;0;5 g;0;0;0;0;0;0;0;0;0;0;0;0;0;0;0;0;0;0;0;0;0;55 mg;0;0;0;0;0;0;0;0;0;0;0;0;0
3191;Tango Waffle Rasa Coklat;PT. Ultra Prima Abadi;1;100 g;35 kkal;0;0;5 g;0;0 g;1.50 g;0;0;0;0;0;0;0;0;2 g;0;0;0;0;0;0;0;0;0;0;0;0;0;0;0;0;0;0;0;0;0;5 mg;0;0;0;0;0;0;0;0;0;0;0;0;0
4733;Madu TJ Murni;PT. Ultra Sakti;1;20 gram;70 kkal;0;0;16 g;0;0 g;0 g;0;0;0;0;0;0;0;0;10 g;0;0;0;0;0;0;0;0;0;0;0;0;0;0;0;0;0;0;0;0;0;0 mg;0;0;0;0;0;0;0;0;0;0;0;0;0
3018;Ultra mimi kids full cream;PT. ULTRAJAYA MILK INDUSTRY;1;65.00 ml;35 kkal;0;0;6 g;0;4 g;4 g;0;0;0;0;0;2 g;0;0;0;0;0;0;0;0;0;0;0;0;0;0;0;0;0;0;0;0;0;0;0;0;65 mg;170 mg;0;0;0;0;0;0;0;0;0;0;0;0
3023;Susu & Telur;PT. Ultrajaya Milk Industry & Trading CO.,Tbk;1;100 g;100 kkal;0;0;24 g;0;0 g;0 g;0;0;0;0;0;0;0;0;20 g;0;0;0;0;0;0;0;0;0;0;0;0;0;0;0;0;0;0;0;0;0;50 mg;0;0;0;0;0;0;0;0;0;0;0;0;0
3024;Susu & Telur;PT. Ultrajaya Milk Industry & Trading CO.,Tbk;1;100 g;100 kkal;0;0;24 g;0;0 g;0 g;0;0;0;0;0;0;0;0;21 g;0;0;0;0;0;0;0;0;0;0;0;0;0;0;0;0;0;0;0;0;0;50 mg;0;0;0;0;0;0;0;0;0;0;0;0;0
3021;TEH KOTAK JASMINE TEA;PT. ULTRAJAYA MILK INDUSTRY & TRANDING CO,,TBK;1;100 g;100 kkal;0;0;26 g;0;0 g;0 g;0;0;0;0;0;0;0;0;26 g;0;0;0;0;0;0;0;0;0;0;0;0;0;0;0;0;0;0;0;0;0;15 mg;0;0;0;0;0;0;0;0;0;0;0;0;0
1578;Buavita Apple;PT. Ultrajaya Milk Industry, Tbk;1;250 ml;110 kkal;0;0;25 g;0;0 g;0 g;0;0;0;0;0;0 g;0;0;23 g;0;0;0;0;0;0;0;0;0;0;0;0;0;0;0;0;0;0;0;0;0;0 mg;0;0;0;0;0;0;0;0;0;0;0;0;0
1582;Buavita Guava;PT. Ultrajaya Milk Industry, Tbk;1;250 ml;130 kkal;0;0;30 g;0;1 g;0 g;0;0;0;0;0;4 g;0;0;20 g;0;0;0;0;0;0;0;0;0;0;0;0;0;0;0;0;0;0;0;0;0;0 mg;0;0;0;0;0;0;0;0;0;0;0;0;0
1583;Buavita Mango;PT. Ultrajaya Milk Industry, Tbk;1;250 ml;130 kkal;0;0;30 g;0;0 g;0 g;0;0;0;0;0;0 g;0;0;23 g;0;0;0;0;0;0;0;0;0;0;0;0;0;0;0;0;0;0;0;0;0;0 mg;0;0;0;0;0;0;0;0;0;0;0;0;0
1579;Buavita Orange;PT. Ultrajaya Milk Industry, Tbk;1;250 ml;120 kkal;0;0;28 g;0;0 g;0 g;0;0;0;0;0;0.50 g;0;0;23 g;0;0;0;0;0;0;0;0;0;0;0;0;0;0;0;0;0;0;0;0;0;0 mg;0;0;0;0;0;0;0;0;0;0;0;0;0
1581;Buavita royale chloro broccoli;PT. Ultrajaya Milk Industry, Tbk;1;250 ml;120 kkal;0;0;29 g;0;0 g;0 g;0;0;0;0;0;0 g;0;0;27 g;0;0;0;0;0;0;0;0;0;0;0;0;0;0;0;0;0;0;0;0;0;0 mg;0;0;0;0;0;0;0;0;0;0;0;0;0
1580;Buavita royale sunshine carrot;PT. Ultrajaya Milk Industry, Tbk;1;250 ml;120 kkal;0;0;28 g;0;0 g;0 g;0;0;0;0;0;2 g;0;0;25 g;0;0;0;0;0;0;0;0;0;0;0;0;0;0;0;0;0;0;0;0;0;0 mg;0;0;0;0;0;0;0;0;0;0;0;0;0
1973;Dairy cream elle & vire cooking cream;PT. Ultrajaya Milk Industry, Tbk;1;100 g;338 kkal;0;0;3.50 g;0;2.10 g;35.10 g;0;0;0;0;0;0;0;0;2.90 g;0;0;0;0;0;0;0;0;0;0;0;0;0;0;0;0;0;0;0;0;0;0 mg;0;0;0;0;0;0;0;0;0;0;0;0;0
1975;Dairy cream elle & vire whipping cream;PT. Ultrajaya Milk Industry, Tbk;1;100 g;336 kkal;0;0;2.90 g;0;2.10 g;35.10 g;0;0;0;0;0;0;0;0;2.90 g;0;0;0;0;0;0;0;0;0;0;0;0;0;0;0;0;0;0;0;0;0;0 mg;0;0;0;0;0;0;0;0;0;0;0;0;0
1974;Dairy cream milkana cream cheese;PT. Ultrajaya Milk Industry, Tbk;1;100 g;345 kkal;0;0;4.60 g;0;5.20 g;34 g;0;0;0;0;0;0;0;0;2.90 g;0;0;0;0;0;0;0;0;0;0;0;0;0;0;0;0;0;0;0;0;0;0 mg;0;0;0;0;0;0;0;0;0;0;0;0;0
2643;Susu & Telur;PT. Ultrajaya Milk Industry, Tbk;1;100 g;130 kkal;0;0;33 g;0;0 g;0 g;0;0;0;0;0;1 g;0;0;30 g;0;0;0;0;0;0;0;0;0;0;0;0;0;0;0;0;0;0;0;0;0;110 mg;140 mg;0;0;0;0;0;0;0;0;0;0;0;0
3901;Susu & Telur;PT. Ultrajaya Milk Industry, Tbk;1;200 ml;140 kkal;0;0;19 g;0;5 g;4.50 g;0;0;0;0;0;2 g;0;0;14 g;0;0;0;0;0;0;0;0;0;0;0;0;0;0;0;0;0;0;0;0;0;60 mg;0;0;0;0;0;0;0;0;0;0;0;0;0
3899;Susu & Telur;PT. Ultrajaya Milk Industry, Tbk;1;200 ml;160 kkal;0;0;23 g;0;6 g;5 g;0;0;0;0;0;0;0;0;11 g;0;0;0;0;0;0;0;0;0;0;0;0;0;0;0;0;0;0;0;0;0;85 mg;0;0;0;0;0;0;0;0;0;0;0;0;0
2446;Susu & Telur;PT. Ultrajaya Milk Industry, Tbk;1;200 ml;90 kkal;0;0;11 g;0;7 g;2.50 g;0;0;0;0;0;0;0;0;0;0;0;0;0;0;0;0;0;0;0;0;0;0;0;0;0;0;0;0;0;0;105 mg;0;0;0;0;0;0;0;0;0;0;0;0;0
2465;Susu & Telur;PT. Ultrajaya Milk Industry, Tbk;1;200 ml;90 kkal;0;0;11 g;0;7 g;2.50 g;0;0;0;0;0;0;0;0;0;0;0;0;0;0;0;0;0;0;0;0;0;0;0;0;0;0;0;0;0;0;105 mg;0;0;0;0;0;0;0;0;0;0;0;0;0
2846;Susu Rasa Taro;PT. Ultrajaya Milk Industry, Tbk;1;100 g;130 kkal;0;0;18 g;0;5 g;4 g;0;0;0;0;0;0;0;0;14 g;0;0;0;120 mcg;0;0.17 mg;0.17 mg;1.40 mg;0;0;0;0;0;0;6 mg;0;0;0;150 mg;105 mg;0;60 mg;0;0;0.64 mg;0;0;0;0;0;0;0;0;0;0
1538;Susu Ultra Milk Full cream (kotak);PT. Ultrajaya Milk Industry, Tbk;1;250 ml;150 kkal;0;0;12 g;0;8 g;8 g;0;0;0;0;0;0;0;0;0;0;0;0;0;0;0;0;0;0;0;0;0;0;0;0;0;0;0;0;0;0;0 mg;0;0;0;0;0;0;0;0;0;0;0;0;0
2141;Susu Ultra Milk Rasa coklat 1000 ml;PT. Ultrajaya Milk Industry, Tbk;1;250 g;200 kkal;0;0;30 g;0;8 g;5 g;0;0;0;0;0;0;0;0;24 g;0;0;0;0;0;0;0;0;0;0;0;0;0;0;0;0;0;0;0;0;0;55 mg;320 mg;0;0;0;0;0;0;0;0;0;0;0;0
2142;Susu Ultra Milk Rasa coklat 1000 ml;PT. Ultrajaya Milk Industry, Tbk;1;250 g;200 kkal;0;0;30 g;0;8 g;5 g;0;0;0;0;0;0;0;0;24 g;0;0;0;0;0;0;0;0;0;0;0;0;0;0;0;0;0;0;0;0;0;55 mg;320 mg;0;0;0;0;0;0;0;0;0;0;0;0
2143;Susu Ultra Milk Rasa coklat 1000 ml;PT. Ultrajaya Milk Industry, Tbk;1;250 g;200 kkal;0;0;30 g;0;8 g;5 g;0;0;0;0;0;0;0;0;24 g;0;0;0;0;0;0;0;0;0;0;0;0;0;0;0;0;0;0;0;0;0;55 mg;320 mg;0;0;0;0;0;0;0;0;0;0;0;0
2952;Susu Ultra Milk Rasa Stroberi;PT. Ultrajaya Milk Industry, Tbk;1;100 g;140 kkal;0;0;22 g;0;6 g;3.50 g;0;0;0;0;0;0;0;0;17 g;0;0;0;0;0;0;0;0;0;0;0;0;0;0;0;0;0;0;0;0;0;50 mg;360 mg;0;0;0;0;0;0;0;0;0;0;0;0
2082;Ultra Sari Asem Asli;PT. Ultrajaya Milk Industry, Tbk;1;250 ml;130 kkal;0;0;32 g;0;0 g;0 g;0;0;0;0;0;0;0;0;0;0;0;0;0;0;0;0;0;0;0;0;0;0;0;0;0;0;0;0;0;0;0 mg;0;0;0;0;0;0;0;0;0;0;0;0;0
2081;Ultra Sari Kacang Ijo;PT. Ultrajaya Milk Industry, Tbk;1;250 ml;90 kkal;0;0;22 g;0;2 g;0 g;0;0;0;0;0;0;0;0;0;0;0;0;0;0;0;0;0;0;0;0;0;0;0;0;0;0;0;0;0;0;0 mg;0;0;0;0;0;0;0;0;0;0;0;0;0
2451;Ultramilk law fat source of calcium;PT. Ultrajaya Milk Industry, Tbk;1;200 g;90 kkal;0;0;11 g;0;7 g;2.50 g;0;0;0;0;0;0;0;0;0;0;0;0;25 mcg;0;25 mg;20 mg;15 mg;0;0;0;0;0;0;15 mg;0;0;0;25 mg;20 mg;0;105 mg;350 mg;0;0;0;0;0;0;0;0;0;0;0;0
2839;Susu ultra milk rasa coklat 200 ml;PT. Ultrajaya Milk Industy;1;100 g;160 kkal;0;0;24 g;0;6 g;4 g;0;0;0;0;0;0;0;0;0;0;0;0;0;0;0;0;0;0;0;0;0;0;0;0;0;0;0;0;0;0;45 mg;260 mg;0;0;0;0;0;0;0;0;0;0;0;0
2449;Oreo dutch Cocoa wafer;PT. Unggul Indo Modern Sejahtera;1;25 g;130 kkal;0;0;17 g;0;1 g;6 g;0;0;0;0;0;2 g;0;0;9 g;0;0;0;0;0;0;0;0;0;0;0;0;0;0;0;0;0;0;0;0;0;50 mg;0;0;0;0;0;0;0;0;0;0;0;0;0
4396;Padle Pop Jumbo Jiggle Jelly Rasa Stroberi;PT. Unilever Indonesia;1;60 gram;70 kkal;0;0;18 g;0;0 g;0 g;0;0;0;0;0;0 g;0;0;11 g;0;0;0;0;0;0;0;0;0;0;0;0;0;0;0;0;0;0;0;0;0;30 mg;0;0;0;0;0;0;0;0;0;0;0;0;0
1620;Royco ayam bumbu rujak;PT. Unilever Indonesia;1;3.70 g;10 kkal;0;0;2 g;0;0 g;0 g;0;0;0;0;0;0;0;0;2 g;0;0;0;0;0;0;0;0;0;0;0;0;0;0;0;0;0;0;0;0;0;0 mg;0;0;0;0;0;0;0;0;0;0;0;0;0
1616;Royco kaldu ayam;PT. Unilever Indonesia;1;2 g;0 kkal;0;0;0 g;0;0 g;0 g;0;0;0;0;0;0;0;0;0;0;0;0;0;0;0;0;0;0;0;0;0;0;0;0;0;0;0;0;0;0;0 mg;0;0;0;0;0;0;0;0;0;0;0;0;0
1617;Royco kaldu sapi;PT. Unilever Indonesia;1;2 g;0 kkal;0;0;0 g;0;0 g;0 g;0;0;0;0;0;0;0;0;0;0;0;0;0;0;0;0;0;0;0;0;0;0;0;0;0;0;0;0;0;0;0 mg;0;0;0;0;0;0;0;0;0;0;0;0;0
1621;Royco nasi goreng;PT. Unilever Indonesia;1;4.50 g;15 kkal;0;0;2 g;0;0 g;0 g;0;0;0;0;0;0;0;0;2 g;0;0;0;0;0;0;0;0;0;0;0;0;0;0;0;0;0;0;0;0;0;0 mg;0;0;0;0;0;0;0;0;0;0;0;0;0
1844;Teh sariwangi;PT. Unilever Indonesia;1;1.85 g;0 kkal;0;0;0 g;0;0 g;0 g;0;0;0;0;0;0 g;0;0;0 g;0;0;0;0;0;0;0;0;0;0;0;0;0;0;0;0;0;0;0;0;0;0 mg;0;0;0;0;0;0;0;0;0;0;0;0;0
2646;wall's choco nutty crunch;PT. Unilever Indonesia;1;100 g;140 kkal;0;0;21 g;0;2 g;5 g;0;0;0;0;0;1 g;0;0;15 g;0;0;0;0;0;0;0;0;0;0;0;0;0;0;0;0;0;0;0;0;0;40 mg;0;0;0;0;0;0;0;0;0;0;0;0;0
4849;Bango Kecap Manis Hitam Gurih 550g (Pouch);Pt. Unilever Indonesia Tbk;1;20 gram;50 kkal;0;0;13 g;0;0 g;0 g;0;0;0;0;0;0 g;0;0;11 g;0;0;0;0;0;0;0;0;0;0;0;0;0;0;0;0;0;0;0;0;0;290 mg;0;0;0;0;0;0;0;0;0;0;0;0;0
4850;Bango Kecap Manis Hitam Gurih 55g (Pouch);Pt. Unilever Indonesia Tbk;1;20 gram;50 kkal;0;0;13 g;0;0 g;0 g;0;0;0;0;0;0 g;0;0;11 g;0;0;0;0;0;0;0;0;0;0;0;0;0;0;0;0;0;0;0;0;0;290 mg;0;0;0;0;0;0;0;0;0;0;0;0;0
3280;Es Krim Walls Cappuccino;Pt. Unilever Indonesia Tbk;1;100 g;150 kkal;0;0;19 g;0;1 g;8 g;0;0;0;0;0;1 g;0;0;10 g;0;0;0;0;0;0;0;0;0;0;0;0;0;0;0;0;0;0;0;0;0;15 mg;0;0;0;0;0;0;0;0;0;0;0;0;0
3279;Es Krim Wall's Sweet Corn;Pt. Unilever Indonesia Tbk;1;100 g;90 kkal;0;0;15 g;0;2 g;2 g;0;0;0;0;0;1 g;0;0;9 g;0;0;0;0;0;0;0;0;0;0;0;0;0;0;0;0;0;0;0;0;0;35 mg;0;0;0;0;0;0;0;0;0;0;0;0;0
2509;La Fonte elbow macaroni-206;Pt. Unilever Indonesia Tbk;1;60 g;210 kkal;0;0;45 g;0;8 g;0 g;0;0;0;0;0;2 g;0;0;3 g;0;0;0;0;0;0;0;0;0;0;0;0;0;0;0;0;0;0;0;0;0;40 mg;0;0;0;0;0;0;0;0;0;0;0;0;0
2510;La Fonte macaroni-201;Pt. Unilever Indonesia Tbk;1;60 g;220 kkal;0;0;45 g;0;8 g;0 g;0;0;0;0;0;2 g;0;0;0;0;0;0;0;0;0;0;0;0;0;0;0;0;0;0;0;0;0;0;0;0;42 mg;0;0;0;0;0;0;0;0;0;0;0;0;0
4400;Paddle Pop Fruity Tower;Pt. Unilever Indonesia Tbk;1;66 ml;60 kkal;0;0;16 g;0;0 g;0 g;0;0;0;0;0;1 g;0;0;12 g;0;0;0;0;0;0;0;0;0;0;0;0;0;0;0;0;0;0;0;0;0;0 mg;0;0;0;0;0;0;0;0;0;0;0;0;0
2506;Royco sup krim ayam;Pt. Unilever Indonesia Tbk;1;14.50 g;50 kkal;0;0;9 g;0;2 g;1 g;0;0;0;0;0;0;0;0;2 g;0;0;0;0;0;0;0;0;0;0;0;0;0;0;0;0;0;0;0;0;0;710 mg;0;0;0;0;0;0;0;0;0;0;0;0;0
2505;Royco sup krim jagung;Pt. Unilever Indonesia Tbk;1;16 g;70 kkal;0;0;11 g;0;1 g;2 g;0;0;0;0;0;0;0;0;4 g;0;0;0;0;0;0;0;0;0;0;0;0;0;0;0;0;0;0;0;0;0;380 mg;0;0;0;0;0;0;0;0;0;0;0;0;0
4829;Walls Paddle Pop Trico;Pt. Unilever Indonesia Tbk;1;60 ml;50 kkal;0;0;13 g;0;0 g;0 g;0;0;0;0;0;0;0;0;9 g;0;0;0;0;0;0;0;0;0;0;0;0;0;0;0;0;0;0;0;0;0;0 mg;0;0;0;0;0;0;0;0;0;0;0;0;0
3394;Milkita Assorted Milk Candy;PT. United Family Food;1;100 g;70 kkal;0;0;14 g;0;0 g;1.50 g;0;0;0;0;0;0;0;0;9 g;0;0;0;0;0;0;0;0;0;0;0;0;0;0;0;0;0;0;0;0;0;5 mg;0;0;0;0;0;0;0;0;0;0;0;0;0
4870;Arrow Brand Cream Crackers;PT. United Waru Biscuit Manufactory;1;16 gram;80 kkal;0;0;11 g;0;2 g;3 g;0;0;0;0;0;0;0;0;0;0;0;0;0;0;0;0;0;0;0;0;0;0;0;0;0;0;0;0;0;0;135 mg;0;0;0;0;0;0;0;0;0;0;0;0;0
4531;Borneo Biscuit Butter Cookies;PT. United Waru Biscuit Manufactory (UBM);1;24 gram;120 kkal;0;0;16 g;0;1 g;6 g;0;0;0;0;0;0;0;0;4 g;0;0;0;0;0;0;0;0;0;0;0;0;0;0;0;0;0;0;0;0;0;80 mg;0;0;0;0;0;0;0;0;0;0;0;0;0
4532;Hock Guan Biskut Kelapa;PT. United Waru Biscuit Manufactory (UBM);1;25 gram;120 kkal;0;0;18 g;0;2 g;5 g;0;0;0;0;0;0;0;0;4 g;0;0;0;0;0;0;0;0;0;0;0;0;0;0;0;0;0;0;0;0;0;70 mg;0;0;0;0;0;0;0;0;0;0;0;0;0
4807;Hock Guan Orange Biscuits 300g;PT. United Waru Biscuit Manufactory (UBM);1;25 gram;110 kkal;0;0;18 g;0;2 g;4 g;0;0;0;0;0;0;0;0;6 g;0;0;0;0;0;0;0;0;0;0;0;0;0;0;0;0;0;0;0;0;0;85 mg;0;0;0;0;0;0;0;0;0;0;0;0;0
4876;UBM Biscuits Wafer Cream Chocolate 235g;PT. United Waru Biscuit Manufactory (UBM);1;20 gram;100 kkal;0;0;15 g;0;1 g;3.50 g;0;0;0;0;0;0;0;0;6 g;0;0;0;0;0;0;0;0;0;0;0;0;0;0;0;0;0;0;0;0;0;25 mg;0;0;0;0;0;0;0;0;0;0;0;0;0
4877;UBM Biscuits Wafer Cream Chocolate 400g;PT. United Waru Biscuit Manufactory (UBM);1;20 gram;100 kkal;0;0;15 g;0;1 g;3.50 g;0;0;0;0;0;0;0;0;6 g;0;0;0;0;0;0;0;0;0;0;0;0;0;0;0;0;0;0;0;0;0;25 mg;0;0;0;0;0;0;0;0;0;0;0;0;0
4859;UBM Lymon Lemon Sandwich Biscuits 300g;PT. United Waru Biscuit Manufactory (UBM);1;25 gram;120 kkal;0;0;17 g;0;1 g;5 g;0;0;0;0;0;0;0;0;8 g;0;0;0;0;0;0;0;0;0;0;0;0;0;0;0;0;0;0;0;0;0;110 mg;0;0;0;0;0;0;0;0;0;0;0;0;0
3884;lemonilo chimi keripik ubi rasa chesse burger;PT. UNIVERSAL CIPTA PANGAN;1;20 gram;110 kkal;0;0;12 g;0;0 g;7 g;0;0;0;0;0;3 g;0;0;2 g;0;0;0;0;0;0;0;0;0;0;0;0;0;0;0;0;0;0;0;0;0;50 mg;0;0;0;0;0;0;0;0;0;0;0;0;0
4875;Family Biskuit Aneka Rasa;PT. Universal Indofood Product;1;25 gram;110 kkal;0;0;19 g;0;1 g;3.50 g;0;0;0;0;0;0;0;0;7 g;0;0;0;0;0;0;0;0;0;0;0;0;0;0;0;0;0;0;0;0;0;85 mg;0;0;0;0;0;0;0;0;0;0;0;0;0
4874;Unibis All In 235g;PT. Universal Indofood Product;1;28 gram;130 kkal;0;0;21 g;0;2 g;4 g;0;0;0;0;0;0;0;0;6 g;0;0;0;0;0;0;0;0;0;0;0;0;0;0;0;0;0;0;0;0;0;140 mg;0;0;0;0;0;0;0;0;0;0;0;0;0
4887;Unibis All In Assorted Biscuits 600g;PT. Universal Indofood Product;1;28 gram;130 kkal;0;0;21 g;0;2 g;4 g;0;0;0;0;0;0;0;0;6 g;0;0;0;0;0;0;0;0;0;0;0;0;0;0;0;0;0;0;0;0;0;140 mg;0;0;0;0;0;0;0;0;0;0;0;0;0
4888;Unibis Sweet Home 1500g;PT. Universal Indofood Product;1;25 gram;120 kkal;0;0;19 g;0;1 g;4 g;0;0;0;0;0;0;0;0;7 g;0;0;0;0;0;0;0;0;0;0;0;0;0;0;0;0;0;0;0;0;0;70 mg;0;0;0;0;0;0;0;0;0;0;0;0;0
3143;Blue Band Serbaguna 200g;PT. Upfield Manufacturing Indonesia;1;100 g;90 kkal;0;0;0 g;0;0 g;11 g;0;0;0;0;0;0 g;0;0;0 g;0;0;0;0;0;0;0;0;0;0;0;0;0;0;0;0;0;0;0;0;0;120 mg;0;0;0;0;0;0;0;0;0;0;0;0;0
2542;margarin krim rasa BBQ;PT. Upfield Manufacturing Indonesia;1;10 g;60 kkal;0;0;0 g;0;0 g;7 g;0;0;0;0;0;0;0;0;0;0;0;0;0;0;0;0;0;0;0;0;0;0;0;0;0;0;0;0;0;0;280 mg;0;0;0;0;0;0;0;0;0;0;0;0;0
2673;piattos iga penyet;PT. URC Indonesia;1;100 g;120 kkal;0;0;13 g;0;1 g;7 g;0;0;0;0;0;0;0;0;0 g;0;0;0;0;0;0;0;0;0;0;0;0;0;0;0;0;0;0;0;0;0;160 mg;0;0;0;0;0;0;0;0;0;0;0;0;0
3217;Piattos Sambal Geprek Flavor;PT. URC Indonesia;1;100 g;100 kkal;0;0;13 g;0;1 g;5 g;0;0;0;0;0;2 g;0;0;1 g;0;0;0;0;0;0;0;0;0;0;0;0;0;0;0;0;0;0;0;0;0;100 mg;0;0;0;0;0;0;0;0;0;0;0;0;0
3219;Piattos Sambal Terasi Flavor;PT. URC Indonesia;1;100 g;100 kkal;0;0;13 g;0;1 g;5 g;0;0;0;0;0;2 g;0;0;1 g;0;0;0;0;0;0;0;0;0;0;0;0;0;0;0;0;0;0;0;0;0;140 mg;0;0;0;0;0;0;0;0;0;0;0;0;0
4817;Welco Chocolate Spread;PT. WELCO;1;30 gram;170 kkal;0;0;18 g;0;1 g;10 g;0;0;0;0;0;0;0;0;17 g;0;0;0;0;0;0;0;0;0;0;0;0;0;0;0;0;0;0;0;0;0;30 mg;0;0;0;0;0;0;0;0;0;0;0;0;0
2140;Sariroti roti sobek coklat;PT. Wilmar Nabati Indonesia;1;107 g;370 kkal;0;0;56 g;0;7 g;13 g;0;0;0;0;0;2 g;0;0;17 g;0;0;0;0;0;0;0;0;0;0;0;0;0;0;0;0;0;0;0;0;0;250 mg;0;0;0;0;0;0;0;0;0;0;0;0;0
2567;Tesona Ramuan Sari Teh;PT. Wilmar Nabati Indonesia;1;15 g;60 kkal;0;0;15 g;0;0 g;0 g;0;0;0;0;0;0;0;0;0;0;0;0;0;0;0;0;0;0;0;0;0;0;0;0;0;0;0;0;0;0;10 mg;0;0;0;0;0;0;0;0;0;0;0;0;0
4552;Golda Coffee Rasa Cappuccino 200 mL;PT. Wings Food;1;200 ml;45 kkal;0;0;31 g;0;2 g;5 g;0;0;0;0;0;0;0;0;19 g;0;0;0;0;0;0;0;0;0;0;0;0;0;0;0;0;0;0;0;0;0;80 mg;0;0;0;0;0;0;0;0;0;0;0;0;0
4329;Olala Jelly Drink Rasa Jeruk;PT. Wings Food;1;150 ml;40 kkal;0;0;18 g;0;0 g;0 g;0;0;0;0;0;0;0;0;8 g;0;0;0;0;0;0;0;0;0;0;0;0;0;0;0;0;0;0;0;0;0;75 mg;0;0;0;0;0;0;0;0;0;0;0;0;0
4327;Olala Milky Jelly Drink Rasa Susu Korean Strawberry;PT. Wings Food;1;220 ml;90 kkal;0;0;14 g;0;0 g;3.50 g;0;0;0;0;0;0;0;0;14 g;0;0;0;0;0;0;0;0;0;0;0;0;0;0;0;0;0;0;0;0;0;65 mg;0;0;0;0;0;0;0;0;0;0;0;0;0
4328;Olala Milky Jelly Drink Rasa Susu Swiss Chocolate;PT. Wings Food;1;220 ml;90 kkal;0;0;14 g;0;1 g;3.50 g;0;0;0;0;0;0;0;0;14 g;0;0;0;0;0;0;0;0;0;0;0;0;0;0;0;0;0;0;0;0;0;60 mg;0;0;0;0;0;0;0;0;0;0;0;0;0
4855;Sedaap Kecap Manis Kedelai Hitam Special 270 mL (Pouch);PT. Wings Food;1;21 gram;70 kkal;0;0;17 g;0;1 g;0 g;0;0;0;0;0;0;0;0;13 g;0;0;0;0;0;0;0;0;0;0;0;0;0;0;0;0;0;0;0;0;0;380 mg;0;0;0;0;0;0;0;0;0;0;0;0;0
4856;Sedaap Kecap Manis Kedelai Hitam Special 275 mL (Pet);PT. Wings Food;1;15 ml;70 kkal;0;0;17 g;0;1 g;0 g;0;0;0;0;0;0;0;0;13 g;0;0;0;0;0;0;0;0;0;0;0;0;0;0;0;0;0;0;0;0;0;380 mg;0;0;0;0;0;0;0;0;0;0;0;0;0
1654;Yakult;PT. Yakult Indonesia;1;65 ml;50 kkal;0;0;11 g;0;1 g;0 g;0;0;0;0;0;0;0;0;10 g;0;0;0;0;0;0;0;0;0;0;0;0;0;0;0;0;0;0;0;0;0;0 mg;0;0;0;0;0;0;0;0;0;0;0;0;0
1649;Quaker 3 in 1;PT. Yellow Pages;1;29 g;120 kkal;0;0;22 g;0;1 g;3 g;0;0;0;0;0;1 g;0;0;11 g;0;0;0;0;0;0;0;0;0;0;0;0;0;0;0;0;0;0;0;0;0;0 mg;0;0;0;0;0;0;0;0;0;0;0;0;0
1650;Quaker kari ayam;PT. Yellow Pages;1;28 g;110 kkal;0;0;18 g;0;4 g;2.50 g;0;0;0;0;0;2 g;0;0;0;0;0;0;0;0;0;0;0;0;0;0;0;0;0;0;0;0;0;0;0;0;0 mg;0;0;0;0;0;0;0;0;0;0;0;0;0
1852;Yeo's Chrysantenum tea;PT. YHS Indonesia;1;300 ml;90 kkal;0;0;22 g;0;0 g;0 g;0;0;0;0;0;0;0;0;22 g;0;0;0;0;0;0;0;0;0;0;0;0;0;0;0;0;0;0;0;0;0;0 mg;0;0;0;0;0;0;0;0;0;0;0;0;0
4676;Yosan Choyo Biskuit Gem Bunga 275g;PT. Yosan;1;15 gram;70 kkal;0;0;11 g;0;1 g;3 g;0;0;0;0;0;0;0;0;5 g;0;0;0;0;0;0;0;0;0;0;0;0;0;0;0;0;0;0;0;0;0;15 mg;0;0;0;0;0;0;0;0;0;0;0;0;0
1892;Nasi Shirataki;PT. Yummy Yofit;1;100 g;9 kkal;0;0;2.70 g;0;0 g;0 g;0;0;0;0;0;2.70 g;0;0;0 g;0;0;0;0;0;0;0;0;0;0;0;0;0;0;0;0;0;0;0;0;0;0 mg;0;0;0;0;0;0;0;0;0;0;0;0;0
4728;Xperboost Gummy Tinggi Vitamin D;PT. Yupi Indo Jelly Gum;1;4 gram;15 kkal;0;0;3 g;0;0 g;0 g;0;0;0;0;0;0;0;0;2 g;0;0;0;0;0;0;0;0;0;0;0;0;0;0;0;0;0;0;0;0;0;0 mg;0;0;0;0;0;0;0;0;0;0;0;0;0
3390;Yupi Fruit Bites;PT. Yupi Indo Jelly Gum;1;15.00 g;50 kkal;0;0;12 g;0;1 g;0 g;0;0;0;0;0;0;0;0;6 g;0;0;0;0;0;0;0;0;0;0;0;0;0;0;0;0;0;0;0;0;0;0 mg;0;0;0;0;0;0;0;0;0;0;0;0;0
4587;Yupi Gummy Fangs;PT. Yupi Indo Jelly Gum;1;7 gram;25 kkal;0;0;6 g;0;0 g;0 g;0;0;0;0;0;0;0;0;4 g;0;0;0;0;0;0;0;0;0;0;0;0;0;0;0;0;0;0;0;0;0;0 mg;0;0;0;0;0;0;0;0;0;0;0;0;0
3393;Yupi Gummy Pizza;PT. Yupi Indo Jelly Gum;1;100 g;50 kkal;0;0;12 g;0;1 g;0 g;0;0;0;0;0;0;0;0;8 g;0;0;0;0;0;0;0;0;0;0;0;0;0;0;0;0;0;0;0;0;0;0 mg;0;0;0;0;0;0;0;0;0;0;0;0;0
2063;Sariwangi milk tea caramel;Pt.agriwangi indonesia;1;23 g;100 kkal;0;0;18 g;0;1 g;3 g;0;0;0;0;0;0;0;0;0;0;0;0;0;0;0;0;0;0;0;0;0;0;0;0;0;0;0;0;0;0;70 mg;0;0;0;0;0;0;0;0;0;0;0;0;0
2973;Jasjus Rasa Anggur;PT.Alam Karunia Segar;1;100 g;25 kkal;0;0;6 g;0;0 g;0 g;0;0;0;0;0;0;0;0;5 g;0;0;0;0;0;0;0;0;0;0;0;0;0;0;0;0;0;0;0;0;0;15 mg;0;0;0;0;0;0;0;0;0;0;0;0;0
2473;Margarin Forvita;PT.BINA KARYA PRIMA;1;9 g;70 kkal;0;0;0 g;0;0 g;7 g;0;0;0;0;0;0;0;0;0;0;0;0;0;0;0;0;0;0;0;0;0;0;0;0;0;0;0;0;0;0;95 mg;0;0;0;0;0;0;0;0;0;0;0;0;0
1356;Aqua;PT.Danone Indonesia;1;600 ml;0 kkal;0;0;0 g;0;0 g;0 g;0;0;0;0;0;0;0;0;0;0;0;0;0;0;0;0;0;0;0;0;0;0;0;0;0;0;0;0;0;0;0 mg;0;0;0;0;0;0;0;0;0;0;0;0;0
1428;Mizone;PT.Danone Indonesia;1;250 ml;45 kkal;0;0;11 g;0;0 g;0 g;0;0;0;0;0;0;0;0;11 g;0;0;0;0;0;0;0;0;0;0;0;0;0;0;0;0;0;0;0;0;0;0 mg;0;0;0;0;0;0;0;0;0;0;0;0;0
1765;Etira singkong stik;PT.Etira Champimer Indonesia;1;100 g;170 kkal;0;0;40 g;0;1 g;1 g;0;0;0;0;0;3 g;0;0;0;0;0;0;0;0;0;0;0;0;0;0;0;0;0;0;0;0;0;0;0;0;0 mg;0;0;0;0;0;0;0;0;0;0;0;0;0
3112;Pop Ice Melon;PT.Forisa Nusapersada;1;75.00 g;100 kkal;0;0;21 g;0;1 g;1 g;0;0;0;0;0;0;0;0;19 g;0;0;0;0;0;0;0;0;0;0;0;0;0;0;0;0;0;0;0;0;0;30 mg;0;0;0;0;0;0;0;0;0;0;0;0;0
1365;Frisian flag full cream;PT.Frisian Flag Indonesia;1;225 ml;140 kkal;0;0;13 g;0;7 g;7 g;0;0;0;0;0;0;0;0;11 g;0;0;0;0;0;0;0;0;0;0;0;0;0;0;0;0;0;0;0;0;0;100 mg;0;0;0;0;0;0;0;0;0;0;0;0;0
3306;gerry salut malkist rasa chocolate;PT.Garudafood Putra Putri Jaya;1;100 g;130 kkal;0;0;19 g;0;2 g;5 g;0;0;0;0;0;0;0;0;5 g;0;0;0;0;0;0;0;0;0;0;0;0;0;0;0;0;0;0;0;0;0;120 mg;0;0;0;0;0;0;0;0;0;0;0;0;0
3308;Gery Salut rasa cocholate coconut;PT.Garudafood Putra Putri Jaya;1;100 g;110 kkal;0;0;14 g;0;1 g;5 g;0;0;0;0;0;2 g;0;0;5 g;0;0;0;0;0;0;0;0;0;0;0;0;0;0;0;0;0;0;0;0;0;120 mg;0;0;0;0;0;0;0;0;0;0;0;0;0
3311;Gery Saluut Malkist Double Abon;PT.Garudafood Putra Putri Jaya;1;100 g;90 kkal;0;0;15 g;0;1 g;2.50 g;0;0;0;0;0;0;0;0;3 g;0;0;0;0;0;0;0;0;0;0;0;0;0;0;0;0;0;0;0;0;0;930 mg;0;0;0;0;0;0;0;0;0;0;0;0;0
1378;.Heavenly Blush;PT.Heavenly Blush;1;25 g;90 kkal;0;0;15 g;0;2 g;2.50 g;0;0;0;0;0;4 g;0;0;5 g;0;0;0;0;0;0;0;0;0;0;0;0;0;0;0;0;0;0;0;0;0;0 mg;0;0;0;0;0;0;0;0;0;0;0;0;0
1995;Tummy yogurt blueberry redbeet;PT.Heavenly Blush;1;180 ml;160 kkal;0;0;32 g;0;3 g;2.50 g;0;0;0;0;0;11 g;0;0;21 g;0;0;0;0;0;0;0;0;0;0;0;0;0;0;0;0;0;0;0;0;0;0 mg;0;0;0;0;0;0;0;0;0;0;0;0;0
1971;Tummy yogurt mango carrot;PT.Heavenly Blush;1;180 ml;150 kkal;0;0;29 g;0;3 g;2 g;0;0;0;0;0;11 g;0;0;18 g;0;0;0;0;0;0;0;0;0;0;0;0;0;0;0;0;0;0;0;0;0;0 mg;0;0;0;0;0;0;0;0;0;0;0;0;0
1970;Tummy yogurt raspberry broccoli;PT.Heavenly Blush;1;180 ml;160 kkal;0;0;30 g;0;4 g;2.50 g;0;0;0;0;0;11 g;0;0;20 g;0;0;0;0;0;0;0;0;0;0;0;0;0;0;0;0;0;0;0;0;0;0 mg;0;0;0;0;0;0;0;0;0;0;0;0;0
3668;peptibren;PT.Kalbe Farma;1;100 g;420 kkal;0;0;64 g;0;22 g;8 g;0;0;0;0;0;0;0;0;0;0;0;0;0;0;0;0;0;0;0;0;0;0;0;0;0;0;0;0;0;0;210 mg;1029 mg;3 mg;0;0;0;0;0;0;0;0;0;0;0
3669;susu entramix;PT.Kalbe Farma;1;100 g;260 kkal;0;0;37 g;0;9 g;8 g;0;0;0;0;0;0;0;0;0;0;0;0;0;0;0;0;0;0;0;0;0;0;0;0;0;0;0;0;0;0;150 mg;95 mg;2 mg;0;0;0;0;0;0;0;0;0;0;0
2972;Teajus Gula Batu;PT.Karunia Alam Segar;1;225.00 ml;25 kkal;0;0;6 g;0;0 g;0 g;0;0;0;0;0;0;0;0;5 g;0;0;0;0;0;0;0;0;0;0;0;0;0;0;0;0;0;0;0;0;0;0 mg;0;0;0;0;0;0;0;0;0;0;0;0;0
1412;Oreo;PT.Kraft foods;1;29.40 g;140 kkal;0;0;21 g;0;1 g;6 g;0;0;0;0;0;1 g;0;0;11 g;0;0;0;0;0;0;0;0;0;0;0;0;0;0;0;0;0;0;0;0;0;0 mg;0;0;0;0;0;0;0;0;0;0;0;0;0
2258;Prosana Proffle Biskuit Waffle Tinggi Protein;PT.Kreasi Inovasi Prosana;1;20 g;80 kkal;0;0;12 g;0;5 g;2 g;0;0;0;0;0;0 g;0;0;2 g;0;0;0;0;0;0;0;0;0;0;0;0;0;0;0;0;0;0;0;0;0;65 mg;0;0;0;0;0;0;0;0;0;0;0;0;0
1790;Sirup Sunquick Exotic;PT.Lasallefood;1;17 ml;45 kkal;0;0;11 g;0;0 g;0 g;0;0;0;0;0;0;0;0;11 g;0;0;0;0;0;0;0;0;0;0;0;0;0;0;0;0;0;0;0;0;0;0 mg;0;0;0;0;0;0;0;0;0;0;0;0;0
1789;Sirup Sunquick Mango;PT.Lasallefood;1;17 ml;45 kkal;0;0;10 g;0;0 g;0 g;0;0;0;0;0;0;0;0;9 g;0;0;0;0;0;0;0;0;0;0;0;0;0;0;0;0;0;0;0;0;0;0 mg;0;0;0;0;0;0;0;0;0;0;0;0;0
1788;Sirup Sunquick Orange;PT.Lasallefood;1;17 ml;45 kkal;0;0;11 g;0;0 g;0 g;0;0;0;0;0;0;0;0;11 g;0;0;0;0;0;0;0;0;0;0;0;0;0;0;0;0;0;0;0;0;0;0 mg;0;0;0;0;0;0;0;0;0;0;0;0;0
1181;Susu dancow rasa coklat;PT.Nestle Indonesia;1;39 g;160 kkal;0;0;23 g;0;5 g;6 g;0;0;0;0;0;0;0;0;0;0;0;0;0;0;0;0;0;0;0;0;0;0;0;0;0;0;0;0;0;0;100 mg;0;0;0;0;0;0;0;0;0;0;0;0;0
2528;Sari Roti Rasa Tawar;PT.Nippon Indosari Corpindo Tbk. Bekasi;1;74 g;200 kkal;0;0;35 g;0;6 g;3 g;0;0;0;0;0;0;0;0;0;0;0;0;0;0;0;0;0;0;0;0;0;0;0;0;0;0;0;0;0;0;280 mg;0;0;0;0;0;0;0;0;0;0;0;0;0
3904;Nissin Irvins Salted Egg;PT.Nissin Foods Indonesia;1;58.50 gram;290 kkal;0;0;37 g;0;3 g;15 g;0;0;0;0;0;3 g;0;0;4 g;0;0;0;0;0;0;0;0;0;0;0;0;0;0;0;0;0;0;0;0;0;670 mg;0;0;0;0;0;0;0;0;0;0;0;0;0
1402;Nissin wafer;PT.Nissin Foods Indonesia;1;25 g;140 kkal;0;0;14 g;0;2 g;9 g;0;0;0;0;0;0;0;0;0;0;0;0;0;0;0;0;0;0;0;0;0;0;0;0;0;0;0;0;0;0;0 mg;0;0;0;0;0;0;0;0;0;0;0;0;0
3298;Nissin Walens Chocosoes;PT.Nissin Foods Indonesia;1;100 g;140 kkal;0;0;14 g;0;2 g;8 g;0;0;0;0;0;0;0;0;8 g;0;0;0;0;0;0;0;0;0;0;0;0;0;0;0;0;0;0;0;0;0;65 mg;0;0;0;0;0;0;0;0;0;0;0;0;0
3771;Otico Biscuit Stick Coklat;PT.Nissin Foods Indonesia;1;100 g;190 kkal;0;0;21 g;0;2 g;10 g;0;0;0;0;0;0;0;0;9 g;0;0;0;0;0;0;0;0;0;0;0;0;0;0;0;0;0;0;0;0;0;70 mg;0;0;0;0;0;0;0;0;0;0;0;0;0
1755;Biskuit WRP Everyday chocolate chip;PT.Nutrifood indonesia;1;20 g;100 kkal;0;0;11 g;0;1 g;5 g;0;0;0;0;0;2 g;0;0;0;0;0;0;0;0;0;0;0;0;0;0;0;0;0;0;0;0;0;0;0;0;0 mg;0;0;0;0;0;0;0;0;0;0;0;0;0
2399;hilo teen;PT.Nutrifood indonesia;1;45 g;180 kkal;0;0;33 g;0;6 g;2.50 g;0;0;0;0;0;0;0;0;26 g;0;0;0;0;0;0.45 mg;0.60 mg;7.30 mg;0;0;0;0;0;0;25 mg;0;0;0;602 mg;297 mg;0;135 mg;0;7 mg;2.10 mg;0;0;0;0;0;0;0;0;0;0
2743;HiLo Thai Tea;PT.Nutrifood indonesia;1;46.00 g;70 kkal;0;0;12 g;0;0 g;2 g;0;0;0;0;0;0;0;0;0;0;0;0;0;0;0;0;0;0;0;0;0;0;0;0;0;0;0;0;0;0;35 mg;0;0;0;0;0;0;0;0;0;0;0;0;0
2746;HiLo Thai Tea;PT.Nutrifood indonesia;1;46.00 g;70 kkal;0;0;12 g;0;0 g;2 g;0;0;0;0;0;0;0;0;0;0;0;0;0;0;0;0;0;0;0;0;0;0;0;0;0;0;0;0;0;0;35 mg;0;0;0;0;0;0;0;0;0;0;0;0;0
1767;kopi tropicana slim white coffe;PT.Nutrifood indonesia;1;20 g;80 kkal;0;0;14 g;0;2 g;3 g;0;0;0;0;0;0;0;0;7 g;0;0;0;0;0;0;0;0;0;0;0;0;0;0;0;0;0;0;0;0;0;0 mg;0;0;0;0;0;0;0;0;0;0;0;0;0
2448;Nutribaby royal premature;PT.Nutrifood indonesia;1;100 ml;83 kkal;0;0;9 g;0;3 g;4 g;0;0;0;0;0;0.80 g;0;0;0;0;0;0;330 mcg;0;118 mg;201 mg;1.80 mg;0;0;0;0;0;0;16 mg;0;0;0;91 mg;49 mg;0;70 mg;109 mg;1.50 mg;0.90 mg;75 mg;0;0;0;0;0;0;0;0;0
1860;Nutrisari Florida orange;PT.Nutrifood indonesia;1;14 g;50 kkal;0;0;13 g;0;0 g;0 g;0;0;0;0;0;0;0;0;11 g;0;0;0;0;0;0;0;0;0;0;0;0;0;0;0;0;0;0;0;0;0;0 mg;0;0;0;0;0;0;0;0;0;0;0;0;0
1857;Nutrisari Jeju orange;PT.Nutrifood indonesia;1;14 g;60 kkal;0;0;14 g;0;0 g;0 g;0;0;0;0;0;0;0;0;11 g;0;0;0;0;0;0;0;0;0;0;0;0;0;0;0;0;0;0;0;0;0;0 mg;0;0;0;0;0;0;0;0;0;0;0;0;0
1859;Nutrisari jeruk nipis;PT.Nutrifood indonesia;1;30 g;110 kkal;0;0;28 g;0;0 g;0 g;0;0;0;0;0;0;0;0;28 g;0;0;0;0;0;0;0;0;0;0;0;0;0;0;0;0;0;0;0;0;0;0 mg;0;0;0;0;0;0;0;0;0;0;0;0;0
1858;Nutrisari jus mangga;PT.Nutrifood indonesia;1;15 g;60 kkal;0;0;13 g;0;0 g;1 g;0;0;0;0;0;0;0;0;12 g;0;0;0;0;0;0;0;0;0;0;0;0;0;0;0;0;0;0;0;0;0;0 mg;0;0;0;0;0;0;0;0;0;0;0;0;0
1787;Sirup Tropicana sirup cocopandan;PT.Nutrifood indonesia;1;25 ml;5 kkal;0;0;2 g;0;0 g;0 g;0;0;0;0;0;0;0;0;0;0;0;0;0;0;0;0;0;0;0;0;0;0;0;0;0;0;0;0;0;0;0 mg;0;0;0;0;0;0;0;0;0;0;0;0;0
1786;Sirup Tropicana sirup lychee;PT.Nutrifood indonesia;1;25 ml;5 kkal;0;0;2 g;0;0 g;0 g;0;0;0;0;0;0;0;0;0;0;0;0;0;0;0;0;0;0;0;0;0;0;0;0;0;0;0;0;0;0;0 mg;0;0;0;0;0;0;0;0;0;0;0;0;0
1584;Susu tropicana slim high fiber milk cokelat;PT.Nutrifood indonesia;1;45 g;170 kkal;0;0;31 g;0;10 g;0 g;0;0;0;0;0;6 g;0;0;12 g;0;0;0;0;0;0;0;0;0;0;0;0;0;0;0;0;0;0;0;0;0;0 mg;0;0;0;0;0;0;0;0;0;0;0;0;0
1589;Susu WRP Lose weight stroberi;PT.Nutrifood indonesia;1;50 g;220 kkal;0;0;25 g;0;14 g;6 g;0;0;0;0;0;2 g;0;0;21 g;0;0;0;0;0;0;0;0;0;0;0;0;0;0;0;0;0;0;0;0;0;0 mg;0;0;0;0;0;0;0;0;0;0;0;0;0
2469;Tropicana Slim Chocolate Spread;PT.Nutrifood indonesia;1;10 g;50 kkal;0;0;6 g;0;0 g;3.50 g;0;0;0;0;0;0;0;0;3 g;0;0;0;0;0;0;0;0;0;0;0;0;0;0;0;0;0;0;0;0;0;15 mg;0;0;0;0;0;0;0;0;0;0;0;0;0
1809;Tropicana Slim DIABTX;PT.Nutrifood indonesia;1;2 g;0 kkal;0;0;2 g;0;0 g;0 g;0;0;0;0;0;0;0;0;0 g;0;0;0;0;0;0;0;0;0;0;0;0;0;0;0;0;0;0;0;0;0;0 mg;0;0;0;0;0;0;0;0;0;0;0;0;0
2466;Tropicana Slim Pengganti Kecap Manis;PT.Nutrifood indonesia;1;10 ml;30 kkal;0;0;10 g;0;0 g;0 g;0;0;0;0;0;0;0;0;0;0;0;0;0;0;0;0;0;0;0;0;0;0;0;0;0;0;0;0;0;0;40 mg;0;0;0;0;0;0;0;0;0;0;0;0;0
1436;WRP on the go (cokelat);PT.Nutrifood indonesia;1;200 ml;150 kkal;0;0;24 g;0;7 g;3 g;0;0;0;0;0;6 g;0;0;16 g;0;0;0;0;0;0;0;0;0;0;0;0;0;0;0;0;0;0;0;0;0;0 mg;0;0;0;0;0;0;0;0;0;0;0;0;0
1380;WRP truil bar;PT.Nutrifood indonesia;1;20 g;80 kkal;0;0;14 g;0;1 g;3.50 g;0;0;0;0;0;2 g;0;0;7 g;0;0;0;0;0;0;0;0;0;0;0;0;0;0;0;0;0;0;0;0;0;0 mg;0;0;0;0;0;0;0;0;0;0;0;0;0
1235;Mcdonald Big mac burger;PT.Rekso Nasional Food;1;215 g;540 kkal;0;0;46 g;0;25 g;28 g;0;0;0;0;0;3 g;0;0;9 g;0;0;0;0;0;0;0;0;0;0;0;0;0;0;0;0;0;0;0;0;0;0 mg;0;0;0;0;0;0;0;0;0;0;0;0;0
1240;Mcdonald Cheeseburger;PT.Rekso Nasional Food;1;0 g;300 kkal;0;0;33 g;0;15 g;12 g;0;0;0;0;0;2 g;0;0;7 g;0;0;0;0;0;0;0;0;0;0;0;0;0;0;0;0;0;0;0;0;0;0 mg;0;0;0;0;0;0;0;0;0;0;0;0;0
1239;Mcdonald Double cheeseburger;PT.Rekso Nasional Food;1;0 g;430 kkal;0;0;35 g;0;25 g;21 g;0;0;0;0;0;2 g;0;0;7 g;0;0;0;0;0;0;0;0;0;0;0;0;0;0;0;0;0;0;0;0;0;0 mg;0;0;0;0;0;0;0;0;0;0;0;0;0
1237;Mcdonald Hamburge;PT.Rekso Nasional Food;1;0 g;250 kkal;0;0;31 g;0;13 g;8 g;0;0;0;0;0;1 g;0;0;6 g;0;0;0;0;0;0;0;0;0;0;0;0;0;0;0;0;0;0;0;0;0;0 mg;0;0;0;0;0;0;0;0;0;0;0;0;0
1236;Mcdonald Mc double;PT.Rekso Nasional Food;1;0 g;380 kkal;0;0;34 g;0;23 g;18 g;0;0;0;0;0;2 g;0;0;7 g;0;0;0;0;0;0;0;0;0;0;0;0;0;0;0;0;0;0;0;0;0;0 mg;0;0;0;0;0;0;0;0;0;0;0;0;0
1238;Mcdonald Triple cheeseburger;PT.Rekso Nasional Food;1;0 g;520 kkal;0;0;36 g;0;32 g;28 g;0;0;0;0;0;2 g;0;0;7 g;0;0;0;0;0;0;0;0;0;0;0;0;0;0;0;0;0;0;0;0;0;0 mg;0;0;0;0;0;0;0;0;0;0;0;0;0
2257;Entrasol Quick Start Chia Seeds;PT.Sanghiang perkasa;1;30 g;130 kkal;0;0;22 g;0;2 g;3.50 g;0;0;0;0;0;1 g;0;0;12 g;0;0;0;0;0;0;0;0;0;0;0;0;0;0;0;0;0;0;0;0;0;105 mg;25 mg;0;0;0;0;0;0;0;0;0;0;0;0
1377;Fitbar;PT.Sanghiang perkasa;1;24 g;90 kkal;0;0;14 g;0;3 g;2.50 g;0;0;0;0;0;1 g;0;0;4 g;0;0;0;0;0;0;0;0;0;0;0;0;0;0;0;0;0;0;0;0;0;0 mg;0;0;0;0;0;0;0;0;0;0;0;0;0
2566;Prenagen Esensis;PT.Sanghiang perkasa;1;40 g;150 kkal;0;0;29 g;0;6 g;1 g;0;0;0;0;0;0;0;0;0;0;0;0;0;0;0;0;0;0;0;0;0;0;0;0;0;0;0;0;0;0;150 mg;0;0;0;0;0;0;0;0;0;0;0;0;0
3359;Goodday Funtastic mocacinno;Pt.santos jaya abadi;1;30.00 g;140 kkal;0;0;26 g;0;3 g;2.50 g;0;0;0;0;0;8 g;0;0;18 g;0;0;0;0;0;0;0;0;0;0;0;0;0;0;0;0;0;0;0;0;0;75 mg;0;0;0;0;0;0;0;0;0;0;0;0;0
2032;Fruit Tea apple;PT.Sinar Sosro;1;500 ml;240 kkal;0;0;60 g;0;0 g;0 g;0;0;0;0;0;0;0;0;48 g;0;0;0;0;0;0;0;0;0;0;0;0;0;0;0;0;0;0;0;0;0;0 mg;0;0;0;0;0;0;0;0;0;0;0;0;0
2034;Fruit Tea yuzu;PT.Sinar Sosro;1;500 ml;220 kkal;0;0;54 g;0;0 g;0 g;0;0;0;0;0;0;0;0;50 g;0;0;0;0;0;0;0;0;0;0;0;0;0;0;0;0;0;0;0;0;0;0 mg;0;0;0;0;0;0;0;0;0;0;0;0;0
1554;Teh botol sosro less sugar;PT.Sinar Sosro;1;450 ml;90 kkal;0;0;22 g;0;0 g;0 g;0;0;0;0;0;0;0;0;22 g;0;0;0;0;0;0;0;0;0;0;0;0;0;0;0;0;0;0;0;0;0;0 mg;0;0;0;0;0;0;0;0;0;0;0;0;0
1553;Teh botol sosro original;PT.Sinar Sosro;1;450 ml;140 kkal;0;0;34 g;0;0 g;0 g;0;0;0;0;0;0;0;0;32 g;0;0;0;0;0;0;0;0;0;0;0;0;0;0;0;0;0;0;0;0;0;0 mg;0;0;0;0;0;0;0;0;0;0;0;0;0
1555;Teh botol tawar;PT.Sinar Sosro;1;350 ml;0 kkal;0;0;0 g;0;0 g;0 g;0;0;0;0;0;0;0;0;0 g;0;0;0;0;0;0;0;0;0;0;0;0;0;0;0;0;0;0;0;0;0;0 mg;0;0;0;0;0;0;0;0;0;0;0;0;0
1358;VIT;PT.Tirta Investama;1;600 ml;0 kkal;0;0;0 g;0;0 g;0 g;0;0;0;0;0;0;0;0;0;0;0;0;0;0;0;0;0;0;0;0;0;0;0;0;0;0;0;0;0;0;0 mg;0;0;0;0;0;0;0;0;0;0;0;0;0
2251;Blue Band;PT.Unilever Indonesia Tbk;1;15 g;90 kkal;0;0;0 g;0;0 g;10 g;0;0;0;0;0;0 g;0;0;0 g;0;0;0;0;0;0;0;0;0;0;0;0;0;0;0;0;0;0;0;0;0;125 mg;0;0;0;0;0;0;0;0;0;0;0;0;0
2294;Piatos iga penyet;PT.URC;1;11 g;60 kkal;0;0;7 g;0;0 g;3.50 g;0;0;0;0;0;0;0;0;0;0;0;0;0;0;0;0;0;0;0;0;0;0;0;0;0;0;0;0;0;0;80 mg;0;0;0;0;0;0;0;0;0;0;0;0;0
1435;Mi ABC cup baso sapi;PT.Wings food;1;60 g;290 kkal;0;0;34 g;0;7 g;13 g;0;0;0;0;0;4 g;0;0;3 g;0;0;0;0;0;0;0;0;0;0;0;0;0;0;0;0;0;0;0;0;0;0 mg;0;0;0;0;0;0;0;0;0;0;0;0;0
1353;Mi ABC cup mi ayam jamur;PT.Wings food;1;80 g;390 kkal;0;0;45 g;0;7 g;20 g;0;0;0;0;0;6 g;0;0;8 g;0;0;0;0;0;0;0;0;0;0;0;0;0;0;0;0;0;0;0;0;0;0 mg;0;0;0;0;0;0;0;0;0;0;0;0;0
1354;Mi ABC cup soto ayam;PT.Wings food;1;60 g;280 kkal;0;0;34 g;0;7 g;13 g;0;0;0;0;0;4 g;0;0;2 g;0;0;0;0;0;0;0;0;0;0;0;0;0;0;0;0;0;0;0;0;0;0 mg;0;0;0;0;0;0;0;0;0;0;0;0;0
2077;Mie Sedaap Cup Mi Kuah Bakso;PT.Wings food;1;77 g;350 kkal;0;0;45 g;0;8 g;15 g;0;0;0;0;0;0;0;0;0;0;0;0;0;0;0;0;0;0;0;0;0;0;0;0;0;0;0;0;0;0;1070 mg;0;0;0;0;0;0;0;0;0;0;0;0;0
1203;Mie sedap goreng;PT.Wings food;1;91 g;420 kkal;0;0;60 g;0;8 g;16 g;0;0;0;0;0;8 g;0;0;7 g;0;0;0;0;0;0;0;0;0;0;0;0;0;0;0;0;0;0;0;0;0;0 mg;0;0;0;0;0;0;0;0;0;0;0;0;0
3603;Top Avocado Coffee;PT.Wings food;1;100 g;90 kkal;0;0;15 g;0;1 g;3 g;0;0;0;0;0;0;0;0;10 g;0;0;0;0;0;0;0;0;0;0;0;0;0;0;0;0;0;0;0;0;0;25 mg;0;0;0;0;0;0;0;0;0;0;0;0;0
2918;Top coffee Gula Aren;PT.Wings food;1;100 g;100 kkal;0;0;18 g;0;1 g;2.50 g;0;0;0;0;0;0;0;0;14 g;0;0;0;0;0;0;0;0;0;0;0;0;0;0;0;0;0;0;0;0;0;35 mg;0;0;0;0;0;0;0;0;0;0;0;0;0
1261;quaker instan oatmeal;Quaker indonesia;1;35 g;140 kkal;0;0;24 g;0;4 g;3.50 g;0;0;0;0;0;0;0;0;0;0;0;0;0;0;0;0;0;0;0;0;0;0;0;0;0;0;0;0;0;0;0 mg;0;0;0;0;0;0;0;0;0;0;0;0;0
1823;Quiznos Black angus steakhouse;Quiznos;1;0 g;780 kkal;0;0;88 g;0;47 g;27 g;0;0;0;0;0;4 g;0;0;19 g;0;0;0;0;0;0;0;0;0;0;0;0;0;0;0;0;0;0;0;0;0;0 mg;0;0;0;0;0;0;0;0;0;0;0;0;0
1821;Quiznos chicken carbonara;Quiznos;1;0 g;890 kkal;0;0;73 g;0;54 g;42 g;0;0;0;0;0;3 g;0;0;7 g;0;0;0;0;0;0;0;0;0;0;0;0;0;0;0;0;0;0;0;0;0;0 mg;0;0;0;0;0;0;0;0;0;0;0;0;0
1822;Quiznos classic italian;Quiznos;1;0 g;920 kkal;0;0;77 g;0;41 g;50 g;0;0;0;0;0;4 g;0;0;11 g;0;0;0;0;0;0;0;0;0;0;0;0;0;0;0;0;0;0;0;0;0;0 mg;0;0;0;0;0;0;0;0;0;0;0;0;0
1824;Quiznos honey mustard chicken;Quiznos;1;0 g;850 kkal;0;0;80 g;0;53 g;36 g;0;0;0;0;0;4 g;0;0;12 g;0;0;0;0;0;0;0;0;0;0;0;0;0;0;0;0;0;0;0;0;0;0 mg;0;0;0;0;0;0;0;0;0;0;0;0;0
1820;Quiznos peppercorn steak;Quiznos;1;0 g;840 kkal;0;0;76 g;0;20 g;42 g;0;0;0;0;0;4 g;0;0;6 g;0;0;0;0;0;0;0;0;0;0;0;0;0;0;0;0;0;0;0;0;0;0 mg;0;0;0;0;0;0;0;0;0;0;0;0;0
1825;Quiznos tuna melt;Quiznos;1;0 g;660 kkal;0;0;76 g;0;44 g;22 g;0;0;0;0;0;3 g;0;0;6 g;0;0;0;0;0;0;0;0;0;0;0;0;0;0;0;0;0;0;0;0;0;0 mg;0;0;0;0;0;0;0;0;0;0;0;0;0
1476;Red Bull;Red Bull;1;250 g;112 kkal;0;0;28 g;0;0 g;0 g;0;0;0;0;0;0;0;0;0;0;0;0;0;0;0;0;0;0;0;0;0;0;0;0;0;0;0;0;0;0;0 mg;0;0;0;0;0;0;0;0;0;0;0;0;0
1896;Rejuve beat that;Rejuve (Clasis Line);1;100 ml;39 kkal;0;0;9 g;0;0.40 g;0 g;0;0;0;0;0;0;0;0;0;0;0;0;0;0;0;0;0;0;0;0;0;0;0;0;0;0;0;9 mg;0;0;7 mg;0;0;0;0;0;0;0;0;0;0;0;0;0
1895;Rejuve Classic Green;Rejuve (Clasis Line);1;100 ml;32 kkal;0;0;8 g;0;1 g;0 g;0;0;0;0;0;0;0;0;0;0;0;0;0;0;0;0;0;0;0;0;0;0;0;0;0;0;0;11 mg;0;0;22 mg;0;0;0;0;0;0;0;0;0;0;0;0;0
1893;Rejuve firey bite;Rejuve (Clasis Line);1;100 ml;38 kkal;0;0;9 g;0;1 g;0 g;0;0;0;0;0;0;0;0;0;0;0;0;0;0;0;0;0;0;0;0;0;0;0;0;0;0;0;9 mg;0;0;17 mg;0;0;0;0;0;0;0;0;0;0;0;0;0
1894;Rejuve Glowing Golden;Rejuve (Clasis Line);1;100 ml;42 kkal;0;0;10 g;0;0.30 g;0 g;0;0;0;0;0;0;0;0;0;0;0;0;0;0;0;0;0;0;0;0;0;0;0;0;0;0;0;14 mg;0;0;6 mg;0;0;0;0;0;0;0;0;0;0;0;0;0
1898;Rejuve Green Glory;Rejuve (Clasis Line);1;100 g;46 kkal;0;0;11 g;0;1 g;0 g;0;0;0;0;0;0;0;0;0;0;0;0;0;0;0;0;0;0;0;0;0;0;0;0;0;0;0;16 mg;0;0;6 mg;0;0;0;0;0;0;0;0;0;0;0;0;0
1897;Rejuve I Glow;Rejuve (Clasis Line);1;100 ml;38 kkal;0;0;9 g;0;0.40 g;0 g;0;0;0;0;0;0;0;0;0;0;0;0;0;0;0;0;0;0;0;0;0;0;0;0;0;0;0;17 mg;0;0;9 mg;0;0;0;0;0;0;0;0;0;0;0;0;0
1481;Ricola herb canndy;Ricola;1;15 g;60 kkal;0;0;15 g;0;0 g;0 g;0;0;0;0;0;0;0;0;0;0;0;0;0;0;0;0;0;0;0;0;0;0;0;0;0;0;0;0;0;0;0 mg;0;0;0;0;0;0;0;0;0;0;0;0;0
4608;Del Monte Fresh Cut Whole Cernel Corn;RIVER KWAI INT FOOD IND CO., LTD;1;130 gram;80 kkal;0;0;14 g;0;2 g;1.50 g;0;0;0;0;0;6 g;0;0;1 g;0;0;0;0;0;0;0;0;0;0;0;0;0;0;0;0;0;0;0;0;0;260 mg;0;0;0;0;0;0;0;0;0;0;0;0;0
2784;Sari gandum sandwich coklat;roma;1;100 g;100 kkal;0;0;13 g;0;2 g;4 g;0;0;0;0;0;0;0;0;0;0;0;0;0;0;0;0;0;0;0;0;0;0;0;0;0;0;0;0;0;0;55 mg;0;0;0;0;0;0;0;0;0;0;0;0;0
2285;wafello;roma;1;28 g;140 kkal;0;0;20 g;0;1 g;6 g;0;0;0;0;0;0;0;0;0;0;0;0;0;0;0;0;0;0;0;0;0;0;0;0;0;0;0;0;0;0;70 mg;0;0;0;0;0;0;0;0;0;0;0;0;0
1368;Saladstop bold bulgogi;Saladstop;1;0 g;411.80 kkal;0;0;30.60 g;0;17.70 g;25.70 g;0;0;0;0;0;6 g;0;0;13.30 g;0;0;0;0;0;0;0;0;0;0;0;0;0;0;0;0;0;0;0;0;0;695.40 mg;0;0;0;0;0;0;0;0;0;0;0;0;0
1492;Saladstop Cobb;Saladstop;1;0 g;538 kkal;0;0;20.10 g;0;34 g;35.30 g;0;0;0;0;0;6.40 g;0;0;6.40 g;0;0;0;0;0;0;0;0;0;0;0;0;0;0;0;0;0;0;0;0;0;785.60 mg;0;0;0;0;0;0;0;0;0;0;0;0;0
1738;Saladstop Go Geisha;Saladstop;1;0 g;259.20 kkal;0;0;31.20 g;0;13.60 g;9.60 g;0;0;0;0;0;5.80 g;0;0;15.90 g;0;0;0;0;0;0;0;0;0;0;0;0;0;0;0;0;0;0;0;0;0;0 mg;0;0;0;0;0;0;0;0;0;0;0;0;0
1733;Saladstop Hail caesar w/o chicken;Saladstop;1;0 g;471.90 kkal;0;0;19 g;0;22.80 g;34.30 g;0;0;0;0;0;3.90 g;0;0;3.50 g;0;0;0;0;0;0;0;0;0;0;0;0;0;0;0;0;0;0;0;0;0;0 mg;0;0;0;0;0;0;0;0;0;0;0;0;0
1735;"Saladstop Iron ""wo"" man";Saladstop;1;0 g;442 kkal;0;0;30.20 g;0;13.20 g;32.30 g;0;0;0;0;0;5.50 g;0;0;18.70 g;0;0;0;0;0;0;0;0;0;0;0;0;0;0;0;0;0;0;0;0;0;0 mg;0;0;0;0;0;0;0;0;0;0;0;0;0
1489;Saladstop Jai Ho;Saladstop;1;0 g;324.90 kkal;0;0;28.30 g;0;22.30 g;14.30 g;0;0;0;0;0;7.10 g;0;0;8.40 g;0;0;0;0;0;0;0;0;0;0;0;0;0;0;0;0;0;0;0;0;0;355.30 mg;0;0;0;0;0;0;0;0;0;0;0;0;0
1736;Saladstop Oh Crab Lah;Saladstop;1;0 g;435.30 kkal;0;0;24.90 g;0;18.60 g;19.60 g;0;0;0;0;0;5 g;0;0;6.30 g;0;0;0;0;0;0;0;0;0;0;0;0;0;0;0;0;0;0;0;0;0;0 mg;0;0;0;0;0;0;0;0;0;0;0;0;0
1737;Saladstop Omega 3 baby;Saladstop;1;0 g;391.30 kkal;0;0;18.60 g;0;17.30 g;28.70 g;0;0;0;0;0;6.70 g;0;0;9.60 g;0;0;0;0;0;0;0;0;0;0;0;0;0;0;0;0;0;0;0;0;0;0 mg;0;0;0;0;0;0;0;0;0;0;0;0;0
1494;Saladstop Sea Breeze;Saladstop;1;0 g;379.30 kkal;0;0;17.40 g;0;29.50 g;23 g;0;0;0;0;0;6.20 g;0;0;7.90 g;0;0;0;0;0;0;0;0;0;0;0;0;0;0;0;0;0;0;0;0;0;2032.30 mg;0;0;0;0;0;0;0;0;0;0;0;0;0
1491;Saladstop Sunshine jakarta;Saladstop;1;0 g;556.60 kkal;0;0;50.70 g;0;45.20 g;26.60 g;0;0;0;0;0;15.10 g;0;0;18.10 g;0;0;0;0;0;0;0;0;0;0;0;0;0;0;0;0;0;0;0;0;0;988.80 mg;0;0;0;0;0;0;0;0;0;0;0;0;0
1493;Saladstop tingtong;Saladstop;1;0 g;843.40 kkal;0;0;83.30 g;0;30.60 g;46.20 g;0;0;0;0;0;13.50 g;0;0;14.50 g;0;0;0;0;0;0;0;0;0;0;0;0;0;0;0;0;0;0;0;0;0;1004.60 mg;0;0;0;0;0;0;0;0;0;0;0;0;0
1734;Saladstop Tuna San;Saladstop;1;0 g;327.80 kkal;0;0;25.10 g;0;19.50 g;18.90 g;0;0;0;0;0;8.80 g;0;0;14.70 g;0;0;0;0;0;0;0;0;0;0;0;0;0;0;0;0;0;0;0;0;0;0 mg;0;0;0;0;0;0;0;0;0;0;0;0;0
4679;Salam Bakso Ayam 500g;Salam Frozen Food;1;50 gram;60 kkal;0;0;5 g;0;9 g;0.50 g;0;0;0;0;0;0;0;0;0 g;0;0;0;0;0;0;0;0;0;0;0;0;0;0;0;0;0;0;0;0;0;320 mg;0;0;0;0;0;0;0;0;0;0;0;0;0
4351;Pepero Almond;Samkwang Food Co., Ltd;1;32 gram;140 kkal;0;0;23 g;0;4 g;3.50 g;0;0;0;0;0;0;0;0;7 g;0;0;0;0;0;0;0;0;0;0;0;0;0;0;0;0;0;0;0;0;0;65 mg;0;0;0;0;0;0;0;0;0;0;0;0;0
4350;Pepero White Cookie;Samkwang Food Co., Ltd;1;32 gram;160 kkal;0;0;20 g;0;3 g;7 g;0;0;0;0;0;0;0;0;10 g;0;0;0;0;0;0;0;0;0;0;0;0;0;0;0;0;0;0;0;0;0;65 mg;0;0;0;0;0;0;0;0;0;0;0;0;0
4831;Samyang Ramen Kimchi;Samyang Foods Co., Ltd;1;60 gram;250 kkal;0;0;39 g;0;5 g;8 g;0;0;0;0;0;0;0;0;2 g;0;0;0;0;0;0;0;0;0;0;0;0;0;0;0;0;0;0;0;0;0;1190 mg;0;0;0;0;0;0;0;0;0;0;0;0;0
1202;Samyang;Samyang Foods Co.Ltd Korea;1;140 g;530 kkal;0;0;85 g;0;12 g;16 g;0;0;0;0;0;1 g;0;0;7 g;0;0;0;0;0;0;0;0;0;0;0;0;0;0;0;0;0;0;0;0;0;0 mg;0;0;0;0;0;0;0;0;0;0;0;0;0
1684;Samyang buldak cheese;Samyang Foods Co.Ltd Korea;1;140 g;550 kkal;0;0;84 g;0;13 g;18 g;0;0;0;0;0;1 g;0;0;7 g;0;0;0;0;0;0;0;0;0;0;0;0;0;0;0;0;0;0;0;0;0;0 mg;0;0;0;0;0;0;0;0;0;0;0;0;0
1685;Samyang Buldak extra hot;Samyang Foods Co.Ltd Korea;1;140 g;530 kkal;0;0;85 g;0;12 g;16 g;0;0;0;0;0;1 g;0;0;7 g;0;0;0;0;0;0;0;0;0;0;0;0;0;0;0;0;0;0;0;0;0;0 mg;0;0;0;0;0;0;0;0;0;0;0;0;0
1686;Samyang buldak stew;Samyang Foods Co.Ltd Korea;1;145 g;540 kkal;0;0;69 g;0;10 g;16 g;0;0;0;0;0;1 g;0;0;7 g;0;0;0;0;0;0;0;0;0;0;0;0;0;0;0;0;0;0;0;0;0;0 mg;0;0;0;0;0;0;0;0;0;0;0;0;0
1531;Sushi dragon roll;Sansai grill;1;342 g;373 kkal;0;0;65.50 g;0;12 g;8 g;0;0;0;0;0;3 g;0;0;12 g;0;0;0;0;0;0;0;0;0;0;0;0;0;0;0;0;0;0;0;0;0;0 mg;0;0;0;0;0;0;0;0;0;0;0;0;0
1607;Sushi hand roll shrimp;Sansai grill;1;102 g;90 kkal;0;0;9 g;0;8 g;2 g;0;0;0;0;0;1 g;0;0;0.50 g;0;0;0;0;0;0;0;0;0;0;0;0;0;0;0;0;0;0;0;0;0;0 mg;0;0;0;0;0;0;0;0;0;0;0;0;0
1606;Sushi hand roll unagi;Sansai grill;1;116 g;152 kkal;0;0;14 g;0;9 g;6 g;0;0;0;0;0;1 g;0;0;1 g;0;0;0;0;0;0;0;0;0;0;0;0;0;0;0;0;0;0;0;0;0;0 mg;0;0;0;0;0;0;0;0;0;0;0;0;0
1604;Sushi ngiri salmon;Sansai grill;1;28.50 g;45 kkal;0;0;3 g;0;3 g;2 g;0;0;0;0;0;0.50 g;0;0;0 g;0;0;0;0;0;0;0;0;0;0;0;0;0;0;0;0;0;0;0;0;0;0 mg;0;0;0;0;0;0;0;0;0;0;0;0;0
1605;Sushi ngiri tuna;Sansai grill;1;28.50 g;31 kkal;0;0;3 g;0;4 g;1 g;0;0;0;0;0;0.50 g;0;0;0 g;0;0;0;0;0;0;0;0;0;0;0;0;0;0;0;0;0;0;0;0;0;0 mg;0;0;0;0;0;0;0;0;0;0;0;0;0
1609;Sushi red bull roll;Sansai grill;1;337.50 g;484 kkal;0;0;72 g;0;28 g;7.50 g;0;0;0;0;0;1 g;0;0;28 g;0;0;0;0;0;0;0;0;0;0;0;0;0;0;0;0;0;0;0;0;0;0 mg;0;0;0;0;0;0;0;0;0;0;0;0;0
4410;Kimchi Pancake;Saongwon Co., Ltd;1;50 gram;130 kkal;0;0;14 g;0;1 g;8 g;0;0;0;0;0;0;0;0;0 g;0;0;0;0;0;0;0;0;0;0;0;0;0;0;0;0;0;0;0;0;0;260 mg;0;0;0;0;0;0;0;0;0;0;0;0;0
3676;Saus Sesame;Saus Sesame Kewpie;1;100 g;100 kkal;0;0;4 g;0;1 g;9 g;0;0;0;0;0;0;0;0;0;0;0;0;0;0;0;0;0;0;0;0;0;0;0;0;0;0;0;0;0;0;260 mg;0;0;0;0;0;0;0;0;0;0;0;0;0
2329;Go Potato;Siantar Top;1;20 g;100 kkal;0;0;14 g;0;2 g;4 g;0;0;0;0;0;0;0;0;0;0;0;0;0;0;0;0;0;0;0;0;0;0;0;0;0;0;0;0;0;0;0 mg;0;0;0;0;0;0;0;0;0;0;0;0;0
2344;Go Potato;Siantar Top;1;20 g;100 kkal;0;0;14 g;0;2 g;4 g;0;0;0;0;0;0;0;0;0;0;0;0;0;0;0;0;0;0;0;0;0;0;0;0;0;0;0;0;0;0;0 mg;0;0;0;0;0;0;0;0;0;0;0;0;0
1260;Selai kacang skippy chunky;Skippy Indonesia;1;32 g;210 kkal;0;0;7 g;0;7 g;17 g;0;0;0;0;0;0;0;0;0;0;0;0;0;0;0;0;0;0;0;0;0;0;0;0;0;0;0;0;0;0;0 mg;0;0;0;0;0;0;0;0;0;0;0;0;0
1510;Selai Skippy Chunky;Skippy Indonesia;1;32 g;210 kkal;0;0;7 g;0;7 g;17 g;0;0;0;0;0;2 g;0;0;3 g;0;0;0;0;0;0;0;0;0;0;0;0;0;0;0;0;0;0;0;0;0;0 mg;0;0;0;0;0;0;0;0;0;0;0;0;0
2867;Sosis sapi so nice;So nice;1;100 g;110 kkal;0;0;7 g;0;7 g;6 g;0;0;0;0;0;0;0;0;0;0;0;0;0;0;0;0;0;0;0;0;0;0;0;0;0;0;0;0;0;0;520 mg;0;0;0;0;0;0;0;0;0;0;0;0;0
1873;So you minuman kedelai;So You;1;250 ml;100 kkal;0;0;15 g;0;4 g;2.50 g;0;0;0;0;0;0;0;0;11 g;0;0;0;0;0;0;0;0;0;0;0;0;0;0;0;0;0;0;0;0;0;0 mg;0;0;0;0;0;0;0;0;0;0;0;0;0
1871;Soylicious sweetened;Soylicious;1;300 ml;70 kkal;0;0;6 g;0;7 g;3.50 g;0;0;0;0;0;0;0;0;0;0;0;0;0;0;0;0;0;0;0;0;0;0;0;0;0;0;0;0;0;0;0 mg;0;0;0;0;0;0;0;0;0;0;0;0;0
4434;Telly Vegetarian Noodle Hot Pepper Soup Flavour;Spices & Seasonings Specialities Sdn Bhd;1;75 gram;341 kkal;0;0;48.90 g;0;7 g;13 g;0;0;0;0;0;0;0;0;5 g;0;0;0;0;0;0;0;0;0;0;0;0;0;0;0;0;0;0;0;0;0;2100 mg;0;0;0;0;0;0;0;0;0;0;0;0;0
2261;Sprite;Sprite;1;250 ml;100 kkal;0;0;25 g;0;0 g;0 g;0;0;0;0;0;0;0;0;0;0;0;0;0;0;0;0;0;0;0;0;0;0;0;0;0;0;0;0;0;0;40 mg;0;0;0;0;0;0;0;0;0;0;0;0;0
4420;Peachy Banana, Cantaloupe and Potato Puree;Srichiengmai Industry;1;110 gram;80 kkal;0;0;20 g;0;1 g;0 g;0;0;0;0;0;0;0;0;11 g;0;0;0;0;0;0;0;0;0;0;0;0;0;0;0;0;0;0;0;0;0;15 mg;0;0;0;0;0;0;0;0;0;0;0;0;0
4419;Peachy Mango, Sweet Potato and Carrot Puree;Srichiengmai Industry;1;110 gram;50 kkal;0;0;12 g;0;1 g;0 g;0;0;0;0;0;0;0;0;4 g;0;0;0;0;0;0;0;0;0;0;0;0;0;0;0;0;0;0;0;0;0;30 mg;0;0;0;0;0;0;0;0;0;0;0;0;0
4425;Peachy Pangasius Dory Fish with Spinach and Potato Puree;Srichiengmai Industry;1;125 gram;60 kkal;0;0;11 g;0;4 g;0.50 g;0;0;0;0;0;0;0;0;0 g;0;0;0;0;0;0;0;0;0;0;0;0;0;0;0;0;0;0;0;0;0;60 mg;0;0;0;0;0;0;0;0;0;0;0;0;0
4421;Peachy Pumpkin, Corn Milk and Potato Puree;Srichiengmai Industry;1;110 gram;35 kkal;0;0;8 g;0;1 g;0 g;0;0;0;0;0;0;0;0;1 g;0;0;0;0;0;0;0;0;0;0;0;0;0;0;0;0;0;0;0;0;0;10 mg;0;0;0;0;0;0;0;0;0;0;0;0;0
4422;Peachy Strawberry-Banana Smoothie;Srichiengmai Industry;1;100 gram;50 kkal;0;0;16 g;0;1 g;0 g;0;0;0;0;0;0;0;0;11 g;0;0;0;0;0;0;0;0;0;0;0;0;0;0;0;0;0;0;0;0;0;25 mg;0;0;0;0;0;0;0;0;0;0;0;0;0
2342;Bolu Padimas Coklat;Stanli;1;10 g;45 kkal;0;0;5 g;0;0 g;2.50 g;0;0;0;0;0;0;0;0;0;0;0;0;0;0;0;0;0;0;0;0;0;0;0;0;0;0;0;0;0;0;30 mg;0;0;0;0;0;0;0;0;0;0;0;0;0
1983;Starbucks Almond croissant;Starbucks;1;99 g;420 kkal;0;0;45 g;0;10 g;22 g;0;0;0;0;0;3 g;0;0;13 g;0;0;0;0;0;0;0;0;0;0;0;0;0;0;0;0;0;0;0;0;0;0 mg;0;0;0;0;0;0;0;0;0;0;0;0;0
1986;Starbucks Banana nut bread;Starbucks;1;125 g;420 kkal;0;0;52 g;0;6 g;22 g;0;0;0;0;0;2 g;0;0;30 g;0;0;0;0;0;0;0;0;0;0;0;0;0;0;0;0;0;0;0;0;0;0 mg;0;0;0;0;0;0;0;0;0;0;0;0;0
1981;Starbucks butter croissant;Starbucks;1;62 g;260 kkal;0;0;27 g;0;5 g;15 g;0;0;0;0;0;1 g;0;0;5 g;0;0;0;0;0;0;0;0;0;0;0;0;0;0;0;0;0;0;0;0;0;0 mg;0;0;0;0;0;0;0;0;0;0;0;0;0
1274;Starbucks caffe americano;Starbucks;1;0 ml;15 kkal;0;0;3 g;0;1 g;0 g;0;0;0;0;0;0;0;0;0;0;0;0;0;0;0;0;0;0;0;0;0;0;0;0;0;0;0;0;0;0;0 mg;0;0;0;0;0;0;0;0;0;0;0;0;0
1276;Starbucks cappuccino (nonfat milk);Starbucks;1;0 ml;80 kkal;0;0;12 g;0;8 g;0 g;0;0;0;0;0;0;0;0;0;0;0;0;0;0;0;0;0;0;0;0;0;0;0;0;0;0;0;0;0;0;0 mg;0;0;0;0;0;0;0;0;0;0;0;0;0
1290;Starbucks cappuccino (wholemilk);Starbucks;1;0 ml;140 kkal;0;0;12 g;0;7 g;7 g;0;0;0;0;0;0;0;0;0;0;0;0;0;0;0;0;0;0;0;0;0;0;0;0;0;0;0;0;0;0;0 mg;0;0;0;0;0;0;0;0;0;0;0;0;0
1984;Starbucks Cheese bagels;Starbucks;1;99 g;290 kkal;0;0;53 g;0;11 g;3.50 g;0;0;0;0;0;2 g;0;0;5 g;0;0;0;0;0;0;0;0;0;0;0;0;0;0;0;0;0;0;0;0;0;0 mg;0;0;0;0;0;0;0;0;0;0;0;0;0
1982;Starbucks chocolate croissant;Starbucks;1;80 g;340 kkal;0;0;38 g;0;5 g;20 g;0;0;0;0;0;2 g;0;0;13 g;0;0;0;0;0;0;0;0;0;0;0;0;0;0;0;0;0;0;0;0;0;0 mg;0;0;0;0;0;0;0;0;0;0;0;0;0
1985;Starbucks Cinnamon Roll;Starbucks;1;118 g;420 kkal;0;0;67 g;0;8 g;13 g;0;0;0;0;0;2 g;0;0;32 g;0;0;0;0;0;0;0;0;0;0;0;0;0;0;0;0;0;0;0;0;0;0 mg;0;0;0;0;0;0;0;0;0;0;0;0;0
2415;Starbucks Espresso Brownie;Starbucks;1;82 g;370 kkal;0;0;43 g;0;4 g;21 g;0;0;0;0;0;0;0;0;30 g;0;0;0;0;0;0;0;0;0;0;0;0;0;0;0;0;0;0;0;0;0;115 mg;0;0;0;0;0;0;0;0;0;0;0;0;0
1288;Starbucks green tea frappuccino (whole milk + whipped);Starbucks;1;0 ml;430 kkal;0;0;68 g;0;6 g;16 g;0;0;0;0;0;0;0;0;0;0;0;0;0;0;0;0;0;0;0;0;0;0;0;0;0;0;0;0;0;0;0 mg;0;0;0;0;0;0;0;0;0;0;0;0;0
1289;Starbucks green tea frappuccino (whole milk);Starbucks;1;0 ml;320 kkal;0;0;64 g;0;5 g;4.50 g;0;0;0;0;0;0;0;0;0;0;0;0;0;0;0;0;0;0;0;0;0;0;0;0;0;0;0;0;0;0;0 mg;0;0;0;0;0;0;0;0;0;0;0;0;0
1282;Starbucks hot caffe latte (notfat milk);Starbucks;1;0 ml;130 kkal;0;0;20 g;0;13 g;0 g;0;0;0;0;0;0;0;0;0;0;0;0;0;0;0;0;0;0;0;0;0;0;0;0;0;0;0;0;0;0;0 mg;0;0;0;0;0;0;0;0;0;0;0;0;0
1281;Starbucks hot caffe latte (whole milk);Starbucks;1;100 g;230 kkal;0;0;19 g;0;12 g;12 g;0;0;0;0;0;0;0;0;0;0;0;0;0;0;0;0;0;0;0;0;0;0;0;0;0;0;0;0;0;0;0 mg;0;0;0;0;0;0;0;0;0;0;0;0;0
1287;Starbucks hot caffe mocha (notfat milk + whipped);Starbucks;1;0 ml;320 kkal;0;0;320 g;0;14 g;10 g;0;0;0;0;0;0;0;0;0;0;0;0;0;0;0;0;0;0;0;0;0;0;0;0;0;0;0;0;0;0;0 mg;0;0;0;0;0;0;0;0;0;0;0;0;0
1286;Starbucks hot caffe mocha (notfat milk);Starbucks;1;0 ml;250 kkal;0;0;42 g;0;13 g;2.50 g;0;0;0;0;0;0;0;0;0;0;0;0;0;0;0;0;0;0;0;0;0;0;0;0;0;0;0;0;0;0;0 mg;0;0;0;0;0;0;0;0;0;0;0;0;0
1278;Starbucks hot caffe mocha (whole milk + whipped);Starbucks;1;0 ml;400 kkal;0;0;44 g;0;13 g;19 g;0;0;0;0;0;0;0;0;0;0;0;0;0;0;0;0;0;0;0;0;0;0;0;0;0;0;0;0;0;0;0 mg;0;0;0;0;0;0;0;0;0;0;0;0;0
1277;Starbucks hot caffe mocha (whole milk);Starbucks;1;0 ml;330 kkal;0;0;42 g;0;13 g;12 g;0;0;0;0;0;0;0;0;0;0;0;0;0;0;0;0;0;0;0;0;0;0;0;0;0;0;0;0;0;0;0 mg;0;0;0;0;0;0;0;0;0;0;0;0;0
1285;Starbucks hot caramel macchiato (nonfat milk);Starbucks;1;0 ml;200 kkal;0;0;36 g;0;11 g;1.50 g;0;0;0;0;0;0;0;0;0;0;0;0;0;0;0;0;0;0;0;0;0;0;0;0;0;0;0;0;0;0;0 mg;0;0;0;0;0;0;0;0;0;0;0;0;0
1284;Starbucks hot caramel macchiato (wholemilk);Starbucks;1;0 ml;280 kkal;0;0;35 g;0;10 g;11 g;0;0;0;0;0;0;0;0;0;0;0;0;0;0;0;0;0;0;0;0;0;0;0;0;0;0;0;0;0;0;0 mg;0;0;0;0;0;0;0;0;0;0;0;0;0
1283;Starbucks iced caffe latte (notfat milk);Starbucks;1;0 g;90 kkal;0;0;13 g;0;8 g;0 g;0;0;0;0;0;0;0;0;0;0;0;0;0;0;0;0;0;0;0;0;0;0;0;0;0;0;0;0;0;0;0 mg;0;0;0;0;0;0;0;0;0;0;0;0;0
1275;Starbucks iced caffe latte (wholemilk);Starbucks;1;0 ml;120 kkal;0;0;13 g;0;8 g;7 g;0;0;0;0;0;0;0;0;0;0;0;0;0;0;0;0;0;0;0;0;0;0;0;0;0;0;0;0;0;0;0 mg;0;0;0;0;0;0;0;0;0;0;0;0;0
1280;Starbucks Iced caffe mocha (notfat milk + whipped);Starbucks;1;0 ml;320 kkal;0;0;40 g;0;10 g;14 g;0;0;0;0;0;0;0;0;0;0;0;0;0;0;0;0;0;0;0;0;0;0;0;0;0;0;0;0;0;0;0 mg;0;0;0;0;0;0;0;0;0;0;0;0;0
1279;Starbucks Iced caffe mocha (notfat milk);Starbucks;1;0 ml;200 kkal;0;0;36 g;0;9 g;2.50 g;0;0;0;0;0;0;0;0;0;0;0;0;0;0;0;0;0;0;0;0;0;0;0;0;0;0;0;0;0;0;0 mg;0;0;0;0;0;0;0;0;0;0;0;0;0
1294;Starbucks iced caffe mocha (whole milk + whipped);Starbucks;1;0 ml;360 kkal;0;0;39 g;0;9 g;19 g;0;0;0;0;0;0;0;0;0;0;0;0;0;0;0;0;0;0;0;0;0;0;0;0;0;0;0;0;0;0;0 mg;0;0;0;0;0;0;0;0;0;0;0;0;0
1293;Starbucks iced caffe mocha (whole milk);Starbucks;1;0 ml;250 kkal;0;0;36 g;0;9 g;8 g;0;0;0;0;0;0;0;0;0;0;0;0;0;0;0;0;0;0;0;0;0;0;0;0;0;0;0;0;0;0;0 mg;0;0;0;0;0;0;0;0;0;0;0;0;0
1291;Starbucks java chip frappuccino (wholemilk);Starbucks;1;0 ml;350 kkal;0;0;68 g;0;7 g;5 g;0;0;0;0;0;0;0;0;0;0;0;0;0;0;0;0;0;0;0;0;0;0;0;0;0;0;0;0;0;0;0 mg;0;0;0;0;0;0;0;0;0;0;0;0;0
1292;Starbucks java chip frappuccino (wholemilk+whipped);Starbucks;1;0 ml;470 kkal;0;0;72 g;0;6 g;18 g;0;0;0;0;0;0;0;0;0;0;0;0;0;0;0;0;0;0;0;0;0;0;0;0;0;0;0;0;0;0;0 mg;0;0;0;0;0;0;0;0;0;0;0;0;0
2416;Starbucks Vanilla Sweet Cream Cold Brew;Starbucks;1;710 ml;200 kkal;0;0;24 g;0;1 g;11 g;0;0;0;0;0;0;0;0;24 g;0;0;0;0;0;0;0;0;0;0;0;0;0;0;0;0;0;0;0;0;0;40 mg;0;0;0;0;0;0;0;0;0;0;0;0;0
1800;Subway black forest ham sandwich;Subway;1;226 g;290 kkal;0;0;46 g;0;18 g;4.50 g;0;0;0;0;0;5 g;0;0;8 g;0;0;0;0;0;0;0;0;0;0;0;0;0;0;0;0;0;0;0;0;0;0 mg;0;0;0;0;0;0;0;0;0;0;0;0;0
1798;Subway classic tuna sandwich;Subway;1;230 g;470 kkal;0;0;41 g;0;20 g;25 g;0;0;0;0;0;2 g;0;0;5 g;0;0;0;0;0;0;0;0;0;0;0;0;0;0;0;0;0;0;0;0;0;0 mg;0;0;0;0;0;0;0;0;0;0;0;0;0
1801;Subway spicy italian sandwich;Subway;1;214 g;470 kkal;0;0;43 g;0;19 g;24 g;0;0;0;0;0;3 g;0;0;6 g;0;0;0;0;0;0;0;0;0;0;0;0;0;0;0;0;0;0;0;0;0;0 mg;0;0;0;0;0;0;0;0;0;0;0;0;0
1802;Subway steak and cheese sandwich;Subway;1;167 g;360 kkal;0;0;43 g;0;24 g;10 g;0;0;0;0;0;2 g;0;0;5 g;0;0;0;0;0;0;0;0;0;0;0;0;0;0;0;0;0;0;0;0;0;0 mg;0;0;0;0;0;0;0;0;0;0;0;0;0
1799;Subway sweet onion chicken teriyaki sandwich;Subway;1;276 g;370 kkal;0;0;58 g;0;25 g;4.50 g;0;0;0;0;0;5 g;0;0;16 g;0;0;0;0;0;0;0;0;0;0;0;0;0;0;0;0;0;0;0;0;0;0 mg;0;0;0;0;0;0;0;0;0;0;0;0;0
1797;Subway Turkey breast sandwich;Subway;1;219 g;280 kkal;0;0;46 g;0;18 g;3.50 g;0;0;0;0;0;5 g;0;0;7 g;0;0;0;0;0;0;0;0;0;0;0;0;0;0;0;0;0;0;0;0;0;0 mg;0;0;0;0;0;0;0;0;0;0;0;0;0
2805;Haverjoy Havermix Instant Oats & Choco Chips;Sumber Urip;1;35.00 g;140 kkal;0;0;25 g;0;4 g;3 g;0;0;0;0;0;0;0;0;0;0;0;0;0;0;0;0;0;0;0;0;0;0;0;0;0;0;0;0;0;0;10 mg;0;3 mg;0;0;0;0;0;0;0;0;0;0;0
3633;Haverjoy Rolled Oats;Sumber Urip;1;35.00 g;140 kkal;0;0;24 g;0;4 g;3.50 g;0;0;0;0;0;0;0;0;0;0;0;0;0;0;0;0;0;0;0;0;0;0;0;0;0;0;0;0;0;0;0 mg;0;0;0;0;0;0;0;0;0;0;0;0;0
2210;Goodmood;Suntory;1;225 ml;50 kkal;0;0;14 g;0;0 g;0 g;0;0;0;0;0;0;0;0;12 g;0;0;0;0;0;0;0;0;0;0;0;0;0;0;0;0;0;0;0;0;0;70 mg;0;0;0;0;0;0;0;0;0;0;0;0;0
3203;Superindo Ketumbar Bubuk;Superindo;1;172.00 g;15 kkal;0;0;2 g;0;0 g;1 g;0;0;0;0;0;0;0;0;0;0;0;0;0;0;0;0;0;0;0;0;0;0;0;0;0;0;0;0;0;0;1 mg;0;0;0;0;0;0;0;0;0;0;0;0;0
2897;Telur puyuh;Superindo;1;9 gram;14 kkal;0;0;0 g;0;1.20 g;1 g;0;0;0;0;0;0;0;0;0;0;0;0;0;0;0;0;0;0;0;0;0;0;0;0;0;0;0;0;0;0;141 mg;0;0;0;0;0;0;0;0;0;0;0;0;0
2260;Susu & Telur;Susu Ultra;1;250 ml;140 kkal;0;0;22 g;0;6 g;3.50 g;0;0;0;0;0;0;0;0;0;0;0;0;0;0;0;0;0;0;0;0;0;0;0;0;0;0;0;0;0;0;50 mg;0;0;0;0;0;0;0;0;0;0;0;0;0
2158;Agar-agar double swallow sun;swallow globe;1;7 g;25 kkal;0;0;6 g;0;0 g;0 g;0;0;0;0;0;0;0;0;0;0;0;0;0;0;0;0;0;0;0;0;0;0;0;0;0;0;0;0;0;0;10 mg;0;0;0;0;0;0;0;0;0;0;0;0;0
2157;Agar-agar swallow globe brand;swallow globe;1;7 g;20 kkal;0;0;8 g;0;0 g;0 g;0;0;0;0;0;0;0;0;0;0;0;0;0;0;0;0;0;0;0;0;0;0;0;0;0;0;0;0;0;0;0 mg;0;0;0;0;0;0;0;0;0;0;0;0;0
2138;Tahubaxo rebus;Tahubaxo ibupudji;1;80 g;109 kkal;0;0;16 g;0;11 g;0 g;0;0;0;0;0;0;0;0;0;0;0;0;0;0;0;0;0;0;0;0;0;0;0;0;0;0;0;0;0;0;504 mg;0;0;0;0;0;0;0;0;0;0;0;0;0
2259;Teh Kotak Less Sugar;teh kotak;1;300 ml;70 kkal;0;0;19 g;0;0 g;0 g;0;0;0;0;0;0;0;0;0;0;0;0;0;0;0;0;0;0;0;0;0;0;0;0;0;0;0;0;0;0;5 mg;0;0;0;0;0;0;0;0;0;0;0;0;0
1448;Saus Teriyaki;Teriyaki;1;19 g;15 kkal;0;0;4 g;0;0 g;0 g;0;0;0;0;0;0;0;0;3 g;0;0;0;0;0;0;0;0;0;0;0;0;0;0;0;0;0;0;0;0;0;0 mg;0;0;0;0;0;0;0;0;0;0;0;0;0
3566;Pocky coconut dan brown sugar;THAI GLICO CO., LTD 32/2 PHAHOLYOTHIN RD;1;250.00 ml;160 kkal;0;0;22 g;0;2 g;8 g;0;0;0;0;0;0;0;0;10 g;0;0;0;0;0;0;0;0;0;0;0;0;0;0;0;0;0;0;0;0;0;65 mg;0;0;0;0;0;0;0;0;0;0;0;0;0
2546;AYAM BRAND Tuna dalam Mayonnaise;Thai Union Manufacturing Co. Ltd. Thailand (diimpor oleh PT.FARENTINA);1;40 g;70 kkal;0;0;3 g;0;4 g;5 g;0;0;0;0;0;1 g;0;0;2 g;0;0;0;0;0;0;0;0;0;0;0;0;0;0;0;0;0;0;0;0;0;150 mg;0;0;0;0;0;0;0;0;0;0;0;0;0
1819;The coffe bean & tea leaf black forest ice blended drink;The coffe bean & tea leaf;1;0 g;490 kkal;0;0;89 g;0;12 g;10 g;0;0;0;0;0;0;0;0;76 g;0;0;0;0;0;0;0;0;0;0;0;0;0;0;0;0;0;0;0;0;0;0 mg;0;0;0;0;0;0;0;0;0;0;0;0;0
1818;The coffe bean & tea leaf cramel ice blended drink;The coffe bean & tea leaf;1;0 g;520 kkal;0;0;98 g;0;12 g;11 g;0;0;0;0;0;0;0;0;85 g;0;0;0;0;0;0;0;0;0;0;0;0;0;0;0;0;0;0;0;0;0;0 mg;0;0;0;0;0;0;0;0;0;0;0;0;0
1816;The coffe bean & tea leaf matcha ice blended drink;The coffe bean & tea leaf;1;0 g;410 kkal;0;0;67 g;0;16 g;9 g;0;0;0;0;0;0;0;0;59 g;0;0;0;0;0;0;0;0;0;0;0;0;0;0;0;0;0;0;0;0;0;0 mg;0;0;0;0;0;0;0;0;0;0;0;0;0
1817;The coffe bean & tea leaf mocha ice blended drink;The coffe bean & tea leaf;1;0 g;350 kkal;0;0;67 g;0;11 g;7 g;0;0;0;0;0;0;0;0;55 g;0;0;0;0;0;0;0;0;0;0;0;0;0;0;0;0;0;0;0;0;0;0 mg;0;0;0;0;0;0;0;0;0;0;0;0;0
1814;The coffe bean & tea leaf pure chocolate ice blended drink;The coffe bean & tea leaf;1;0 g;390 kkal;0;0;72 g;0;15 g;7 g;0;0;0;0;0;0;0;0;59 g;0;0;0;0;0;0;0;0;0;0;0;0;0;0;0;0;0;0;0;0;0;0 mg;0;0;0;0;0;0;0;0;0;0;0;0;0
1815;The coffe bean & tea leaf pure vanilla ice blended drink;The coffe bean & tea leaf;1;0 g;410 kkal;0;0;70 g;0;15 g;9 g;0;0;0;0;0;0;0;0;63 g;0;0;0;0;0;0;0;0;0;0;0;0;0;0;0;0;0;0;0;0;0;0 mg;0;0;0;0;0;0;0;0;0;0;0;0;0
3775;Combo Granola Blueberry;Timur Tengah Indonesia;1;100 g;130 kkal;0;0;22 g;0;2 g;4 g;0;0;0;0;0;4 g;0;0;9 g;0;0;0;0;0;0;0;0;0;0;0;0;0;0;0;0;0;0;0;0;0;0 mg;0;0;0;0;0;0;0;0;0;0;0;0;0
1748;Tony roma's;Tony roma's;1;340 g;1001 kkal;0;0;1 g;0;72 g;76 g;0;0;0;0;0;0;0;0;0;0;0;0;0;0;0;0;0;0;0;0;0;0;0;0;0;0;0;0;0;0;0 mg;0;0;0;0;0;0;0;0;0;0;0;0;0
1747;Tony roma's onion loaf (full, with bbq sauce);Tony roma's;1;0 g;1200 kkal;0;0;205 g;0;23 g;23 g;0;0;0;0;0;0;0;0;12 g;0;0;0;0;0;0;0;0;0;0;0;0;0;0;0;0;0;0;0;0;0;0 mg;0;0;0;0;0;0;0;0;0;0;0;0;0
1745;Tony roma's potato skin;Tony roma's;1;0 g;751 kkal;0;0;41 g;0;35 g;51 g;0;0;0;0;0;0 g;0;0;2 g;0;0;0;0;0;0;0;0;0;0;0;0;0;0;0;0;0;0;0;0;0;0 mg;0;0;0;0;0;0;0;0;0;0;0;0;0
1746;Tony roma's the original baby back ribs;Tony roma's;1;454 g;563 kkal;0;0;55 g;0;30 g;25 g;0;0;0;0;0;0 g;0;0;50 g;0;0;0;0;0;0;0;0;0;0;0;0;0;0;0;0;0;0;0;0;0;0 mg;0;0;0;0;0;0;0;0;0;0;0;0;0
1900;Brownie;Tous les Jours;1;20 gram;300 kkal;0;0;35 g;0;4 g;20 g;0;0;0;0;0;0;0;0;26 g;0;0;0;0;0;0;0;0;0;0;0;0;0;0;0;0;0;0;0;0;0;0 mg;0;0;0;0;0;0;0;0;0;0;0;0;0
1899;Croissant;Tous les Jours;1;55 g;180 kkal;0;0;21 g;0;3 g;9 g;0;0;0;0;0;1 g;0;0;0;0;0;0;0;0;0;0;0;0;0;0;0;0;0;0;0;0;0;0;0;0;0 mg;0;0;0;0;0;0;0;0;0;0;0;0;0
1901;Curry Croquette;Tous les Jours;1;55 g;180 kkal;0;0;21 g;0;1 g;9 g;0;0;0;0;0;1 g;0;0;1 g;0;0;0;0;0;0;0;0;0;0;0;0;0;0;0;0;0;0;0;0;0;0 mg;0;0;0;0;0;0;0;0;0;0;0;0;0
1904;Multigrain Bread;Tous les Jours;1;80 g;240 kkal;0;0;38 g;0;8 g;6 g;0;0;0;0;0;0;0;0;5 g;0;0;0;0;0;0;0;0;0;0;0;0;0;0;0;0;0;0;0;0;0;0 mg;0;0;0;0;0;0;0;0;0;0;0;0;0
1902;Soboro Bread;Tous les Jours;1;96 g;300 kkal;0;0;56 g;0;7 g;7 g;0;0;0;0;0;1 g;0;0;16 g;0;0;0;0;0;0;0;0;0;0;0;0;0;0;0;0;0;0;0;0;0;0 mg;0;0;0;0;0;0;0;0;0;0;0;0;0
1903;Waffle;Tous les Jours;1;50 g;230 kkal;0;0;22 g;0;4 g;8 g;0;0;0;0;0;0 g;0;0;9 g;0;0;0;0;0;0;0;0;0;0;0;0;0;0;0;0;0;0;0;0;0;0 mg;0;0;0;0;0;0;0;0;0;0;0;0;0
2092;Teri nasi kriuk aceh balado;UD. Aceh, Surabaya;1;30 g;170 kkal;0;0;10 g;0;6 g;11 g;0;0;0;0;0;0;0;0;0;0;0;0;0;0;0;0;0;0;0;0;0;0;0;0;0;0;0;0;0;0;510 mg;0;0;0;0;0;0;0;0;0;0;0;0;0
2729;PT. Ultrajaya Milk Industry, Tbk;Ulltr;1;10.00 g;120 kkal;0;0;9 g;0;6 g;6 g;0;0;0;0;0;0;0;0;0;0;0;0;0;0;0;0;0;0;0;0;0;0;0;0;0;0;0;0;0;0;40 mg;0;0;0;0;0;0;0;0;0;0;0;0;0
2732;PT. Ultrajaya Milk Industry, Tbk;Ulltr;1;10.00 g;120 kkal;0;0;9 g;0;6 g;6 g;0;0;0;0;0;0;0;0;0;0;0;0;0;0;0;0;0;0;0;0;0;0;0;0;0;0;0;0;0;0;40 mg;0;0;0;0;0;0;0;0;0;0;0;0;0
2735;PT. Ultrajaya Milk Industry, Tbk;Ulltr;1;10.00 g;120 kkal;0;0;9 g;0;6 g;6 g;0;0;0;0;0;0;0;0;0;0;0;0;0;0;0;0;0;0;0;0;0;0;0;0;0;0;0;0;0;0;40 mg;0;0;0;0;0;0;0;0;0;0;0;0;0
4442;Raseda Mie Goreng Spesial dengan Ekstrak Wortel;Valmay Mie;1;80 gram;300 kkal;0;0;57 g;0;11 g;3 g;0;0;0;0;0;6 g;0;0;4 g;0;0;0;0;0;0;0;0;0;0;0;0;0;0;0;0;0;0;0;0;0;530 mg;0;0;0;0;0;0;0;0;0;0;0;0;0
3641;Marie duo;vc.jaya abadi jakarta;1;100 g;90 kkal;0;0;14 g;0;1 g;3.50 g;0;0;0;0;0;1 g;0;0;5 g;0;0;0;0;0;0;0;0;0;0;0;0;0;0;0;0;0;0;0;0;0;85 mg;0;0;0;0;0;0;0;0;0;0;0;0;0
1865;Baked potato cheese'n cheese;Wendy's;1;0 g;430 kkal;0;0;65 g;0;14 g;13 g;0;0;0;0;0;7 g;0;0;5 g;0;0;0;0;0;0;0;0;0;0;0;0;0;0;0;0;0;0;0;0;0;0 mg;0;0;0;0;0;0;0;0;0;0;0;0;0
1866;Baked Potato Chili'n cheese;Wendy's;1;0 g;460 kkal;0;0;71 g;0;19 g;11 g;0;0;0;0;0;8 g;0;0;7 g;0;0;0;0;0;0;0;0;0;0;0;0;0;0;0;0;0;0;0;0;0;0 mg;0;0;0;0;0;0;0;0;0;0;0;0;0
1863;Burger Dave's double;Wendy's;1;0 g;810 kkal;0;0;41 g;0;49 g;51 g;0;0;0;0;0;3 g;0;0;8 g;0;0;0;0;0;0;0;0;0;0;0;0;0;0;0;0;0;0;0;0;0;0 mg;0;0;0;0;0;0;0;0;0;0;0;0;0
1862;Burger Dave's Single;Wendy's;1;0 g;570 kkal;0;0;40 g;0;30 g;34 g;0;0;0;0;0;3 g;0;0;8 g;0;0;0;0;0;0;0;0;0;0;0;0;0;0;0;0;0;0;0;0;0;0 mg;0;0;0;0;0;0;0;0;0;0;0;0;0
1864;Burger Double stacker;Wendy's;1;0 g;950 kkal;0;0;40 g;0;59 g;62 g;0;0;0;0;0;2 g;0;0;8 g;0;0;0;0;0;0;0;0;0;0;0;0;0;0;0;0;0;0;0;0;0;0 mg;0;0;0;0;0;0;0;0;0;0;0;0;0
1867;Chili Cheese Fries ( 1 porsi);Wendy's;1;0 g;500 kkal;0;0;53 g;0;16 g;25 g;0;0;0;0;0;6 g;0;0;4 g;0;0;0;0;0;0;0;0;0;0;0;0;0;0;0;0;0;0;0;0;0;0 mg;0;0;0;0;0;0;0;0;0;0;0;0;0
1351;Mi sedap cup mi kuah baso;wing;1;77 g;350 kkal;0;0;45 g;0;8 g;15 g;0;0;0;0;0;6 g;0;0;2 g;0;0;0;0;0;0;0;0;0;0;0;0;0;0;0;0;0;0;0;0;0;0 mg;0;0;0;0;0;0;0;0;0;0;0;0;0
2354;Golda Coffee;Wings food;1;200 ml;140 kkal;0;0;27 g;0;2 g;2 g;0;0;0;0;0;0;0;0;17 g;0;0;0;0;0;0;0;0;0;0;0;0;0;0;0;0;0;0;0;0;0;0 mg;0;0;0;0;0;0;0;0;0;0;0;0;0
1642;Atomic blast;Wingstop;1;0 g;144 kkal;0;0;2 g;0;15 g;9 g;0;0;0;0;0;1 g;0;0;0 g;0;0;0;0;0;0;0;0;0;0;0;0;0;0;0;0;0;0;0;0;0;0 mg;0;0;0;0;0;0;0;0;0;0;0;0;0
1637;Garlic parmesan (classic wings);Wingstop;1;0 g;206 kkal;0;0;1 g;0;16 g;15 g;0;0;0;0;0;1 g;0;0;0 g;0;0;0;0;0;0;0;0;0;0;0;0;0;0;0;0;0;0;0;0;0;0 mg;0;0;0;0;0;0;0;0;0;0;0;0;0
1641;Hickory smoked BBQ (classic wings);Wingstop;1;0 g;171 kkal;0;0;8 g;0;15 g;8 g;0;0;0;0;0;1 g;0;0;7 g;0;0;0;0;0;0;0;0;0;0;0;0;0;0;0;0;0;0;0;0;0;0 mg;0;0;0;0;0;0;0;0;0;0;0;0;0
1638;Lemon pepper (classic wings);Wingstop;1;0 g;180 kkal;0;0;1 g;0;15 g;13 g;0;0;0;0;0;1 g;0;0;0 g;0;0;0;0;0;0;0;0;0;0;0;0;0;0;0;0;0;0;0;0;0;0 mg;0;0;0;0;0;0;0;0;0;0;0;0;0
1640;Lousiana rub (classic wings);Wingstop;1;0 g;171 kkal;0;0;1 g;0;15 g;12 g;0;0;0;0;0;1 g;0;0;0 g;0;0;0;0;0;0;0;0;0;0;0;0;0;0;0;0;0;0;0;0;0;0 mg;0;0;0;0;0;0;0;0;0;0;0;0;0
1639;Red Hot Cajun (classic wings);Wingstop;1;0 g;142 kkal;0;0;1 g;0;15 g;8 g;0;0;0;0;0;1 g;0;0;0 g;0;0;0;0;0;0;0;0;0;0;0;0;0;0;0;0;0;0;0;0;0;0 mg;0;0;0;0;0;0;0;0;0;0;0;0;0
3744;Bean Vermicelli Sohun;YANTAI SHUANGTA FOOD CO.LTD;1;500.00 g;170 kkal;0;0;42 g;0;0 g;0 g;0;0;0;0;0;0;0;0;0 g;0;0;0;0;0;0;0;0;0;0;0;0;0;0;0;0;0;0;0;0;0;0 mg;0;0;0;0;0;0;0;0;0;0;0;0;0
3724;SU Brand Sohun/Soun;Yantai Zhenzhu Longkou Vermicelli Co., Ltd;1;100 g;170 kkal;0;0;44 g;0;0 g;0 g;0;0;0;0;0;0;0;0;0;0;0;0;0;0;0;0;0;0;0;0;0;0;0;0;0;0;0;0;0;0;10 mg;0;0;0;0;0;0;0;0;0;0;0;0;0
1496;Yoshinoya Beef bowl (Large bowl);Yoshinoya;1;610 g;1040 kkal;0;0;131 g;0;43 g;38 g;0;0;0;0;0;5 g;0;0;8 g;0;0;0;0;0;0;0;0;0;0;0;0;0;0;0;0;0;0;0;0;0;0 mg;0;0;0;0;0;0;0;0;0;0;0;0;0
1495;Yoshinoya Beef bowl (Reguler bowl);Yoshinoya;1;425 g;730 kkal;0;0;91 g;0;30 g;27 g;0;0;0;0;0;3 g;0;0;5 g;0;0;0;0;0;0;0;0;0;0;0;0;0;0;0;0;0;0;0;0;0;0 mg;0;0;0;0;0;0;0;0;0;0;0;0;0
1498;Yoshinoya Teriyaki (Large bowl);Yoshinoya;1;903 g;1140 kkal;0;0;165 g;0;66 g;25 g;0;0;0;0;0;9 g;0;0;25 g;0;0;0;0;0;0;0;0;0;0;0;0;0;0;0;0;0;0;0;0;0;0 mg;0;0;0;0;0;0;0;0;0;0;0;0;0
1497;Yoshinoya Teriyaki (Reguler bowl);Yoshinoya;1;572 g;790 kkal;0;0;110 g;0;48 g;18 g;0;0;0;0;0;5 g;0;0;16 g;0;0;0;0;0;0;0;0;0;0;0;0;0;0;0;0;0;0;0;0;0;0 mg;0;0;0;0;0;0;0;0;0;0;0;0;0
1500;Yoshinoya Veggie beef bowl (Large bowl);Yoshinoya;1;808 g;960 kkal;0;0;141 g;0;35 g;29 g;0;0;0;0;0;9 g;0;0;8 g;0;0;0;0;0;0;0;0;0;0;0;0;0;0;0;0;0;0;0;0;0;0 mg;0;0;0;0;0;0;0;0;0;0;0;0;0
1499;Yoshinoya Veggie beef bowl (Reguler bowl);Yoshinoya;1;496 g;650 kkal;0;0;95 g;0;24 g;20 g;0;0;0;0;0;5 g;0;0;4 g;0;0;0;0;0;0;0;0;0;0;0;0;0;0;0;0;0;0;0;0;0;0 mg;0;0;0;0;0;0;0;0;0;0;0;0;0
