nomor,kode,nama,kelompok,tipe,Air (Water),Energi (Energy),Protein (Protein),Lemak (Fat),Karbohidrat (CHO),Abu (ASH),Kalsium (Ca),Fosfor (P),Besi (Fe),Natrium (Na),Kalium (K),Tembaga (Cu),Seng (Zn),Riboflavin (Vit. B2),Niasin (Niacin),Serat (Fibre),Retinol (Vit. A),Beta-Karoten (Carotenes),Karoten Total (Re),Thiamin (Vit. B1),Vitamin C (Vit. C)
1,GP053,Abon haruwan,Buah,Mentah (Raw),11.6 g,513 Kal,23.7 g,37.0 g,21.3 g,6.4 g,25 mg,25 mg,0.5 mg,61 mg,15.0 mg,0.00 mg,0.2 mg,,,,,,,,
2,GP054,Abon ikan,Ikan/Kerang/Udang dll,Olahan (Processed),6.4 g,435 Kal,27.2 g,20.2 g,36.1 g,10.1 g,,,,,,,,0.80 mg,24.3 mg,,,,,,
3,DR001,"Akar tonjong, segar (Lotus root, fresh)",Sayuran,Mentah (Raw),86.7 g,45 Kal,1.1 g,0.4 g,10.8 g,1.0 g,72 mg,125 mg,1.3 mg,96 mg,"1,147.1 mg",0.02 mg,0.2 mg,0.03 mg,1.9 mg,1.2 g,0 mcg,83 mcg,90 mcg,0.02 mg,2 mg
4,DR002,"Ale,toge, segar",Sayuran,Mentah (Raw),90.6 g,37 Kal,4.4 g,0.5 g,3.8 g,0.7 g,50 mg,248 mg,2.0 mg,2 mg,105.0 mg,0.16 mg,0.4 mg,0.09 mg,0.6 mg,1.7 g,0 mcg,0 mcg,35 mcg,0.02 mg,46 mg
5,ER001,"Alpukat, segar (Avocado, fresh)",Buah,Mentah (Raw),84.3 g,85 Kal,0.9 g,6.5 g,7.7 g,0.6 g,10 mg,20 mg,0.9 mg,2 mg,278.0 mg,0.20 mg,0.4 mg,0.08 mg,1.0 mg,,,189 mcg,180 mcg,0.05 mg,13 mg
6,AP026,Amparan tatak,Serealia,Olahan (Processed),58.4 g,191 Kal,1.3 g,5.5 g,34.0 g,0.8 g,,,,,,,,,,,,,,,
7,CP015,Ampas kacang hijau,Kacang-Kacangan,Olahan (Processed),70.6 g,96 Kal,3.7 g,0.6 g,19.1 g,0.6 g,133 mg,150 mg,1.3 mg,,,,,,,2.7 g,,,,0.05 mg,
8,CP017,Ampas tahu kukus,Kacang-Kacangan,Olahan (Processed),82.5 g,75 Kal,4.1 g,2.1 g,10.7 g,0.6 g,203 mg,60 mg,1.3 mg,,,,,,,5.1 g,,0 mcg,,0.07 mg,
9,CP018,"Ampas tahu, kering",Kacang-Kacangan,Olahan (Processed),9.0 g,414 Kal,26.6 g,18.3 g,41.3 g,5.8 g,19 mg,29 mg,4.0 mg,45 mg,"1,055.7 mg",0.99 mg,2.8 mg,0.10 mg,0.5 mg,0.0 g,0 mcg,24 mcg,,0.20 mg,0 mg
10,CP016,"Ampas tahu, mentah",Kacang-Kacangan,Olahan (Processed),84.1 g,67 Kal,5.0 g,2.1 g,8.1 g,0.6 g,460 mg,88 mg,1.0 mg,8 mg,184.5 mg,0.17 mg,0.5 mg,0.02 mg,0.1 mg,4.1 g,,0 mcg,,0.06 mg,
11,FR001,"Anak sapi, daging, gemuk, segar (Veal, meat, high fat, fresh)",Daging,Mentah (Raw),62.0 g,184 Kal,18.8 g,14.0 g,0.0 g,5.2 g,10 mg,200 mg,2.2 mg,118 mg,490.1 mg,0.17 mg,3.3 mg,0.17 mg,7.0 mg,0.0 g,12 mcg,37 mcg,,0.13 mg,
12,FR002,"Anak sapi, daging, kurus, segar (Veal, meat, high fat, fresh)",Daging,Mentah (Raw),69.0 g,174 Kal,19.6 g,10.0 g,0.0 g,1.4 g,11 mg,201 mg,2.9 mg,96 mg,399.8 mg,0.14 mg,2.7 mg,0.14 mg,5.7 mg,0.0 g,6 mcg,30 mcg,,0.08 mg,0 mg
13,FR003,"Anak sapi, daging, sedang, segar (Veal, meat, fresh)",Daging,Mentah (Raw),68.0 g,190 Kal,19.1 g,12.0 g,0.0 g,0.9 g,11 mg,193 mg,2.9 mg,99 mg,412.7 mg,0.14 mg,2.8 mg,0.15 mg,5.9 mg,0.0 g,12 mcg,83 mcg,,0.14 mg,0 mg
14,DR003,"Andaliman, segar",Sayuran,Mentah (Raw),74.2 g,99 Kal,4.6 g,1.0 g,18.0 g,2.2 g,383 mg,107 mg,2.9 mg,,,,,,,8.5 g,0 mcg,,"6,300 mcg",3.00 mg,15 mg
15,DR004,"Andewi, segar (Endive, fresh)",Sayuran,Mentah (Raw),91.8 g,226 Kal,1.6 g,0.2 g,5.3 g,1.1 g,33 mg,66 mg,1.0 mg,29 mg,414.6 mg,0.13 mg,1.0 mg,0.09 mg,0.5 mg,4.1 g,,"1,717 mcg",,0.14 mg,10 mg
16,ER002,"Anggur hutan, segar",Buah,Mentah (Raw),92.3 g,30 Kal,0.5 g,0.2 g,6.8 g,0.2 g,39 mg,12 mg,1.1 mg,,,,,,,1.2 g,0 mcg,,1 mcg,0.01 mg,3 mg
17,FR004,"Angsa, daging, segar (Goose, meat, fresh)",Daging,Mentah (Raw),51.1 g,349 Kal,16.4 g,31.5 g,0.0 g,1.0 g,15 mg,188 mg,1.8 mg,71 mg,299.2 mg,0.26 mg,1.7 mg,0.24 mg,7.1 mg,0.0 g,273 mcg,0 mcg,,0.10 mg,0 mg
18,DP023,"Anyang, sayur",Sayuran,Olahan (Processed),76.9 g,126 Kal,3.4 g,7.9 g,10.3 g,1.5 g,180 mg,1 mg,2.9 mg,290 mg,181.0 mg,0.30 mg,1.2 mg,,,5.4 g,,"3,263 mcg",,0.20 mg,
19,AP027,"Apang kukus, kue",Serealia,Olahan (Processed),49.5 g,202 Kal,3.0 g,0.3 g,46.7 g,0.5 g,,,,,,,,,,,,,,,
20,ER003,"Apel malang, segar (Apel, green, fresh)",Buah,Mentah (Raw),85.9 g,57 Kal,0.5 g,0.4 g,12.8 g,0.3 g,9 mg,18 mg,0.6 mg,4 mg,175.4 mg,110.16 mg,0.0 mg,0.03 mg,0.1 mg,0.8 g,,26 mcg,"2,240 mcg",0.05 mg,5 mg
21,ER004,"Apel, segar",Buah,Mentah (Raw),84.1 g,58 Kal,0.3 g,0.4 g,14.9 g,0.3 g,6 mg,10 mg,0.3 mg,2 mg,130.0 mg,124.20 mg,0.3 mg,0.03 mg,0.1 mg,2.6 g,,30 mcg,90 mcg,0.04 mg,5 mg
22,AP028,"Apem, kue",Serealia,Olahan (Processed),63.1 g,148 Kal,2.0 g,0.5 g,33.9 g,0.5 g,,,,,,,,,,,,,,,
23,ER005,"Arbai, segar (Arbein, fresh)",Buah,Mentah (Raw),89.9 g,37 Kal,0.8 g,0.5 g,8.3 g,0.5 g,28 mg,27 mg,0.8 mg,2 mg,43.0 mg,63.52 mg,18.9 mg,0.00 mg,0.1 mg,,,2 mcg,60 mcg,0.03 mg,60 mg
24,DP024,"Ares, sayur",Sayuran,Olahan (Processed),77.7 g,113 Kal,0.9 g,7.2 g,11.2 g,3.0 g,63 mg,5 mg,1.5 mg,"1,413 mg","1,030.0 mg",0.70 mg,3.8 mg,,0.5 mg,4.7 g,,6 mcg,,0.10 mg,
25,BR001,"Arrowroot, segar (Arrowroot, fresh)",Umbi Berpati,Mentah (Raw),73.5 g,102 Kal,1.0 g,0.2 g,24.1 g,1.2 g,28 mg,35 mg,1.7 mg,36 mg,626.6 mg,0.20 mg,0.8 mg,0.10 mg,2.3 mg,1.7 g,0 mcg,15 mcg,0 mcg,0.06 mg,2 mg
26,DP025,Arwan sirsir,Sayuran,Olahan (Processed),59.0 g,277 Kal,2.4 g,25.0 g,10.7 g,2.9 g,120 mg,40 mg,2.4 mg,240 mg,320.0 mg,0.20 mg,0.9 mg,0.20 mg,0.0 mg,4.6 g,,"1,578 mcg",,0.10 mg,11 mg
27,NR001,"Asam arang coklat, segar",Bumbu,Mentah (Raw),66.1 g,130 Kal,0.5 g,1.1 g,30.9 g,1.4 g,79 mg,113 mg,4.3 mg,13 mg,,0.00 mg,,0.20 mg,0.0 mg,1.5 g,,745 mcg,0 mcg,0.01 mg,0 mg
28,NR002,"Asam arang merah, segar (Mysore Gamboge, fresh)",Bumbu,Mentah (Raw),75.9 g,99 Kal,0.8 g,1.6 g,20.3 g,1.4 g,69 mg,300 mg,4.6 mg,2 mg,95.7 mg,0.00 mg,0.1 mg,0.34 mg,1.6 mg,2.8 g,,529 mcg,0 mcg,0.01 mg,0 mg
29,NR004,"Asam kandis, segar (Mysore Gamboge, fresh)",Bumbu,Mentah (Raw),81.5 g,75 Kal,0.2 g,1.1 g,16.1 g,1.1 g,63 mg,139 mg,2.5 mg,93 mg,93.2 mg,0.10 mg,0.1 mg,0.00 mg,0.1 mg,3.4 g,,41 mcg,0 mcg,0.01 mg,0 mg
30,NR005,"Asam masak pohon, segar (Tamarind, fresh)",Bumbu,Mentah (Raw),31.4 g,267 Kal,2.8 g,0.6 g,62.5 g,2.7 g,74 mg,113 mg,0.6 mg,9 mg,139.5 mg,0.09 mg,0.1 mg,0.04 mg,0.7 mg,1.2 g,,9 mcg,30 mcg,0.34 mg,2 mg
31,NR006,"Asam payak, segar (Asam paya/ kelubi/ kuwai-kuwai)",Bumbu,Mentah (Raw),65.1 g,135 Kal,0.8 g,0.4 g,32.1 g,1.6 g,60 mg,39 mg,5.7 mg,0 mg,,,,,,10.0 g,,,0 mcg,0.00 mg,0 mg
32,NR003,"Asan kandis, kering (Mysore Gamboge, dry)",Bumbu,Mentah (Raw),32.2 g,261 Kal,0.9 g,1.6 g,63.3 g,2.0 g,192 mg,657 mg,4.4 mg,26 mg,341.4 mg,0.40 mg,0.3 mg,0.00 mg,0.4 mg,5.0 g,,0 mcg,0 mcg,0.00 mg,0 mg
33,DP022,"Asinan Bogor, sayuran",Sayuran,Olahan (Processed),78.0 g,98 Kal,3.9 g,2.6 g,14.8 g,0.7 g,314 mg,17 mg,1.2 mg,483 mg,,,,,,0.5 g,10 mcg,,146 mcg,0.28 mg,5 mg
34,FP027,"Ayam  goreng Kentucky,sayap",Daging,Olahan (Processed),44.7 g,297 Kal,35.9 g,15.2 g,1.6 g,2.6 g,103 mg,227 mg,4.4 mg,807 mg,248.4 mg,0.06 mg,1.4 mg,0.14 mg,6.5 mg,0.0 g,22 mcg,,70 mcg,0.73 mg,0 mg
35,FP021,"Ayam goreng church texas, dada",Daging,Olahan (Processed),42.2 g,338 Kal,35.2 g,20.6 g,0.4 g,1.5 g,79 mg,221 mg,5.6 mg,800 mg,369.5 mg,0.16 mg,1.1 mg,0.16 mg,12.1 mg,0.0 g,16 mcg,,80 mcg,0.52 mg,0 mg
36,FP023,"Ayam goreng church texas, sayap",Daging,Olahan (Processed),47.2 g,295 Kal,34.0 g,16.0 g,1.5 g,1.3 g,81 mg,179 mg,3.0 mg,771 mg,237.2 mg,0.16 mg,1.2 mg,0.13 mg,6.2 mg,0.0 g,13 mcg,,50 mcg,0.44 mg,0 mg
37,FP022,"Ayam goreng church,texas paha",Daging,Olahan (Processed),50.3 g,287 Kal,31.0 g,15.7 g,1.7 g,1.3 g,99 mg,176 mg,4.1 mg,723 mg,257.0 mg,0.17 mg,1.5 mg,0.20 mg,5.3 mg,0.0 g,22 mcg,,30 mcg,0.66 mg,0 mg
38,FP024,"Ayam goreng kalasan, paha",Daging,Olahan (Processed),46.2 g,275 Kal,37.4 g,12.2 g,1.3 g,2.9 g,116 mg,237 mg,5.8 mg,176 mg,321.9 mg,0.16 mg,1.5 mg,,,0.0 g,10 mcg,0 mcg,50 mcg,0.10 mg,0 mg
39,FP025,"Ayam goreng kentucky, dada",Daging,Olahan (Processed),46.5 g,298 Kal,34.2 g,16.8 g,0.1 g,2.5 g,90 mg,284 mg,5.5 mg,741 mg,342.0 mg,0.07 mg,1.0 mg,0.00 mg,0.0 mg,0.0 g,36 mcg,,50 mcg,0.19 mg,0 mg
40,FP026,"Ayam goreng Kentucky, paha",Daging,Olahan (Processed),48.7 g,286 Kal,32.1 g,16.1 g,1.1 g,2.0 g,89 mg,248 mg,6.9 mg,746 mg,265.2 mg,0.09 mg,2.3 mg,0.21 mg,5.5 mg,0.0 g,31 mcg,,20 mcg,0.50 mg,0 mg
41,FP028,Ayam goreng mbok berek dada,Daging,Olahan (Processed),43.4 g,295 Kal,39.2 g,13.6 g,1.0 g,2.8 g,114 mg,278 mg,5.4 mg,,,,,,,0.0 g,8 mcg,,50 mcg,0.19 mg,0 mg
42,FP029,"Ayam goreng pasundan, dada",Daging,Olahan (Processed),50.1 g,246 Kal,37.9 g,9.0 g,0.7 g,2.3 g,90 mg,260 mg,7.5 mg,,,,,,0.0 mg,0.0 g,6 mcg,,70 mcg,0.16 mg,
43,FP030,"Ayam goreng pasundan, paha",Daging,Olahan (Processed),52.8 g,245 Kal,33.1 g,11.4 g,0.3 g,2.5 g,90 mg,283 mg,7.3 mg,,,,,,0.0 mg,0.0 g,8 mcg,,40 mcg,0.37 mg,
44,FP031,"Ayam goreng pioneer, dada",Daging,Olahan (Processed),44.5 g,295 Kal,37.4 g,14.7 g,0.6 g,2.7 g,108 mg,236 mg,6.8 mg,,,,,,0.0 mg,0.0 g,16 mcg,,80 mcg,0.10 mg,
45,FP032,"Ayam goreng sukabumi, dada",Daging,Olahan (Processed),49.8 g,244 Kal,36.7 g,9.2 g,1.0 g,3.4 g,81 mg,154 mg,6.1 mg,,,,,,0.0 mg,0.0 g,20 mcg,,80 mcg,0.66 mg,
46,FP033,"Ayam goreng sukabumi, paha",Daging,Olahan (Processed),46.0 g,283 Kal,35.7 g,14.3 g,0.5 g,3.6 g,68 mg,106 mg,5.4 mg,,,,,,0.0 mg,0.0 g,11 mcg,,60 mcg,0.36 mg,
47,FP034,"Ayam taliwang, masakan",Daging,Olahan (Processed),57.5 g,264 Kal,18.2 g,20.1 g,2.7 g,1.5 g,94 mg,164 mg,2.0 mg,507 mg,408.0 mg,0.40 mg,12.3 mg,,,,"1,067 mcg",,,,
48,FP001,"Ayam, ampela, goreng",Daging,Olahan (Processed),4.8 g,270 Kal,32.3 g,11.2 g,9.9 g,1.8 g,129 mg,314 mg,4.9 mg,980 mg,,0.12 mg,3.3 mg,,4.7 mg,0.0 g,56 mcg,,0 mcg,0.21 mg,0 mg
49,FR005,"Ayam, daging, segar (Chicken, meat, fresh)",Daging,Mentah (Raw),55.9 g,298 Kal,18.2 g,25.0 g,0.0 g,0.9 g,14 mg,200 mg,1.5 mg,109 mg,385.9 mg,0.11 mg,0.6 mg,0.14 mg,10.4 mg,0.0 g,245 mcg,0 mcg,,0.08 mg,0 mg
50,FR006,"Ayam, dideh/darah, segar (Black puding (chicken blood), fresh)",Daging,Mentah (Raw),82.0 g,75 Kal,13.8 g,1.9 g,0.7 g,1.6 g,15 mg,9 mg,1.3 mg,337 mg,234.0 mg,,,,0.6 mg,0.0 g,15 mcg,,,0.02 mg,0 mg
51,FR007,"Ayam, hati, segar (Chicken liver, raw)",Daging,Mentah (Raw),53.4 g,261 Kal,27.4 g,16.1 g,1.6 g,1.5 g,118 mg,373 mg,15.8 mg,"1,068 mg",22.9 mg,0.84 mg,0.0 mg,4.38 mg,4.1 mg,0.0 g,"4,957 mcg",169 mcg,"28,000 mcg",0.64 mg,0 mg
52,FP002,"Ayam, usus, goreng",Daging,Olahan (Processed),4.6 g,473 Kal,45.2 g,26.3 g,13.9 g,10.1 g,"1,407 mg",458 mg,8.4 mg,,,,,,0.0 mg,0.0 g,6 mcg,,224 mcg,0.57 mg,
53,FP035,"Babi hutan masak rica, masakan",Daging,Olahan (Processed),56.2 g,491 Kal,24.6 g,16.3 g,0.2 g,2.7 g,18 mg,144 mg,1.2 mg,"1,415 mg",327.0 mg,0.20 mg,2.6 mg,0.47 mg,,,"2,193 mcg",,,0.61 mg,0 mg
54,FR008,"Babi, daging, gemuk,segar (Pork, medium fat, fresh)",Daging,Mentah (Raw),42.0 g,453 Kal,11.9 g,45.0 g,0.0 g,1.1 g,7 mg,117 mg,1.8 mg,112 mg,819.3 mg,0.22 mg,0.4 mg,0.59 mg,5.9 mg,0.0 g,0 mcg,0 mcg,,0.58 mg,0 mg
55,FR009,"Babi, daging, kurus, segar (Pork, lean, fresh)",Daging,Mentah (Raw),50.0 g,371 Kal,14.1 g,35.0 g,0.0 g,0.9 g,8 mg,151 mg,2.1 mg,97 mg,706.3 mg,0.19 mg,0.4 mg,0.33 mg,5.4 mg,0.0 g,0 mcg,0 mcg,,0.67 mg,0 mg
56,FR010,"Babi, ginjal, segar (Kidney, pork, fresh)",Daging,Mentah (Raw),77.1 g,110 Kal,16.3 g,4.6 g,0.8 g,1.2 g,11 mg,246 mg,8.0 mg,139 mg,390.0 mg,0.71 mg,3.2 mg,1.59 mg,9.1 mg,0.0 g,39 mcg,10 mcg,,0.58 mg,13 mg
57,FR011,"Babi, hati, segar (Liver, pork, fresh)",Daging,Mentah (Raw),72.3 g,129 Kal,19.7 g,4.8 g,1.7 g,1.5 g,10 mg,362 mg,18.0 mg,110 mg,447.0 mg,0.58 mg,0.1 mg,1.16 mg,5.7 mg,0.0 g,"4,303 mcg",6 mcg,,0.40 mg,23 mg
58,BP013,Bagea kelapa asin,Umbi Berpati,Olahan (Processed),3.5 g,450 Kal,3.2 g,13.9 g,78.1 g,1.3 g,38 mg,38 mg,0.3 mg,74 mg,0.0 mg,0.20 mg,0.2 mg,0.00 mg,0.0 mg,,0 mcg,0 mcg,0 mcg,0.30 mg,0 mg
59,BP014,Bagea kelapa manis,Umbi Berpati,Olahan (Processed),3.0 g,452 Kal,1.3 g,13.8 g,80.6 g,1.3 g,38 mg,39 mg,0.3 mg,75 mg,0.0 mg,0.20 mg,0.2 mg,0.00 mg,0.0 mg,,0 mcg,0 mcg,0 mcg,0.00 mg,0 mg
60,BP015,Bagea kenari asin,Umbi Berpati,Olahan (Processed),2.8 g,529 Kal,3.2 g,29.1 g,63.6 g,1.3 g,38 mg,40 mg,0.4 mg,74 mg,0.0 mg,0.20 mg,0.2 mg,0.00 mg,0.0 mg,,0 mcg,0 mcg,0 mcg,0.30 mg,0 mg
61,BP016,Bagea kenari manis,Umbi Berpati,Olahan (Processed),3.1 g,523 Kal,3.2 g,28.2 g,64.2 g,1.3 g,38 mg,39 mg,0.3 mg,74 mg,0.0 mg,0.20 mg,0.2 mg,0.00 mg,0.0 mg,,0 mcg,0 mcg,0 mcg,0.30 mg,0 mg
62,BP017,Bagea kw 1,Umbi Berpati,Olahan (Processed),7.2 g,416 Kal,6.5 g,9.4 g,76.3 g,0.6 g,49 mg,77 mg,4.9 mg,,,,,,2.6 mg,0.4 g,13 mcg,,312 mcg,0.08 mg,0 mg
63,BP018,Bagea kw 2,Umbi Berpati,Olahan (Processed),7.9 g,382 Kal,0.3 g,3.5 g,87.2 g,1.1 g,172 mg,120 mg,7.6 mg,,,,,,,0.9 g,0 mcg,0 mcg,0 mcg,0.02 mg,0 mg
64,AP030,"Bakpia, kue",Serealia,Olahan (Processed),38.9 g,272 Kal,8.7 g,6.7 g,44.1 g,1.6 g,194 mg,117 mg,4.5 mg,,,,,1.00 mg,2.9 mg,0.9 g,,,"1,392 mcg",0.31 mg,0 mg
65,DR005,"Bakung, segar (Welsh onion, fresh)",Sayuran,Mentah (Raw),92.5 g,27 Kal,2.0 g,0.2 g,4.2 g,1.1 g,19 mg,20 mg,0.5 mg,37 mg,340.0 mg,0.20 mg,0.3 mg,0.10 mg,0.3 mg,3.8 g,,"1,080 mcg",,0.20 mg,42 mg
66,AP031,Bakwan,Serealia,Olahan (Processed),40.5 g,280 Kal,8.2 g,10.2 g,39.0 g,2.1 g,204 mg,79 mg,7.0 mg,,,,,,,3.4 g,0 mcg,,0 mcg,0.08 mg,0 mg
67,NP001,Balichong (Tiny shrimp fermented),Bumbu,Olahan (Processed),59.9 g,152 Kal,13.2 g,0.8 g,22.9 g,3.6 g,380 mg,210 mg,2.9 mg,120 mg,310.0 mg,0.80 mg,1.1 mg,0.08 mg,0.2 mg,1.5 g,34 mcg,0 mcg,,0.01 mg,
68,DR006,"Baligo, segar (Wax gourd)",Sayuran,Mentah (Raw),96.1 g,15 Kal,0.4 g,0.2 g,3.0 g,0.3 g,19 mg,19 mg,0.4 mg,2 mg,131.1 mg,0.02 mg,0.6 mg,0.02 mg,0.3 mg,0.4 g,,0 mcg,,0.04 mg,13 mg
69,AP032,Bantal,Serealia,Olahan (Processed),52.3 g,190 Kal,3.3 g,0.3 g,43.5 g,0.6 g,9 mg,0 mg,0.4 mg,164 mg,84.0 mg,0.20 mg,0.9 mg,0.02 mg,3.6 mg,3.4 g,,,,0.27 mg,
70,EP001,Barongko,Buah,Olahan (Processed),66.7 g,159 Kal,3.1 g,5.8 g,23.5 g,0.7 g,35 mg,65 mg,1.2 mg,46 mg,78.0 mg,0.30 mg,0.6 mg,,,,,,,,
71,AP033,Baruasa,Serealia,Olahan (Processed),5.3 g,417 Kal,6.5 g,8.2 g,79.3 g,0.7 g,,,,,,,,,,,,,,,
72,AP034,Batar daan,Serealia,Olahan (Processed),75.3 g,107 Kal,2.2 g,2.2 g,19.6 g,0.7 g,20 mg,30 mg,0.6 mg,200 mg,90.0 mg,0.10 mg,,0.02 mg,,,,,,0.18 mg,
73,BR002,"Batatas gembili, segar (Lesser yam, fresh)",Umbi Berpati,Mentah (Raw),76.7 g,76 Kal,1.1 g,0.9 g,16.0 g,0.7 g,0 mg,40 mg,0.2 mg,10 mg,200.0 mg,0.20 mg,0.3 mg,0.00 mg,0.9 mg,4.2 g,0 mcg,0 mcg,0 mcg,0.06 mg,0 mg
74,BP001,"Batatas kelapa, ubi, bakar",Umbi Berpati,Olahan (Processed),73.2 g,110 Kal,1.4 g,1.1 g,23.4 g,0.7 g,1 mg,46 mg,0.2 mg,12 mg,230.0 mg,0.20 mg,0.3 mg,0.00 mg,0.0 mg,4.5 g,0 mcg,0 mcg,0 mcg,1.13 mg,0 mg
75,BP002,"Batatas kelapa, ubi, kukus",Umbi Berpati,Olahan (Processed),75.7 g,92 Kal,1.2 g,0.3 g,21.0 g,1.8 g,0 mg,42 mg,0.2 mg,10 mg,209.0 mg,0.20 mg,0.3 mg,0.00 mg,0.7 mg,4.1 g,0 mcg,0 mcg,0 mcg,0.28 mg,0 mg
76,BR003,"Batatas kelapa, ubi, segar",Umbi Berpati,Mentah (Raw),76.1 g,89 Kal,1.1 g,0.1 g,21.0 g,0.7 g,0 mg,40 mg,0.2 mg,20 mg,340.0 mg,0.10 mg,0.2 mg,0.00 mg,0.9 mg,4.0 g,0 mcg,0 mcg,0 mcg,0.38 mg,0 mg
77,BP003,"Batatas tali, ubi, rebus",Umbi Berpati,Olahan (Processed),53.2 g,182 Kal,2.4 g,0.4 g,42.2 g,1.8 g,1 mg,80 mg,0.3 mg,20 mg,402.0 mg,0.30 mg,0.6 mg,0.00 mg,1.3 mg,9.2 g,0 mcg,0 mcg,0 mcg,0.27 mg,0 mg
78,DR007,"Bawang bombay, segar (Onion, fresh)",Sayuran,Mentah (Raw),87.5 g,43 Kal,1.4 g,0.2 g,10.3 g,0.6 g,32 mg,44 mg,0.5 mg,12 mg,9.6 mg,0.10 mg,0.3 mg,0.21 mg,0.4 mg,2.0 g,,788 mcg,50 mcg,0.03 mg,9 mg
79,NR007,"Bawang merah, segar (Shallot)",Bumbu,Mentah (Raw),88.0 g,46 Kal,1.5 g,0.3 g,9.2 g,1.0 g,36 mg,40 mg,0.8 mg,7 mg,178.6 mg,0.06 mg,0.2 mg,0.04 mg,0.2 mg,1.7 g,,2 mcg,,0.03 mg,2 mg
80,NR008,"Bawang putih, segar (Garlic)",Bumbu,Mentah (Raw),71.0 g,112 Kal,4.5 g,0.2 g,23.1 g,1.8 g,42 mg,134 mg,1.0 mg,46 mg,665.7 mg,0.09 mg,0.4 mg,0.07 mg,0.3 mg,0.6 g,,0 mcg,,0.22 mg,15 mg
81,DP002,"Bayam ,rebus",Sayuran,Olahan (Processed),93.5 g,23 Kal,1.2 g,0.6 g,3.7 g,1.0 g,150 mg,35 mg,0.5 mg,16 mg,308.4 mg,0.20 mg,0.3 mg,0.10 mg,0.9 mg,1.1 g,0 mcg,"3,282 mcg","2,864 mcg",0.02 mg,19 mg
82,DR009,"Bayam merah, segar (Spinach, red, fresh)",Sayuran,Mentah (Raw),88.5 g,41 Kal,2.2 g,0.8 g,6.3 g,2.2 g,520 mg,80 mg,7.0 mg,20 mg,60.0 mg,0.20 mg,0.8 mg,0.10 mg,0.1 mg,2.2 g,0 mcg,"7,325 mcg",,0.20 mg,62 mg
83,DP001,"Bayam, kukus",Sayuran,Olahan (Processed),90.7 g,30 Kal,1.3 g,0.7 g,5.8 g,1.6 g,239 mg,35 mg,5.7 mg,15 mg,431.0 mg,0.10 mg,0.3 mg,0.10 mg,0.9 mg,1.2 g,0 mcg,"2,699 mcg","3,750 mcg",0.02 mg,32 mg
84,DR008,"Bayam, segar (Spinach, fresh)",Sayuran,Mentah (Raw),94.5 g,16 Kal,0.9 g,0.4 g,2.9 g,1.3 g,166 mg,76 mg,3.5 mg,16 mg,456.4 mg,0.13 mg,0.4 mg,0.10 mg,1.0 mg,0.7 g,,"2,699 mcg","2,293 mcg",0.04 mg,41 mg
85,HP005,"Bayau mi balu, masakan",Telur,Olahan (Processed),36.1 g,313 Kal,6.0 g,12.2 g,44.8 g,0.9 g,,,,,,,,0.27 mg,9.7 mg,,783 mcg,89 mcg,,0.14 mg,
86,FR012,"Bebek (itik), daging, segar (Duck, meat, fresh)",Daging,Mentah (Raw),54.3 g,321 Kal,16.0 g,28.6 g,0.0 g,1.1 g,15 mg,188 mg,1.8 mg,54 mg,199.0 mg,0.21 mg,1.2 mg,0.28 mg,4.3 mg,0.0 g,273 mcg,0 mcg,,0.10 mg,0 mg
87,FR013,"Bebek alabio, daging, segar (Duck, alabio, meat, fresh)",Daging,Mentah (Raw),57.0 g,303 Kal,11.3 g,27.0 g,3.7 g,1.0 g,20 mg,293 mg,4.8 mg,50 mg,260.0 mg,0.70 mg,2.0 mg,0.04 mg,4.1 mg,0.0 g,,0 mcg,,0.36 mg,
88,FP003,"Bebek, daging, goreng",Daging,Olahan (Processed),48.8 g,300 Kal,24.0 g,20.7 g,4.5 g,2.0 g,170 mg,170 mg,4.1 mg,34 mg,6.0 mg,0.40 mg,3.0 mg,0.40 mg,10.6 mg,0.0 g,,0 mcg,,0.10 mg,
89,DP026,Beberuk,Sayuran,Olahan (Processed),89.1 g,65 Kal,1.1 g,5.2 g,3.5 g,1.1 g,179 mg,72 mg,8.3 mg,53 mg,427.0 mg,0.40 mg,0.2 mg,,4.4 mg,3.1 g,,44 mcg,,0.30 mg,
90,FP036,Beef burger,Daging,Olahan (Processed),45.5 g,258 Kal,10.6 g,9.5 g,32.5 g,2.2 g,210 mg,157 mg,2.6 mg,572 mg,189.1 mg,,,,,0.4 g,218 mcg,,"7,580 mcg",0.95 mg,0 mg
91,FP037,"Beef teriyaki, masakan",Daging,Olahan (Processed),65.1 g,151 Kal,8.6 g,3.1 g,22.3 g,0.9 g,142 mg,62 mg,2.3 mg,377 mg,,,,,,0.3 g,22 mcg,,400 mcg,0.53 mg,0 mg
92,FP038,"Beef yakiniku, masakan",Daging,Olahan (Processed),67.7 g,132 Kal,9.8 g,1.1 g,20.7 g,0.8 g,302 mg,67 mg,2.0 mg,409 mg,,,,,,0.3 g,78 mcg,,700 mcg,0.62 mg,0 mg
93,NP002,Bekasam (Tiny shrimp fermented),Bumbu,Olahan (Processed),65.5 g,116 Kal,11.9 g,4.9 g,6.1 g,11.6 g,704 mg,757 mg,7.5 mg,711 mg,176.0 mg,0.80 mg,1.9 mg,0.03 mg,2.1 mg,3.5 g,,0 mcg,,0.00 mg,
94,NP003,Bekasang (Fermented fish),Bumbu,Olahan (Processed),67.1 g,78 Kal,11.4 g,2.0 g,3.6 g,15.9 g,54 mg,97 mg,2.6 mg,"4,016 mg",121.0 mg,0.20 mg,4.8 mg,0.12 mg,0.6 mg,0.4 g,,,,0.15 mg,
95,GP001,"Bekicot, dendeng, mentah",Ikan/Kerang/Udang dll,Olahan (Processed),6.7 g,441 Kal,48.7 g,20.3 g,15.8 g,8.4 g,692 mg,523 mg,16.6 mg,,,,,,,0.0 g,6 mcg,,"1,408 mcg",0.56 mg,69 mg
96,FR014,"Belibis, daging, segar (Whistling duck, meat, fresh)",Daging,Mentah (Raw),71.3 g,131 Kal,20.2 g,4.3 g,2.8 g,1.4 g,8 mg,192 mg,9.6 mg,46 mg,104.0 mg,1.20 mg,1.6 mg,0.08 mg,2.7 mg,0.0 g,,0 mcg,,0.37 mg,
97,ER006,"Belimbing, segar (Starfruit, fresh)",Buah,Mentah (Raw),90.0 g,36 Kal,0.4 g,0.4 g,8.8 g,0.4 g,4 mg,12 mg,1.1 mg,4 mg,130.0 mg,,0.1 mg,,,3.2 g,,29 mcg,170 mcg,0.03 mg,35 mg
98,BP004,"Belitung, talas, kukus",Umbi Berpati,Olahan (Processed),63.1 g,145 Kal,1.2 g,0.4 g,34.2 g,1.1 g,21 mg,48 mg,0.9 mg,7 mg,552.6 mg,0.20 mg,0.9 mg,0.10 mg,2.3 mg,1.0 g,0 mcg,0 mcg,0 mcg,0.08 mg,1 mg
99,BR004,"Belitung, talas, segar (Taro, belitung, steamed)",Umbi Berpati,Mentah (Raw),63.1 g,145 Kal,1.2 g,0.4 g,34.2 g,1.1 g,26 mg,54 mg,1.4 mg,6 mg,536.1 mg,0.20 mg,0.9 mg,0.10 mg,2.3 mg,1.5 g,0 mcg,0 mcg,0 mcg,0.10 mg,2 mg
100,GP002,"Belut, goreng (Asian swamp eel, fresh)",Ikan/Kerang/Udang dll,Olahan (Processed),11.2 g,417 Kal,25.9 g,19.4 g,32.0 g,11.5 g,840 mg,872 mg,4.9 mg,71 mg,217.7 mg,0.30 mg,1.8 mg,0.20 mg,10.5 mg,0.0 g,0 mcg,,0 mcg,0.00 mg,0 mg
101,GR001,"Belut, segar (Asian swamp eel, fresh)",Ikan/Kerang/Udang dll,Mentah (Raw),81.5 g,70 Kal,14.6 g,0.8 g,1.0 g,2.1 g,49 mg,155 mg,1.5 mg,55 mg,169.0 mg,0.20 mg,1.2 mg,0.12 mg,7.7 mg,0.0 g,,0 mcg,,0.22 mg,
102,GR002,"Belut,laut, segar (Eel, fresh)",Ikan/Kerang/Udang dll,Mentah (Raw),79.5 g,93 Kal,12.8 g,1.5 g,6.1 g,4.1 g,60 mg,199 mg,3.0 mg,33 mg,175.9 mg,0.10 mg,1.0 mg,0.00 mg,2.7 mg,0.0 g,51 mcg,3 mcg,71 mcg,0.06 mg,
103,BR005,"Bengkuang, segar (Yam bean, fresh)",Umbi Berpati,Mentah (Raw),85.1 g,59 Kal,1.4 g,0.2 g,12.8 g,0.5 g,15 mg,18 mg,0.6 mg,2 mg,244.3 mg,0.10 mg,0.3 mg,0.10 mg,0.2 mg,1.0 g,,0 mcg,,0.04 mg,20 mg
104,BR006,"Bentul (Komba),  talas, segar (Taro, bentul, fresh)",Umbi Berpati,Mentah (Raw),75.8 g,98 Kal,1.6 g,0.7 g,20.9 g,1.8 g,44 mg,66 mg,1.5 mg,,195.5 mg,0.20 mg,0.6 mg,0.10 mg,0.8 mg,0.7 g,0 mcg,0 mcg,0 mcg,0.02 mg,0 mg
105,BP005,"Bentul, talas, kukus",Umbi Berpati,Olahan (Processed),81.1 g,71 Kal,2.3 g,0.3 g,15.4 g,0.9 g,29 mg,26 mg,0.6 mg,,201.0 mg,0.20 mg,0.6 mg,0.00 mg,0.0 mg,0.5 g,0 mcg,0 mcg,0 mcg,0.06 mg,21 mg
106,BP019,Beras Cerdas,Umbi Berpati,Olahan (Processed),11.3 g,350 Kal,2.7 g,1.1 g,82.3 g,2.6 g,28 mg,351 mg,2.9 mg,358 mg,568.0 mg,0.20 mg,0.9 mg,0.20 mg,0.3 mg,6.2 g,,0 mcg,0 mcg,0.02 mg,0 mg
107,BP020,Beras ganyong,Umbi Berpati,Olahan (Processed),9.3 g,364 Kal,3.4 g,0.7 g,86.3 g,0.5 g,4 mg,47 mg,5.0 mg,4 mg,72.2 mg,0.20 mg,0.6 mg,0.02 mg,0.3 mg,4.7 g,,1 mcg,0 mcg,0.02 mg,0 mg
108,AR002,"Beras giling var pelita, mentah (Rice, raw)",Serealia,Mentah (Raw),,369 Kal,9.5 g,1.4 g,77.1 g,0.6 g,68 mg,171 mg,1.4 mg,34 mg,0.0 mg,0.00 mg,0.0 mg,0.00 mg,0.0 mg,0.4 g,0 mcg,0 mcg,0 mcg,0.26 mg,0 mg
109,AR003,"Beras giling var rojolele, mentah (Rice. Raw)",Serealia,Mentah (Raw),12.0 g,357 Kal,8.4 g,1.7 g,77.1 g,0.8 g,147 mg,81 mg,1.8 mg,34 mg,112.9 mg,0.14 mg,0.1 mg,0.02 mg,1.5 mg,0.2 g,,0 mcg,80 mcg,0.20 mg,0 mg
110,AR001,"Beras giling, mentah (Rice, raw)",Serealia,Mentah (Raw),,357 Kal,8.4 g,1.7 g,77.1 g,0.8 g,147 mg,81 mg,1.8 mg,27 mg,71.0 mg,0.10 mg,0.5 mg,0.08 mg,2.6 mg,0.2 g,0 mcg,0 mcg,0 mcg,0.20 mg,0 mg
111,AR004,"Beras hitam, mentah (Rice, raw)",Serealia,Mentah (Raw),12.9 g,351 Kal,8.0 g,1.3 g,76.9 g,0.9 g,6 mg,198 mg,0.1 mg,15 mg,105.0 mg,0.10 mg,1.6 mg,0.06 mg,0.0 mg,20.1 g,0 mcg,0 mcg,0 mcg,0.21 mg,0 mg
112,AR005,"Beras jagung kuning, kering, mentah (Corn, yellow",Serealia,Mentah (Raw),10.8 g,358 Kal,5.5 g,0.1 g,82.7 g,0.9 g,20 mg,90 mg,1.4 mg,1 mg,80.0 mg,0.10 mg,4.1 mg,0.08 mg,1.0 mg,10.0 g,,641 mcg,,0.12 mg,3 mg
113,AR006,"Beras jagung putih, kering, mentah (Corn, white, died, crushed, raw)",Serealia,Mentah (Raw),22.5 g,307 Kal,4.8 g,0.1 g,71.8 g,0.8 g,17 mg,78 mg,1.2 mg,1 mg,70.0 mg,0.10 mg,3.5 mg,0.07 mg,0.9 mg,10.0 g,,301 mcg,,0.15 mg,0 mg
114,AR007,"Beras ketan hitam tumbuk, mentah (Glutinous rice, black, husk,raw)",Serealia,Mentah (Raw),13.7 g,360 Kal,8.0 g,2.3 g,74.5 g,1.5 g,10 mg,347 mg,6.2 mg,11 mg,288.0 mg,0.28 mg,2.2 mg,0.10 mg,2.0 mg,1.0 g,0 mcg,0 mcg,0 mcg,0.24 mg,0 mg
115,AR008,"Beras ketan putih tumbuk, mentah (Glutinous rice, white, husk,raw)",Serealia,Mentah (Raw),12.9 g,361 Kal,7.4 g,0.8 g,78.4 g,0.5 g,13 mg,157 mg,3.4 mg,3 mg,282.0 mg,0.28 mg,2.2 mg,0.00 mg,1.4 mg,0.4 g,0 mcg,0 mcg,0 mcg,0.28 mg,0 mg
116,AR009,"Beras ladang, mentah (Rice, raw)",Serealia,Mentah (Raw),9.8 g,376 Kal,7.5 g,3.8 g,78.0 g,0.9 g,20 mg,110 mg,0.8 mg,10 mg,70.0 mg,0.10 mg,1.4 mg,0.20 mg,5.1 mg,5.9 g,0 mcg,0 mcg,,0.20 mg,0 mg
117,AR010,"Beras menir, mentah (Rice, crushed, raw)",Serealia,Mentah (Raw),12.0 g,362 Kal,7.7 g,4.4 g,73.0 g,0.2 g,22 mg,272 mg,3.7 mg,90 mg,201.0 mg,0.10 mg,0.5 mg,0.00 mg,1.9 mg,0.2 g,0 mcg,0 mcg,,0.55 mg,0 mg
118,AR011,"Beras parboiled (Rice, parboiled)",Serealia,Mentah (Raw),10.0 g,353 Kal,6.8 g,0.6 g,80.0 g,2.5 g,5 mg,142 mg,0.8 mg,2 mg,46.0 mg,0.28 mg,1.0 mg,0.11 mg,3.4 mg,0.5 g,0 mcg,0 mcg,,0.22 mg,0 mg
119,BP021,Beras Siger,Umbi Berpati,Olahan (Processed),13.5 g,344 Kal,1.1 g,0.2 g,28.3 g,0.7 g,32 mg,22 mg,5.6 mg,106 mg,77.9 mg,0.10 mg,0.5 mg,0.10 mg,0.2 mg,5.6 g,,0 mcg,0 mcg,0.02 mg,0 mg
120,AR013,"Beras tumbuk merah, mentah (Rice, brown with husk, raw)",Serealia,Mentah (Raw),14.6 g,352 Kal,7.3 g,0.9 g,76.2 g,1.0 g,15 mg,257 mg,4.2 mg,10 mg,202.0 mg,0.36 mg,1.9 mg,0.00 mg,3.3 mg,0.8 g,0 mcg,0 mcg,0 mcg,0.34 mg,0 mg
121,AR012,"Beras tumbuk, mentah (Rice with husk, raw)",Serealia,Mentah (Raw),11.5 g,354 Kal,7.8 g,0.4 g,79.9 g,0.4 g,3 mg,112 mg,0.6 mg,5 mg,85.0 mg,0.50 mg,1.5 mg,0.22 mg,5.1 mg,3.8 g,0 mcg,0 mcg,,0.25 mg,0 mg
122,GP055,"Betok wadi, masakan (Climbing gouramy)",Ikan/Kerang/Udang dll,Olahan (Processed),69.2 g,145 Kal,16.3 g,7.0 g,4.1 g,3.4 g,405 mg,523 mg,1.8 mg,69 mg,203.0 mg,1.00 mg,1.3 mg,,,,,,,0.22 mg,
123,AP007,Bihun goreng instan,Serealia,Olahan (Processed),9.0 g,381 Kal,6.1 g,3.9 g,80.3 g,0.7 g,266 mg,151 mg,2.9 mg,928 mg,,,,,,,58 mcg,,400 mcg,0.37 mg,0 mg
124,AP008,"Bihun Jagung, mentah",Serealia,Olahan (Processed),11.3 g,354 Kal,0.5 g,0.3 g,87.4 g,0.5 g,13 mg,111 mg,0.6 mg,49 mg,1.4 mg,0.40 mg,0.0 mg,0.02 mg,0.3 mg,3.0 g,,0 mcg,0 mcg,0.02 mg,0 mg
125,AP006,"Bihun, mentah",Serealia,Olahan (Processed),12.9 g,348 Kal,4.7 g,0.1 g,82.1 g,0.2 g,6 mg,35 mg,1.8 mg,12 mg,5.0 mg,0.08 mg,0.7 mg,0.00 mg,0.2 mg,1.2 g,0 mcg,0 mcg,0 mcg,0.00 mg,0 mg
126,BP022,Biji nangka/Biji salak,Umbi Berpati,Olahan (Processed),40.5 g,262 Kal,2.3 g,5.4 g,51.1 g,0.7 g,60 mg,80 mg,0.8 mg,10 mg,2.0 mg,0.60 mg,2.0 mg,1.00 mg,,8.0 g,0 mcg,"1,667 mcg",,0.10 mg,10 mg
127,AP035,Bika ambon,Serealia,Olahan (Processed),51.5 g,199 Kal,2.1 g,1.5 g,44.4 g,0.6 g,45 mg,28 mg,1.8 mg,,,,,,0.0 mg,0.3 g,0 mcg,,408 mcg,0.10 mg,0 mg
128,AP036,Bingka,Serealia,Olahan (Processed),44.4 g,273 Kal,5.3 g,10.6 g,39.1 g,0.6 g,,,,,,,,,,,,,,,
129,AP029,Biskuit,Serealia,Olahan (Processed),2.2 g,458 Kal,6.9 g,14.4 g,75.1 g,1.4 g,62 mg,87 mg,2.7 mg,241 mg,20.3 mg,0.16 mg,0.6 mg,0.15 mg,1.4 mg,2.1 g,0 mcg,14 mcg,,0.09 mg,0 mg
130,DR010,"Bit, segar (Beet, fresh)",Sayuran,Mentah (Raw),87.6 g,41 Kal,1.6 g,0.1 g,9.6 g,1.1 g,27 mg,43 mg,1.0 mg,29 mg,404.9 mg,0.20 mg,0.7 mg,0.05 mg,0.3 mg,2.6 g,,0 mcg,20 mcg,0.02 mg,10 mg
131,ER007,"Biwah, segar (Loquat, fresh)",Buah,Mentah (Raw),87.1 g,51 Kal,0.3 g,0.1 g,12.1 g,0.5 g,220 mg,14 mg,0.8 mg,1 mg,258.6 mg,0.04 mg,0.0 mg,0.02 mg,0.0 mg,0.7 g,0 mcg,,"12,256 mcg",0.10 mg,4 mg
132,AP037,Bobengka,Serealia,Olahan (Processed),46.3 g,225 Kal,5.3 g,2.6 g,45.2 g,0.6 g,,,,,,,,,,,,,,,
133,AP038,Bolu peca,Serealia,Olahan (Processed),55.6 g,197 Kal,3.3 g,4.6 g,35.6 g,0.9 g,,0 mg,0.0 mg,0 mg,0.0 mg,,,0.00 mg,0.0 mg,,,,,,0 mg
134,NR009,"Boros kunci, segar (Rhizomes / Kaemper / Chinesedey)",Bumbu,Mentah (Raw),90.0 g,40 Kal,1.0 g,0.8 g,7.2 g,1.0 g,50 mg,50 mg,2.0 mg,33 mg,480.0 mg,0.02 mg,0.3 mg,0.68 mg,1.7 mg,1.0 g,,0 mcg,"5,000 mcg",0.08 mg,50 mg
135,NR010,"Boros laja (lengkuas), segar (Rhizomes / Galanga)",Bumbu,Mentah (Raw),93.0 g,26 Kal,1.0 g,0.3 g,4.7 g,1.0 g,50 mg,50 mg,2.0 mg,24 mg,137.1 mg,0.07 mg,0.3 mg,0.06 mg,0.3 mg,1.1 g,,5 mcg,"5,000 mcg",0.08 mg,50 mg
136,DP027,Botok lamtoro,Sayuran,Olahan (Processed),63.9 g,186 Kal,11.7 g,9.7 g,13.0 g,2.2 g,771 mg,322 mg,26.0 mg,,,,,,,2.1 g,18 mcg,,179 mcg,0.27 mg,2 mg
137,GP056,"Bou ninahu ndamate, masakan",Ikan/Kerang/Udang dll,Olahan (Processed),79.5 g,79 Kal,6.3 g,1.0 g,1.1 g,2.1 g,,,,67 mg,,,,0.00 mg,0.1 mg,,691 mcg,,,0.10 mg,
138,GP057,"Bouiki ninahu nggaluku, masakan",Ikan/Kerang/Udang dll,Olahan (Processed),73.9 g,94 Kal,7.8 g,2.2 g,10.8 g,5.3 g,,,,58 mg,179.4 mg,,1.5 mg,0.03 mg,2.4 mg,,,,,0.50 mg,
139,AP039,Brem,Serealia,Olahan (Processed),37.4 g,249 Kal,3.4 g,0.4 g,58.0 g,0.9 g,198 mg,86 mg,2.0 mg,,,,,0.00 mg,0.0 mg,0.0 g,0 mcg,,240 mcg,0.34 mg,0 mg
140,FP039,Brongkos,Daging,Olahan (Processed),76.4 g,141 Kal,15.3 g,3.3 g,12.6 g,2.4 g,87 mg,97 mg,5.1 mg,,,,,,,1.0 g,4 mcg,,356 mcg,0.40 mg,0 mg
141,ER008,"Buah atung, segar",Buah,Mentah (Raw),92.0 g,23 Kal,0.8 g,0.2 g,5.2 g,1.8 g,30 mg,50 mg,4.6 mg,,,,,,,,,,0 mcg,0.29 mg,38 mg
142,ER009,"Buah kelenting, segar",Buah,Mentah (Raw),73.9 g,110 Kal,1.4 g,2.1 g,21.4 g,1.2 g,8 mg,102 mg,1.1 mg,2 mg,0.0 mg,0.30 mg,0.9 mg,0.10 mg,,,,,,0.20 mg,6 mg
143,DR011,"Buah kelor (West Indian bean, fruit)",Sayuran,Mentah (Raw),89.5 g,38 Kal,1.5 g,0.2 g,7.5 g,1.3 g,30 mg,54 mg,0.0 mg,48 mg,216.0 mg,0.00 mg,0.2 mg,0.10 mg,4.1 mg,3.2 g,,31 mcg,,0.10 mg,25 mg
144,ER010,"Buah kom, segar",Buah,Mentah (Raw),33.7 g,264 Kal,4.0 g,1.1 g,59.6 g,1.7 g,306 mg,92 mg,0.8 mg,,,,,,0.0 mg,9.0 g,0 mcg,,400 mcg,0.11 mg,9 mg
145,ER011,"Buah mentega (Bisbul), segar (Persimmons, japanese, fresh)",Buah,Mentah (Raw),89.0 g,39 Kal,0.7 g,0.2 g,9.7 g,0.4 g,43 mg,17 mg,0.8 mg,1 mg,90.0 mg,0.06 mg,0.1 mg,0.01 mg,0.1 mg,2.0 g,,141 mcg,55 mcg,0.02 mg,33 mg
146,DR012,Buah merah (Red fruit),Sayuran,Mentah (Raw),81.2 g,87 Kal,2.6 g,2.7 g,13.1 g,0.4 g,30 mg,1 mg,1.1 mg,110 mg,140.0 mg,0.10 mg,0.3 mg,0.10 mg,0.2 mg,4.0 g,0 mcg,0 mcg,,1.50 mg,15 mg
147,ER012,"Buah Naga Merah, segar",Buah,Mentah (Raw),85.7 g,71 Kal,1.7 g,3.1 g,9.1 g,0.4 g,13 mg,14 mg,0.4 mg,10 mg,128.0 mg,0.00 mg,0.4 mg,0.30 mg,0.5 mg,3.2 g,,0 mcg,0 mcg,0.50 mg,1 mg
148,ER013,"Buah Naga Putih, segar",Buah,Mentah (Raw),86.6 g,56 Kal,0.8 g,1.0 g,10.9 g,0.6 g,13 mg,27 mg,0.5 mg,7 mg,231.0 mg,0.00 mg,0.4 mg,0.50 mg,0.9 mg,3.2 g,,0 mcg,0 mcg,0.02 mg,1 mg
149,ER014,"Buah negri, segar (Passion-fruit (granadilla), fresh)",Buah,Mentah (Raw),85.7 g,55 Kal,1.2 g,0.1 g,12.2 g,0.8 g,30 mg,40 mg,0.2 mg,10 mg,0.0 mg,0.10 mg,0.3 mg,0.03 mg,0.1 mg,5.2 g,,460 mcg,,0.33 mg,9 mg
150,ER015,"Buah nona, segar (Sugarapple, fresh)",Buah,Mentah (Raw),71.5 g,101 Kal,1.7 g,0.6 g,25.2 g,1.0 g,27 mg,20 mg,0.8 mg,5 mg,312.5 mg,325.70 mg,0.1 mg,0.16 mg,0.9 mg,2.8 g,,49 mcg,,0.08 mg,22 mg
151,ER016,"Buah rotan, segar",Buah,Mentah (Raw),79.4 g,78 Kal,0.6 g,0.3 g,18.2 g,1.5 g,1 mg,7 mg,3.4 mg,7 mg,495.0 mg,0.30 mg,0.7 mg,0.00 mg,,,,,,0.12 mg,5 mg
152,ER017,"Buah rukam, segar (Rukam, fresh)",Buah,Mentah (Raw),71.3 g,113 Kal,0.8 g,0.3 g,26.8 g,0.8 g,108 mg,52 mg,1.2 mg,2 mg,219.0 mg,0.30 mg,0.9 mg,0.01 mg,,7.7 g,,17 mcg,,0.06 mg,20 mg
153,ER018,"Buah ruruhi, segar",Buah,Mentah (Raw),93.0 g,29 Kal,2.1 g,0.7 g,3.6 g,0.3 g,6 mg,7 mg,0.0 mg,36 mg,45.0 mg,0.00 mg,0.1 mg,0.01 mg,,2.6 g,,7 mcg,,0.06 mg,10 mg
154,ER019,"Buah tuppa, segar",Buah,Mentah (Raw),82.5 g,67 Kal,0.4 g,0.2 g,15.9 g,1.0 g,12 mg,139 mg,0.5 mg,2 mg,0.0 mg,0.20 mg,0.5 mg,0.01 mg,,,,,,0.04 mg,5 mg
155,FP004,"Buaya, daging, dendeng, mentah",Daging,Olahan (Processed),12.3 g,365 Kal,49.6 g,4.8 g,30.8 g,2.5 g,60 mg,130 mg,4.3 mg,500 mg,680.0 mg,0.20 mg,11.6 mg,,0.2 mg,,,0 mcg,,,
156,BP023,Bubur sagu,Umbi Berpati,Olahan (Processed),62.5 g,167 Kal,0.2 g,4.0 g,33.0 g,0.3 g,3 mg,3 mg,0.1 mg,7 mg,0.0 mg,0.10 mg,0.1 mg,,0.1 mg,,0 mcg,0 mcg,0 mcg,9.00 mg,0 mg
157,AP040,Bubur tinotuan (Manado),Serealia,Olahan (Processed),80.9 g,156 Kal,2.3 g,0.2 g,15.6 g,1.0 g,41 mg,20 mg,0.4 mg,486 mg,164.0 mg,0.30 mg,0.4 mg,0.04 mg,,8.2 g,,"1,437 mcg",,0.10 mg,15 mg
158,FP040,"Bulgogi, masakan",Daging,Olahan (Processed),84.2 g,72 Kal,11.4 g,4.9 g,1.4 g,0.7 g,214 mg,86 mg,2.5 mg,509 mg,,,,,,1.7 g,17 mcg,,,1.08 mg,0 mg
159,DP003,"Buncis, rebus",Sayuran,Olahan (Processed),90.6 g,30 Kal,2.2 g,0.2 g,6.4 g,0.6 g,107 mg,47 mg,0.5 mg,7 mg,138.9 mg,0.10 mg,0.3 mg,0.29 mg,2.0 mg,1.5 g,,1 mcg,402 mcg,0.01 mg,8 mg
160,DR013,"Buncis, segar (Green bean, fresh)",Sayuran,Mentah (Raw),89.6 g,34 Kal,2.4 g,0.3 g,7.2 g,0.5 g,101 mg,42 mg,0.7 mg,8 mg,250.0 mg,0.07 mg,0.3 mg,0.40 mg,2.8 mg,1.9 g,0 mcg,772 mcg,550 mcg,0.05 mg,11 mg
161,DR014,"Bunga pepaya, segar (Papaya, flower, fresh)",Sayuran,Mentah (Raw),87.3 g,45 Kal,2.6 g,0.3 g,8.1 g,1.7 g,290 mg,113 mg,4.2 mg,2 mg,478.3 mg,0.08 mg,0.8 mg,0.28 mg,1.0 mg,1.6 g,,"2,792 mcg",5 mcg,0.01 mg,23 mg
162,DR015,"Bunga turi, segar (Hummingbird tree)",Sayuran,Mentah (Raw),90.4 g,42 Kal,2.0 g,1.1 g,6.1 g,0.4 g,28 mg,23 mg,0.8 mg,29 mg,97.4 mg,0.10 mg,0.6 mg,0.02 mg,0.4 mg,3.3 g,,"1,200 mcg",0 mcg,0.50 mg,1 mg
163,CP020,Bungkil biji karet,Kacang-Kacangan,Olahan (Processed),12.0 g,333 Kal,29.3 g,3.3 g,50.0 g,29.4 g,102 mg,660 mg,12.0 mg,,,,,,,,0 mcg,,,0.10 mg,0 mg
164,CP021,Bungkil kacang tanah,Kacang-Kacangan,Olahan (Processed),14.0 g,336 Kal,37.4 g,13.0 g,30.5 g,33.1 g,730 mg,470 mg,30.7 mg,,,,,,,,0 mcg,,,0.04 mg,
165,CP022,Bungkil kelapa,Kacang-Kacangan,Olahan (Processed),16.0 g,368 Kal,23.0 g,15.0 g,40.0 g,38.0 g,137 mg,433 mg,41.5 mg,,,,,0.46 mg,8.9 mg,,0 mcg,,,0.00 mg,
166,DP028,Buntil daun talas,Sayuran,Olahan (Processed),74.5 g,141 Kal,4.4 g,10.2 g,8.0 g,3.0 g,149 mg,121 mg,14.5 mg,,,,,,,1.8 g,13 mcg,,"8,610 mcg",0.25 mg,1 mg
167,FR015,"Burung, sarang, segar",Daging,Mentah (Raw),24.8 g,281 Kal,37.5 g,0.3 g,32.1 g,5.3 g,485 mg,18 mg,3.0 mg,,,,,,,,0 mcg,,,,0 mg
168,NR011,"Cabai gembor merah, segar (Chili papper)",Bumbu,Mentah (Raw),90.8 g,38 Kal,1.6 g,0.8 g,6.3 g,0.6 g,49 mg,41 mg,1.1 mg,7 mg,275.3 mg,0.12 mg,0.2 mg,0.12 mg,0.0 mg,1.6 g,,"5,897 mcg","3,240 mcg",0.21 mg,16 mg
169,NR012,"Cabai hijau, segar (Chili papper)",Bumbu,Mentah (Raw),93.4 g,26 Kal,0.7 g,0.3 g,5.2 g,0.4 g,14 mg,23 mg,0.4 mg,7 mg,151.0 mg,0.08 mg,0.2 mg,0.06 mg,0.4 mg,2.6 g,,44 mcg,260 mcg,0.05 mg,84 mg
170,NR013,"Cabai merah, kering (Chili papper)",Bumbu,Mentah (Raw),10.0 g,367 Kal,15.9 g,6.2 g,61.8 g,6.1 g,160 mg,370 mg,2.3 mg,25 mg,181.5 mg,1.20 mg,1.8 mg,1.36 mg,4.4 mg,26.9 g,,"10,955 mcg",576 mcg,0.40 mg,50 mg
171,NR014,"Cabai merah, segar (Chili papper)",Bumbu,Mentah (Raw),90.9 g,36 Kal,1.0 g,0.3 g,7.3 g,0.5 g,29 mg,24 mg,0.5 mg,23 mg,272.4 mg,0.12 mg,0.2 mg,0.09 mg,3.0 mg,1.4 g,,"5,833 mcg",470 mcg,0.05 mg,18 mg
172,NR015,"Cabai rawit, segar (Chili papper)",Bumbu,Mentah (Raw),71.2 g,120 Kal,4.7 g,2.4 g,19.9 g,1.8 g,45 mg,85 mg,2.5 mg,34 mg,706.2 mg,0.29 mg,0.6 mg,0.09 mg,1.7 mg,15.2 g,,"1,694 mcg","11,050 mcg",0.24 mg,70 mg
173,DR016,"Caisin, segar (Caisin, fresh)",Sayuran,Mentah (Raw),93.6 g,20 Kal,1.7 g,0.4 g,3.4 g,0.9 g,123 mg,40 mg,1.9 mg,18 mg,358.2 mg,0.05 mg,1.4 mg,0.19 mg,0.6 mg,1.2 g,,"1,675 mcg","4,188 mcg",0.04 mg,3 mg
174,GP058,Cakalang asar (asap),Ikan/Kerang/Udang dll,Olahan (Processed),64.3 g,155 Kal,20.1 g,3.8 g,10.2 g,1.6 g,20 mg,240 mg,2.1 mg,90 mg,390.0 mg,0.30 mg,0.1 mg,0.70 mg,0.2 mg,,86 mcg,,,,
175,AP041,Cake tape,Serealia,Olahan (Processed),32.2 g,323 Kal,4.9 g,11.5 g,50.1 g,1.4 g,131 mg,83 mg,2.6 mg,,,,,0.16 mg,0.3 mg,1.4 g,26 mcg,,"1,872 mcg",0.38 mg,0 mg
176,DP029,Cammetutu,Sayuran,Olahan (Processed),79.6 g,102 Kal,3.2 g,6.0 g,8.7 g,2.5 g,41 mg,93 mg,0.5 mg,443 mg,518.0 mg,0.30 mg,0.7 mg,0.40 mg,0.4 mg,4.3 g,,"1,123 mcg",,0.30 mg,19 mg
177,AP042,Cangkuning,Serealia,Olahan (Processed),57.5 g,204 Kal,2.8 g,7.5 g,31.4 g,0.8 g,,,,,,,,,,,,,,,
178,AR014,"Cantel, mentah (Sorghum, raw)",Serealia,Mentah (Raw),11.0 g,366 Kal,11.0 g,3.3 g,73.0 g,1.7 g,28 mg,287 mg,4.4 mg,7 mg,249.0 mg,,,0.14 mg,2.8 mg,1.2 g,0 mcg,0 mcg,,0.09 mg,0 mg
179,DP030,"Cap cai, sayur",Sayuran,Olahan (Processed),82.7 g,97 Kal,5.8 g,6.3 g,4.2 g,1.0 g,287 mg,89 mg,1.8 mg,405 mg,,,,,,0.6 g,45 mcg,,"1,640 mcg",0.21 mg,1 mg
180,ER020,"Carica papaya, segar (Papaya)",Buah,Mentah (Raw),93.4 g,24 Kal,1.9 g,0.2 g,3.7 g,0.9 g,51 mg,33 mg,1.8 mg,,,,,0.07 mg,0.0 mg,1.0 g,0 mcg,0 mcg,"1,000 mcg",0.32 mg,85 mg
181,BP024,Cassavastick,Umbi Berpati,Olahan (Processed),5.6 g,460 Kal,0.8 g,18.7 g,17.2 g,2.7 g,144 mg,58 mg,7.5 mg,,,,,0.07 mg,0.1 mg,1.6 g,0 mcg,,107 mcg,0.19 mg,0 mg
182,ER021,"Cempedak, segar (Chempedak)",Buah,Mentah (Raw),67.0 g,116 Kal,3.0 g,0.4 g,28.6 g,1.0 g,20 mg,30 mg,1.5 mg,25 mg,243.7 mg,,,,0.5 mg,3.4 g,,79 mcg,200 mcg,0.00 mg,15 mg
183,NR016,"Cengkeh, kering (Cloves, dried)",Bumbu,Mentah (Raw),23.3 g,330 Kal,5.2 g,8.9 g,57.4 g,5.2 g,740 mg,100 mg,4.9 mg,282 mg,961.0 mg,0.30 mg,0.0 mg,0.00 mg,0.0 mg,10.0 g,,265 mcg,,200.00 mg,
184,BP025,Ceriping getuk singkong,Umbi Berpati,Olahan (Processed),7.2 g,462 Kal,1.2 g,20.7 g,67.7 g,3.2 g,"1,248 mg",172 mg,8.8 mg,,,,,0.02 mg,0.5 mg,0.6 g,0 mcg,,152 mcg,0.29 mg,0 mg
185,FP041,"Chicken teriyaki, masakan",Daging,Olahan (Processed),68.2 g,168 Kal,13.0 g,9.6 g,7.5 g,1.7 g,137 mg,106 mg,3.1 mg,959 mg,,,,,,0.8 g,68 mcg,,"2,200 mcg",0.65 mg,0 mg
186,FP042,"Chikiniku, masakan",Daging,Olahan (Processed),65.4 g,143 Kal,9.8 g,1.4 g,22.8 g,0.6 g,301 mg,63 mg,2.0 mg,531 mg,,,,,,0.4 g,27 mcg,,"1,280 mcg",0.73 mg,0 mg
187,MP004,"Coklat bubuk (Cacao, powder)",Konfeksioneri,Olahan (Processed),3.9 g,311 Kal,8.0 g,4.0 g,48.9 g,15.4 g,125 mg,715 mg,11.6 mg,,,,,,0.6 mg,32.6 g,,,30 mcg,0.12 mg,
188,MP001,"Coklat manis, batang (Chocolate, bar)",Konfeksioneri,Olahan (Processed),1.4 g,527 Kal,2.0 g,29.8 g,62.7 g,4.1 g,63 mg,287 mg,2.8 mg,6 mg,499.5 mg,0.00 mg,0.0 mg,0.02 mg,0.0 mg,6.5 g,,,30 mcg,0.03 mg,0 mg
189,MP002,"Coklat pahit,batang (Chocolate,dark, bar)",Konfeksioneri,Olahan (Processed),2.3 g,615 Kal,5.5 g,42.6 g,29.2 g,10.1 g,98 mg,446 mg,4.4 mg,20 mg,708.3 mg,1.70 mg,3.3 mg,0.08 mg,1.0 mg,10.8 g,,2 mcg,60 mcg,0.05 mg,0 mg
190,MP003,"Coklat susu, batang (Chocolate, dairy milk, bar)",Konfeksioneri,Olahan (Processed),1.0 g,565 Kal,9.0 g,35.0 g,53.6 g,1.4 g,200 mg,200 mg,2.0 mg,100 mg,405.5 mg,0.49 mg,2.3 mg,0.45 mg,0.5 mg,3.4 g,,54 mcg,30 mcg,0.08 mg,0 mg
191,FP043,"Coto mangkasara, kuda, masakan",Daging,Olahan (Processed),83.5 g,96 Kal,6.8 g,5.9 g,3.8 g,0.9 g,11 mg,106 mg,2.3 mg,96 mg,31.0 mg,0.10 mg,1.0 mg,0.14 mg,4.2 mg,,,,,0.23 mg,
192,FP044,"Coto mangkasara, sapi, masakan",Daging,Olahan (Processed),85.9 g,84 Kal,6.0 g,6.0 g,1.4 g,0.7 g,8 mg,104 mg,4.0 mg,90 mg,25.0 mg,0.30 mg,0.6 mg,0.14 mg,10.3 mg,,,,,0.16 mg,
193,HP006,"Cucuru bayau, masakan",Telur,Olahan (Processed),35.0 g,349 Kal,6.8 g,18.7 g,38.3 g,1.2 g,,,,,,,,0.25 mg,0.0 mg,,,123 mcg,,0.06 mg,
194,NP004,Cuka (vinegar),Bumbu,Olahan (Processed),94.5 g,21 Kal,0.1 g,0.1 g,5.0 g,0.3 g,7 mg,10 mg,0.5 mg,21 mg,37.8 mg,0.00 mg,0.0 mg,0.00 mg,0.7 mg,0.0 g,,0 mcg,,0.24 mg,
195,GP003,"Cumi-cumi, goreng (Squid, fried)",Ikan/Kerang/Udang dll,Olahan (Processed),54.2 g,265 Kal,40.6 g,10.1 g,0.0 g,3.1 g,62 mg,270 mg,2.7 mg,86 mg,81.9 mg,,,0.00 mg,6.3 mg,0.0 g,0 mcg,56 mcg,0 mcg,0.09 mg,0 mg
196,GR003,"Cumi-cumi, segar (Squid, fresh)",Ikan/Kerang/Udang dll,Mentah (Raw),82.2 g,75 Kal,16.1 g,0.7 g,0.1 g,0.9 g,32 mg,200 mg,1.8 mg,37 mg,204.1 mg,1.60 mg,1.3 mg,0.00 mg,2.5 mg,0.0 g,0 mcg,20 mcg,0 mcg,0.08 mg,0 mg
197,DR017,"Daun bangun-bangun, segar",Sayuran,Mentah (Raw),92.5 g,27 Kal,1.3 g,0.6 g,4.0 g,1.6 g,279 mg,40 mg,13.6 mg,4 mg,144.0 mg,,,0.10 mg,0.0 mg,1.0 g,,"1,489 mcg","13,288 mcg",0.16 mg,5 mg
198,DR018,"Daun bawang  merah, segar (Shallot, leaf, fresh)",Sayuran,Mentah (Raw),89.1 g,41 Kal,2.0 g,0.3 g,7.8 g,0.8 g,60 mg,40 mg,2.3 mg,30 mg,90.0 mg,0.10 mg,0.3 mg,0.10 mg,0.2 mg,2.1 g,0 mcg,218 mcg,,0.10 mg,11 mg
199,DR019,"Daun bebuas, segar",Sayuran,Mentah (Raw),87.9 g,41 Kal,2.7 g,1.0 g,7.3 g,1.1 g,29 mg,245 mg,1.5 mg,,,,,,,2.1 g,0 mcg,,"3,099 mcg",0.01 mg,3 mg
200,DR020,"Daun belem, segar",Sayuran,Mentah (Raw),84.6 g,50 Kal,4.4 g,1.4 g,7.8 g,1.8 g,698 mg,151 mg,7.5 mg,,,,,,,1.9 g,0 mcg,,"13,072 mcg",0.05 mg,21 mg
201,DR021,"Daun bluntas, segar",Sayuran,Mentah (Raw),86.0 g,44 Kal,1.8 g,0.5 g,9.4 g,2.3 g,256 mg,49 mg,5.6 mg,,,,,,,,,,"3,980 mcg",0.02 mg,30 mg
202,DR022,"Daun gandaria, segar (Gandaria, leaf, fresh)",Sayuran,Mentah (Raw),81.0 g,63 Kal,3.1 g,0.3 g,14.0 g,1.6 g,40 mg,45 mg,4.7 mg,3 mg,127.7 mg,,,0.04 mg,0.2 mg,2.1 g,,503 mcg,600 mcg,0.04 mg,61 mg
203,DR023,"Daun gedi besar, segar (Aibika, sunset hibiscus, big, fresh)",Sayuran,Mentah (Raw),84.0 g,58 Kal,2.9 g,0.7 g,10.0 g,2.4 g,440 mg,100 mg,1.9 mg,30 mg,40.0 mg,0.20 mg,2.1 mg,0.50 mg,2.8 mg,3.3 g,,596 mcg,,0.40 mg,11 mg
204,DR024,"Daun gedi kecil, segar (Aibika, sunset hibiscus, small, fresh)",Sayuran,Mentah (Raw),83.7 g,61 Kal,3.2 g,0.7 g,10.4 g,2.0 g,420 mg,70 mg,1.7 mg,20 mg,50.0 mg,0.10 mg,1.4 mg,0.30 mg,2.9 mg,3.4 g,,607 mcg,,0.40 mg,11 mg
205,DR025,"Daun gelang, segar (Purslane, leaf, fresh)",Sayuran,Mentah (Raw),90.3 g,30 Kal,1.3 g,0.7 g,5.8 g,1.9 g,350 mg,210 mg,11.9 mg,5 mg,333.3 mg,0.31 mg,1.2 mg,0.14 mg,0.7 mg,1.3 g,0 mcg,"4,701 mcg","1,954 mcg",0.01 mg,1 mg
206,DR026,"Daun gunda bali, segar",Sayuran,Mentah (Raw),86.4 g,50 Kal,4.6 g,0.9 g,7.0 g,1.1 g,167 mg,62 mg,0.5 mg,,,,,,,1.4 g,0 mcg,,"6,571 mcg",0.05 mg,20 mg
207,DR027,"Daun gunda serang, segar",Sayuran,Mentah (Raw),84.6 g,62 Kal,4.2 g,0.9 g,9.2 g,1.1 g,171 mg,64 mg,0.6 mg,,,,,,,1.3 g,0 mcg,,"7,347 mcg",0.02 mg,20 mg
208,DR028,"Daun jambu mete muda, segar (Cashew Leaf, young, fresh)",Sayuran,Mentah (Raw),78.0 g,78 Kal,4.6 g,0.5 g,16.2 g,0.7 g,33 mg,64 mg,8.9 mg,14 mg,670.5 mg,,,1.12 mg,1.1 mg,3.0 g,,"4,484 mcg","2,689 mcg",0.02 mg,65 mg
209,DR029,"Daun jampang, segar",Sayuran,Mentah (Raw),88.9 g,34 Kal,3.8 g,0.5 g,5.3 g,1.5 g,21 mg,245 mg,1.0 mg,,,,,,,1.4 g,0 mcg,,"4,357 mcg",0.03 mg,3 mg
210,DR030,"Daun jawaw seluang, segar",Sayuran,Mentah (Raw),77.2 g,93 Kal,5.0 g,1.3 g,15.3 g,1.2 g,146 mg,103 mg,5.3 mg,2 mg,434.0 mg,0.50 mg,1.5 mg,0.70 mg,,3.9 g,,,,0.10 mg,9 mg
211,DR031,"Daun jonghe, segar (Sow thistle, fresh)",Sayuran,Mentah (Raw),91.4 g,27 Kal,2.1 g,0.7 g,4.4 g,1.4 g,253 mg,192 mg,9.5 mg,,,,,,,2.0 g,0 mcg,,"5,057 mcg",0.01 mg,1 mg
212,DR032,"Daun kacang ma, segar",Sayuran,Mentah (Raw),89.1 g,36 Kal,2.9 g,0.6 g,6.8 g,0.6 g,64 mg,220 mg,2.2 mg,7 mg,485.3 mg,0.20 mg,0.3 mg,0.18 mg,1.2 mg,1.8 g,,"2,893 mcg","4,377 mcg",0.04 mg,4 mg
213,DP004,"Daun kacang panjang, kukus",Sayuran,Olahan (Processed),87.2 g,40 Kal,3.7 g,0.3 g,8.0 g,0.8 g,111 mg,66 mg,3.7 mg,6 mg,419.5 mg,0.20 mg,0.3 mg,0.20 mg,0.9 mg,1.8 g,0 mcg,"2,645 mcg","5,781 mcg",0.15 mg,11 mg
214,DR033,"Daun kacang panjang, segar (Yard-long bean, leaf, fresh)",Sayuran,Mentah (Raw),89.7 g,30 Kal,3.1 g,0.3 g,5.8 g,1.1 g,200 mg,66 mg,4.5 mg,7 mg,458.6 mg,0.20 mg,0.3 mg,0.20 mg,1.1 mg,1.7 g,0 mcg,"2,734 mcg","4,592 mcg",0.33 mg,30 mg
215,DR034,"Daun kasbi/singkong karet, segar (Ceara rubber tree,fresh)",Sayuran,Mentah (Raw),80.3 g,92 Kal,4.0 g,3.6 g,10.9 g,1.2 g,140 mg,70 mg,1.6 mg,70 mg,90.0 mg,0.30 mg,1.1 mg,0.20 mg,0.1 mg,5.8 g,,"9,999 mcg",,0.10 mg,74 mg
216,DP005,"Daun katuk, rebus",Sayuran,Olahan (Processed),83.3 g,53 Kal,5.3 g,0.9 g,9.1 g,1.4 g,185 mg,102 mg,3.1 mg,16 mg,291.3 mg,0.30 mg,1.3 mg,0.30 mg,2.2 mg,1.2 g,0 mcg,"11,131 mcg","9,000 mcg",0.00 mg,66 mg
217,DR035,"Daun katuk, segar (Star goose berry, leaf, fresh)",Sayuran,Mentah (Raw),81.0 g,59 Kal,6.4 g,1.0 g,9.9 g,1.7 g,233 mg,98 mg,3.5 mg,21 mg,478.8 mg,0.30 mg,1.3 mg,0.31 mg,2.3 mg,1.5 g,,"9,152 mcg","10,020 mcg",0.00 mg,164 mg
218,DR036,"Daun kecipir, segar (Winged bean, leaf, fresh)",Sayuran,Mentah (Raw),85.0 g,52 Kal,5.0 g,0.5 g,8.5 g,1.0 g,134 mg,81 mg,6.2 mg,6 mg,114.0 mg,0.30 mg,0.8 mg,0.40 mg,2.2 mg,,,"3,981 mcg","5,240 mcg",0.28 mg,29 mg
219,DR037,"Daun kedondong, segar (Ambarella, leaf, fresh)",Sayuran,Mentah (Raw),81.0 g,59 Kal,3.5 g,0.3 g,13.4 g,1.8 g,540 mg,82 mg,6.2 mg,12 mg,579.0 mg,,,0.20 mg,1.5 mg,10.7 g,,"1,624 mcg","2,900 mcg",0.06 mg,29 mg
220,DP006,"Daun kelor, rebus",Sayuran,Olahan (Processed),80.3 g,61 Kal,6.1 g,0.9 g,10.0 g,2.6 g,255 mg,36 mg,2.1 mg,45 mg,181.2 mg,0.10 mg,0.6 mg,0.10 mg,4.0 mg,0.9 g,,"3,972 mcg","6,071 mcg",0.10 mg,13 mg
221,DR038,"Daun kelor, segar (Drumstick tree, leaf, fresh)",Sayuran,Mentah (Raw),75.5 g,92 Kal,5.1 g,1.6 g,14.3 g,3.5 g,"1,077 mg",76 mg,6.0 mg,61 mg,298.0 mg,0.10 mg,0.6 mg,0.10 mg,4.2 mg,8.2 g,,"3,266 mcg",,0.30 mg,22 mg
222,DR039,"Daun kemang, segar (Kemang, leaf, fresh)",Sayuran,Mentah (Raw),85.0 g,43 Kal,5.5 g,0.3 g,7.5 g,1.7 g,35 mg,106 mg,1.0 mg,10 mg,457.1 mg,,,0.10 mg,1.2 mg,8.4 g,,"1,282 mcg","1,017 mcg",0.06 mg,30 mg
223,DR040,"Daun kenikir, segar (Cosmos, leaf, fresh)",Sayuran,Mentah (Raw),87.6 g,45 Kal,3.7 g,0.5 g,6.6 g,1.7 g,328 mg,65 mg,2.7 mg,6 mg,431.0 mg,0.10 mg,0.6 mg,0.30 mg,4.5 mg,5.8 g,,"30,200 mcg",12 mcg,0.50 mg,0 mg
224,DR041,"Daun kesum, segar (Garlic, leaf, fresh)",Sayuran,Mentah (Raw),84.8 g,48 Kal,4.5 g,0.8 g,9.1 g,0.8 g,125 mg,142 mg,2.6 mg,11 mg,174.7 mg,0.40 mg,1.2 mg,0.10 mg,1.6 mg,1.6 g,0 mcg,"4,216 mcg","8,715 mcg",0.01 mg,4 mg
225,DR042,"Daun kol sawi, segar (Indian mustard, fresh)",Sayuran,Mentah (Raw),93.1 g,22 Kal,2.1 g,0.5 g,3.6 g,0.7 g,200 mg,92 mg,3.2 mg,19 mg,386.2 mg,0.10 mg,0.2 mg,0.20 mg,0.6 mg,0.9 g,0 mcg,"1,806 mcg","2,177 mcg",0.03 mg,3 mg
226,DR043,"Daun koro, segar",Sayuran,Mentah (Raw),91.0 g,23 Kal,3.0 g,0.3 g,3.7 g,2.0 g,134 mg,81 mg,6.2 mg,4 mg,68.4 mg,0.20 mg,0.5 mg,0.20 mg,1.3 mg,,,"2,386 mcg","5,240 mcg",0.28 mg,29 mg
227,DR044,"Daun kubis, segar (Cabbage, fresh)",Sayuran,Mentah (Raw),86.2 g,51 Kal,2.5 g,1.1 g,8.0 g,2.2 g,100 mg,50 mg,3.4 mg,50 mg,100.0 mg,0.90 mg,0.6 mg,0.10 mg,0.2 mg,3.4 g,,"9,999 mcg",,0.40 mg,16 mg
228,DR045,"Daun kumak, segar (hyacinthbean, leaf, fresh)",Sayuran,Mentah (Raw),95.2 g,14 Kal,1.3 g,0.3 g,2.3 g,0.9 g,90 mg,59 mg,2.7 mg,2 mg,36.5 mg,0.10 mg,0.3 mg,0.00 mg,0.5 mg,0.9 g,,"1,274 mcg","2,961 mcg",0.01 mg,3 mg
229,DR046,"Daun labu siam, segar (Chayote, fresh)",Sayuran,Mentah (Raw),89.7 g,34 Kal,4.0 g,0.4 g,4.7 g,1.2 g,58 mg,70 mg,2.5 mg,16 mg,630.7 mg,0.20 mg,0.3 mg,0.40 mg,1.7 mg,3.5 g,,"4,773 mcg","2,025 mcg",0.08 mg,16 mg
230,DR047,"Daun labu waluh/kuning, segar (Pumkin, fresh)",Sayuran,Mentah (Raw),89.7 g,34 Kal,3.6 g,0.6 g,4.5 g,1.6 g,138 mg,99 mg,3.7 mg,16 mg,630.7 mg,0.20 mg,0.3 mg,0.20 mg,1.3 mg,2.9 g,,"1,258 mcg","2,750 mcg",0.14 mg,36 mg
231,DR048,"Daun lamtoro, segar (Leucaena, leaf, fresh)",Sayuran,Mentah (Raw),74.0 g,87 Kal,8.3 g,1.8 g,14.4 g,1.5 g,725 mg,174 mg,3.9 mg,10 mg,197.7 mg,0.50 mg,1.4 mg,0.10 mg,2.3 mg,3.3 g,0 mcg,"6,900 mcg","13,040 mcg",0.00 mg,32 mg
232,DR049,"Daun leilem, segar",Sayuran,Mentah (Raw),79.4 g,76 Kal,2.8 g,0.2 g,15.8 g,1.8 g,296 mg,22 mg,3.4 mg,6 mg,46.0 mg,0.50 mg,1.1 mg,0.10 mg,2.5 mg,3.1 g,,753 mcg,,0.30 mg,22 mg
233,DR050,"Daun leunca, segar (Glossy nightshde, fresh)",Sayuran,Mentah (Raw),85.0 g,49 Kal,4.7 g,0.5 g,8.1 g,1.7 g,210 mg,80 mg,6.1 mg,,,,,,,,,,"1,900 mcg",0.14 mg,40 mg
234,DR051,"Daun lobak, segar (Radish, leaf, fresh)",Sayuran,Mentah (Raw),90.0 g,30 Kal,2.3 g,0.4 g,5.8 g,1.4 g,140 mg,33 mg,3.7 mg,16 mg,747.4 mg,0.20 mg,0.2 mg,1.10 mg,6.5 mg,3.2 g,,"5,039 mcg","1,000 mcg",0.07 mg,109 mg
235,DR052,"Daun lompong talas, segar (Taro, leaf, fresh)",Sayuran,Mentah (Raw),87.2 g,44 Kal,3.0 g,0.8 g,7.4 g,1.6 g,76 mg,59 mg,1.0 mg,3 mg,578.4 mg,0.20 mg,0.4 mg,0.40 mg,1.4 mg,3.3 g,,"2,584 mcg","2,000 mcg",0.08 mg,31 mg
236,DR053,"Daun mangkokan, segar",Sayuran,Mentah (Raw),82.0 g,57 Kal,3.7 g,0.3 g,11.8 g,2.2 g,474 mg,49 mg,4.0 mg,,,,,,,,,,"5,450 mcg",0.06 mg,83 mg
237,DR054,"Daun matel ambon, segar",Sayuran,Mentah (Raw),77.1 g,71 Kal,6.8 g,1.6 g,11.5 g,3.0 g,93 mg,95 mg,10.2 mg,,,,,,,4.6 g,0 mcg,,49 mcg,0.08 mg,26 mg
238,DR055,"Daun melinjo, segar (Spanish joint fir, leaf, fresh)",Sayuran,Mentah (Raw),70.8 g,104 Kal,5.0 g,1.3 g,21.3 g,1.6 g,219 mg,82 mg,4.2 mg,12 mg,604.8 mg,0.40 mg,0.6 mg,,,10.3 g,,823 mcg,"10,000 mcg",0.09 mg,182 mg
239,DP007,"Daun mengkudu, kukus",Sayuran,Olahan (Processed),81.6 g,63 Kal,3.8 g,1.5 g,11.5 g,1.6 g,300 mg,43 mg,6.0 mg,,,,,0.10 mg,5.2 mg,2.4 g,,2 mcg,"4,900 mcg",0.08 mg,11 mg
240,DR056,"Daun mengkudu, segar (Noni, leaf, fresh)",Sayuran,Mentah (Raw),80.9 g,65 Kal,4.0 g,1.7 g,11.4 g,2.0 g,296 mg,40 mg,6.9 mg,,,,,0.10 mg,5.7 mg,3.9 g,0 mcg,2 mcg,"4,958 mcg",0.01 mg,35 mg
241,DR057,"Daun ndusuk, segar",Sayuran,Mentah (Raw),56.0 g,166 Kal,1.7 g,0.5 g,38.8 g,3.0 g,40 mg,20 mg,1.8 mg,40 mg,310.0 mg,0.20 mg,0.7 mg,0.10 mg,0.1 mg,10.7 g,,"14,457 mcg",,0.40 mg,30 mg
242,DR058,"Daun oyong, segar (Angled loofah, leaf, fresh)",Sayuran,Mentah (Raw),93.0 g,22 Kal,1.0 g,0.1 g,5.3 g,0.6 g,21 mg,44 mg,2.0 mg,40 mg,295.5 mg,0.10 mg,0.2 mg,0.10 mg,0.8 mg,2.0 g,,855 mcg,"1,000 mcg",0.08 mg,150 mg
243,DR060,"Daun pakis longgiho, segar (Fern,longiho, leaf, fresh)",Sayuran,Mentah (Raw),89.5 g,54 Kal,2.2 g,3.6 g,3.1 g,1.6 g,40 mg,80 mg,0.7 mg,70 mg,500.0 mg,0.40 mg,0.1 mg,0.30 mg,0.2 mg,2.1 g,,168 mcg,,0.40 mg,8 mg
244,DR061,"Daun pakis wambateu, segar (Fern, wambateu, leaf fresh)",Sayuran,Mentah (Raw),86.9 g,53 Kal,3.4 g,1.2 g,7.2 g,1.3 g,30 mg,100 mg,0.3 mg,20 mg,200.0 mg,0.20 mg,0.3 mg,0.20 mg,0.3 mg,4.8 g,,191 mcg,,0.70 mg,6 mg
245,DR059,"Daun pakis, segar (Fern, leaf, fresh)",Sayuran,Mentah (Raw),86.8 g,39 Kal,4.5 g,0.4 g,6.9 g,1.4 g,136 mg,159 mg,2.3 mg,20 mg,201.9 mg,0.20 mg,0.3 mg,0.10 mg,0.5 mg,2.0 g,0 mcg,"1,625 mcg","3,292 mcg",0.02 mg,3 mg
246,DR062,"Daun paku, segar (Fern, paku, leaf fresh)",Sayuran,Mentah (Raw),88.8 g,29 Kal,3.4 g,0.1 g,6.5 g,1.2 g,13 mg,88 mg,1.3 mg,19 mg,434.0 mg,0.50 mg,0.7 mg,0.10 mg,11.7 mg,4.3 g,,18 mcg,,0.20 mg,10 mg
247,DR063,"Daun pangi,segar (Kepayang (Malay), leaf, fresh)",Sayuran,Mentah (Raw),76.1 g,104 Kal,3.9 g,0.6 g,17.9 g,1.5 g,256 mg,22 mg,1.8 mg,4 mg,266.0 mg,1.70 mg,0.5 mg,0.10 mg,0.1 mg,8.3 g,,55 mcg,,0.40 mg,23 mg
248,DR064,"Daun pare, segar (Bitter guard, leaf, fresh)",Sayuran,Mentah (Raw),87.3 g,49 Kal,2.7 g,1.0 g,8.4 g,1.6 g,217 mg,70 mg,3.3 mg,7 mg,498.0 mg,0.40 mg,1.2 mg,0.20 mg,0.6 mg,3.0 g,,"1,800 mcg",,0.40 mg,7 mg
249,DR065,"Daun pepaya, segar (Papaya, leaf, fresh)",Sayuran,Mentah (Raw),75.4 g,87 Kal,8.0 g,2.0 g,11.9 g,2.7 g,353 mg,63 mg,0.8 mg,4 mg,926.6 mg,0.20 mg,1.5 mg,0.50 mg,1.9 mg,1.5 g,,"5,409 mcg","18,250 mcg",0.15 mg,140 mg
250,DR066,"Daun pohpohan, segar (Pilea, leaf, fresh)",Sayuran,Mentah (Raw),87.4 g,37 Kal,2.5 g,0.8 g,6.9 g,2.4 g,744 mg,80 mg,5.9 mg,,,,,,,2.6 g,0 mcg,,"7,378 mcg",0.03 mg,5 mg
251,NR017,"Daun salam,  bubuk (Bay-leaf)",Bumbu,Mentah (Raw),13.1 g,301 Kal,14.2 g,10.9 g,49.0 g,12.8 g,86 mg,250 mg,44.1 mg,180 mg,619.0 mg,1.31 mg,0.7 mg,0.32 mg,5.0 mg,9.4 g,0 mcg,"5,400 mcg",,0.10 mg,0 mg
252,DR067,"Daun selasih, segar (Hoary basil, leaf, fresh)",Sayuran,Mentah (Raw),83.1 g,62 Kal,4.0 g,0.5 g,10.5 g,1.9 g,122 mg,16 mg,13.9 mg,3 mg,259.0 mg,0.40 mg,0.7 mg,0.10 mg,0.2 mg,5.3 g,0 mcg,"4,112 mcg",,0.50 mg,24 mg
253,DR068,"Daun semanggi, segar",Sayuran,Mentah (Raw),84.7 g,45 Kal,4.4 g,0.5 g,8.5 g,1.9 g,98 mg,90 mg,7.0 mg,64 mg,520.7 mg,0.50 mg,0.3 mg,0.50 mg,0.7 mg,1.9 g,0 mcg,64 mcg,"3,365 mcg",0.01 mg,6 mg
254,DR069,"Daun simpur, segar",Sayuran,Mentah (Raw),86.2 g,53 Kal,3.2 g,2.5 g,7.6 g,0.9 g,228 mg,194 mg,3.5 mg,,,,,,,1.6 g,0 mcg,,"3,346 mcg",0.02 mg,5 mg
255,DR070,"Daun singkil, segar",Sayuran,Mentah (Raw),80.9 g,68 Kal,2.0 g,1.0 g,15.2 g,0.9 g,178 mg,86 mg,2.1 mg,,,,,,,3.3 g,,,"6,042 mcg",0.02 mg,3 mg
256,DR072,"Daun singkong ambon, segar (Casava, ambon, leaf, fresh)",Sayuran,Mentah (Raw),58.0 g,144 Kal,12.7 g,1.2 g,25.2 g,2.9 g,165 mg,54 mg,3.9 mg,44 mg,62.2 mg,0.20 mg,5.4 mg,1.00 mg,4.2 mg,10.2 g,,"8,627 mcg","13,000 mcg",0.21 mg,220 mg
257,DR073,"Daun singkong ampenan, segar (Casava, ampenan, leaf, fresh)",Sayuran,Mentah (Raw),84.4 g,50 Kal,6.2 g,1.1 g,7.1 g,1.2 g,352 mg,123 mg,2.7 mg,49 mg,570.0 mg,0.20 mg,1.3 mg,0.10 mg,1.6 mg,2.4 g,,"7,917 mcg",,0.50 mg,103 mg
258,DR074,"Daun singkong kopang, segar (Casava, kopang, leaf, fresh)",Sayuran,Mentah (Raw),81.1 g,74 Kal,6.3 g,0.7 g,10.7 g,1.2 g,142 mg,115 mg,1.7 mg,32 mg,382.0 mg,0.20 mg,1.5 mg,0.50 mg,1.9 mg,4.6 g,,"3,882 mcg",,0.50 mg,211 mg
259,DP008,"Daun singkong, rebus",Sayuran,Olahan (Processed),90.5 g,31 Kal,3.7 g,0.6 g,4.8 g,0.4 g,160 mg,50 mg,2.6 mg,13 mg,14.0 mg,0.10 mg,2.0 mg,0.10 mg,1.7 mg,1.6 g,,"3,897 mcg","4,150 mcg",0.02 mg,34 mg
260,DR071,"Daun singkong, segar (Casava, leaf, fresh)",Sayuran,Mentah (Raw),84.4 g,50 Kal,6.2 g,1.1 g,7.1 g,1.2 g,166 mg,99 mg,1.3 mg,17 mg,23.1 mg,0.10 mg,2.0 mg,0.10 mg,1.8 mg,2.4 g,0 mcg,"3,204 mcg","7,052 mcg",0.04 mg,103 mg
261,DR075,"Daun sintrong, segar",Sayuran,Mentah (Raw),88.5 g,36 Kal,2.6 g,0.9 g,6.1 g,1.9 g,398 mg,95 mg,9.3 mg,64 mg,444.4 mg,0.10 mg,0.4 mg,0.20 mg,0.9 mg,1.7 g,0 mcg,"10,178 mcg","8,868 mcg",0.03 mg,3 mg
262,DP009,"Daun talas, rebus",Sayuran,Olahan (Processed),91.6 g,27 Kal,1.3 g,0.2 g,5.9 g,1.0 g,119 mg,41 mg,1.4 mg,3 mg,519.4 mg,0.50 mg,0.5 mg,0.60 mg,1.9 mg,1.6 g,0 mcg,"4,641 mcg","2,682 mcg",0.00 mg,7 mg
263,DR076,"Daun talas, segar (Taro, leaf, fresh)",Sayuran,Mentah (Raw),81.1 g,59 Kal,3.0 g,0.4 g,13.5 g,2.0 g,236 mg,50 mg,2.4 mg,4 mg,854.1 mg,0.40 mg,0.5 mg,0.60 mg,2.0 mg,3.0 g,0 mcg,"3,816 mcg","5,740 mcg",0.07 mg,24 mg
264,DR077,"Daun tespong, segar (Water dropwort, fresh)",Sayuran,Mentah (Raw),81.0 g,70 Kal,2.9 g,0.3 g,13.9 g,1.9 g,155 mg,65 mg,2.5 mg,72 mg,,0.15 mg,0.9 mg,0.70 mg,1.4 mg,2.3 g,,171 mcg,"2,500 mcg",0.05 mg,21 mg
265,DR078,"Daun ubi kuning, segar (Sweet potato, yeallowish, leaf, fresh)",Sayuran,Mentah (Raw),83.5 g,62 Kal,3.7 g,0.3 g,11.1 g,1.4 g,170 mg,40 mg,0.6 mg,10 mg,0.0 mg,0.20 mg,0.5 mg,0.30 mg,1.2 mg,6.4 g,,"3,564 mcg",,0.30 mg,4 mg
266,DP010,"Daun ubi merah, kukus",Sayuran,Olahan (Processed),82.5 g,56 Kal,3.1 g,0.3 g,13.0 g,1.1 g,78 mg,52 mg,4.3 mg,28 mg,472.8 mg,0.10 mg,0.4 mg,0.20 mg,1.1 mg,1.5 g,,"5,277 mcg","5,397 mcg",0.00 mg,14 mg
267,DR079,"Daun ubi merah, segar (Sweet potato, redish, leaf, freah)",Sayuran,Mentah (Raw),84.4 g,48 Kal,3.0 g,0.3 g,10.8 g,1.5 g,80 mg,81 mg,6.4 mg,33 mg,517.3 mg,0.00 mg,0.4 mg,0.20 mg,1.2 mg,1.4 g,0 mcg,"5,453 mcg","4,697 mcg",0.10 mg,27 mg
268,DR080,"Daun ubi putih, segar (Sweet potato, whitish, leaf, fresh)",Sayuran,Mentah (Raw),87.5 g,46 Kal,2.8 g,0.2 g,8.2 g,1.3 g,120 mg,50 mg,0.8 mg,10 mg,0.0 mg,0.20 mg,0.5 mg,0.30 mg,0.9 mg,4.8 g,,103 mcg,,0.30 mg,8 mg
269,DR081,"Daun ubi tinta, segar (Sweet potato, purpleish, leaf, fresh)",Sayuran,Mentah (Raw),85.1 g,55 Kal,1.7 g,0.1 g,11.9 g,1.2 g,120 mg,40 mg,0.6 mg,10 mg,0.0 mg,0.20 mg,0.5 mg,0.00 mg,0.0 mg,7.6 g,,516 mcg,,0.20 mg,7 mg
270,GP059,"Dendeng belut, goreng, masakan",Ikan/Kerang/Udang dll,Olahan (Processed),8.2 g,382 Kal,55.7 g,14.1 g,8.0 g,14.0 g,"1,069 mg",654 mg,15.4 mg,,,,,,,0.0 g,28 mcg,,"1,480 mcg",0.48 mg,0 mg
271,GP060,"Dendeng mujahir, goreng, masakan",Ikan/Kerang/Udang dll,Olahan (Processed),6.5 g,598 Kal,74.3 g,26.9 g,9.2 g,13.1 g,"1,957 mg","1,447 mg",7.4 mg,,,,,,,0.0 g,18 mcg,,25 mcg,0.19 mg,0 mg
272,FP045,"Djibokum, masakan",Daging,Olahan (Processed),43.4 g,248 Kal,10.0 g,2.3 g,40.9 g,3.4 g,116 mg,110 mg,2.8 mg,401 mg,,,,,,0.1 g,52 mcg,,"1,920 mcg",0.75 mg,0 mg
273,AP043,Dodol bali,Serealia,Olahan (Processed),26.5 g,298 Kal,3.7 g,2.1 g,65.9 g,1.8 g,70 mg,76 mg,2.5 mg,,,,,,2.5 mg,0.4 g,0 mcg,0 mcg,496 mcg,0.28 mg,0 mg
274,CP023,Dodol banjarmasin,Kacang-Kacangan,Olahan (Processed),17.3 g,368 Kal,2.6 g,8.6 g,70.0 g,1.5 g,51 mg,180 mg,3.3 mg,48 mg,96.0 mg,0.40 mg,2.6 mg,0.07 mg,2.3 mg,0.5 g,0 mcg,0 mcg,0 mcg,0.04 mg,0 mg
275,AP044,Dodol galamai,Serealia,Olahan (Processed),16.5 g,348 Kal,0.4 g,3.8 g,76.1 g,1.2 g,41 mg,144 mg,2.6 mg,38 mg,76.0 mg,0.30 mg,2.1 mg,0.06 mg,1.8 mg,0.5 g,0 mcg,0 mcg,0 mcg,0.03 mg,0 mg
276,AP045,Dodol kedondong,Serealia,Olahan (Processed),26.4 g,331 Kal,1.9 g,7.6 g,63.8 g,0.4 g,90 mg,55 mg,2.3 mg,,,,,,0.8 mg,1.0 g,0 mcg,,408 mcg,0.11 mg,5 mg
277,AP046,Dodol manado,Serealia,Olahan (Processed),26.1 g,373 Kal,4.3 g,16.5 g,51.9 g,1.2 g,41 mg,142 mg,2.4 mg,35 mg,72.0 mg,0.30 mg,2.1 mg,0.06 mg,2.1 mg,0.4 g,0 mcg,0 mcg,0 mcg,0.04 mg,0 mg
278,EP002,Dodol nanas,Buah,Olahan (Processed),16.1 g,338 Kal,1.5 g,1.2 g,80.3 g,0.9 g,,,,,,,,,,,,,,0.30 mg,8 mg
279,FR016,"Domba, daging, gemuk, segar (Lamb, meat, high fat, fresh)",Daging,Mentah (Raw),55.8 g,317 Kal,15.7 g,27.7 g,0.0 g,0.8 g,9 mg,157 mg,2.4 mg,64 mg,242.1 mg,0.11 mg,3.7 mg,0.23 mg,6.5 mg,0.0 g,0 mcg,0 mcg,,0.14 mg,0 mg
280,FR017,"Domba, daging, kurus,  segar (Lamb, meat, low fat, fresh)",Daging,Mentah (Raw),66.3 g,202 Kal,17.1 g,14.8 g,0.0 g,1.8 g,10 mg,191 mg,2.6 mg,90 mg,355.0 mg,0.08 mg,2.8 mg,0.26 mg,5.7 mg,0.0 g,0 mcg,0 mcg,,0.15 mg,0 mg
281,FR018,"Domba, ginjal, segar (Kidney, lamb, fresh)",Daging,Mentah (Raw),77.8 g,100 Kal,16.6 g,3.3 g,1.0 g,1.3 g,13 mg,237 mg,9.2 mg,155 mg,276.0 mg,0.48 mg,2.4 mg,2.35 mg,7.5 mg,0.0 g,348 mcg,515 mcg,,0.51 mg,13 mg
282,ER022,"Duku, segar",Buah,Mentah (Raw),82.0 g,63 Kal,1.0 g,0.2 g,16.1 g,0.7 g,18 mg,9 mg,0.9 mg,2 mg,149.0 mg,0.09 mg,0.2 mg,0.15 mg,1.5 mg,4.3 g,,0 mcg,0 mcg,0.05 mg,9 mg
283,ER023,"Durian, segar (Durian, fresh)",Buah,Mentah (Raw),65.0 g,134 Kal,2.5 g,3.0 g,28.0 g,8.0 g,7 mg,44 mg,1.3 mg,1 mg,601.0 mg,0.12 mg,0.3 mg,0.19 mg,136.5 mg,3.5 g,,146 mcg,175 mcg,0.10 mg,53 mg
284,ER024,"Duwet, segar (Jambolan, fresh)",Buah,Mentah (Raw),80.2 g,80 Kal,0.5 g,0.6 g,18.2 g,0.5 g,33 mg,138 mg,1.3 mg,16 mg,92.7 mg,191.28 mg,0.3 mg,0.01 mg,2.5 mg,0.9 g,0 mcg,329 mcg,0 mcg,0.02 mg,130 mg
285,DR082,"Eceng, segar",Sayuran,Mentah (Raw),93.0 g,19 Kal,1.0 g,0.2 g,3.8 g,2.0 g,80 mg,45 mg,3.7 mg,45 mg,634.1 mg,,,0.10 mg,0.7 mg,1.8 g,,7 mcg,"1,000 mcg",0.08 mg,50 mg
286,ER025,"Embacang, segar (Kuwini, fresh)",Buah,Mentah (Raw),72.5 g,98 Kal,1.4 g,0.2 g,25.4 g,0.5 g,21 mg,15 mg,0.5 mg,3 mg,250.9 mg,0.13 mg,0.1 mg,0.09 mg,0.7 mg,1.9 g,,"2,533 mcg","1,218 mcg",0.03 mg,56 mg
287,FP046,"Empal (daging) Goreng, masakan",Daging,Olahan (Processed),43.9 g,248 Kal,36.2 g,6.9 g,10.1 g,2.0 g,131 mg,235 mg,6.4 mg,848 mg,,,,,,,112 mcg,,620 mcg,0.55 mg,0 mg
288,CP024,Emping (kerupuk melinjo),Kacang-Kacangan,Olahan (Processed),13.0 g,345 Kal,12.0 g,1.5 g,71.5 g,28.0 g,100 mg,400 mg,5.0 mg,,,,,,,,,,,0.20 mg,0 mg
289,AP047,Emping beras,Serealia,Olahan (Processed),13.6 g,403 Kal,10.6 g,2.2 g,85.3 g,1.9 g,11 mg,240 mg,0.3 mg,1 mg,113.0 mg,0.30 mg,2.4 mg,0.16 mg,,0.2 g,,,0 mcg,0.00 mg,0 mg
290,CP025,Emping komak,Kacang-Kacangan,Olahan (Processed),14.2 g,355 Kal,17.8 g,4.6 g,60.7 g,2.7 g,87 mg,304 mg,4.3 mg,24 mg,"1,233.0 mg",1.00 mg,2.3 mg,,0.6 mg,,,0 mcg,,,
291,ER026,"Encung asam, segar (Tamarillo, fresh)",Buah,Mentah (Raw),73.0 g,122 Kal,3.5 g,4.5 g,17.5 g,1.5 g,63 mg,69 mg,3.2 mg,,,,,,,9.3 g,0 mcg,,"2,357 mcg",0.02 mg,0 mg
292,CP026,Enting-enting gepuk hello kity,Kacang-Kacangan,Olahan (Processed),2.4 g,538 Kal,13.6 g,30.3 g,52.6 g,1.0 g,81 mg,248 mg,1.6 mg,,,,,,,0.2 g,0 mcg,,202 mcg,1.00 mg,0 mg
293,CP027,Enting-enting gepuk kacang tanah,Kacang-Kacangan,Olahan (Processed),4.2 g,524 Kal,13.3 g,29.2 g,52.0 g,1.4 g,76 mg,248 mg,1.4 mg,,,,,,,0.2 g,0 mcg,,272 mcg,0.62 mg,0 mg
294,CP028,Enting-enting wijen,Kacang-Kacangan,Olahan (Processed),3.7 g,565 Kal,18.2 g,38.4 g,36.8 g,3.0 g,251 mg,502 mg,10.9 mg,,,,,,,1.9 g,0 mcg,,240 mcg,0.92 mg,0 mg
295,ER027,"Erbis, segar (Passion-fruit (granadilla), fresh)",Buah,Mentah (Raw),80.0 g,70 Kal,0.6 g,0.0 g,18.9 g,0.5 g,11 mg,50 mg,1.1 mg,21 mg,257.1 mg,0.06 mg,0.1 mg,0.10 mg,1.1 mg,7.7 g,,549 mcg,10 mcg,0.00 mg,16 mg
296,JP001,Es krim,Susu,Olahan (Processed),62.1 g,210 Kal,4.0 g,12.5 g,20.6 g,0.8 g,123 mg,99 mg,0.1 mg,78 mg,193.4 mg,0.00 mg,0.7 mg,0.23 mg,0.1 mg,0.0 g,158 mcg,0 mcg,,0.04 mg,1 mg
297,GP061,Fillet o-fish,Ikan/Kerang/Udang dll,Olahan (Processed),51.0 g,270 Kal,12.3 g,15.9 g,19.3 g,1.5 g,239 mg,272 mg,1.8 mg,439 mg,,,,,,0.2 g,34 mcg,,580 mcg,0.59 mg,0 mg
298,BR007,"Gadeng/Gadung, kering (Asiatic bitter yam, fresh)",Umbi Berpati,Mentah (Raw),20.2 g,322 Kal,2.4 g,0.6 g,76.6 g,0.2 g,39 mg,22 mg,2.2 mg,5 mg,2.0 mg,0.50 mg,0.2 mg,0.02 mg,1.0 mg,,0 mcg,0 mcg,0 mcg,0.45 mg,0 mg
299,DP031,Gado-gado,Sayuran,Olahan (Processed),68.5 g,137 Kal,6.1 g,3.2 g,21.0 g,1.5 g,301 mg,135 mg,7.5 mg,,,,,,,1.1 g,3 mcg,,"5,929 mcg",0.10 mg,1 mg
300,BP006,"Gadung, ubi, kukus",Umbi Berpati,Olahan (Processed),77.4 g,88 Kal,0.6 g,0.3 g,20.9 g,0.8 g,26 mg,47 mg,0.4 mg,6 mg,584.0 mg,0.20 mg,0.2 mg,0.00 mg,0.4 mg,0.9 g,0 mcg,0 mcg,0 mcg,0.03 mg,0 mg
301,BR008,"Gadung, ubi, segar (Asiatic bitter yam, fresh)",Umbi Berpati,Mentah (Raw),74.4 g,100 Kal,0.9 g,0.3 g,23.5 g,0.9 g,79 mg,66 mg,0.9 mg,8 mg,687.2 mg,0.20 mg,0.2 mg,0.00 mg,0.5 mg,2.1 g,0 mcg,0 mcg,0 mcg,0.23 mg,2 mg
302,DR083,"Gambas (oyong), segar (Angled loofah, fresh)",Sayuran,Mentah (Raw),94.5 g,19 Kal,0.8 g,0.2 g,4.1 g,0.4 g,19 mg,33 mg,0.9 mg,23 mg,109.1 mg,0.00 mg,0.1 mg,0.00 mg,0.4 mg,1.3 g,,17 mcg,380 mcg,0.03 mg,8 mg
303,ER028,Gandaria masak (Kundang),Buah,Mentah (Raw),80.8 g,68 Kal,0.7 g,0.1 g,18.0 g,0.4 g,9 mg,20 mg,1.0 mg,3 mg,129.0 mg,,,0.07 mg,0.7 mg,2.2 g,,329 mcg,"1,020 mcg",0.03 mg,111 mg
304,BP007,"Ganyong, rebus",Umbi Berpati,Olahan (Processed),74.1 g,100 Kal,0.8 g,0.2 g,23.8 g,1.1 g,15 mg,65 mg,0.9 mg,,,,,,,0.9 g,0 mcg,0 mcg,0 mcg,0.04 mg,6 mg
305,BR009,"Ganyong, segar (Canna, fresh)",Umbi Berpati,Mentah (Raw),79.9 g,77 Kal,0.6 g,0.2 g,18.4 g,0.9 g,15 mg,67 mg,1.0 mg,,,,,,,0.8 g,0 mcg,0 mcg,0 mcg,0.10 mg,9 mg
306,ER029,"Gatep, segar (Chestnut, fresh)",Buah,Mentah (Raw),52.7 g,191 Kal,4.5 g,1.5 g,39.7 g,1.6 g,186 mg,69 mg,3.2 mg,17 mg,403.3 mg,0.69 mg,1.3 mg,0.20 mg,1.8 mg,13.4 g,,51 mcg,,0.05 mg,
307,BP026,Gatot,Umbi Berpati,Olahan (Processed),12.8 g,347 Kal,1.3 g,0.7 g,83.8 g,1.4 g,78 mg,44 mg,17.1 mg,28 mg,242.0 mg,0.20 mg,0.7 mg,0.10 mg,0.4 mg,5.8 g,,0 mcg,0 mcg,0.02 mg,0 mg
308,BP027,Geblek,Umbi Berpati,Olahan (Processed),52.1 g,195 Kal,0.4 g,1.7 g,44.4 g,1.4 g,35 mg,13 mg,0.6 mg,353 mg,125.0 mg,0.30 mg,0.3 mg,0.00 mg,0.1 mg,3.6 g,,0 mcg,0 mcg,0.02 mg,0 mg
309,BR010,"Gembili, ubi, segar (Lesser yam, fresh)",Umbi Berpati,Mentah (Raw),66.4 g,131 Kal,1.1 g,0.2 g,31.3 g,1.0 g,14 mg,56 mg,0.6 mg,10 mg,200.0 mg,0.20 mg,0.3 mg,0.00 mg,0.9 mg,1.1 g,0 mcg,0 mcg,0 mcg,0.08 mg,4 mg
310,AP048,Gemblong,Serealia,Olahan (Processed),36.2 g,274 Kal,1.7 g,5.4 g,55.5 g,1.2 g,69 mg,55 mg,3.3 mg,,,,,,,2.2 g,0 mcg,0 mcg,0 mcg,0.00 mg,0 mg
311,AP049,Gendar goreng,Serealia,Olahan (Processed),30.4 g,407 Kal,6.4 g,28.2 g,32.0 g,3.0 g,216 mg,62 mg,1.6 mg,,,,,0.00 mg,0.6 mg,0.1 g,0 mcg,,184 mcg,0.16 mg,0 mg
312,DR084,"Genjer, segar (Sawah lettuce, fresh)",Sayuran,Mentah (Raw),90.0 g,35 Kal,1.7 g,0.2 g,7.7 g,0.4 g,62 mg,33 mg,2.1 mg,64 mg,905.8 mg,,,0.10 mg,1.1 mg,2.5 g,,,"3,800 mcg",0.07 mg,54 mg
313,CP029,Geplak,Kacang-Kacangan,Olahan (Processed),29.6 g,350 Kal,1.4 g,14.4 g,53.6 g,1.0 g,151 mg,43 mg,2.1 mg,,,,,0.02 mg,0.8 mg,1.8 g,0 mcg,,120 mcg,0.12 mg,0 mg
314,CP030,Geplak jahe,Kacang-Kacangan,Olahan (Processed),12.4 g,462 Kal,3.1 g,24.4 g,57.7 g,2.5 g,212 mg,161 mg,6.6 mg,,,,,0.00 mg,0.1 mg,3.3 g,0 mcg,,272 mcg,0.12 mg,0 mg
315,GP062,"Gete kuah asam, masakan",Ikan/Kerang/Udang dll,Olahan (Processed),80.1 g,75 Kal,8.2 g,2.0 g,6.0 g,3.8 g,"1,620 mg",880 mg,0.8 mg,260 mg,150.0 mg,0.10 mg,1.5 mg,,0.1 mg,,,,,,
316,BP028,Getuk goreng,Umbi Berpati,Olahan (Processed),16.5 g,360 Kal,1.3 g,6.4 g,74.3 g,1.5 g,59 mg,81 mg,3.2 mg,,,,,,0.1 mg,0.8 g,0 mcg,0 mcg,0 mcg,0.21 mg,0 mg
317,EP003,Getuk pisang,Buah,Olahan (Processed),63.7 g,144 Kal,1.1 g,0.4 g,34.1 g,0.7 g,48 mg,32 mg,1.0 mg,,,,,,,0.4 g,,,"1,240 mcg",0.55 mg,0 mg
318,BP029,Getuk singkong,Umbi Berpati,Olahan (Processed),49.8 g,204 Kal,0.5 g,1.4 g,47.4 g,1.1 g,97 mg,52 mg,1.5 mg,,,,,,0.1 mg,0.8 g,0 mcg,,208 mcg,0.08 mg,0 mg
319,DP032,"Gudeg, sayur",Sayuran,Olahan (Processed),69.2 g,160 Kal,3.3 g,9.2 g,16.0 g,2.1 g,62 mg,55 mg,12.8 mg,,,,,,,2.3 g,0 mcg,,166 mcg,0.15 mg,0 mg
320,MP005,"Gula aren (Sugar, palm)",Konfeksioneri,Olahan (Processed),7.0 g,368 Kal,0.0 g,0.0 g,92.0 g,1.0 g,75 mg,35 mg,3.0 mg,15 mg,390.4 mg,0.04 mg,26.4 mg,0.01 mg,0.5 mg,0.0 g,0 mcg,0 mcg,,0.00 mg,0 mg
321,MP006,Gula kelapa,Konfeksioneri,Olahan (Processed),10.0 g,386 Kal,3.0 g,10.0 g,76.0 g,1.0 g,76 mg,37 mg,2.6 mg,2 mg,0.0 mg,0.00 mg,0.0 mg,0.34 mg,0.5 mg,0.0 g,0 mcg,0 mcg,,0.00 mg,0 mg
322,MP007,Gula putih (Sugar cane),Konfeksioneri,Olahan (Processed),5.4 g,394 Kal,0.0 g,0.0 g,94.0 g,0.6 g,5 mg,1 mg,0.1 mg,1 mg,4.8 mg,0.00 mg,0.0 mg,0.00 mg,0.0 mg,0.0 g,0 mcg,0 mcg,,0.00 mg,0 mg
323,GP063,"Gulai asam keueung, masakan",Ikan/Kerang/Udang dll,Olahan (Processed),86.0 g,52 Kal,10.0 g,0.5 g,1.8 g,1.7 g,62 mg,102 mg,0.3 mg,332 mg,141.0 mg,0.00 mg,1.0 mg,0.34 mg,,,,,,0.18 mg,
324,GP064,"Gulai ikan paya, masakan",Ikan/Kerang/Udang dll,Olahan (Processed),72.1 g,148 Kal,10.0 g,9.8 g,5.0 g,3.1 g,103 mg,82 mg,0.7 mg,525 mg,256.0 mg,0.10 mg,0.9 mg,0.02 mg,,,,,,0.26 mg,
325,GP065,"Gulai ikan, masakan",Ikan/Kerang/Udang dll,Olahan (Processed),75.7 g,106 Kal,16.5 g,3.3 g,2.5 g,2.0 g,306 mg,196 mg,4.8 mg,743 mg,,,,,,,86 mcg,,"2,760 mcg",0.32 mg,0 mg
326,FP047,Gulai kambing,Daging,Olahan (Processed),78.4 g,126 Kal,4.2 g,9.4 g,6.2 g,1.8 g,45 mg,73 mg,1.3 mg,302 mg,138.0 mg,0.20 mg,1.1 mg,0.01 mg,,,151 mcg,,,0.13 mg,
327,GP066,"Gulai keumamah, masakan",Ikan/Kerang/Udang dll,Olahan (Processed),81.4 g,110 Kal,5.9 g,8.2 g,3.2 g,1.3 g,32 mg,96 mg,1.0 mg,335 mg,121.0 mg,0.20 mg,0.9 mg,0.04 mg,,,,,,0.33 mg,
328,DP033,Gulai pakis,Sayuran,Olahan (Processed),76.1 g,143 Kal,4.0 g,11.4 g,6.0 g,2.6 g,548 mg,124 mg,1.7 mg,,,,,,,1.4 g,11 mcg,,"9,802 mcg",0.35 mg,1 mg
329,DP034,Gulai pliek,Sayuran,Olahan (Processed),71.9 g,176 Kal,7.3 g,14.9 g,3.2 g,2.7 g,39 mg,54 mg,1.4 mg,257 mg,285.0 mg,0.30 mg,0.6 mg,,,,,,,,
330,GP067,"Gulai tiram, masakan",Ikan/Kerang/Udang dll,Olahan (Processed),73.1 g,132 Kal,9.0 g,7.2 g,7.8 g,2.9 g,53 mg,134 mg,3.7 mg,285 mg,133.0 mg,1.10 mg,0.7 mg,0.12 mg,,,389 mcg,,,0.29 mg,
331,GP068,"Gurame asem manis, masakan",Ikan/Kerang/Udang dll,Olahan (Processed),63.1 g,192 Kal,12.7 g,10.1 g,12.7 g,2.4 g,283 mg,169 mg,1.1 mg,,,,,,,0.0 g,19 mcg,,"1,440 mcg",0.10 mg,0 mg
332,BP030,Gurandil,Umbi Berpati,Olahan (Processed),47.5 g,218 Kal,0.5 g,2.5 g,48.5 g,1.0 g,50 mg,25 mg,2.8 mg,,,,,,,3.1 g,,,0 mcg,0.19 mg,0 mg
333,FP005,Ham,Daging,Olahan (Processed),42.0 g,384 Kal,16.9 g,35.0 g,0.3 g,5.8 g,10 mg,136 mg,2.5 mg,112 mg,819.3 mg,0.11 mg,0.4 mg,0.95 mg,9.7 mg,0.0 g,0 mcg,,,0.70 mg,0 mg
334,JP002,Hangop,Susu,Olahan (Processed),84.0 g,65 Kal,10.0 g,1.0 g,3.5 g,1.5 g,180 mg,190 mg,0.2 mg,126 mg,374.4 mg,0.00 mg,,0.43 mg,0.2 mg,0.0 g,,22 mcg,,0.03 mg,
335,BR011,"Hofa/Ubi hutan, segar",Umbi Berpati,Mentah (Raw),67.9 g,127 Kal,1.2 g,0.5 g,29.5 g,0.9 g,30 mg,8 mg,0.7 mg,3 mg,4.0 mg,0.10 mg,0.2 mg,0.05 mg,0.6 mg,3.4 g,0 mcg,0 mcg,0 mcg,0.30 mg,0 mg
336,GP069,"Ikan asar merah, masakan",Ikan/Kerang/Udang dll,Olahan (Processed),69.2 g,146 Kal,17.7 g,5.9 g,5.6 g,1.6 g,100 mg,240 mg,4.0 mg,170 mg,310.0 mg,0.30 mg,1.4 mg,,,,224 mcg,0 mcg,,,
337,GP004,"Ikan asin, kering",Ikan/Kerang/Udang dll,Olahan (Processed),40.0 g,193 Kal,42.0 g,1.5 g,0.0 g,16.5 g,200 mg,300 mg,0.0 mg,,,,,,,0.0 g,,,,0.01 mg,0 mg
338,GR004,"Ikan bader, segar (Silver barb, fresh)",Ikan/Kerang/Udang dll,Mentah (Raw),66.0 g,193 Kal,19.0 g,13.0 g,0.0 g,2.0 g,48 mg,150 mg,0.4 mg,118 mg,264.9 mg,0.10 mg,0.2 mg,0.10 mg,4.1 mg,0.0 g,45 mcg,0 mcg,,0.01 mg,0 mg
339,GR005,"Ikan balong, segar",Ikan/Kerang/Udang dll,Mentah (Raw),76.5 g,107 Kal,16.5 g,3.9 g,1.5 g,1.5 g,54 mg,202 mg,2.0 mg,86 mg,253.4 mg,0.50 mg,1.0 mg,0.10 mg,2.5 mg,0.0 g,25 mcg,0 mcg,0 mcg,0.05 mg,0 mg
340,GR006,"Ikan bambangan, segar (Humphead Snapper, fresh)",Ikan/Kerang/Udang dll,Mentah (Raw),73.7 g,112 Kal,20.0 g,1.3 g,3.7 g,1.3 g,98 mg,120 mg,3.0 mg,148 mg,258.7 mg,0.00 mg,0.1 mg,0.00 mg,0.3 mg,0.0 g,0 mcg,0 mcg,0 mcg,0.07 mg,0 mg
341,GP005,"Ikan bandeng presto, masakan",Ikan/Kerang/Udang dll,Olahan (Processed),45.3 g,296 Kal,17.1 g,20.3 g,11.3 g,6.0 g,"1,422 mg",659 mg,1.9 mg,,,,,,,0.0 g,6 mcg,0 mcg,400 mcg,0.14 mg,69 mg
342,GR007,"Ikan bandeng, segar (Milkfish, raw)",Ikan/Kerang/Udang dll,Mentah (Raw),74.0 g,123 Kal,20.0 g,4.8 g,0.0 g,1.2 g,20 mg,150 mg,2.0 mg,67 mg,271.1 mg,0.00 mg,0.9 mg,0.10 mg,6.0 mg,0.0 g,45 mcg,21 mcg,,0.05 mg,0 mg
343,GR008,"Ikan banjar, segar",Ikan/Kerang/Udang dll,Mentah (Raw),73.5 g,111 Kal,19.4 g,0.9 g,4.8 g,1.4 g,68 mg,278 mg,7.3 mg,99 mg,338.7 mg,0.20 mg,0.6 mg,0.20 mg,7.3 mg,0.0 g,0 mcg,62 mcg,0 mcg,0.03 mg,0 mg
344,GR009,"Ikan baronang, segar (Golden-lined spinefoot, fresh)",Ikan/Kerang/Udang dll,Mentah (Raw),80.0 g,78 Kal,14.5 g,0.6 g,3.7 g,1.2 g,26 mg,521 mg,3.8 mg,26 mg,692.0 mg,4.70 mg,4.1 mg,0.04 mg,3.0 mg,0.0 g,732 mcg,0 mcg,,0.20 mg,0 mg
345,GR010,"Ikan batung, segar (Indonesian-Shortfin Eel)",Ikan/Kerang/Udang dll,Mentah (Raw),75.7 g,115 Kal,14.5 g,4.6 g,4.2 g,1.1 g,,207 mg,0.0 mg,42 mg,361.0 mg,0.20 mg,0.9 mg,0.04 mg,1.1 mg,0.0 g,,0 mcg,,1.20 mg,
346,GP006,"Ikan baung bakar (Asian river catfish, fresh)",Ikan/Kerang/Udang dll,Olahan (Processed),69.8 g,144 Kal,17.8 g,5.8 g,5.2 g,1.4 g,18 mg,169 mg,0.0 mg,168 mg,236.0 mg,0.10 mg,0.7 mg,0.00 mg,1.3 mg,,,,,0.00 mg,
347,GR011,"Ikan baung, segar (Asian river catfish, fresh)",Ikan/Kerang/Udang dll,Mentah (Raw),74.9 g,123 Kal,15.1 g,5.5 g,3.3 g,1.2 g,5 mg,146 mg,1.3 mg,32 mg,349.0 mg,0.10 mg,0.7 mg,0.03 mg,1.2 mg,0.0 g,,0 mcg,,0.20 mg,
348,GR012,"Ikan bawal, segar (Silver Pomfret, fresh)",Ikan/Kerang/Udang dll,Mentah (Raw),78.0 g,91 Kal,19.0 g,1.7 g,0.0 g,1.3 g,20 mg,150 mg,2.0 mg,129 mg,233.3 mg,0.10 mg,0.3 mg,0.10 mg,1.8 mg,0.0 g,45 mcg,0 mcg,,0.05 mg,0 mg
349,GP007,"Ikan Belida bakar (Indonesian featherback, fresh)",Ikan/Kerang/Udang dll,Olahan (Processed),68.2 g,128 Kal,18.0 g,3.0 g,7.2 g,3.6 g,58 mg,134 mg,0.0 mg,293 mg,198.0 mg,0.10 mg,0.4 mg,0.17 mg,1.5 mg,0.0 g,,0 mcg,,1.80 mg,
350,GR013,"Ikan Belida, segar (Indonesian featherback, fresh)",Ikan/Kerang/Udang dll,Mentah (Raw),79.2 g,80 Kal,14.7 g,1.4 g,2.2 g,2.3 g,303 mg,315 mg,1.3 mg,41 mg,356.0 mg,0.00 mg,0.8 mg,0.14 mg,1.4 mg,0.0 g,,0 mcg,,1.20 mg,
351,GR014,"Ikan beunteur, segar (Spotted Barb, fresh)",Ikan/Kerang/Udang dll,Mentah (Raw),70.0 g,109 Kal,17.0 g,4.0 g,0.0 g,9.0 g,500 mg,500 mg,1.0 mg,109 mg,323.5 mg,0.60 mg,1.3 mg,0.10 mg,2.6 mg,0.0 g,45 mcg,,,0.05 mg,0 mg
352,GR015,"Ikan biawan, segar (Kissing goorami, fresh)",Ikan/Kerang/Udang dll,Mentah (Raw),79.1 g,90 Kal,14.9 g,2.5 g,2.1 g,1.4 g,125 mg,265 mg,1.0 mg,35 mg,207.0 mg,0.40 mg,0.6 mg,0.03 mg,2.9 mg,0.0 g,,,,0.36 mg,
353,GR016,"Ikan bili, segar (Minnows, fresh)",Ikan/Kerang/Udang dll,Mentah (Raw),68.3 g,88 Kal,14.2 g,0.7 g,6.2 g,10.6 g,27 mg,"1,760 mg",1.5 mg,217 mg,202.0 mg,0.00 mg,4.1 mg,0.09 mg,2.7 mg,0.0 g,,0 mcg,,0.72 mg,
354,GR017,"Ikan bubara, segar",Ikan/Kerang/Udang dll,Mentah (Raw),75.5 g,100 Kal,14.7 g,2.4 g,4.9 g,1.6 g,90 mg,90 mg,0.4 mg,390 mg,390.0 mg,0.70 mg,0.8 mg,,,,,,,,
355,GR018,"Ikan bulan-bulan, segar (Indo-Pacifik Tarpon, fresh)",Ikan/Kerang/Udang dll,Mentah (Raw),66.7 g,134 Kal,25.5 g,1.3 g,5.0 g,1.5 g,29 mg,29 mg,0.5 mg,197 mg,489.0 mg,0.10 mg,0.5 mg,0.02 mg,0.8 mg,,,,,0.30 mg,
356,GP008,"Ikan cakalang asap, mentah (Skipjack tuna, fish,smoked, raw)",Ikan/Kerang/Udang dll,Olahan (Processed),56.9 g,204 Kal,34.2 g,5.6 g,1.9 g,1.4 g,14 mg,399 mg,1.3 mg,176 mg,588.0 mg,0.30 mg,0.7 mg,0.07 mg,,,"1,546 mcg",,,0.53 mg,
357,GP009,"Ikan cakalang asin, mentah (Skipjack tuna,fish, salted, raw)",Ikan/Kerang/Udang dll,Olahan (Processed),41.7 g,198 Kal,36.5 g,2.2 g,5.5 g,14.1 g,236 mg,346 mg,3.7 mg,"4,304 mg",302.1 mg,,,,,0.0 g,0 mcg,,0 mcg,0.06 mg,0 mg
358,GR020,"Ikan cakalang, hati, segar (Scipjack tuna, fresh)",Ikan/Kerang/Udang dll,Mentah (Raw),73.4 g,120 Kal,11.3 g,3.9 g,10.0 g,1.4 g,30 mg,30 mg,0.9 mg,420 mg,280.0 mg,1.60 mg,4.3 mg,,0.2 mg,,,,,,
359,GR021,"Ikan cakalang, jantung, segar (Scipjack tuna, fresh)",Ikan/Kerang/Udang dll,Mentah (Raw),76.3 g,116 Kal,11.2 g,1.2 g,10.2 g,1.1 g,10 mg,40 mg,3.4 mg,360 mg,250.0 mg,0.50 mg,1.9 mg,,0.1 mg,,908 mcg,,,,0 mg
360,GR022,"Ikan cakalang, perut, segar (Scipjack tuna, fresh)",Ikan/Kerang/Udang dll,Mentah (Raw),79.1 g,86 Kal,10.2 g,1.1 g,8.7 g,0.9 g,20 mg,110 mg,2.1 mg,230 mg,210.0 mg,0.30 mg,9.3 mg,,0.3 mg,,,,,0.24 mg,
361,GR019,"Ikan cakalang, segar (Scipjack tuna, fresh)",Ikan/Kerang/Udang dll,Mentah (Raw),73.0 g,107 Kal,19.6 g,0.7 g,5.5 g,1.2 g,23 mg,242 mg,2.9 mg,66 mg,239.0 mg,0.20 mg,0.6 mg,0.05 mg,21.7 mg,0.0 g,386 mcg,0 mcg,,0.17 mg,0 mg
362,GP010,"Ikan calo/ peda, mentah",Ikan/Kerang/Udang dll,Olahan (Processed),71.3 g,81 Kal,11.4 g,1.9 g,3.8 g,11.6 g,743 mg,174 mg,22.6 mg,,,,,,,0.0 g,15 mcg,,0 mcg,0.00 mg,0 mg
363,GR023,"Ikan daun, segar (Leaffish, fresh)",Ikan/Kerang/Udang dll,Mentah (Raw),78.6 g,101 Kal,11.5 g,4.1 g,4.6 g,1.2 g,80 mg,210 mg,0.8 mg,120 mg,270.0 mg,0.10 mg,0.9 mg,0.07 mg,0.1 mg,0.0 g,0 mcg,,,0.08 mg,0 mg
364,GR024,"Ikan ekor kuning, segar (Yellowtail, fish, fresh)",Ikan/Kerang/Udang dll,Mentah (Raw),74.1 g,108 Kal,22.3 g,1.2 g,2.1 g,0.3 g,30 mg,220 mg,0.5 mg,50 mg,230.0 mg,0.10 mg,0.6 mg,0.10 mg,0.2 mg,0.0 g,40 mcg,29 mcg,,0.00 mg,
365,GP011,"Ikan Gabus asap, mentah (Asian snakehead, fish, smoked)",Ikan/Kerang/Udang dll,Olahan (Processed),26.4 g,261 Kal,38.1 g,2.3 g,21.9 g,11.3 g,"2,510 mg","1,840 mg",2.9 mg,320 mg,410.0 mg,0.40 mg,0.8 mg,0.10 mg,14.5 mg,0.0 g,114 mcg,,,0.10 mg,
366,GP012,"Ikan Gabus, kering (Asian snakehead, fish, dried)",Ikan/Kerang/Udang dll,Olahan (Processed),24.0 g,268 Kal,58.0 g,4.0 g,0.0 g,14.0 g,15 mg,100 mg,0.1 mg,,,,,,,0.0 g,30 mcg,,,0.10 mg,0 mg
367,GR025,"Ikan gabus, segar (Asian snakehead, fresh)",Ikan/Kerang/Udang dll,Mentah (Raw),79.6 g,80 Kal,16.2 g,0.5 g,2.6 g,1.1 g,170 mg,139 mg,0.1 mg,65 mg,254.0 mg,0.30 mg,0.4 mg,0.20 mg,0.1 mg,0.0 g,335 mcg,,,0.40 mg,
368,GP013,"Ikan gete, goreng",Ikan/Kerang/Udang dll,Olahan (Processed),44.7 g,267 Kal,23.1 g,19.4 g,0.2 g,12.6 g,"2,340 mg","1,240 mg",0.8 mg,590 mg,440.0 mg,0.10 mg,1.9 mg,,0.2 mg,,,,,,
369,GR026,"Ikan heu, segar",Ikan/Kerang/Udang dll,Mentah (Raw),75.6 g,81 Kal,10.0 g,1.6 g,6.6 g,6.2 g,"1,910 mg",990 mg,2.1 mg,240 mg,210.0 mg,0.10 mg,2.7 mg,,0.2 mg,,,,,0.87 mg,
370,GR027,"Ikan hitam, segar (Black Sharkminnow, fresh)",Ikan/Kerang/Udang dll,Mentah (Raw),78.2 g,101 Kal,10.3 g,3.7 g,6.7 g,1.1 g,50 mg,140 mg,0.4 mg,70 mg,210.0 mg,,0.4 mg,0.10 mg,0.1 mg,0.0 g,67 mcg,,,0.00 mg,
371,GP014,"Ikan hiu, kering (Shark, fish, dried)",Ikan/Kerang/Udang dll,Olahan (Processed),23.1 g,298 Kal,46.3 g,3.6 g,20.2 g,6.8 g,335 mg,846 mg,2.5 mg,957 mg,"1,457.0 mg",0.50 mg,2.0 mg,0.11 mg,22.5 mg,,661 mcg,,,0.84 mg,
372,GR028,"Ikan hiu, segar (Fish, shark, fresh)",Ikan/Kerang/Udang dll,Mentah (Raw),85.7 g,57 Kal,10.7 g,0.3 g,2.2 g,1.1 g,75 mg,206 mg,2.0 mg,,,0.02 mg,,,,0.0 g,,,0 mcg,0.05 mg,0 mg
373,GR029,"Ikan kacangan, segar",Ikan/Kerang/Udang dll,Mentah (Raw),80.7 g,77 Kal,15.6 g,0.9 g,1.6 g,1.2 g,94 mg,170 mg,1.7 mg,,,,,,,0.0 g,18 mcg,,0 mcg,0.07 mg,0 mg
374,GR030,"Ikan kakap, segar",Ikan/Kerang/Udang dll,Mentah (Raw),77.0 g,92 Kal,20.0 g,0.7 g,0.0 g,2.3 g,20 mg,200 mg,1.0 mg,,,,,,,0.0 g,9 mcg,,,0.05 mg,0 mg
375,GR031,"Ikan kakatua, segar",Ikan/Kerang/Udang dll,Mentah (Raw),79.7 g,82 Kal,11.4 g,1.2 g,6.4 g,1.3 g,20 mg,160 mg,0.4 mg,90 mg,300.0 mg,0.10 mg,0.3 mg,,0.2 mg,,18 mcg,,,,
376,GR032,"Ikan kalaban, segar (Minnows, fresh)",Ikan/Kerang/Udang dll,Mentah (Raw),80.3 g,77 Kal,16.4 g,0.7 g,1.3 g,1.3 g,182 mg,248 mg,0.9 mg,40 mg,334.0 mg,0.70 mg,0.8 mg,0.15 mg,1.9 mg,0.0 g,,,,0.16 mg,
377,GR033,"Ikan kamera (kakap merah), segar",Ikan/Kerang/Udang dll,Mentah (Raw),78.5 g,86 Kal,19.7 g,0.8 g,0.0 g,1.3 g,50 mg,170 mg,0.3 mg,90 mg,290.0 mg,0.30 mg,0.1 mg,0.08 mg,0.1 mg,0.0 g,26 mcg,,,,
378,GR034,"Ikan kapar, segar (Malay Combtail, fresh)",Ikan/Kerang/Udang dll,Mentah (Raw),74.2 g,132 Kal,17.0 g,6.7 g,0.8 g,1.3 g,151 mg,272 mg,1.2 mg,78 mg,229.0 mg,0.90 mg,0.7 mg,0.03 mg,,0.0 g,,,,0.07 mg,
379,GP015,"Ikan katombo, asin (Pargy, fish, salted)",Ikan/Kerang/Udang dll,Olahan (Processed),44.7 g,162 Kal,31.7 g,2.8 g,0.3 g,15.5 g,279 mg,609 mg,4.6 mg,"4,393 mg",342.2 mg,2.80 mg,,,,0.0 g,0 mcg,,0 mcg,0.09 mg,0 mg
380,GR035,"Ikan kawalinya, segar (Indian mackerel, fresh)",Ikan/Kerang/Udang dll,Mentah (Raw),76.1 g,110 Kal,12.6 g,4.2 g,5.4 g,1.7 g,80 mg,300 mg,1.5 mg,340 mg,300.0 mg,0.20 mg,1.4 mg,,0.2 mg,,146 mcg,,,,
381,GP016,"Ikan kayu, kering",Ikan/Kerang/Udang dll,Olahan (Processed),23.1 g,302 Kal,70.7 g,1.9 g,0.4 g,3.9 g,313 mg,22 mg,4.1 mg,345 mg,"1,045.0 mg",,1.8 mg,0.04 mg,20.0 mg,0.0 g,,,,1.40 mg,
382,GR036,"Ikan keru-keru, segar (Puffers, fresh)",Ikan/Kerang/Udang dll,Mentah (Raw),77.2 g,93 Kal,16.5 g,2.1 g,0.8 g,3.4 g,65 mg,217 mg,2.4 mg,137 mg,255.3 mg,0.34 mg,0.7 mg,0.09 mg,1.6 mg,0.0 g,0 mcg,,0 mcg,0.01 mg,0 mg
383,GR037,"Ikan kima, segar (Clam, shell, fresh)",Ikan/Kerang/Udang dll,Mentah (Raw),82.1 g,70 Kal,10.8 g,0.7 g,5.2 g,1.2 g,53 mg,72 mg,2.0 mg,342 mg,101.0 mg,0.50 mg,0.5 mg,0.05 mg,5.8 mg,,401 mcg,,,0.22 mg,
384,GP017,Ikan Lais bakar,Ikan/Kerang/Udang dll,Olahan (Processed),69.4 g,147 Kal,17.5 g,6.5 g,5.4 g,1.2 g,54 mg,194 mg,0.1 mg,142 mg,209.0 mg,,0.5 mg,,,,,,,,
385,GR038,"Ikan lais, segar (Sheatfish, fresh)",Ikan/Kerang/Udang dll,Mentah (Raw),65.0 g,161 Kal,11.9 g,11.5 g,2.4 g,9.2 g,70 mg,237 mg,0.0 mg,,,,,,,0.0 g,0 mcg,,0 mcg,0.05 mg,0 mg
386,GR039,"Ikan layang, segar (Indian scad, fresh)",Ikan/Kerang/Udang dll,Mentah (Raw),74.0 g,109 Kal,22.0 g,1.7 g,0.0 g,2.3 g,50 mg,150 mg,2.0 mg,,,,,,,0.0 g,45 mcg,0 mcg,,0.05 mg,0 mg
387,GR040,"Ikan layur, segar (Hairtail, fresh)",Ikan/Kerang/Udang dll,Mentah (Raw),80.1 g,82 Kal,18.0 g,1.0 g,0.4 g,0.5 g,48 mg,229 mg,2.2 mg,,,,,,,0.0 g,4 mcg,,0 mcg,0.04 mg,0 mg
388,GR041,"Ikan lehoma, segar (Indian mackerel, fresh)",Ikan/Kerang/Udang dll,Mentah (Raw),77.6 g,90 Kal,20.4 g,0.9 g,0.0 g,1.1 g,88 mg,270 mg,0.7 mg,56 mg,281.0 mg,0.30 mg,0.9 mg,0.03 mg,0.2 mg,,"1,047 mcg",,,0.32 mg,
389,GR042,"Ikan lemuru, segar (Bali sardinella, fresh)",Ikan/Kerang/Udang dll,Mentah (Raw),76.0 g,112 Kal,20.0 g,3.0 g,0.0 g,1.0 g,20 mg,100 mg,1.0 mg,,,,,,,0.0 g,30 mcg,0 mcg,,0.05 mg,0 mg
390,GR043,"Ikan lidah, segar (Flatfishes, fresh)",Ikan/Kerang/Udang dll,Mentah (Raw),78.3 g,104 Kal,15.6 g,3.2 g,2.0 g,0.9 g,30 mg,143 mg,2.0 mg,,,,,,,0.0 g,33 mcg,,0 mcg,0.03 mg,0 mg
391,GP018,"Ikan lomak asin, mentah",Ikan/Kerang/Udang dll,Olahan (Processed),21.6 g,258 Kal,40.3 g,2.3 g,18.9 g,16.9 g,140 mg,279 mg,2.3 mg,"6,227 mg",485.1 mg,2.30 mg,,0.30 mg,6.0 mg,0.0 g,,,,0.10 mg,
392,GR044,"Ikan malalugis, segar",Ikan/Kerang/Udang dll,Mentah (Raw),75.6 g,99 Kal,20.6 g,1.4 g,0.9 g,1.5 g,164 mg,330 mg,0.5 mg,76 mg,282.0 mg,0.20 mg,0.9 mg,0.02 mg,0.5 mg,,661 mcg,,,0.30 mg,
393,GR045,"Ikan mamar merah, segar",Ikan/Kerang/Udang dll,Mentah (Raw),75.0 g,115 Kal,15.3 g,4.0 g,4.4 g,1.3 g,60 mg,190 mg,1.6 mg,120 mg,240.0 mg,0.20 mg,1.0 mg,0.10 mg,0.1 mg,0.0 g,,,,0.20 mg,
394,GP019,Ikan Mas pepes,Ikan/Kerang/Udang dll,Olahan (Processed),57.5 g,209 Kal,15.2 g,11.3 g,11.8 g,4.3 g,686 mg,530 mg,6.1 mg,74 mg,276.7 mg,0.10 mg,1.9 mg,0.10 mg,2.4 mg,0.5 g,3 mcg,,315 mcg,0.13 mg,0 mg
395,GR046,"Ikan mas, segar (Common carp, fresh)",Ikan/Kerang/Udang dll,Mentah (Raw),80.0 g,86 Kal,16.0 g,2.0 g,0.0 g,2.0 g,20 mg,150 mg,2.0 mg,65 mg,276.7 mg,0.10 mg,1.1 mg,0.10 mg,2.6 mg,0.0 g,45 mcg,8 mcg,,0.05 mg,0 mg
396,GR047,"Ikan mayong, segar",Ikan/Kerang/Udang dll,Mentah (Raw),78.2 g,97 Kal,17.9 g,2.0 g,0.4 g,1.5 g,40 mg,100 mg,2.5 mg,,,,,,,0.0 g,21 mcg,,0 mcg,0.10 mg,0 mg
397,GP020,Ikan mujahir goreng,Ikan/Kerang/Udang dll,Olahan (Processed),44.7 g,416 Kal,46.9 g,23.9 g,0.0 g,2.2 g,346 mg,654 mg,0.9 mg,54 mg,278.9 mg,0.00 mg,0.2 mg,0.10 mg,2.2 mg,0.0 g,12 mcg,3 mcg,8 mcg,0.12 mg,0 mg
398,GP021,Ikan Mujahir pepes,Ikan/Kerang/Udang dll,Olahan (Processed),73.7 g,121 Kal,21.7 g,2.8 g,0.8 g,1.0 g,83 mg,248 mg,1.6 mg,58 mg,265.8 mg,0.00 mg,0.3 mg,0.10 mg,1.9 mg,0.0 g,8 mcg,,6 mcg,0.00 mg,0 mg
399,GP022,"Ikan mujahir, dendeng, mentah",Ikan/Kerang/Udang dll,Olahan (Processed),15.2 g,582 Kal,68.3 g,15.2 g,37.2 g,14.1 g,"3,258 mg","1,699 mg",4.3 mg,,,,,,,0.0 g,15 mcg,,20 mcg,0.27 mg,0 mg
400,GR048,"Ikan mujahir, segar (Mozambique tilapia, fresh)",Ikan/Kerang/Udang dll,Mentah (Raw),79.7 g,89 Kal,18.7 g,1.0 g,0.0 g,1.1 g,96 mg,209 mg,1.5 mg,51 mg,265.8 mg,0.00 mg,0.2 mg,0.10 mg,2.0 mg,0.0 g,6 mcg,3 mcg,5 mcg,0.03 mg,0 mg
401,GR049,"Ikan nasu metti, segar",Ikan/Kerang/Udang dll,Mentah (Raw),65.3 g,154 Kal,16.8 g,5.0 g,10.5 g,2.4 g,80 mg,244 mg,1.6 mg,421 mg,488.0 mg,0.20 mg,1.2 mg,0.15 mg,9.6 mg,,,,,0.47 mg,
402,GR050,"Ikan oci, kembung, segar (Indian mackerels, fresh)",Ikan/Kerang/Udang dll,Mentah (Raw),71.4 g,125 Kal,21.3 g,3.4 g,2.2 g,1.7 g,136 mg,69 mg,0.8 mg,214 mg,245.0 mg,0.20 mg,1.1 mg,0.03 mg,0.2 mg,,,,,0.26 mg,
403,GR051,"Ikan paling, segar",Ikan/Kerang/Udang dll,Mentah (Raw),58.0 g,303 Kal,14.0 g,27.0 g,0.0 g,1.0 g,20 mg,200 mg,1.0 mg,43 mg,,,,,,0.0 g,485 mcg,0 mcg,,0.10 mg,2 mg
404,GP023,"Ikan Papuyu, bakar",Ikan/Kerang/Udang dll,Olahan (Processed),66.6 g,152 Kal,17.6 g,6.1 g,6.7 g,3.0 g,244 mg,227 mg,3.4 mg,320 mg,224.0 mg,0.20 mg,1.0 mg,,,0.0 g,,,,,
405,GR052,"Ikan papuyu/ betok, segar (Climbing perch, fresh)",Ikan/Kerang/Udang dll,Mentah (Raw),75.0 g,120 Kal,14.3 g,4.9 g,4.6 g,1.2 g,329 mg,436 mg,1.5 mg,240 mg,169.0 mg,0.80 mg,1.1 mg,0.05 mg,3.1 mg,0.0 g,,0 mcg,,0.00 mg,
406,GP024,"Ikan Patin, bakar",Ikan/Kerang/Udang dll,Olahan (Processed),70.3 g,144 Kal,17.5 g,6.3 g,4.3 g,1.6 g,191 mg,232 mg,1.4 mg,379 mg,230.0 mg,0.10 mg,0.7 mg,,,,,,,,
407,GR053,"Ikan patin, segar (Striped catfish, fresh)",Ikan/Kerang/Udang dll,Mentah (Raw),74.4 g,132 Kal,17.0 g,6.6 g,1.1 g,0.9 g,31 mg,173 mg,1.6 mg,77 mg,346.0 mg,0.70 mg,0.8 mg,0.03 mg,1.7 mg,0.0 g,,7 mcg,,0.20 mg,
408,GP025,"Ikan peda banjar, mentah",Ikan/Kerang/Udang dll,Olahan (Processed),46.0 g,156 Kal,28.0 g,4.0 g,2.0 g,20.0 g,174 mg,316 mg,3.1 mg,59 mg,368.8 mg,0.00 mg,0.5 mg,0.10 mg,4.7 mg,0.0 g,33 mcg,4 mcg,,0.10 mg,
409,GP026,"Ikan pepetek, mentah (Ponyfish, fresh)",Ikan/Kerang/Udang dll,Olahan (Processed),33.0 g,176 Kal,32.0 g,4.4 g,2.0 g,28.6 g,120 mg,200 mg,1.0 mg,79 mg,1.0 mg,,,0.10 mg,2.4 mg,0.0 g,15 mcg,,,0.05 mg,0 mg
410,GP027,"Ikan Pindang banjar, mentah",Ikan/Kerang/Udang dll,Olahan (Processed),59.0 g,157 Kal,28.0 g,4.2 g,1.8 g,7.0 g,50 mg,100 mg,1.0 mg,,,,,,,0.0 g,45 mcg,,,0.10 mg,0 mg
411,GP028,"Ikan Pindang benggol, mentah",Ikan/Kerang/Udang dll,Olahan (Processed),57.0 g,170 Kal,31.0 g,4.2 g,0.0 g,7.8 g,50 mg,100 mg,1.0 mg,,,,,,,0.0 g,45 mcg,,,0.10 mg,0 mg
412,GP029,"Ikan Pindang layang, mentah",Ikan/Kerang/Udang dll,Olahan (Processed),60.0 g,153 Kal,30.0 g,2.8 g,0.0 g,7.2 g,60 mg,200 mg,3.0 mg,,,,,,,0.0 g,61 mcg,,,0.07 mg,0 mg
413,GP030,"Ikan Pindang selar, mentah",Ikan/Kerang/Udang dll,Olahan (Processed),60.0 g,142 Kal,27.0 g,3.0 g,0.0 g,10.0 g,60 mg,200 mg,3.0 mg,,,,,,,0.0 g,61 mcg,,,0.07 mg,0 mg
414,GR054,"Ikan pomo, segar",Ikan/Kerang/Udang dll,Mentah (Raw),68.3 g,147 Kal,22.5 g,5.2 g,2.6 g,1.4 g,80 mg,230 mg,1.3 mg,,380.0 mg,0.20 mg,0.7 mg,,,,89 mcg,,,,
415,GR055,"Ikan puntin, segar (Bagrdi catfish, fresh)",Ikan/Kerang/Udang dll,Mentah (Raw),81.1 g,76 Kal,14.4 g,1.1 g,2.2 g,1.2 g,28 mg,166 mg,0.0 mg,,325.0 mg,0.10 mg,0.6 mg,0.11 mg,,,,,,0.31 mg,
416,GP032,"Ikan sale lais, mentah (Sheatfish)",Ikan/Kerang/Udang dll,Olahan (Processed),12.4 g,415 Kal,61.3 g,17.6 g,2.9 g,5.8 g,258 mg,919 mg,7.0 mg,381 mg,488.0 mg,17.60 mg,1.0 mg,0.10 mg,17.3 mg,0.0 g,0 mcg,,0 mcg,0.03 mg,0 mg
417,GP031,"Ikan sale, mentah",Ikan/Kerang/Udang dll,Olahan (Processed),8.5 g,534 Kal,40.2 g,39.3 g,4.9 g,7.1 g,199 mg,"1,244 mg",2.7 mg,673 mg,673.0 mg,0.30 mg,2.6 mg,0.50 mg,0.0 mg,2.0 g,,410 mcg,0 mcg,0.02 mg,0 mg
418,GP033,"Ikan saluang, kering, mentah (Rasborafish)",Ikan/Kerang/Udang dll,Olahan (Processed),33.6 g,284 Kal,34.1 g,9.9 g,14.6 g,7.8 g,"1,426 mg","1,103 mg",9.5 mg,"1,767 mg",263.0 mg,1.30 mg,18.7 mg,0.03 mg,,0.0 g,,,,0.49 mg,
419,GR056,"Ikan saluang, segar (Rasboras fish, fresh)",Ikan/Kerang/Udang dll,Mentah (Raw),74.8 g,113 Kal,13.9 g,4.9 g,3.4 g,3.0 g,642 mg,646 mg,1.9 mg,51 mg,182.0 mg,0.80 mg,3.6 mg,0.02 mg,1.8 mg,0.0 g,,,,0.21 mg,
420,GP034,"Ikan sanggang, masakan",Ikan/Kerang/Udang dll,Olahan (Processed),42.6 g,240 Kal,21.7 g,7.7 g,20.7 g,7.3 g,159 mg,362 mg,9.8 mg,"2,041 mg",159.0 mg,1.50 mg,8.8 mg,0.02 mg,,,,,,0.51 mg,
421,GR057,"Ikan sarden, segar (Herrings, fresh)",Ikan/Kerang/Udang dll,Mentah (Raw),72.7 g,109 Kal,19.9 g,1.8 g,3.4 g,2.2 g,95 mg,597 mg,1.3 mg,266 mg,227.0 mg,0.30 mg,2.0 mg,0.03 mg,4.4 mg,0.0 g,195 mcg,0 mcg,,0.26 mg,
422,GP035,"Ikan selar kuning, cue, mentah (Black-banded trevally)",Ikan/Kerang/Udang dll,Olahan (Processed),59.0 g,138 Kal,27.0 g,3.3 g,0.0 g,0.7 g,50 mg,100 mg,2.0 mg,,,,,,,0.0 g,45 mcg,,,0.10 mg,0 mg
423,GP036,"Ikan selar, kering, mentah (Trevally yellow-banded)",Ikan/Kerang/Udang dll,Olahan (Processed),43.0 g,194 Kal,38.0 g,3.5 g,0.0 g,15.5 g,20 mg,200 mg,1.0 mg,,,,,,,0.0 g,0 mcg,0 mcg,,0.01 mg,0 mg
424,GR058,"Ikan selar, segar (Scadfish, fresh)",Ikan/Kerang/Udang dll,Mentah (Raw),75.4 g,100 Kal,18.8 g,2.2 g,0.0 g,3.6 g,40 mg,179 mg,0.5 mg,43 mg,392.6 mg,0.10 mg,0.3 mg,0.20 mg,3.4 mg,0.0 g,45 mcg,0 mcg,,0.37 mg,0 mg
425,GP037,"Ikan sepat, kering, mentah (Siamese gourami)",Ikan/Kerang/Udang dll,Olahan (Processed),30.0 g,289 Kal,38.0 g,14.0 g,0.0 g,18.0 g,40 mg,100 mg,0.7 mg,,,,,,,0.0 g,0 mcg,0 mcg,,0.00 mg,0 mg
426,GR059,"Ikan sepat, segar (Snakeskin gourami, fresh)",Ikan/Kerang/Udang dll,Mentah (Raw),78.8 g,84 Kal,15.2 g,0.6 g,4.7 g,0.8 g,68 mg,171 mg,2.1 mg,211 mg,198.0 mg,0.70 mg,0.6 mg,0.03 mg,1.9 mg,0.0 g,,0 mcg,,0.16 mg,
427,GR060,"Ikan sidat, segar (Shortfin Eel, fresh)",Ikan/Kerang/Udang dll,Mentah (Raw),71.3 g,81 Kal,11.4 g,1.9 g,3.8 g,11.6 g,118 mg,174 mg,3.0 mg,46 mg,245.9 mg,0.00 mg,1.5 mg,0.40 mg,3.2 mg,0.0 g,15 mcg,0 mcg,0 mcg,0.00 mg,0 mg
428,GP038,"Ikan sunu, asin, mentah (Coral trout)",Ikan/Kerang/Udang dll,Olahan (Processed),34.7 g,199 Kal,34.1 g,3.8 g,7.1 g,20.3 g,94 mg,92 mg,2.2 mg,377 mg,57.0 mg,0.10 mg,3.2 mg,0.13 mg,7.2 mg,,"2,481 mcg",,,1.50 mg,
429,GR061,"Ikan sunu, segar (Leopard coralgrouper, fresh)",Ikan/Kerang/Udang dll,Mentah (Raw),75.5 g,111 Kal,13.3 g,3.4 g,6.7 g,1.1 g,86 mg,174 mg,1.2 mg,91 mg,197.0 mg,0.00 mg,0.6 mg,0.10 mg,0.2 mg,,309 mcg,,,1.03 mg,
430,GR062,"Ikan tahuman, segar",Ikan/Kerang/Udang dll,Mentah (Raw),77.4 g,88 Kal,15.9 g,0.9 g,4.1 g,1.8 g,221 mg,223 mg,0.0 mg,24 mg,364.0 mg,0.40 mg,0.7 mg,0.25 mg,1.6 mg,0.0 g,,,,0.20 mg,
431,GR063,"Ikan tarmon, segar",Ikan/Kerang/Udang dll,Mentah (Raw),76.7 g,96 Kal,19.5 g,1.1 g,2.0 g,0.8 g,9 mg,129 mg,0.3 mg,43 mg,154.0 mg,0.10 mg,0.5 mg,0.02 mg,1.7 mg,0.0 g,,,,0.15 mg,
432,GR064,"Ikan telan, segar (spiny eel, fresh)",Ikan/Kerang/Udang dll,Mentah (Raw),75.3 g,95 Kal,15.8 g,0.7 g,6.5 g,1.7 g,503 mg,354 mg,0.2 mg,58 mg,294.0 mg,1.60 mg,1.2 mg,0.02 mg,1.9 mg,0.0 g,,,,0.18 mg,
433,GR065,"Ikan tembang, segar (Bonga shad, fresh)",Ikan/Kerang/Udang dll,Mentah (Raw),65.0 g,204 Kal,16.0 g,15.0 g,0.0 g,4.0 g,20 mg,200 mg,2.0 mg,341 mg,291.0 mg,0.40 mg,2.6 mg,0.00 mg,5.6 mg,0.0 g,30 mcg,0 mcg,,0.05 mg,0 mg
434,GR066,"Ikan tempahas, segar",Ikan/Kerang/Udang dll,Mentah (Raw),78.9 g,101 Kal,15.1 g,4.1 g,1.0 g,0.9 g,32 mg,163 mg,0.0 mg,50 mg,320.0 mg,0.70 mg,0.6 mg,0.05 mg,1.5 mg,0.0 g,,,,0.02 mg,
435,GR067,"Ikan terbang, segar (Flyingfishes, fresh)",Ikan/Kerang/Udang dll,Mentah (Raw),76.1 g,98 Kal,19.6 g,1.7 g,1.0 g,1.6 g,90 mg,190 mg,0.6 mg,90 mg,320.0 mg,0.10 mg,0.5 mg,0.10 mg,0.1 mg,0.0 g,39 mcg,0 mcg,,0.00 mg,
436,GP040,"Ikan Teri nasi, kering, mentah",Ikan/Kerang/Udang dll,Olahan (Processed),34.5 g,144 Kal,32.5 g,0.6 g,0.0 g,32.4 g,"1,000 mg","1,000 mg",3.0 mg,312 mg,,,,,,0.0 g,61 mcg,,,0.10 mg,0 mg
437,GP041,"Ikan Teri, bubuk, mentah",Ikan/Kerang/Udang dll,Olahan (Processed),15.0 g,277 Kal,60.0 g,2.3 g,1.8 g,20.9 g,"1,209 mg","1,225 mg",3.0 mg,,,,,,,0.0 g,90 mcg,,,0.10 mg,0 mg
438,GP042,"Ikan teri, kering, mentah (Anchovy)",Ikan/Kerang/Udang dll,Olahan (Processed),37.8 g,170 Kal,33.4 g,3.0 g,0.0 g,25.8 g,"1,200 mg","1,500 mg",3.6 mg,,,,,,,0.0 g,64 mcg,,,0.15 mg,0 mg
439,GP043,"Ikan Teri, kering, tawar, mentah",Ikan/Kerang/Udang dll,Olahan (Processed),16.7 g,331 Kal,68.7 g,4.2 g,0.0 g,10.4 g,"2,381 mg","1,500 mg",23.4 mg,,,,,,,0.0 g,61 mcg,,,0.10 mg,0 mg
440,GR068,"Ikan teri, segar (Anchovies, fresh)",Ikan/Kerang/Udang dll,Mentah (Raw),80.0 g,74 Kal,10.3 g,1.4 g,4.1 g,4.2 g,972 mg,253 mg,3.9 mg,554 mg,126.1 mg,305.20 mg,0.2 mg,0.10 mg,1.9 mg,0.0 g,13 mcg,0 mcg,28 mcg,0.24 mg,0 mg
441,GP044,"Ikan Teri, tepung, mentah",Ikan/Kerang/Udang dll,Olahan (Processed),5.2 g,347 Kal,48.8 g,6.4 g,19.6 g,20.0 g,"4,608 mg","1,200 mg",18.6 mg,,,,,,,0.0 g,61 mcg,0 mcg,130 mcg,1.12 mg,0 mg
442,GR069,"Ikan titang, segar (Spotted scat,fresh)",Ikan/Kerang/Udang dll,Mentah (Raw),78.8 g,82 Kal,17.4 g,0.4 g,2.3 g,1.1 g,145 mg,130 mg,1.8 mg,110 mg,275.0 mg,0.10 mg,0.8 mg,0.03 mg,1.5 mg,0.0 g,581 mcg,,,0.64 mg,
443,GR070,"Ikan tongkol, segar (Tuna, fresh)",Ikan/Kerang/Udang dll,Mentah (Raw),74.7 g,100 Kal,13.7 g,1.5 g,8.0 g,2.1 g,92 mg,606 mg,1.7 mg,202 mg,227.0 mg,0.20 mg,1.6 mg,0.03 mg,6.6 mg,0.0 g,181 mcg,0 mcg,,0.35 mg,
444,GR071,"Ikan turi, segar",Ikan/Kerang/Udang dll,Mentah (Raw),76.9 g,96 Kal,19.2 g,2.0 g,0.2 g,2.1 g,340 mg,340 mg,0.8 mg,370 mg,300.0 mg,0.10 mg,2.0 mg,,,,26 mcg,,,,
445,HP004,"Ikan, telur, asin, mentah (Roe, (fish egg), fresh)",Telur,Olahan (Processed),37.8 g,358 Kal,20.7 g,26.4 g,9.4 g,5.7 g,48 mg,311 mg,15.1 mg,"2,684 mg",59.0 mg,0.40 mg,3.0 mg,0.54 mg,2.1 mg,0.0 g,"1,866 mcg",0 mcg,,0.21 mg,
446,GP039,"Ikan, tepung, mentah",Ikan/Kerang/Udang dll,Olahan (Processed),4.3 g,316 Kal,60.1 g,6.5 g,22.4 g,6.7 g,"3,196 mg","1,976 mg",16.6 mg,,,,,,,0.0 g,320 mcg,0 mcg,0 mcg,0.00 mg,0 mg
447,AP050,Intip goreng,Serealia,Olahan (Processed),6.5 g,474 Kal,7.6 g,21.6 g,62.3 g,2.0 g,36 mg,64 mg,2.5 mg,0 mg,38.0 mg,0.05 mg,0.5 mg,0.03 mg,0.8 mg,1.2 g,,0 mcg,200 mcg,0.25 mg,0 mg
448,FP006,"Itik alabio, daging, dendeng, mentah",Daging,Olahan (Processed),12.7 g,496 Kal,30.3 g,33.5 g,18.4 g,5.1 g,135 mg,370 mg,12.5 mg,"1,081 mg",478.0 mg,0.70 mg,0.3 mg,,,,,0 mcg,,,
449,AP051,Jagung gerontol,Serealia,Olahan (Processed),61.7 g,156 Kal,2.7 g,1.3 g,33.3 g,0.8 g,51 mg,105 mg,1.2 mg,,,,,0.00 mg,0.0 mg,1.0 g,0 mcg,,162 mcg,0.08 mg,0 mg
450,AR016,"Jagung kuning pipil, kering, mentah (Corn, yellow, raw)",Serealia,Mentah (Raw),11.5 g,366 Kal,9.8 g,7.3 g,69.1 g,2.4 g,30 mg,538 mg,2.3 mg,5 mg,79.4 mg,0.10 mg,4.1 mg,0.12 mg,1.8 mg,2.2 g,,636 mcg,641 mcg,0.12 mg,3 mg
451,AP012,"Jagung kuning pipil, rebus",Serealia,Olahan (Processed),63.7 g,154 Kal,3.8 g,3.5 g,28.4 g,0.6 g,7 mg,171 mg,0.5 mg,5 mg,56.4 mg,0.10 mg,4.4 mg,0.10 mg,1.7 mg,0.7 g,,818 mcg,234 mcg,0.08 mg,0 mg
452,AP011,"Jagung kuning, tepung",Serealia,Olahan (Processed),12.0 g,355 Kal,9.2 g,3.9 g,73.7 g,1.2 g,10 mg,256 mg,2.4 mg,11 mg,24.4 mg,0.23 mg,1.7 mg,0.02 mg,0.3 mg,7.2 g,,0 mcg,510 mcg,0.38 mg,
453,DR085,"Jagung muda / semi, segar (Baby corn, fresh)",Sayuran,Mentah (Raw),89.5 g,35 Kal,2.2 g,0.1 g,7.4 g,0.8 g,7 mg,100 mg,0.5 mg,353 mg,230.2 mg,0.10 mg,0.8 mg,0.16 mg,0.9 mg,1.9 g,0 mcg,23 mcg,200 mcg,0.08 mg,8 mg
454,AR015,"Jagung muda, kuning, mentah (Corn,baby, yellow, raw)",Serealia,Mentah (Raw),61.8 g,147 Kal,5.1 g,0.7 g,31.5 g,0.9 g,6 mg,122 mg,1.1 mg,5 mg,33.6 mg,0.13 mg,0.9 mg,0.10 mg,0.8 mg,1.3 g,0 mcg,113 mcg,261 mcg,0.24 mg,9 mg
455,AP010,"Jagung muda, rebus",Serealia,Olahan (Processed),53.2 g,142 Kal,5.0 g,0.7 g,30.3 g,0.8 g,5 mg,105 mg,0.8 mg,5 mg,24.3 mg,0.20 mg,0.9 mg,0.00 mg,0.7 mg,0.8 g,,145 mcg,225 mcg,0.15 mg,0 mg
456,AR017,"Jagung pipil var. harapan, kering (Corn, dried, raw)",Serealia,Mentah (Raw),11.3 g,367 Kal,6.2 g,5.1 g,76.2 g,1.2 g,7 mg,354 mg,2.8 mg,1 mg,79.6 mg,0.10 mg,4.1 mg,0.08 mg,1.0 mg,2.6 g,,637 mcg,385 mcg,0.19 mg,0 mg
457,AR018,"Jagung pipil var. metro, kering (Corn, dried, raw)",Serealia,Mentah (Raw),10.6 g,368 Kal,5.5 g,4.6 g,78.0 g,1.3 g,7 mg,300 mg,2.4 mg,1 mg,80.2 mg,0.10 mg,4.1 mg,0.08 mg,1.0 mg,2.9 g,,642 mcg,554 mcg,0.16 mg,0 mg
458,AP052,Jagung titi,Serealia,Olahan (Processed),9.2 g,374 Kal,9.4 g,2.2 g,79.1 g,0.1 g,14 mg,142 mg,2.9 mg,,,9.00 mg,,,,0.8 g,,,"11,507 mcg",0.20 mg,
459,NR018,"Jahe, segar (Ginger, root)",Bumbu,Mentah (Raw),55.0 g,51 Kal,1.5 g,1.0 g,10.1 g,1.2 g,21 mg,39 mg,1.6 mg,12 mg,441.7 mg,0.48 mg,0.7 mg,0.17 mg,3.3 mg,12.0 g,,0 mcg,9 mcg,0.02 mg,4 mg
460,AR019,"Jali, mentah (Job's tear/adlay, raw)",Serealia,Mentah (Raw),23.0 g,324 Kal,11.0 g,4.0 g,61.0 g,1.0 g,213 mg,176 mg,11.0 mg,24 mg,,0.10 mg,0.4 mg,0.08 mg,1.8 mg,3.1 g,,,,0.14 mg,0 mg
461,MP008,"Jam, selai (Jam)",Konfeksioneri,Olahan (Processed),34.0 g,239 Kal,0.5 g,0.6 g,64.5 g,0.4 g,20 mg,20 mg,1.0 mg,30 mg,73.1 mg,0.09 mg,0.0 mg,0.07 mg,0.0 mg,1.0 g,0 mcg,0 mcg,,0.01 mg,0 mg
462,GP070,"Jambal goreng, masakan",Ikan/Kerang/Udang dll,Olahan (Processed),13.4 g,286 Kal,48.5 g,9.2 g,2.3 g,26.6 g,207 mg,457 mg,3.3 mg,,,,,,3.1 mg,,109 mcg,,160 mcg,0.40 mg,0 mg
463,ER030,"Jambu air, segar (Roseapple, fresh)",Buah,Mentah (Raw),87.0 g,46 Kal,0.6 g,0.2 g,11.8 g,0.8 g,8 mg,9 mg,1.1 mg,11 mg,321.2 mg,,0.1 mg,0.38 mg,4.6 mg,2.1 g,,92 mcg,,0.02 mg,5 mg
464,ER031,"Jambu biji (Guava, fresh)",Buah,Mentah (Raw),86.0 g,49 Kal,0.9 g,0.3 g,12.2 g,0.6 g,14 mg,28 mg,1.1 mg,10 mg,52.8 mg,0.02 mg,0.3 mg,0.03 mg,0.8 mg,2.4 g,,27 mcg,25 mcg,0.02 mg,87 mg
465,ER032,"Jambu bj putih tdk brbj (Guava, white, seedles, fresh)",Buah,Mentah (Raw),82.8 g,61 Kal,0.9 g,0.3 g,15.4 g,0.6 g,31 mg,41 mg,0.2 mg,20 mg,103.0 mg,0.04 mg,0.5 mg,0.06 mg,1.3 mg,4.5 g,,53 mcg,18 mcg,1.02 mg,116 mg
466,ER033,"Jambu bol, segar (Malay Apple, fresh)",Buah,Mentah (Raw),87.1 g,49 Kal,2.3 g,0.2 g,9.6 g,0.8 g,8 mg,8 mg,0.3 mg,1 mg,14.0 mg,0.00 mg,0.0 mg,0.01 mg,0.5 mg,3.5 g,,92 mcg,,0.13 mg,22 mg
467,ER034,"Jambu monyet, segar (Cashew apple, fresh)",Buah,Mentah (Raw),82.6 g,64 Kal,0.7 g,0.6 g,15.8 g,0.3 g,4 mg,13 mg,0.5 mg,12 mg,107.8 mg,,,0.00 mg,2.0 mg,1.2 g,,"1,604 mcg",25 mcg,0.02 mg,197 mg
468,AR021,"Jampang huma, mentah (Ragi millet, raw)",Serealia,Mentah (Raw),11.7 g,350 Kal,6.2 g,1.4 g,78.2 g,2.5 g,329 mg,254 mg,5.3 mg,53 mg,396.7 mg,0.70 mg,1.6 mg,0.30 mg,0.7 mg,1.7 g,,33 mcg,,0.51 mg,0 mg
469,DR086,Jamur encik,Sayuran,Mentah (Raw),24.8 g,296 Kal,9.4 g,1.1 g,62.0 g,2.7 g,5 mg,277 mg,5.3 mg,2 mg,0.0 mg,0.20 mg,3.1 mg,0.10 mg,,,,,,1.10 mg,
470,DR087,"Jamur kuping, kering (fungus, earwood, dried)",Sayuran,Mentah (Raw),14.9 g,294 Kal,16.0 g,0.9 g,64.6 g,3.6 g,51 mg,223 mg,6.7 mg,174 mg,726.1 mg,0.29 mg,5.5 mg,0.60 mg,2.7 mg,46.5 g,0 mcg,11 mcg,0 mcg,0.11 mg,0 mg
471,DR088,"Jamur kuping, segar (fungus, earwod, fresh)",Sayuran,Mentah (Raw),93.7 g,21 Kal,3.8 g,0.6 g,0.9 g,1.0 g,3 mg,94 mg,1.7 mg,17 mg,33.4 mg,0.19 mg,0.1 mg,0.09 mg,0.1 mg,5.1 g,0 mcg,1 mcg,0 mcg,0.10 mg,5 mg
472,DR089,"Jamur merang, segar (Straw mushroom)",Sayuran,Mentah (Raw),91.5 g,30 Kal,3.5 g,0.2 g,4.0 g,0.8 g,14 mg,117 mg,1.0 mg,6 mg,300.0 mg,0.30 mg,0.8 mg,0.20 mg,0.5 mg,2.4 g,,0 mcg,0 mcg,0.02 mg,0 mg
473,DR091,Jamur sagu,Sayuran,Mentah (Raw),91.3 g,48 Kal,1.9 g,3.2 g,2.8 g,0.8 g,10 mg,90 mg,0.6 mg,100 mg,440.0 mg,0.60 mg,0.6 mg,0.20 mg,6.5 mg,1.0 g,,0 mcg,,0.20 mg,
474,DR090,"Jamur tiram, segar (Oyster mushroom)",Sayuran,Mentah (Raw),92.5 g,30 Kal,1.9 g,0.1 g,5.5 g,0.6 g,9 mg,83 mg,0.7 mg,22 mg,226.0 mg,0.00 mg,0.8 mg,0.20 mg,1.0 mg,3.6 g,,0 mcg,0 mcg,0.30 mg,0 mg
475,FP048,"Jangang bintatoeng, masakan",Daging,Olahan (Processed),73.6 g,107 Kal,5.3 g,2.2 g,16.5 g,2.4 g,64 mg,61 mg,2.5 mg,482 mg,406.0 mg,0.20 mg,0.8 mg,0.02 mg,3.4 mg,,,,,0.18 mg,
476,DR092,"Jantung pisang, segar (Banana, flower, fresh)",Sayuran,Mentah (Raw),90.2 g,32 Kal,1.2 g,0.3 g,7.1 g,1.2 g,30 mg,50 mg,0.1 mg,3 mg,524.0 mg,0.09 mg,0.3 mg,0.03 mg,0.8 mg,3.2 g,0 mcg,201 mcg,170 mcg,0.05 mg,10 mg
477,AP053,Japilus,Serealia,Olahan (Processed),3.8 g,500 Kal,1.2 g,25.1 g,67.3 g,2.7 g,186 mg,29 mg,4.9 mg,,,,,0.03 mg,0.4 mg,0.4 g,0 mcg,,0 mcg,0.17 mg,0 mg
478,AR020,"Jawawut, mentah (Italian millet, raw)",Serealia,Mentah (Raw),11.9 g,364 Kal,9.7 g,3.5 g,73.4 g,1.5 g,28 mg,311 mg,5.3 mg,7 mg,255.1 mg,0.45 mg,1.5 mg,0.28 mg,4.5 mg,8.2 g,,33 mcg,,0.33 mg,
479,DR093,"Jengkol, segar (Dogfruit, fresh)",Sayuran,Mentah (Raw),52.7 g,192 Kal,5.4 g,0.3 g,40.7 g,0.9 g,4 mg,150 mg,0.7 mg,60 mg,241.0 mg,0.30 mg,0.6 mg,0.20 mg,0.5 mg,1.5 g,,,,0.05 mg,31 mg
480,ER035,"Jeruk bali, segar (Pummelo, fresh)",Buah,Mentah (Raw),86.3 g,48 Kal,0.6 g,0.2 g,12.4 g,0.5 g,23 mg,27 mg,0.5 mg,21 mg,366.1 mg,171.25 mg,0.1 mg,0.00 mg,0.4 mg,0.8 g,,33 mcg,20 mcg,0.04 mg,43 mg
481,ER036,"Jeruk banjar, segar (Orange (banjar), fresh)",Buah,Mentah (Raw),84.5 g,61 Kal,0.8 g,0.2 g,14.1 g,0.4 g,9 mg,13 mg,0.2 mg,3 mg,79.0 mg,0.10 mg,0.1 mg,0.03 mg,0.3 mg,5.4 g,,9 mcg,,0.12 mg,31 mg
482,ER037,Jeruk garut-keprok (Mandarin),Buah,Mentah (Raw),87.3 g,44 Kal,0.8 g,0.3 g,10.9 g,0.7 g,33 mg,23 mg,0.4 mg,5 mg,518.1 mg,169.30 mg,0.2 mg,0.03 mg,0.2 mg,1.6 g,,0 mcg,420 mcg,0.07 mg,31 mg
483,ER038,"Jeruk Kalamansi, segar",Buah,Mentah (Raw),90.2 g,39 Kal,0.3 g,0.3 g,8.9 g,0.4 g,42 mg,85 mg,0.5 mg,3 mg,82.0 mg,0.30 mg,0.1 mg,0.10 mg,0.0 mg,2.3 g,,1 mcg,0 mcg,0.02 mg,30 mg
484,ER039,"Jeruk manis, segar (orange, fresh)",Buah,Mentah (Raw),87.2 g,45 Kal,0.9 g,0.2 g,11.2 g,0.5 g,33 mg,23 mg,0.4 mg,4 mg,472.1 mg,160.00 mg,0.2 mg,0.03 mg,0.2 mg,1.4 g,,0 mcg,190 mcg,0.08 mg,49 mg
485,ER040,"Jeruk nipis, segar (Lime, fresh)",Buah,Mentah (Raw),88.9 g,44 Kal,0.5 g,0.2 g,10.0 g,0.4 g,18 mg,22 mg,0.2 mg,3 mg,108.9 mg,0.06 mg,0.1 mg,0.03 mg,0.2 mg,0.4 g,,23 mcg,4 mcg,0.01 mg,20 mg
486,ER041,"Jeruk ragi, segar",Buah,Mentah (Raw),87.6 g,49 Kal,0.7 g,0.2 g,11.1 g,0.4 g,36 mg,67 mg,0.7 mg,4 mg,457.3 mg,155.00 mg,0.2 mg,0.03 mg,0.2 mg,0.5 g,,0 mcg,68 mcg,0.03 mg,30 mg
487,DR094,"Jotang, segar",Sayuran,Mentah (Raw),89.0 g,34 Kal,1.9 g,0.3 g,7.1 g,1.7 g,162 mg,41 mg,4.0 mg,59 mg,388.5 mg,0.30 mg,1.2 mg,,0.4 mg,3.5 g,,2 mcg,"3,918 mcg",0.03 mg,20 mg
488,GP071,"Jukku pallu kaloa, masakan",Ikan/Kerang/Udang dll,Olahan (Processed),69.4 g,15 Kal,15.2 g,4.3 g,8.8 g,2.3 g,40 mg,170 mg,1.1 mg,605 mg,153.0 mg,0.60 mg,1.1 mg,0.14 mg,7.5 mg,,,,,0.30 mg,
489,DR095,"Kabau, segar",Sayuran,Mentah (Raw),67.2 g,130 Kal,6.7 g,0.3 g,25.2 g,0.6 g,4 mg,204 mg,0.5 mg,1 mg,397.8 mg,0.20 mg,0.5 mg,0.10 mg,0.3 mg,2.9 g,,165 mcg,,0.80 mg,16 mg
490,BR012,"Kaburan, ubi, segar (Lesser yam, fresh)",Umbi Berpati,Mentah (Raw),66.5 g,133 Kal,1.0 g,0.2 g,32.2 g,0.5 g,65 mg,50 mg,0.6 mg,10 mg,899.2 mg,0.20 mg,0.2 mg,0.00 mg,0.3 mg,0.7 g,0 mcg,0 mcg,0 mcg,0.01 mg,0 mg
491,BP031,Kabuto,Umbi Berpati,Olahan (Processed),58.9 g,250 Kal,2.6 g,2.5 g,35.4 g,0.6 g,35 mg,49 mg,1.1 mg,2 mg,218.0 mg,,,0.10 mg,0.6 mg,1.8 g,,0 mcg,0 mcg,0.10 mg,
492,CR001,"Kacang arab, kering (Chick pea, raw)",Kacang-Kacangan,Mentah (Raw),11.6 g,330 Kal,23.8 g,1.4 g,60.2 g,3.0 g,57 mg,388 mg,4.7 mg,24 mg,874.3 mg,0.85 mg,3.4 mg,0.21 mg,1.5 mg,17.4 g,,40 mcg,140 mcg,0.77 mg,2 mg
493,CP031,Kacang atom,Kacang-Kacangan,Olahan (Processed),3.1 g,533 Kal,27.8 g,38.1 g,28.8 g,2.2 g,87 mg,423 mg,3.0 mg,,,,,,,2.5 g,,,0 mcg,0.06 mg,0 mg
494,CR002,"Kacang babi, kering (Broad bean, raw)",Kacang-Kacangan,Mentah (Raw),11.6 g,341 Kal,30.4 g,3.2 g,51.3 g,3.5 g,178 mg,521 mg,6.8 mg,13 mg,"1,768.0 mg",0.82 mg,3.1 mg,0.33 mg,2.8 mg,4.5 g,,,87 mcg,0.23 mg,
495,CR003,"Kacang belimbing (kecipir), kering (Winged bean, seed, raw)",Kacang-Kacangan,Mentah (Raw),10.4 g,400 Kal,34.4 g,16.9 g,34.1 g,4.2 g,468 mg,182 mg,6.8 mg,37 mg,955.0 mg,2.82 mg,2.0 mg,0.44 mg,3.0 mg,10.7 g,,,,0.30 mg,
496,CP001,"Kacang belimbing, rebus",Kacang-Kacangan,Olahan (Processed),55.6 g,204 Kal,16.9 g,8.8 g,17.5 g,1.2 g,230 mg,180 mg,3.3 mg,43 mg,"1,098.0 mg",3.24 mg,2.3 mg,0.48 mg,0.7 mg,4.8 g,,,,0.20 mg,
497,CR004,"Kacang beracun, segar",Kacang-Kacangan,Mentah (Raw),72.1 g,118 Kal,4.4 g,1.5 g,21.6 g,0.4 g,50 mg,50 mg,1.7 mg,10 mg,40.0 mg,0.30 mg,1.0 mg,,,,,,,0.43 mg,
498,CP002,"Kacang bogor, goreng",Kacang-Kacangan,Olahan (Processed),3.0 g,479 Kal,12.7 g,23.2 g,58.9 g,2.2 g,135 mg,184 mg,2.9 mg,,,,,0.45 mg,4.1 mg,1.2 g,,,,0.25 mg,
499,CR005,"Kacang bogor, kering (Bambara groundnut, dried)",Kacang-Kacangan,Mentah (Raw),10.0 g,370 Kal,16.0 g,6.0 g,65.0 g,3.0 g,85 mg,264 mg,4.2 mg,44 mg,868.8 mg,1.48 mg,2.7 mg,0.26 mg,6.2 mg,26.3 g,0 mcg,,,0.18 mg,0 mg
500,CP003,"Kacang bogor, rebus",Kacang-Kacangan,Olahan (Processed),61.2 g,161 Kal,7.7 g,2.8 g,27.1 g,1.2 g,56 mg,134 mg,1.4 mg,,,,,,,2.0 g,,,,0.10 mg,
501,CR006,"Kacang bogor, segar (Bambara groundnut, fresh)",Kacang-Kacangan,Mentah (Raw),60.8 g,165 Kal,7.7 g,3.1 g,27.4 g,1.0 g,96 mg,126 mg,5.3 mg,6 mg,537.0 mg,0.41 mg,1.2 mg,0.35 mg,2.7 mg,2.5 g,,29 mcg,,0.32 mg,
502,CR007,"Kacang endel, biji, kering",Kacang-Kacangan,Mentah (Raw),14.0 g,331 Kal,25.0 g,1.0 g,58.0 g,2.0 g,80 mg,400 mg,5.0 mg,12 mg,"1,322.4 mg",0.68 mg,2.7 mg,0.75 mg,2.3 mg,23.6 g,0 mcg,,,0.30 mg,
503,CR008,"Kacang ercis, segar (Pea)",Kacang-Kacangan,Mentah (Raw),67.6 g,129 Kal,12.4 g,0.7 g,18.3 g,1.0 g,40 mg,130 mg,2.3 mg,4 mg,310.0 mg,0.30 mg,2.1 mg,0.05 mg,2.7 mg,28.6 g,,212 mcg,,0.29 mg,
504,CR009,"kacang galing, segar",Kacang-Kacangan,Mentah (Raw),12.0 g,336 Kal,23.1 g,1.7 g,59.5 g,3.8 g,80 mg,400 mg,5.0 mg,,,,,,,,0 mcg,,,0.60 mg,0 mg
505,CP032,Kacang goyang,Kacang-Kacangan,Olahan (Processed),8.3 g,516 Kal,14.7 g,31.1 g,44.4 g,1.5 g,34 mg,230 mg,0.7 mg,2 mg,365.0 mg,0.60 mg,1.7 mg,,,,,,,,
506,CR010,"Kacang gude, biji, kering (Pigeon pea, fresh)",Kacang-Kacangan,Mentah (Raw),16.1 g,316 Kal,20.7 g,1.0 g,58.0 g,4.2 g,146 mg,445 mg,4.7 mg,16 mg,"1,306.2 mg",0.99 mg,2.7 mg,0.19 mg,2.4 mg,4.6 g,,19 mcg,,0.30 mg,
507,CR011,"Kacang gude, biji, segar (Pigeon pea, raw)",Kacang-Kacangan,Mentah (Raw),70.3 g,114 Kal,7.0 g,0.6 g,20.8 g,2.3 g,3 mg,122 mg,1.5 mg,4 mg,480.5 mg,0.12 mg,0.9 mg,0.07 mg,0.8 mg,4.4 g,,,70 mcg,0.37 mg,43 mg
508,CP004,"Kacang gude, rebus",Kacang-Kacangan,Olahan (Processed),61.5 g,147 Kal,9.0 g,0.5 g,27.5 g,1.5 g,50 mg,175 mg,2.0 mg,14 mg,"1,126.0 mg",0.80 mg,2.7 mg,0.07 mg,13.2 mg,3.4 g,,12 mcg,,0.10 mg,
509,CR012,"Kacang hijau var. bakti, kering (Mung bean, raw)",Kacang-Kacangan,Mentah (Raw),7.4 g,350 Kal,17.1 g,1.8 g,70.7 g,3.1 g,94 mg,315 mg,4.9 mg,46 mg,893.9 mg,1.52 mg,3.1 mg,0.27 mg,2.6 mg,5.7 g,,171 mcg,235 mcg,0.40 mg,11 mg
510,CR013,"Kacang hijau var. siwalik, kering (Mung bean, raw)",Kacang-Kacangan,Mentah (Raw),8.8 g,339 Kal,20.8 g,2.1 g,64.6 g,3.7 g,122 mg,136 mg,4.9 mg,45 mg,880.4 mg,1.50 mg,3.1 mg,0.27 mg,2.6 mg,7.4 g,,168 mcg,321 mcg,0.45 mg,
511,CR014,"Kacang hijau, kering (Mung bean, raw)",Kacang-Kacangan,Mentah (Raw),15.5 g,323 Kal,22.9 g,1.5 g,56.8 g,3.3 g,223 mg,319 mg,7.5 mg,42 mg,815.7 mg,1.90 mg,2.9 mg,0.15 mg,1.5 mg,7.5 g,,156 mcg,223 mcg,0.46 mg,10 mg
512,CP005,"kacang hijau, rebus",Kacang-Kacangan,Olahan (Processed),71.3 g,109 Kal,8.7 g,0.5 g,18.3 g,1.2 g,95 mg,149 mg,1.5 mg,447 mg,657.8 mg,1.40 mg,2.8 mg,0.04 mg,0.4 mg,1.5 g,,18 mcg,120 mcg,0.12 mg,3 mg
513,CR015,"Kacang hitam, kering (Black turtle bean, raw)",Kacang-Kacangan,Mentah (Raw),12.5 g,346 Kal,16.6 g,1.7 g,66.1 g,3.1 g,70 mg,300 mg,4.7 mg,3 mg,0.0 mg,0.90 mg,3.5 mg,0.10 mg,2.1 mg,22.8 g,,28 mcg,,0.16 mg,
514,CR016,"Kacang kapri, segar (Pea)",Kacang-Kacangan,Mentah (Raw),74.3 g,98 Kal,6.7 g,0.4 g,17.7 g,0.9 g,22 mg,122 mg,1.9 mg,6 mg,296.6 mg,0.21 mg,1.5 mg,0.16 mg,2.5 mg,6.2 g,,,680 mcg,0.34 mg,26 mg
515,CP006,"Kacang kedelai, goreng",Kacang-Kacangan,Olahan (Processed),9.6 g,521 Kal,32.2 g,37.7 g,22.9 g,3.7 g,296 mg,800 mg,6.5 mg,"3,492 mg","11,890.0 mg",26.30 mg,60.0 mg,1.90 mg,19.0 mg,7.6 g,,,20 mcg,0.40 mg,
516,CR017,"Kacang kedelai, kering (Soya bean, dried)",Kacang-Kacangan,Mentah (Raw),12.7 g,381 Kal,40.4 g,16.7 g,24.9 g,5.5 g,222 mg,682 mg,10.0 mg,210 mg,713.4 mg,1.58 mg,3.9 mg,0.12 mg,1.2 mg,3.2 g,,237 mcg,31 mcg,0.52 mg,
517,CP007,"Kacang kedelai, rebus",Kacang-Kacangan,Olahan (Processed),56.8 g,189 Kal,20.2 g,8.2 g,12.7 g,2.1 g,91 mg,270 mg,3.9 mg,181 mg,615.0 mg,1.30 mg,3.7 mg,0.04 mg,0.5 mg,1.6 g,,4 mcg,15 mcg,0.20 mg,0 mg
518,CR018,"Kacang kedelai, segar (Soya bean, fresh)",Kacang-Kacangan,Mentah (Raw),20.0 g,286 Kal,30.2 g,15.6 g,30.1 g,4.1 g,196 mg,506 mg,6.9 mg,28 mg,870.9 mg,1.24 mg,3.6 mg,0.26 mg,1.8 mg,2.9 g,,,95 mcg,0.93 mg,
519,CR019,"Kacang kincai, kering",Kacang-Kacangan,Mentah (Raw),4.2 g,444 Kal,19.9 g,16.0 g,55.0 g,4.9 g,26 mg,,,,,,,0.10 mg,1.9 mg,,,,,0.10 mg,
520,CR020,"Kacang komak, segar (Hyacinth bean, fresh)",Kacang-Kacangan,Mentah (Raw),20.9 g,327 Kal,16.4 g,4.3 g,55.8 g,2.6 g,74 mg,282 mg,4.0 mg,22 mg,"1,137.0 mg",0.90 mg,2.1 mg,0.12 mg,0.1 mg,0.5 g,,,,0.99 mg,
521,CR021,"Kacang kuning, kering (Soya bean)",Kacang-Kacangan,Mentah (Raw),11.7 g,355 Kal,17.0 g,2.5 g,66.0 g,2.8 g,140 mg,220 mg,5.8 mg,1 mg,0.0 mg,0.70 mg,3.2 mg,0.08 mg,1.9 mg,15.1 g,,58 mcg,,0.47 mg,
522,CR022,"Kacang lebui /iris, kering (Pigeon pea, raw)",Kacang-Kacangan,Mentah (Raw),11.8 g,346 Kal,16.5 g,1.5 g,66.6 g,3.6 g,144 mg,368 mg,3.4 mg,17 mg,"1,225.0 mg",1.50 mg,3.3 mg,0.20 mg,0.0 mg,37.3 g,,64 mcg,,0.62 mg,
523,DR096,"Kacang mekah, polong, segar (Sword bean, fresh)",Sayuran,Mentah (Raw),93.6 g,22 Kal,1.1 g,1.0 g,3.4 g,0.9 g,63 mg,296 mg,1.0 mg,2 mg,69.2 mg,0.30 mg,,,0.4 mg,1.1 g,0 mcg,197 mcg,116 mcg,0.02 mg,0 mg
524,CR023,"Kacang mentega, kering (Peanut butter fruit, fresh)",Kacang-Kacangan,Mentah (Raw),13.7 g,344 Kal,16.7 g,2.1 g,64.6 g,2.9 g,110 mg,300 mg,6.7 mg,1 mg,10.0 mg,0.70 mg,2.5 mg,0.07 mg,1.2 mg,13.0 g,,0 mcg,,0.21 mg,
525,CR024,"Kacang merah /banda, kering (Kidney bean, dried)",Kacang-Kacangan,Mentah (Raw),13.0 g,350 Kal,13.9 g,3.0 g,66.9 g,3.2 g,84 mg,242 mg,6.8 mg,19 mg,"1,127.0 mg",0.00 mg,42.0 mg,0.76 mg,0.3 mg,26.3 g,,137 mcg,,0.15 mg,
526,CP008,"Kacang merah kering, rebus",Kacang-Kacangan,Olahan (Processed),59.6 g,158 Kal,10.3 g,0.9 g,28.2 g,1.0 g,160 mg,149 mg,3.7 mg,6 mg,311.0 mg,0.27 mg,1.5 mg,0.09 mg,0.8 mg,2.6 g,,,,0.20 mg,
527,CP009,"Kacang merah segar, rebus",Kacang-Kacangan,Olahan (Processed),63.1 g,144 Kal,10.0 g,1.0 g,24.7 g,1.2 g,144 mg,150 mg,2.8 mg,6 mg,311.0 mg,0.27 mg,1.5 mg,0.08 mg,0.7 mg,3.5 g,,0 mcg,,0.10 mg,
528,CR025,"Kacang merah tua, kering (Dark red kidney bean, dried)",Kacang-Kacangan,Mentah (Raw),12.3 g,280 Kal,16.7 g,1.6 g,63.2 g,6.2 g,209 mg,335 mg,6.4 mg,19 mg,"1,348.5 mg",0.69 mg,2.8 mg,0.08 mg,2.0 mg,4.6 g,,,,0.10 mg,6 mg
529,CR026,"Kacang merah, kering (Kidney bean, kering)",Kacang-Kacangan,Mentah (Raw),17.7 g,314 Kal,22.1 g,1.1 g,56.2 g,2.9 g,502 mg,429 mg,10.3 mg,11 mg,"1,265.5 mg",0.65 mg,2.6 mg,0.72 mg,2.2 mg,4.0 g,,129 mcg,,0.40 mg,
530,CR027,"Kacang merah, segar (Kidney bean, fresh)",Kacang-Kacangan,Mentah (Raw),57.2 g,171 Kal,11.0 g,2.2 g,28.0 g,1.7 g,293 mg,134 mg,3.7 mg,7 mg,360.7 mg,0.34 mg,1.4 mg,0.15 mg,1.1 mg,2.1 g,,0 mcg,10 mcg,0.15 mg,
531,CP010,"Kacang mete/biji jambu monyet, goreng",Kacang-Kacangan,Olahan (Processed),1.0 g,629 Kal,20.4 g,56.3 g,19.8 g,2.5 g,502 mg,493 mg,8.0 mg,13 mg,641.7 mg,4.70 mg,5.4 mg,0.22 mg,1.8 mg,1.1 g,,5 mcg,,0.37 mg,
532,CR028,"Kacang mete/biji jambu monyet, segar (Cashew nut, mentah)",Kacang-Kacangan,Mentah (Raw),4.6 g,616 Kal,16.3 g,48.4 g,28.7 g,2.0 g,26 mg,521 mg,3.8 mg,26 mg,692.0 mg,4.70 mg,4.1 mg,0.03 mg,0.0 mg,0.9 g,,5 mcg,,0.64 mg,
533,CP033,Kacang negara,Kacang-Kacangan,Olahan (Processed),3.1 g,480 Kal,18.4 g,19.1 g,58.5 g,0.9 g,34 mg,404 mg,10.3 mg,"1,010 mg",385.0 mg,2.50 mg,7.1 mg,0.05 mg,2.6 mg,11.7 g,,,,0.63 mg,
534,DP011,"Kacang panjang ,kukus",Sayuran,Olahan (Processed),88.2 g,39 Kal,3.0 g,0.6 g,7.6 g,0.6 g,100 mg,91 mg,1.2 mg,28 mg,199.0 mg,0.11 mg,0.5 mg,0.10 mg,0.3 mg,1.7 g,0 mcg,131 mcg,205 mcg,0.02 mg,20 mg
535,CR029,"Kacang panjang, biji, kering (Yardlong bean, seeded, dried)",Kacang-Kacangan,Mentah (Raw),12.2 g,357 Kal,17.3 g,1.5 g,68.6 g,0.4 g,163 mg,437 mg,6.9 mg,16 mg,"1,109.4 mg",0.35 mg,2.8 mg,0.98 mg,7.1 mg,10.6 g,0 mcg,"2,182 mcg",,0.57 mg,2 mg
536,DP012,"Kacang panjang, rebus",Sayuran,Olahan (Processed),90.9 g,30 Kal,2.3 g,0.4 g,5.8 g,0.6 g,71 mg,68 mg,0.8 mg,24 mg,114.5 mg,0.10 mg,0.4 mg,0.07 mg,0.2 mg,1.4 g,0 mcg,128 mcg,162 mcg,0.00 mg,15 mg
537,DR097,"Kacang panjang, segar (Yard-long bean, fresh)",Sayuran,Mentah (Raw),91.8 g,31 Kal,2.3 g,0.1 g,5.3 g,0.5 g,60 mg,64 mg,0.6 mg,30 mg,213.0 mg,0.10 mg,0.5 mg,0.10 mg,0.3 mg,2.7 g,0 mcg,125 mcg,,0.70 mg,46 mg
538,DR098,Kacang ranti polong,Sayuran,Mentah (Raw),88.5 g,37 Kal,3.1 g,0.2 g,7.9 g,0.3 g,103 mg,126 mg,0.8 mg,,,,,,,2.5 g,,,"2,312 mcg",0.02 mg,6 mg
539,CP034,Kacang sukro,Kacang-Kacangan,Olahan (Processed),4.7 g,484 Kal,8.8 g,26.1 g,57.7 g,2.7 g,49 mg,194 mg,2.5 mg,,,,,,,1.8 g,,,0 mcg,0.06 mg,0 mg
540,CP011,Kacang tanah rebus dg kulit,Kacang-Kacangan,Olahan (Processed),40.2 g,360 Kal,13.5 g,31.2 g,12.8 g,2.3 g,42 mg,177 mg,1.4 mg,32 mg,483.0 mg,1.60 mg,2.0 mg,0.13 mg,9.0 mg,,0 mcg,,,0.44 mg,5 mg
541,CR030,"Kacang tanah sangan (Groundnut, baked)",Kacang-Kacangan,Mentah (Raw),1.2 g,560 Kal,29.5 g,43.0 g,24.1 g,2.2 g,107 mg,366 mg,4.1 mg,34 mg,509.8 mg,1.69 mg,2.1 mg,0.30 mg,15.5 mg,2.9 g,,0 mcg,,0.31 mg,
542,CR031,"Kacang tanah sangan tanpa selaput (Groundnut, baked without husk)",Kacang-Kacangan,Mentah (Raw),2.6 g,559 Kal,26.9 g,44.2 g,23.6 g,2.7 g,74 mg,393 mg,1.9 mg,33 mg,202.3 mg,520.40 mg,1.7 mg,29.47 mg,8.0 mg,2.6 g,0 mcg,0 mcg,,0.30 mg,0 mg
543,CP035,Kacang tanah sari,Kacang-Kacangan,Olahan (Processed),2.1 g,561 Kal,25.5 g,43.8 g,26.0 g,2.6 g,50 mg,324 mg,3.1 mg,,,,,,,2.2 g,,,0 mcg,0.08 mg,0 mg
544,CP012,"Kacang tanah, goreng",Kacang-Kacangan,Olahan (Processed),2.5 g,564 Kal,25.5 g,44.4 g,25.5 g,2.8 g,106 mg,390 mg,4.1 mg,,,,,,,2.8 g,,,,0.40 mg,
545,CR032,"Kacang tanah, kering (Groundnut, dried)",Kacang-Kacangan,Mentah (Raw),9.6 g,525 Kal,27.9 g,42.7 g,17.4 g,2.4 g,316 mg,456 mg,5.7 mg,31 mg,466.5 mg,1.55 mg,1.9 mg,0.27 mg,1.4 mg,2.4 g,,0 mcg,30 mcg,0.44 mg,
546,CP013,"Kacang tanah, rebus",Kacang-Kacangan,Olahan (Processed),62.1 g,220 Kal,10.6 g,18.0 g,8.0 g,1.3 g,89 mg,273 mg,1.9 mg,36 mg,536.2 mg,1.78 mg,2.2 mg,,,1.0 g,,,,0.10 mg,0 mg
547,CR033,"Kacang tolo / tunggak, kering (Cowpea, dried)",Kacang-Kacangan,Mentah (Raw),13.5 g,331 Kal,24.4 g,1.9 g,56.6 g,3.6 g,481 mg,399 mg,13.9 mg,15 mg,7.8 mg,1.03 mg,5.9 mg,0.20 mg,4.3 mg,1.6 g,,65 mcg,,0.06 mg,
548,CP014,"Kacang tolo, rebus",Kacang-Kacangan,Olahan (Processed),64.4 g,138 Kal,10.7 g,1.1 g,22.6 g,1.2 g,165 mg,172 mg,4.0 mg,13 mg,6.7 mg,0.80 mg,6.1 mg,0.17 mg,3.2 mg,0.9 g,,,,0.01 mg,
549,CR034,"Kacang tunis, kering",Kacang-Kacangan,Mentah (Raw),10.5 g,351 Kal,12.2 g,1.2 g,72.9 g,3.2 g,120 mg,220 mg,6.9 mg,1 mg,0.0 mg,1.40 mg,2.9 mg,0.13 mg,2.5 mg,29.5 g,,,,0.57 mg,
550,CR035,"Kacang uci, kering",Kacang-Kacangan,Mentah (Raw),9.9 g,358 Kal,23.4 g,2.4 g,60.6 g,3.7 g,269 mg,264 mg,0.5 mg,13 mg,"1,457.7 mg",0.35 mg,,0.20 mg,2.5 mg,7.4 g,,20 mcg,,0.10 mg,2 mg
551,CR036,"Kacang urei, kering (Rice bean )",Kacang-Kacangan,Mentah (Raw),12.8 g,354 Kal,12.8 g,1.8 g,69.3 g,3.3 g,220 mg,220 mg,5.1 mg,1 mg,0.0 mg,0.70 mg,3.1 mg,0.05 mg,3.5 mg,26.1 g,,,,0.55 mg,
552,DP035,Kadada katembe,Sayuran,Olahan (Processed),80.0 g,110 Kal,4.5 g,6.9 g,7.1 g,1.5 g,26 mg,77 mg,0.0 mg,178 mg,131.0 mg,0.20 mg,0.7 mg,,3.7 mg,3.9 g,,46 mcg,,0.10 mg,23 mg
553,GP072,"Kaholeo, masakan",Ikan/Kerang/Udang dll,Olahan (Processed),11.2 g,413 Kal,28.7 g,19.8 g,29.8 g,10.5 g,909 mg,"1,291 mg",0.0 mg,0 mg,"1,171.0 mg",0.10 mg,3.1 mg,0.03 mg,5.7 mg,,"4,236 mcg",,,1.34 mg,
554,AP054,Kakicak,Serealia,Olahan (Processed),43.9 g,296 Kal,3.4 g,15.1 g,36.7 g,0.9 g,,,,,,,,,,,,,,,
555,DR099,"Kalakai, segar",Sayuran,Mentah (Raw),89.9 g,38 Kal,2.4 g,0.2 g,6.6 g,0.9 g,18 mg,90 mg,1.1 mg,7 mg,443.0 mg,0.40 mg,0.9 mg,0.10 mg,,5.8 g,,44 mcg,,0.30 mg,8 mg
556,FP049,"Kalio ayam, masakan",Daging,Olahan (Processed),64.7 g,203 Kal,16.0 g,13.5 g,4.4 g,1.4 g,278 mg,177 mg,4.2 mg,534 mg,,,,,,,105 mcg,,"3,780 mcg",0.35 mg,0 mg
557,FP050,"Kalio jeroan, masakan",Daging,Olahan (Processed),68.9 g,163 Kal,16.5 g,9.0 g,4.1 g,1.5 g,102 mg,268 mg,7.1 mg,570 mg,,,,,,,298 mcg,,"1,960 mcg",0.70 mg,0 mg
558,FP051,"Kalio kikil (tunjang), masakan",Daging,Olahan (Processed),75.3 g,122 Kal,13.8 g,5.7 g,3.9 g,1.3 g,154 mg,59 mg,3.4 mg,519 mg,,,,,,,36 mcg,,"1,440 mcg",0.38 mg,0 mg
559,FP052,"Kalio otak, masakan",Daging,Olahan (Processed),70.3 g,157 Kal,8.1 g,8.8 g,11.4 g,1.4 g,212 mg,69 mg,3.3 mg,604 mg,,,,,,,32 mcg,,"1,040 mcg",0.45 mg,0 mg
560,HP007,"Kalio telur, masakan",Telur,Olahan (Processed),79.0 g,193 Kal,10.6 g,12.4 g,9.7 g,1.4 g,148 mg,246 mg,3.8 mg,540 mg,,,,,,,160 mcg,,"3,600 mcg",0.44 mg,0 mg
561,FR019,"Kambing, daging, segar (Goat, meat, fresh)",Daging,Mentah (Raw),70.3 g,149 Kal,16.6 g,9.2 g,0.0 g,3.9 g,11 mg,124 mg,1.0 mg,96 mg,268.7 mg,0.31 mg,4.9 mg,0.23 mg,5.0 mg,0.0 g,0 mcg,0 mcg,,0.09 mg,0 mg
562,AP055,Kambose,Serealia,Olahan (Processed),61.5 g,164 Kal,3.0 g,2.4 g,32.6 g,0.7 g,16 mg,36 mg,0.7 mg,0 mg,32.0 mg,0.10 mg,1.6 mg,0.10 mg,0.4 mg,4.3 g,0 mcg,256 mcg,,0.10 mg,
563,DR101,"Kangkung tondano (Kangkong, (tondano), fresh)",Sayuran,Mentah (Raw),88.5 g,43 Kal,1.8 g,0.2 g,8.4 g,1.1 g,72 mg,9 mg,0.7 mg,30 mg,361.0 mg,0.30 mg,0.4 mg,0.10 mg,1.1 mg,4.3 g,,"2,741 mcg",,0.80 mg,23 mg
564,DP013,"Kangkung, kukus",Sayuran,Olahan (Processed),90.4 g,30 Kal,3.2 g,0.7 g,4.7 g,1.0 g,70 mg,49 mg,4.4 mg,45 mg,184.9 mg,0.10 mg,0.3 mg,0.28 mg,1.4 mg,1.8 g,0 mcg,"2,370 mcg","5,837 mcg",0.03 mg,11 mg
565,DP014,"Kangkung, rebus",Sayuran,Olahan (Processed),93.0 g,22 Kal,2.5 g,0.6 g,3.1 g,0.8 g,50 mg,51 mg,3.5 mg,31 mg,98.0 mg,0.10 mg,0.3 mg,0.22 mg,1.2 mg,1.2 g,0 mcg,"2,370 mcg","4,325 mcg",0.01 mg,13 mg
566,DR100,"Kangkung, segar (Kangkong, fresh)",Sayuran,Mentah (Raw),91.0 g,28 Kal,3.4 g,0.7 g,3.9 g,1.0 g,67 mg,54 mg,2.3 mg,65 mg,250.1 mg,0.13 mg,0.4 mg,0.36 mg,2.0 mg,2.0 g,,"2,868 mcg","5,542 mcg",0.07 mg,17 mg
567,DP036,"Kaparende, sayur",Sayuran,Olahan (Processed),91.7 g,38 Kal,2.4 g,2.0 g,2.6 g,1.3 g,126 mg,68 mg,0.0 mg,170 mg,43.0 mg,0.00 mg,0.3 mg,,3.7 mg,1.5 g,,40 mcg,,0.10 mg,22 mg
568,DR102,"Kapri muda, segar (Pease, fresh)",Sayuran,Mentah (Raw),86.8 g,45 Kal,3.3 g,0.2 g,9.0 g,0.7 g,51 mg,85 mg,1.0 mg,2 mg,118.4 mg,0.09 mg,0.7 mg,0.10 mg,0.9 mg,1.8 g,,72 mcg,440 mcg,0.20 mg,49 mg
569,BP032,Kapurung,Umbi Berpati,Olahan (Processed),79.6 g,41 Kal,2.0 g,0.3 g,7.8 g,0.6 g,34 mg,12 mg,0.3 mg,185 mg,566.0 mg,0.10 mg,0.3 mg,0.25 mg,2.7 mg,2.0 g,0 mcg,213 mcg,,0.12 mg,15 mg
570,AP056,Kapusa,Serealia,Olahan (Processed),63.5 g,158 Kal,4.4 g,3.2 g,27.8 g,1.0 g,79 mg,115 mg,1.2 mg,104 mg,149.0 mg,0.50 mg,1.1 mg,0.05 mg,0.1 mg,5.3 g,0 mcg,"1,374 mcg",,0.06 mg,0 mg
571,DR103,Karawila,Sayuran,Mentah (Raw),93.7 g,25 Kal,2.3 g,0.2 g,3.5 g,0.3 g,25 mg,67 mg,0.3 mg,8 mg,88.4 mg,0.08 mg,0.3 mg,0.10 mg,0.4 mg,2.1 g,,21 mcg,,0.10 mg,39 mg
572,DP037,"Karedok, sayur",Sayuran,Olahan (Processed),79.0 g,92 Kal,2.2 g,3.3 g,14.1 g,1.4 g,174 mg,85 mg,2.4 mg,,,,,,,1.4 g,0 mcg,,1 mcg,0.08 mg,3 mg
573,ER042,"Kawista, segar (Wood apple, fresh)",Buah,Mentah (Raw),71.8 g,120 Kal,3.5 g,2.5 g,20.8 g,1.4 g,190 mg,230 mg,1.6 mg,9 mg,"1,015.6 mg",308.43 mg,0.4 mg,0.07 mg,0.4 mg,4.6 g,,99 mcg,,0.07 mg,3 mg
574,NP005,Kecap (Soyabean sauce),Bumbu,Olahan (Processed),63.0 g,71 Kal,5.7 g,1.3 g,9.0 g,21.0 g,123 mg,96 mg,5.7 mg,"1,114 mg",,0.04 mg,,,,0.0 g,0 mcg,,,0.00 mg,0 mg
575,BP033,Kecimpring singkong goreng,Umbi Berpati,Olahan (Processed),3.7 g,464 Kal,1.2 g,18.6 g,73.0 g,3.5 g,82 mg,52 mg,3.4 mg,,,,,,,1.3 g,,,"3,320 mcg",0.34 mg,0 mg
576,DR104,"Kecipir muda, segar (Winged bean, fresh)",Sayuran,Mentah (Raw),90.4 g,32 Kal,2.9 g,0.2 g,5.8 g,0.7 g,63 mg,37 mg,0.3 mg,3 mg,103.8 mg,0.18 mg,0.4 mg,0.11 mg,0.7 mg,5.5 g,,261 mcg,595 mcg,0.24 mg,19 mg
577,DR105,"Kecombrang, segar (Red ginger lily, fresh)",Sayuran,Mentah (Raw),90.0 g,34 Kal,0.9 g,1.0 g,6.7 g,1.4 g,60 mg,16 mg,1.0 mg,47 mg,650.6 mg,,,0.02 mg,0.8 mg,2.6 g,0 mcg,0 mcg,73 mcg,0.00 mg,0 mg
578,AP057,Keddo bodong,Serealia,Olahan (Processed),33.9 g,290 Kal,4.6 g,5.7 g,55.2 g,0.6 g,,,,,,,,,,,,,,,
579,ER043,"Kedondong masak, segar (Ambarella, fresh)",Buah,Mentah (Raw),88.0 g,46 Kal,1.0 g,0.1 g,10.3 g,0.6 g,15 mg,22 mg,2.8 mg,2 mg,216.2 mg,0.03 mg,0.1 mg,0.23 mg,0.3 mg,2.6 g,,164 mcg,233 mcg,0.08 mg,30 mg
580,ER044,"Kedondong, segar  (Ambarella, fresh)",Buah,Mentah (Raw),87.8 g,47 Kal,0.5 g,0.2 g,10.4 g,0.6 g,7 mg,58 mg,0.8 mg,2 mg,0.0 mg,,0.2 mg,0.04 mg,0.4 mg,2.7 g,,167 mcg,,0.07 mg,32 mg
581,JP003,Keju,Susu,Olahan (Processed),38.5 g,326 Kal,22.8 g,20.3 g,13.1 g,5.3 g,777 mg,338 mg,1.5 mg,"1,410 mg",82.7 mg,0.03 mg,3.1 mg,0.37 mg,0.1 mg,0.0 g,227 mcg,128 mcg,,0.01 mg,1 mg
582,CP036,Keju kacang tanah (peanut butter),Kacang-Kacangan,Olahan (Processed),3.0 g,590 Kal,27.0 g,49.0 g,20.9 g,0.1 g,60 mg,360 mg,2.0 mg,355 mg,492.4 mg,0.57 mg,2.7 mg,0.20 mg,16.2 mg,1.6 g,0 mcg,0 mcg,,0.30 mg,0 mg
583,ER045,"Kelapa hutan, kering",Buah,Mentah (Raw),6.0 g,623 Kal,2.0 g,52.1 g,36.5 g,3.4 g,120 mg,280 mg,3.8 mg,100 mg,460.0 mg,1.70 mg,1.9 mg,,0.2 mg,15.3 g,,,,,
584,QR001,"Kelapa muda, air, segar (Coconut, young,  water, fresh)",Minuman Non Alkohol,Mentah (Raw),95.5 g,17 Kal,0.2 g,0.1 g,3.8 g,0.4 g,15 mg,8 mg,0.2 mg,1 mg,149.0 mg,0.04 mg,0.1 mg,0.00 mg,0.0 mg,0.0 g,0 mcg,0 mcg,,0.00 mg,1 mg
585,ER046,"Kelapa muda, daging, segar (Coconut, flesh, Young, fresh )",Buah,Mentah (Raw),83.3 g,68 Kal,1.0 g,0.9 g,14.0 g,0.8 g,7 mg,30 mg,1.0 mg,18 mg,564.6 mg,0.14 mg,0.3 mg,0.02 mg,0.6 mg,0.0 g,0 mcg,0 mcg,,0.06 mg,4 mg
586,KR001,"Kelapa setengah tua, daging, segar (Coconut flesh, half mature, fresh)",Minyak/Lemak,Mentah (Raw),70.0 g,180 Kal,4.0 g,15.0 g,10.0 g,1.0 g,8 mg,55 mg,1.3 mg,4 mg,317.7 mg,0.29 mg,2.9 mg,0.01 mg,0.1 mg,2.4 g,,0 mcg,10 mcg,0.05 mg,4 mg
587,KR002,"Kelapa tua, daging, segar (Coconut, flesh, old, fresh)",Minyak/Lemak,Mentah (Raw),46.9 g,359 Kal,3.4 g,34.7 g,14.0 g,1.0 g,21 mg,98 mg,2.0 mg,3 mg,293.9 mg,0.44 mg,1.1 mg,0.00 mg,0.0 mg,4.7 g,0 mcg,0 mcg,,0.10 mg,2 mg
588,DR106,"Kelawi,kluwih, segar (Breadfruit, fresh)",Sayuran,Mentah (Raw),70.0 g,118 Kal,1.5 g,0.3 g,27.2 g,1.0 g,28 mg,32 mg,0.9 mg,2 mg,500.9 mg,0.09 mg,0.1 mg,0.03 mg,0.9 mg,5.0 g,,0 mcg,20 mcg,0.10 mg,19 mg
589,AP058,"Kelepon, kue",Serealia,Olahan (Processed),49.6 g,215 Kal,3.7 g,3.7 g,41.8 g,1.2 g,232 mg,45 mg,3.3 mg,,,,,0.07 mg,0.2 mg,1.0 g,0 mcg,,872 mcg,0.09 mg,0 mg
590,FR020,"Kelinci, daging, segar (Rabbit, meat, fresh)",Daging,Mentah (Raw),74.3 g,142 Kal,16.9 g,7.8 g,0.0 g,1.0 g,7 mg,350 mg,1.0 mg,49 mg,371.1 mg,,,0.11 mg,6.8 mg,0.0 g,0 mcg,0 mcg,0 mcg,0.11 mg,
591,ER047,"Kemang, segar (Kemang, fresh)",Buah,Mentah (Raw),86.5 g,48 Kal,1.0 g,0.2 g,11.9 g,0.4 g,10 mg,24 mg,0.1 mg,2 mg,88.6 mg,0.04 mg,0.1 mg,0.01 mg,0.3 mg,1.7 g,,318 mcg,6 mcg,0.08 mg,58 mg
592,CP037,Kembang tahu,Kacang-Kacangan,Olahan (Processed),10.8 g,380 Kal,48.9 g,13.8 g,23.3 g,3.2 g,378 mg,781 mg,2.1 mg,55 mg,455.3 mg,0.68 mg,4.2 mg,0.08 mg,0.7 mg,0.0 g,,0 mcg,,0.15 mg,
593,CP038,Kembang tahu rebus,Kacang-Kacangan,Olahan (Processed),79.8 g,90 Kal,10.7 g,4.0 g,4.7 g,0.8 g,85 mg,,,,,,,,,,,,,,
594,DR107,"Kembang turi, segar",Sayuran,Mentah (Raw),87.4 g,51 Kal,1.8 g,0.6 g,9.6 g,0.6 g,23 mg,29 mg,0.9 mg,22 mg,275.3 mg,0.15 mg,0.9 mg,0.12 mg,0.6 mg,5.0 g,,201 mcg,105 mcg,0.13 mg,41 mg
595,NR019,Kemiri (Candle nut),Bumbu,Mentah (Raw),7.0 g,675 Kal,19.0 g,63.0 g,8.0 g,3.0 g,80 mg,200 mg,2.0 mg,25 mg,430.7 mg,0.23 mg,0.8 mg,0.06 mg,0.4 mg,3.0 g,,0 mcg,0 mcg,0.06 mg,0 mg
596,CR037,"Kenari banda, kering (Walnut, banda, dried)",Kacang-Kacangan,Mentah (Raw),13.0 g,616 Kal,13.9 g,56.2 g,13.7 g,3.2 g,0 mg,380 mg,1.4 mg,11 mg,460.0 mg,1.10 mg,3.2 mg,0.08 mg,0.5 mg,,,90 mcg,,0.83 mg,
597,CR038,"Kenari, kering (Walnut, dried)",Kacang-Kacangan,Mentah (Raw),3.0 g,657 Kal,15.0 g,66.0 g,13.0 g,3.0 g,92 mg,691 mg,7.7 mg,3 mg,505.8 mg,0.97 mg,3.0 mg,0.09 mg,0.5 mg,,0 mcg,,,0.42 mg,0 mg
598,BR014,"Kentang hitam, segar (Madagascar potato, fresh)",Umbi Berpati,Mentah (Raw),64.0 g,142 Kal,0.9 g,0.4 g,33.7 g,1.0 g,34 mg,75 mg,0.2 mg,22 mg,890.3 mg,0.90 mg,0.6 mg,0.10 mg,2.2 mg,5.4 g,,0 mcg,,0.02 mg,38 mg
599,BR013,"Kentang, segar (Yam, fresh)",Umbi Berpati,Mentah (Raw),83.4 g,62 Kal,2.1 g,0.2 g,13.5 g,0.8 g,63 mg,58 mg,0.7 mg,7 mg,396.0 mg,0.40 mg,0.3 mg,0.10 mg,1.0 mg,0.5 g,0 mcg,0 mcg,0 mcg,0.09 mg,21 mg
600,GR072,"Keong, segar (Snail, fresh)",Ikan/Kerang/Udang dll,Mentah (Raw),81.0 g,64 Kal,12.0 g,1.0 g,2.0 g,4.0 g,217 mg,78 mg,1.7 mg,231 mg,,0.37 mg,0.1 mg,,,0.0 g,0 mcg,244 mcg,,,
601,JR001,"Kepala susu - krim, segar",Susu,Mentah (Raw),72.5 g,204 Kal,2.6 g,20.0 g,4.0 g,0.9 g,97 mg,77 mg,0.1 mg,,,,,0.20 mg,0.1 mg,0.0 g,252 mcg,191 mcg,,0.03 mg,1 mg
602,GR073,"Kepiting, segar (Crab, fresh)",Ikan/Kerang/Udang dll,Mentah (Raw),68.1 g,151 Kal,13.8 g,3.8 g,14.1 g,0.2 g,210 mg,250 mg,1.1 mg,,,,,,,0.0 g,61 mcg,,,0.05 mg,0 mg
603,GP045,"Kerang, asap, mentah",Ikan/Kerang/Udang dll,Olahan (Processed),9.3 g,393 Kal,38.9 g,13.3 g,29.4 g,9.1 g,420 mg,410 mg,8.5 mg,160 mg,50.0 mg,0.60 mg,3.7 mg,1.70 mg,0.2 mg,,,,,0.30 mg,
604,GP046,"Kerang, dendeng, mentah",Ikan/Kerang/Udang dll,Olahan (Processed),18.3 g,357 Kal,41.1 g,10.0 g,25.6 g,5.0 g,217 mg,904 mg,5.2 mg,,,,,,,0.0 g,0 mcg,,329 mcg,0.27 mg,0 mg
605,GR074,"Kerang, segar",Ikan/Kerang/Udang dll,Mentah (Raw),78.2 g,101 Kal,14.4 g,2.6 g,3.9 g,0.9 g,321 mg,270 mg,15.6 mg,,,,,,,0.0 g,0 mcg,,0 mcg,0.01 mg,0 mg
606,FR021,"Kerbau, daging, segar (Buffalo, meat, fresh)",Daging,Mentah (Raw),80.0 g,79 Kal,18.7 g,0.5 g,0.0 g,0.8 g,14 mg,221 mg,3.3 mg,91 mg,273.0 mg,0.13 mg,1.6 mg,0.17 mg,5.0 mg,0.0 g,,,,0.06 mg,0 mg
607,BP034,Keremes,Umbi Berpati,Olahan (Processed),6.7 g,475 Kal,1.6 g,25.2 g,64.4 g,2.1 g,153 mg,88 mg,1.0 mg,,,,,,,2.1 g,0 mcg,,"1,000 mcg",0.00 mg,0 mg
608,AP059,Kereput,Serealia,Olahan (Processed),3.5 g,580 Kal,4.8 g,39.6 g,51.1 g,1.0 g,,,,,,,,,,,,,,,
609,BR015,"Keribang, ubi, segar",Umbi Berpati,Mentah (Raw),67.0 g,137 Kal,1.3 g,1.1 g,29.8 g,0.8 g,45 mg,56 mg,0.8 mg,10 mg,885.8 mg,0.20 mg,0.3 mg,0.00 mg,0.7 mg,0.6 g,0 mcg,0 mcg,0 mcg,0.00 mg,0 mg
610,DP038,Keripik bayam,Sayuran,Olahan (Processed),2.3 g,586 Kal,4.9 g,40.6 g,50.2 g,1.9 g,236 mg,117 mg,3.6 mg,,,,,,,0.5 g,0 mcg,,"4,544 mcg",0.16 mg,0 mg
611,BP035,Keripik gadung,Umbi Berpati,Olahan (Processed),4.0 g,446 Kal,2.8 g,14.5 g,76.0 g,2.8 g,147 mg,52 mg,1.9 mg,,,,,,,1.7 g,0 mcg,0 mcg,0 mcg,0.95 mg,0 mg
612,BP036,Keripik kentang,Umbi Berpati,Olahan (Processed),7.8 g,448 Kal,2.7 g,18.8 g,67.1 g,3.6 g,25 mg,130 mg,1.2 mg,712 mg,406.0 mg,1.10 mg,,0.05 mg,2.8 mg,3.8 g,,15 mcg,,0.10 mg,0 mg
613,EP004,Keripik lampung,Buah,Olahan (Processed),5.0 g,485 Kal,1.7 g,22.2 g,69.7 g,1.5 g,43 mg,65 mg,0.8 mg,,,,,,,0.6 g,,,"1,464 mcg",0.34 mg,0 mg
614,CP039,Keripik oncom,Kacang-Kacangan,Olahan (Processed),3.0 g,598 Kal,8.3 g,43.8 g,42.6 g,2.2 g,85 mg,153 mg,27.0 mg,,,,,,,3.3 g,,,"1,608 mcg",1.13 mg,0 mg
615,BP037,Keripik singkong,Umbi Berpati,Olahan (Processed),4.2 g,478 Kal,0.9 g,20.7 g,72.0 g,2.2 g,189 mg,101 mg,1.9 mg,,,,,,,2.0 g,0 mcg,0 mcg,0 mcg,0.24 mg,0 mg
616,BP038,Keripik singkong berbumbu,Umbi Berpati,Olahan (Processed),2.2 g,481 Kal,2.2 g,19.7 g,73.6 g,2.3 g,156 mg,103 mg,1.6 mg,,,,,,,1.6 g,0 mcg,,80 mcg,0.31 mg,0 mg
617,CP040,Keripik tempe,Kacang-Kacangan,Olahan (Processed),3.3 g,581 Kal,12.1 g,40.6 g,41.7 g,2.3 g,237 mg,116 mg,6.9 mg,,,,,,,2.2 g,,,320 mcg,0.35 mg,0 mg
618,CP041,Keripik tempe abadi besar,Kacang-Kacangan,Olahan (Processed),4.5 g,556 Kal,15.8 g,37.1 g,39.8 g,2.8 g,112 mg,215 mg,5.4 mg,,,,,,,3.5 g,,,0 mcg,0.63 mg,0 mg
619,CP042,Keripik tempe abadi murni,Kacang-Kacangan,Olahan (Processed),3.2 g,542 Kal,40.3 g,42.4 g,11.6 g,2.7 g,175 mg,529 mg,5.2 mg,,,,,,,2.2 g,,,50 mcg,0.10 mg,0 mg
620,CP043,Keripik tempe abadi sedang,Kacang-Kacangan,Olahan (Processed),4.4 g,510 Kal,12.3 g,27.9 g,52.4 g,3.1 g,122 mg,211 mg,8.4 mg,,,,,,,3.6 g,,,0 mcg,0.52 mg,0 mg
621,CP044,Keripik tempe abadi telur,Kacang-Kacangan,Olahan (Processed),4.5 g,529 Kal,20.8 g,31.7 g,40.2 g,2.9 g,124 mg,222 mg,5.4 mg,,,,,,,3.0 g,,,0 mcg,0.86 mg,0 mg
622,BP039,Keripik ubi,Umbi Berpati,Olahan (Processed),6.0 g,486 Kal,0.2 g,23.9 g,67.6 g,2.3 g,68 mg,92 mg,0.9 mg,52 mg,2.0 mg,0.70 mg,2.3 mg,0.10 mg,0.5 mg,14.3 g,0 mcg,920 mcg,,0.10 mg,0 mg
623,DR108,"Kerokot, segar",Sayuran,Mentah (Raw),93.0 g,26 Kal,1.7 g,0.4 g,3.8 g,1.1 g,103 mg,39 mg,3.6 mg,4 mg,240.5 mg,0.23 mg,0.9 mg,0.09 mg,0.2 mg,1.0 g,,0 mcg,"2,550 mcg",0.03 mg,25 mg
624,CP045,Kerupik tempe abadi prima,Kacang-Kacangan,Olahan (Processed),4.8 g,540 Kal,16.7 g,33.9 g,42.0 g,2.6 g,92 mg,184 mg,3.2 mg,,,,,,,2.2 g,,,"1,080 mcg",0.38 mg,0 mg
625,BP040,Kerupuk cumi goreng,Umbi Berpati,Olahan (Processed),3.4 g,444 Kal,6.9 g,14.6 g,71.3 g,3.8 g,47 mg,375 mg,1.8 mg,837 mg,191.0 mg,0.10 mg,0.3 mg,0.10 mg,1.8 mg,5.0 g,,,,0.40 mg,0 mg
626,BP041,Kerupuk kemplang  (ikan) mentah,Umbi Berpati,Olahan (Processed),14.2 g,325 Kal,1.8 g,0.4 g,78.5 g,5.1 g,59 mg,268 mg,2.3 mg,"1,123 mg",273.0 mg,0.20 mg,0.5 mg,0.10 mg,2.3 mg,4.5 g,32 mcg,0 mcg,,0.60 mg,0 mg
627,BP042,Kerupuk kemplang goreng,Umbi Berpati,Olahan (Processed),5.8 g,504 Kal,5.6 g,28.1 g,57.1 g,3.4 g,50 mg,94 mg,2.9 mg,,,,,,,0.3 g,6 mcg,,280 mcg,0.31 mg,0 mg
628,BP043,Kerupuk kemplang panggang,Umbi Berpati,Olahan (Processed),9.4 g,356 Kal,9.7 g,1.1 g,76.9 g,3.0 g,62 mg,129 mg,2.9 mg,,,,,,,1.0 g,7 mcg,,280 mcg,0.36 mg,0 mg
629,BP044,Kerupuk mie kuning goreng,Umbi Berpati,Olahan (Processed),7.2 g,476 Kal,0.1 g,21.1 g,71.3 g,0.3 g,57 mg,36 mg,4.6 mg,,109.0 mg,0.10 mg,0.2 mg,0.00 mg,0.9 mg,4.2 g,0 mcg,,333 mcg,0.22 mg,0 mg
630,BP045,Kerupuk udang goreng,Umbi Berpati,Olahan (Processed),4.4 g,477 Kal,4.7 g,20.5 g,68.5 g,1.9 g,24 mg,188 mg,0.9 mg,449 mg,109.0 mg,0.10 mg,0.2 mg,0.00 mg,0.9 mg,5.0 g,,0 mcg,,0.20 mg,0 mg
631,FP007,Kerupuk urat,Daging,Olahan (Processed),3.6 g,588 Kal,53.7 g,40.9 g,1.2 g,0.6 g,36 mg,15 mg,1.3 mg,"1,024 mg",37.0 mg,0.10 mg,0.2 mg,,,,"2,802 mcg",,,,
632,ER048,"Kesemek, segar (Persimmons, fresh)",Buah,Mentah (Raw),78.2 g,78 Kal,0.8 g,0.4 g,20.0 g,0.6 g,6 mg,26 mg,0.3 mg,0 mg,34.5 mg,0.13 mg,0.1 mg,0.00 mg,0.1 mg,0.6 g,,109 mcg,"2,710 mcg",0.05 mg,11 mg
633,AP015,"Ketan hitam, matang",Serealia,Olahan (Processed),56.9 g,181 Kal,4.0 g,1.2 g,37.3 g,0.6 g,9 mg,144 mg,1.7 mg,9 mg,18.4 mg,0.10 mg,0.7 mg,0.00 mg,0.5 mg,0.3 g,0 mcg,0 mcg,0 mcg,0.06 mg,0 mg
634,AP017,"Ketan putih, matang",Serealia,Olahan (Processed),60.7 g,163 Kal,3.0 g,0.4 g,35.7 g,0.2 g,4 mg,55 mg,0.7 mg,8 mg,16.8 mg,0.10 mg,0.7 mg,0.00 mg,0.5 mg,0.2 g,0 mcg,0 mcg,0 mcg,0.07 mg,0 mg
635,BR016,"Ketela pohon/ singkong, segar (Cassava, fresh)",Umbi Berpati,Mentah (Raw),61.4 g,154 Kal,1.0 g,0.3 g,36.8 g,0.5 g,77 mg,24 mg,1.1 mg,2 mg,394.0 mg,0.30 mg,0.4 mg,0.10 mg,0.5 mg,0.9 g,0 mcg,0 mcg,0 mcg,0.06 mg,31 mg
636,BP008,Ketela pohon/singkong kukus,Umbi Berpati,Olahan (Processed),61.5 g,153 Kal,1.2 g,0.3 g,36.4 g,0.6 g,56 mg,22 mg,0.4 mg,2 mg,345.3 mg,0.30 mg,0.1 mg,0.00 mg,0.3 mg,1.3 g,0 mcg,0 mcg,0 mcg,0.00 mg,20 mg
637,DR110,"Ketimun krai, segar (Cucumber (krai), fresh)",Sayuran,Mentah (Raw),96.8 g,10 Kal,0.5 g,0.2 g,2.0 g,0.5 g,20 mg,98 mg,1.0 mg,10 mg,82.1 mg,0.03 mg,0.1 mg,0.03 mg,0.1 mg,0.6 g,0 mcg,19 mcg,21 mcg,0.02 mg,3 mg
638,DR111,"Ketimun madura, segar (Cucumber (madura), fresh)",Sayuran,Mentah (Raw),97.1 g,9 Kal,0.5 g,0.1 g,1.9 g,0.4 g,15 mg,102 mg,0.6 mg,2 mg,78.9 mg,0.02 mg,0.1 mg,0.02 mg,0.1 mg,0.7 g,0 mcg,25 mcg,0 mcg,0.02 mg,5 mg
639,DR109,"Ketimun, segar (Cucumber, fresh)",Sayuran,Mentah (Raw),97.9 g,8 Kal,0.2 g,0.2 g,1.4 g,0.3 g,29 mg,95 mg,0.8 mg,2 mg,57.1 mg,0.02 mg,0.1 mg,0.02 mg,0.1 mg,0.3 g,0 mcg,18 mcg,314 mcg,0.01 mg,1 mg
640,AP060,Ketoprak,Serealia,Olahan (Processed),69.1 g,153 Kal,7.9 g,7.7 g,13.0 g,2.6 g,153 mg,134 mg,3.4 mg,,,,,,,2.9 g,3 mcg,,435 mcg,0.05 mg,0 mg
641,NR020,"Ketumbar, kering (Coriander, seed)",Bumbu,Mentah (Raw),11.2 g,418 Kal,14.1 g,16.1 g,54.2 g,4.4 g,630 mg,370 mg,17.9 mg,91 mg,"1,787.0 mg",0.95 mg,4.6 mg,0.35 mg,1.8 mg,12.3 g,,75 mcg,"1,570 mcg",0.20 mg,0 mg
642,AP061,Ketupat kandangan,Serealia,Olahan (Processed),78.5 g,109 Kal,2.2 g,5.2 g,13.4 g,0.7 g,,,,,,,,,,,,,,,
643,AP014,Ketupat ketan,Serealia,Olahan (Processed),52.0 g,212 Kal,4.0 g,4.6 g,38.6 g,0.9 g,8 mg,46 mg,1.0 mg,,,,,,0.2 mg,0.2 g,0 mcg,0 mcg,0 mcg,0.07 mg,0 mg
644,NR021,Kluwek (Pucungmit),Bumbu,Mentah (Raw),51.0 g,310 Kal,10.0 g,24.0 g,13.5 g,1.5 g,40 mg,100 mg,2.0 mg,,,,,,,,,,0 mcg,0.15 mg,30 mg
645,GR075,"Kodok, segar (Frog, fresh)",Ikan/Kerang/Udang dll,Mentah (Raw),81.9 g,73 Kal,16.4 g,0.3 g,0.0 g,1.4 g,18 mg,147 mg,1.1 mg,,,,,,,0.0 g,0 mcg,,,0.14 mg,0 mg
646,ER049,"Kokosan, segar (Langsat, fresh)",Buah,Mentah (Raw),85.0 g,86 Kal,1.6 g,0.2 g,13.0 g,0.2 g,22 mg,38 mg,1.3 mg,2 mg,118.3 mg,0.08 mg,0.2 mg,0.04 mg,1.5 mg,1.4 g,,0 mcg,20 mcg,0.04 mg,3 mg
647,CR039,"Komak polong, segar (Hyacinth bean)",Kacang-Kacangan,Mentah (Raw),74.3 g,99 Kal,3.3 g,0.1 g,21.2 g,1.1 g,50 mg,99 mg,13.1 mg,15 mg,567.0 mg,0.20 mg,0.6 mg,0.03 mg,0.2 mg,10.3 g,,5 mcg,,0.13 mg,
648,DR112,"Komak, segar (Hyacinth bean, fresh)",Sayuran,Mentah (Raw),74.3 g,99 Kal,3.3 g,0.1 g,21.2 g,1.1 g,50 mg,99 mg,13.1 mg,15 mg,567.0 mg,0.20 mg,0.6 mg,0.19 mg,0.1 mg,10.3 g,,5 mcg,,0.20 mg,
649,DR113,"Kool kembang (Cauliflower, fresh/white headed cabbage, fresh)",Sayuran,Mentah (Raw),91.7 g,25 Kal,2.4 g,0.2 g,4.9 g,0.8 g,22 mg,72 mg,1.1 mg,47 mg,187.0 mg,0.04 mg,0.3 mg,0.09 mg,0.6 mg,1.6 g,,24 mcg,90 mcg,0.11 mg,69 mg
650,DR114,"Kool merah,kool putih (Cabbage, fresh)",Sayuran,Mentah (Raw),92.4 g,29 Kal,1.4 g,0.2 g,5.3 g,0.9 g,46 mg,31 mg,0.5 mg,28 mg,236.8 mg,0.29 mg,0.3 mg,0.07 mg,0.3 mg,1.9 g,,46 mcg,80 mcg,0.06 mg,50 mg
651,MP009,"Kopi bubuk instant (Coffee, instant)",Konfeksioneri,Olahan (Processed),2.6 g,129 Kal,12.3 g,0.5 g,35.0 g,9.7 g,179 mg,383 mg,5.6 mg,72 mg,"3,256.0 mg",0.14 mg,0.0 mg,0.21 mg,30.6 mg,0.0 g,,0 mcg,0 mcg,0.00 mg,0 mg
652,CR040,"Koro andong, kering (Jack bean, dried)",Kacang-Kacangan,Mentah (Raw),10.8 g,356 Kal,20.5 g,4.1 g,61.6 g,3.0 g,150 mg,272 mg,6.2 mg,18 mg,301.8 mg,0.73 mg,2.8 mg,0.02 mg,1.4 mg,7.0 g,,0 mcg,,0.29 mg,1 mg
653,CR041,"Koro benguk, biji, kering (Hyacinth bean, seaded,dried)",Kacang-Kacangan,Mentah (Raw),15.0 g,332 Kal,24.0 g,3.0 g,55.0 g,3.0 g,30 mg,200 mg,2.0 mg,42 mg,389.2 mg,1.25 mg,8.7 mg,0.12 mg,1.7 mg,5.6 g,,0 mcg,70 mcg,0.30 mg,0 mg
654,CR042,"Koro kerupuk, biji, segar (Hyacinth bean, seeded, fresh)",Kacang-Kacangan,Mentah (Raw),67.2 g,125 Kal,8.3 g,0.7 g,22.1 g,1.7 g,17 mg,12 mg,2.7 mg,16 mg,150.3 mg,0.48 mg,3.4 mg,0.04 mg,1.1 mg,2.2 g,,0 mcg,80 mcg,0.11 mg,31 mg
655,DR115,"Koro kerupuk, polong (Lablab, hyacinth bean)",Sayuran,Mentah (Raw),67.2 g,128 Kal,8.3 g,0.7 g,22.1 g,1.7 g,17 mg,12 mg,2.7 mg,,,,,,,,,,80 mcg,0.11 mg,31 mg
656,CR043,"Koro loke, biji, segar",Kacang-Kacangan,Mentah (Raw),88.6 g,33 Kal,2.7 g,0.2 g,7.9 g,0.6 g,60 mg,40 mg,2.0 mg,2 mg,38.6 mg,0.09 mg,0.4 mg,0.00 mg,0.2 mg,3.5 g,,0 mcg,40 mcg,0.10 mg,0 mg
657,CR044,"Koro roay, kering (Lima bean, dried)",Kacang-Kacangan,Mentah (Raw),13.0 g,344 Kal,12.5 g,2.1 g,69.4 g,3.0 g,70 mg,103 mg,4.4 mg,18 mg,294.3 mg,0.72 mg,2.7 mg,0.21 mg,1.4 mg,7.5 g,,0 mcg,28 mcg,0.11 mg,1 mg
658,CR045,"Koro wedus, biji, kering (Hyacinth bean)",Kacang-Kacangan,Mentah (Raw),11.8 g,338 Kal,22.2 g,1.5 g,61.0 g,3.5 g,88 mg,395 mg,3.5 mg,43 mg,403.8 mg,1.30 mg,9.1 mg,0.12 mg,1.8 mg,5.8 g,0 mcg,0 mcg,,0.62 mg,0 mg
659,DR116,"Koro wedus, polong",Sayuran,Mentah (Raw),88.0 g,46 Kal,3.0 g,0.3 g,7.9 g,0.8 g,56 mg,47 mg,1.1 mg,2 mg,249.3 mg,0.09 mg,0.4 mg,0.09 mg,0.5 mg,3.3 g,,66 mcg,870 mcg,0.09 mg,17 mg
660,DP039,Kotiu hinela tawang nggole,Sayuran,Olahan (Processed),88.4 g,46 Kal,2.2 g,1.5 g,6.0 g,1.9 g,64 mg,44 mg,0.0 mg,316 mg,103.0 mg,1.60 mg,0.8 mg,,9.7 mg,3.8 g,,75 mcg,,0.30 mg,7 mg
661,AP062,Koya,Serealia,Olahan (Processed),13.2 g,366 Kal,4.2 g,4.3 g,77.5 g,0.8 g,153 mg,222 mg,7.0 mg,,,,,,,0.8 g,0 mcg,,,,0 mg
662,AP063,Koya mirasa,Serealia,Olahan (Processed),7.2 g,370 Kal,8.0 g,1.0 g,82.2 g,1.6 g,83 mg,110 mg,17.0 mg,,,,,0.45 mg,2.6 mg,0.4 g,3 mcg,,144 mcg,0.19 mg,0 mg
663,AP064,Koyabu,Serealia,Olahan (Processed),44.2 g,241 Kal,3.4 g,4.3 g,47.2 g,0.9 g,,,,,,,,,,,,,,,
664,ER050,"Kranji, segar (Sweet inga, fresh)",Buah,Mentah (Raw),20.1 g,315 Kal,2.1 g,1.4 g,73.5 g,2.9 g,160 mg,120 mg,3.7 mg,,,,,,,3.6 g,,,,0.02 mg,
665,DR118,"Kucai muda (Lokio), segar (Rakkyo, fresh)",Sayuran,Mentah (Raw),86.0 g,42 Kal,3.8 g,0.6 g,7.8 g,1.8 g,76 mg,91 mg,2.5 mg,22 mg,449.1 mg,0.11 mg,0.5 mg,0.20 mg,1.8 mg,4.9 g,,"2,744 mcg",500 mcg,0.11 mg,59 mg
666,DR117,"Kucai, segar (Chinese chives, fresh)",Sayuran,Mentah (Raw),86.3 g,45 Kal,2.2 g,0.3 g,10.3 g,0.9 g,52 mg,50 mg,1.1 mg,21 mg,439.5 mg,0.11 mg,0.5 mg,0.20 mg,1.8 mg,4.8 g,,"2,685 mcg",40 mcg,0.11 mg,17 mg
667,FR022,"Kuda, daging, segar (Horse, meat, fresh)",Daging,Mentah (Raw),76.0 g,113 Kal,18.1 g,4.1 g,0.9 g,0.9 g,10 mg,150 mg,2.7 mg,46 mg,315.7 mg,0.13 mg,2.5 mg,0.07 mg,3.0 mg,0.0 g,0 mcg,,,0.07 mg,0 mg
668,AP065,Kue ali,Serealia,Olahan (Processed),12.8 g,440 Kal,3.8 g,18.5 g,64.5 g,0.4 g,27 mg,47 mg,2.5 mg,,,,,0.09 mg,0.0 mg,0.3 g,0 mcg,,0 mcg,0.13 mg,0 mg
669,AP066,Kue bangen,Serealia,Olahan (Processed),5.6 g,442 Kal,3.3 g,14.7 g,74.2 g,2.2 g,,,,,,,,,,,,,,,
670,BP046,Kue bangket,Umbi Berpati,Olahan (Processed),16.1 g,338 Kal,1.5 g,1.2 g,80.3 g,0.9 g,34 mg,35 mg,0.3 mg,67 mg,0.0 mg,0.20 mg,0.2 mg,0.00 mg,0.0 mg,,0 mcg,0 mcg,0 mcg,0.30 mg,
671,AP067,Kue gelang,Serealia,Olahan (Processed),7.1 g,448 Kal,5.8 g,16.1 g,70.0 g,1.0 g,,,,,,,,,,,,,,,
672,AP068,Kue jahe,Serealia,Olahan (Processed),3.7 g,425 Kal,1.6 g,8.8 g,84.6 g,1.3 g,155 mg,61 mg,4.0 mg,,,,,,,1.2 g,,,0 mcg,0.20 mg,0 mg
673,AP069,Kue kelapa,Serealia,Olahan (Processed),3.3 g,591 Kal,5.6 g,42.1 g,47.5 g,1.5 g,32 mg,180 mg,1.6 mg,33 mg,443.0 mg,0.50 mg,1.1 mg,,,,,,,,
674,AP070,Kue koa,Serealia,Olahan (Processed),14.5 g,340 Kal,4.8 g,0.4 g,79.3 g,1.0 g,,,,,,,,,,,,,,,
675,AP071,Kue ku temu,Serealia,Olahan (Processed),46.2 g,214 Kal,3.5 g,0.2 g,49.6 g,0.5 g,,,,,,,,,,,,,,,
676,AP072,Kue lumpur,Serealia,Olahan (Processed),40.1 g,291 Kal,3.6 g,11.1 g,44.1 g,1.1 g,96 mg,60 mg,2.3 mg,,,,,,,,20 mcg,,400 mcg,0.24 mg,
677,AP073,Kue pelita,Serealia,Olahan (Processed),71.0 g,141 Kal,5.3 g,5.5 g,17.6 g,0.6 g,,,,,,,,,,,,,,,
678,AP074,Kue putu cangkir,Serealia,Olahan (Processed),32.6 g,304 Kal,5.3 g,7.0 g,54.9 g,0.2 g,18 mg,193 mg,4.0 mg,,,,,,,0.9 g,0 mcg,,0 mcg,0.06 mg,0 mg
679,BP047,Kue putu singkong,Umbi Berpati,Olahan (Processed),44.2 g,217 Kal,1.2 g,0.5 g,53.2 g,0.9 g,48 mg,68 mg,1.5 mg,3 mg,305.0 mg,,,0.10 mg,0.8 mg,2.4 g,,0 mcg,0 mcg,0.10 mg,
680,AP075,Kue sus,Serealia,Olahan (Processed),56.6 g,221 Kal,7.5 g,10.2 g,24.8 g,0.9 g,105 mg,85 mg,2.5 mg,,,,,,,,26 mcg,,"1,300 mcg",0.12 mg,0 mg
681,AP076,Kue timphan,Serealia,Olahan (Processed),43.0 g,247 Kal,2.9 g,4.2 g,49.5 g,0.4 g,16 mg,107 mg,1.8 mg,95 mg,56.0 mg,1.30 mg,0.8 mg,,,,,,,0.17 mg,
682,DR119,"Kulit melinjo (spanish joint fir, peel, fresh )",Sayuran,Mentah (Raw),71.9 g,111 Kal,4.5 g,1.1 g,20.7 g,1.8 g,117 mg,179 mg,2.6 mg,,,,,,,5.0 g,0 mcg,,"1,267 mcg",0.07 mg,7 mg
683,DR120,"Kundur, segar (Wax gourd, fresh)",Sayuran,Mentah (Raw),94.0 g,22 Kal,0.4 g,0.2 g,4.7 g,0.7 g,3 mg,54 mg,0.5 mg,2 mg,200.0 mg,0.10 mg,0.3 mg,0.03 mg,0.4 mg,1.3 g,,7 mcg,,0.10 mg,1 mg
684,NR022,"Kunyit, segar (Turmeric)",Bumbu,Mentah (Raw),84.9 g,69 Kal,2.0 g,2.7 g,9.1 g,1.3 g,24 mg,78 mg,3.3 mg,6 mg,406.7 mg,0.05 mg,0.4 mg,0.02 mg,0.4 mg,0.6 g,,12 mcg,,0.03 mg,1 mg
685,GR076,"Kura-kura, segar (Turtles, fresh)",Ikan/Kerang/Udang dll,Mentah (Raw),80.0 g,83 Kal,19.1 g,0.2 g,0.0 g,0.7 g,27 mg,87 mg,0.7 mg,,,,,,,0.0 g,0 mcg,,,0.20 mg,0 mg
686,GR077,"Kuro, segar (Threadfin, fresh)",Ikan/Kerang/Udang dll,Mentah (Raw),79.9 g,87 Kal,16.0 g,2.2 g,1.0 g,0.9 g,75 mg,136 mg,1.0 mg,,,,,,,0.0 g,6 mcg,,0 mcg,0.04 mg,0 mg
687,CP046,Kwaci,Kacang-Kacangan,Olahan (Processed),9.9 g,515 Kal,30.6 g,42.1 g,13.8 g,3.7 g,54 mg,312 mg,6.2 mg,124 mg,448.6 mg,0.65 mg,9.7 mg,0.19 mg,0.3 mg,13.6 g,0 mcg,,,0.02 mg,0 mg
688,JP004,Kwark (Quark),Susu,Olahan (Processed),59.0 g,242 Kal,19.0 g,17.0 g,3.0 g,2.0 g,300 mg,350 mg,0.5 mg,37 mg,72.7 mg,0.01 mg,0.2 mg,0.38 mg,0.0 mg,0.0 g,173 mcg,0 mcg,,0.03 mg,
689,DR121,"Labu air, segar (Bottle gourd, fresh)",Sayuran,Mentah (Raw),95.0 g,19 Kal,0.6 g,0.2 g,3.8 g,0.4 g,12 mg,18 mg,0.6 mg,2 mg,168.2 mg,0.03 mg,0.8 mg,0.02 mg,0.4 mg,0.6 g,,11 mcg,70 mcg,0.04 mg,10 mg
690,DR122,"Labu kuning, segar (Pumpkin, fresh)",Sayuran,Mentah (Raw),86.6 g,51 Kal,1.7 g,0.5 g,10.0 g,1.2 g,40 mg,180 mg,0.7 mg,280 mg,220.0 mg,0.35 mg,1.5 mg,0.00 mg,0.1 mg,2.7 g,,"1,569 mcg",,0.20 mg,2 mg
691,DR123,"Labu siam, segar (Chayote, fresh)",Sayuran,Mentah (Raw),92.3 g,30 Kal,0.6 g,0.1 g,6.7 g,0.3 g,14 mg,25 mg,0.5 mg,3 mg,167.1 mg,0.16 mg,1.0 mg,0.00 mg,0.6 mg,6.2 g,,48 mcg,20 mcg,0.02 mg,18 mg
692,DR124,"Labu waluh, segar (Pumpkin, fresh)",Sayuran,Mentah (Raw),91.2 g,32 Kal,1.1 g,0.1 g,6.6 g,1.0 g,45 mg,64 mg,1.4 mg,1 mg,356.2 mg,0.13 mg,0.3 mg,0.12 mg,0.6 mg,0.5 g,,712 mcg,180 mcg,0.08 mg,52 mg
693,AP077,Laksa/Putu mayang,Serealia,Olahan (Processed),73.2 g,121 Kal,1.7 g,3.4 g,21.1 g,0.6 g,,,,,,,,,,,,,,,
694,CR046,"Lamtoro biji, muda, segar (White leadtree, inmature, fresh)",Kacang-Kacangan,Mentah (Raw),77.4 g,85 Kal,5.7 g,0.3 g,15.4 g,1.2 g,180 mg,53 mg,2.7 mg,35 mg,485.7 mg,0.02 mg,1.4 mg,1.15 mg,1.0 mg,10.8 g,,0 mcg,423 mcg,0.08 mg,15 mg
695,CR047,"Lamtoro biji, tua, segar (White leadtree, mature, fresh)",Kacang-Kacangan,Mentah (Raw),61.4 g,148 Kal,10.6 g,0.5 g,26.2 g,1.3 g,155 mg,59 mg,2.2 mg,28 mg,628.5 mg,0.03 mg,2.4 mg,0.49 mg,2.8 mg,17.0 g,,,416 mcg,0.23 mg,20 mg
696,CR048,Lamtoro var. gung tanpa kulit (White leadtree),Kacang-Kacangan,Mentah (Raw),10.2 g,367 Kal,46.4 g,5.4 g,32.5 g,4.4 g,136 mg,441 mg,23.3 mg,65 mg,"1,462.3 mg",0.07 mg,5.6 mg,1.15 mg,1.0 mg,2.6 g,,,"18,900 mcg",0.06 mg,9 mg
697,CR049,Lamtoro var. lokal dengan kulit (White leadtree),Kacang-Kacangan,Mentah (Raw),13.5 g,336 Kal,23.8 g,1.2 g,59.7 g,1.8 g,867 mg,321 mg,1.5 mg,134 mg,"1,858.9 mg",0.07 mg,5.4 mg,1.34 mg,0.9 mg,15.4 g,,,321 mcg,0.15 mg,16 mg
698,ER051,"Langsat, segar (Langsat, fresh)",Buah,Mentah (Raw),84.1 g,56 Kal,0.9 g,0.2 g,14.3 g,0.5 g,17 mg,24 mg,1.1 mg,1 mg,232.0 mg,0.09 mg,0.2 mg,0.00 mg,0.8 mg,1.4 g,,,0 mcg,0.07 mg,9 mg
699,DR125,"Lantar, segar",Sayuran,Mentah (Raw),91.2 g,34 Kal,2.2 g,0.3 g,5.5 g,0.8 g,10 mg,58 mg,0.4 mg,3 mg,155.0 mg,0.20 mg,0.4 mg,0.07 mg,0.4 mg,2.9 g,,38 mcg,,0.30 mg,4 mg
700,BP048,Lanting getuk,Umbi Berpati,Olahan (Processed),4.2 g,422 Kal,0.9 g,10.8 g,80.4 g,3.8 g,206 mg,104 mg,3.6 mg,,,,,,,1.4 g,0 mcg,,0 mcg,0.43 mg,0 mg
701,AP078,Lapis legit,Serealia,Olahan (Processed),21.3 g,389 Kal,6.6 g,15.7 g,55.5 g,0.9 g,16 mg,136 mg,1.9 mg,,,,,0.09 mg,3.0 mg,0.5 g,41 mcg,,"1,032 mcg",0.26 mg,0 mg
702,FP053,"Lawar babi, masakan",Daging,Olahan (Processed),68.8 g,174 Kal,17.0 g,10.0 g,3.0 g,1.2 g,61 mg,141 mg,3.0 mg,,,,0.0 mg,,0.0 mg,0.0 g,,0 mcg,,0.10 mg,
703,FP054,"Lawar penyu, masakan",Daging,Olahan (Processed),66.3 g,141 Kal,23.0 g,1.5 g,7.6 g,1.6 g,69 mg,141 mg,6.0 mg,,,,0.0 mg,,0.0 mg,0.0 g,,0 mcg,,0.10 mg,
704,FP055,"Lawara jangang, masakan",Daging,Olahan (Processed),72.4 g,159 Kal,5.0 g,10.9 g,10.1 g,1.6 g,57 mg,107 mg,1.5 mg,400 mg,"2,368.0 mg",0.10 mg,1.0 mg,0.16 mg,,,14 mcg,,,0.25 mg,
705,GP073,Lawara penjah,Ikan/Kerang/Udang dll,Olahan (Processed),64.5 g,207 Kal,7.4 g,15.4 g,9.6 g,2.9 g,114 mg,219 mg,5.9 mg,683 mg,117.0 mg,0.50 mg,0.7 mg,0.04 mg,,,0 mcg,38 mcg,,0.19 mg,14 mg
706,EP005,Ledre pisang,Buah,Olahan (Processed),3.6 g,405 Kal,4.8 g,5.1 g,84.9 g,1.6 g,59 mg,124 mg,2.6 mg,,,,,,,0.4 g,,4 mcg,"7,330 mcg",0.41 mg,0 mg
707,DP040,Lema/ Rebung asam,Sayuran,Olahan (Processed),96.3 g,15 Kal,1.0 g,0.4 g,1.9 g,0.4 g,17 mg,230 mg,2.9 mg,3 mg,156.0 mg,0.10 mg,0.7 mg,0.00 mg,,,,,,0.30 mg,
708,KR003,"Lemak babi  (lard) (pork, fat, lord)",Minyak/Lemak,Mentah (Raw),0.0 g,902 Kal,0.0 g,100.0 g,0.0 g,0.0 g,0 mg,0 mg,0.0 mg,0 mg,0.0 mg,9.00 mg,0.1 mg,0.00 mg,0.0 mg,0.0 g,0 mcg,0 mcg,,0.00 mg,0 mg
709,KR004,"Lemak babi (bacon) (pork, fat, bacon)",Minyak/Lemak,Mentah (Raw),20.0 g,626 Kal,9.1 g,65.0 g,1.1 g,4.8 g,13 mg,108 mg,0.8 mg,0 mg,0.0 mg,0.00 mg,0.9 mg,0.00 mg,0.0 mg,0.0 g,0 mcg,0 mcg,,0.38 mg,0 mg
710,KR005,"Lemak ikan (Fish, fat)",Minyak/Lemak,Mentah (Raw),43.3 g,372 Kal,12.0 g,29.4 g,14.4 g,0.3 g,20 mg,230 mg,32.7 mg,60 mg,52.0 mg,0.40 mg,1.1 mg,0.13 mg,,0.0 g,,,,0.49 mg,
711,KR006,"Lemak kerbau (lemak sapi) (fat, buffalo)",Minyak/Lemak,Mentah (Raw),5.0 g,818 Kal,1.5 g,90.0 g,0.0 g,3.5 g,0 mg,0 mg,0.0 mg,29 mg,25.8 mg,0.00 mg,0.0 mg,0.00 mg,0.7 mg,0.0 g,0 mcg,283 mcg,,0.00 mg,0 mg
712,ER052,"Lemon, segar (Lemon, fresh)",Buah,Mentah (Raw),92.2 g,34 Kal,0.5 g,0.8 g,6.2 g,0.3 g,23 mg,20 mg,0.3 mg,31 mg,140.0 mg,0.10 mg,0.2 mg,0.12 mg,0.3 mg,0.1 g,,0 mcg,,0.09 mg,50 mg
713,EP006,Lempog durian,Buah,Olahan (Processed),25.2 g,320 Kal,3.5 g,5.7 g,63.7 g,1.9 g,190 mg,93 mg,2.5 mg,,,,,0.04 mg,,4.9 g,,,,0.05 mg,
714,BR017,Lepok/Ubi rumput,Umbi Berpati,Mentah (Raw),55.3 g,181 Kal,2.8 g,1.2 g,39.8 g,0.9 g,7 mg,50 mg,3.1 mg,116 mg,306.0 mg,1.60 mg,0.9 mg,0.05 mg,1.5 mg,10.7 g,0 mcg,0 mcg,0 mcg,0.28 mg,0 mg
715,DP041,Lilin bungkus gedi,Sayuran,Olahan (Processed),84.8 g,79 Kal,2.3 g,5.2 g,5.8 g,1.9 g,170 mg,70 mg,0.9 mg,170 mg,50.0 mg,0.20 mg,0.8 mg,0.10 mg,0.0 mg,2.5 g,,,,0.20 mg,18 mg
716,DR126,"Lobak, segar (Turnip, fresh)",Sayuran,Mentah (Raw),94.1 g,21 Kal,0.9 g,0.1 g,4.2 g,0.7 g,35 mg,26 mg,0.6 mg,49 mg,109.3 mg,0.03 mg,0.2 mg,0.04 mg,0.3 mg,1.4 g,,0 mcg,10 mcg,0.03 mg,32 mg
717,EP007,Loka anjoro,Buah,Olahan (Processed),63.3 g,163 Kal,1.1 g,4.3 g,30.0 g,1.3 g,,,,,,,,,,,,,,,
718,GR078,"Lokan, segar",Ikan/Kerang/Udang dll,Mentah (Raw),80.9 g,217 Kal,11.0 g,1.7 g,5.1 g,1.3 g,20 mg,390 mg,10.9 mg,3 mg,7.0 mg,0.20 mg,2.7 mg,0.07 mg,,,,,,0.45 mg,
719,ER053,"Lontar, segar (Palmyra palm, fresh)",Buah,Mentah (Raw),93.0 g,27 Kal,0.4 g,0.2 g,6.0 g,0.4 g,91 mg,243 mg,0.5 mg,,,,,,,1.6 g,,,,0.03 mg,
720,DR127,"Lumai/Leunca, segar (Glossy nightshade, fresh)",Sayuran,Mentah (Raw),90.5 g,38 Kal,1.1 g,0.3 g,7.6 g,0.5 g,7 mg,55 mg,1.0 mg,2 mg,,0.10 mg,0.3 mg,0.10 mg,0.6 mg,2.0 g,,25 mcg,,0.20 mg,17 mg
721,AP079,Lupis ketan,Serealia,Olahan (Processed),61.0 g,164 Kal,1.8 g,2.1 g,34.5 g,0.6 g,119 mg,31 mg,1.5 mg,,,,,0.00 mg,0.2 mg,0.7 g,0 mcg,,0 mcg,0.09 mg,0 mg
722,MP010,Madu (Honey),Konfeksioneri,Olahan (Processed),20.0 g,294 Kal,0.3 g,0.0 g,79.5 g,0.2 g,5 mg,16 mg,0.9 mg,6 mg,26.9 mg,0.04 mg,0.2 mg,0.04 mg,0.1 mg,0.2 g,0 mcg,0 mcg,,0.00 mg,4 mg
723,AP019,"Maizena, tepung",Serealia,Olahan (Processed),14.0 g,341 Kal,0.3 g,0.0 g,85.0 g,0.7 g,20 mg,30 mg,1.5 mg,6 mg,9.0 mg,0.22 mg,1.6 mg,0.09 mg,1.3 mg,7.0 g,0 mcg,0 mcg,0 mcg,0.00 mg,0 mg
724,AP020,"Makaroni, mentah",Serealia,Olahan (Processed),11.7 g,353 Kal,8.7 g,0.4 g,78.7 g,2.5 g,20 mg,80 mg,0.3 mg,5 mg,0.0 mg,0.28 mg,1.4 mg,0.13 mg,2.2 mg,4.9 g,,,0 mcg,0.10 mg,0 mg
725,AP080,Manan samin,Serealia,Olahan (Processed),27.1 g,379 Kal,3.4 g,18.1 g,50.6 g,0.8 g,,,,,,,,,,,,,,,
726,ER055,"Mangga benggala, segar (Mango, benggala, fresh)",Buah,Mentah (Raw),84.4 g,63 Kal,2.4 g,0.4 g,12.4 g,0.4 g,9 mg,13 mg,0.2 mg,3 mg,79.0 mg,0.10 mg,0.1 mg,0.01 mg,0.4 mg,5.8 g,,10 mcg,,0.18 mg,43 mg
727,ER056,"Mangga gedung, segar (Mango, gedung, fresh)",Buah,Mentah (Raw),87.4 g,44 Kal,0.7 g,0.2 g,11.2 g,0.5 g,13 mg,10 mg,0.2 mg,2 mg,83.6 mg,0.04 mg,0.1 mg,0.01 mg,0.3 mg,1.6 g,,113 mcg,"16,400 mcg",0.08 mg,30 mg
728,ER057,"Mangga golek, segar (Mango, golek, fresh)",Buah,Mentah (Raw),82.2 g,63 Kal,0.5 g,0.2 g,16.7 g,0.4 g,14 mg,10 mg,0.7 mg,3 mg,118.1 mg,0.05 mg,0.1 mg,0.02 mg,0.4 mg,2.3 g,,160 mcg,"3,715 mcg",0.08 mg,65 mg
729,ER058,"Mangga harumanis, segar (Mango, harumanis, fresh)",Buah,Mentah (Raw),86.6 g,46 Kal,0.4 g,0.2 g,11.9 g,0.8 g,15 mg,9 mg,0.2 mg,2 mg,88.9 mg,0.04 mg,0.1 mg,0.01 mg,0.3 mg,1.7 g,,120 mcg,"1,200 mcg",0.08 mg,6 mg
730,ER059,"Mangga indramayu, segar (Mango, indramayu, fresh)",Buah,Mentah (Raw),80.2 g,72 Kal,0.8 g,0.2 g,18.7 g,0.1 g,13 mg,10 mg,1.9 mg,3 mg,131.4 mg,0.06 mg,0.1 mg,0.02 mg,0.5 mg,2.5 g,,178 mcg,"2,900 mcg",0.06 mg,16 mg
731,ER060,"Mangga kopek, segar (Mango, kopek, fresh)",Buah,Mentah (Raw),84.5 g,56 Kal,0.4 g,0.2 g,14.6 g,0.3 g,16 mg,10 mg,1.7 mg,2 mg,102.9 mg,0.04 mg,0.1 mg,0.01 mg,0.4 mg,2.0 g,,139 mcg,"6,520 mcg",0.03 mg,27 mg
732,ER061,"Mangga kwini, segar (Mango, kwini, fresh)",Buah,Mentah (Raw),78.6 g,86 Kal,0.7 g,0.5 g,19.8 g,0.4 g,11 mg,11 mg,0.2 mg,1 mg,16.0 mg,0.10 mg,0.1 mg,0.02 mg,0.5 mg,6.5 g,,932 mcg,,0.15 mg,18 mg
733,ER062,"Mangga manalagi, segar (Mango, manalagi, fresh)",Buah,Mentah (Raw),66.5 g,133 Kal,1.0 g,0.1 g,32.1 g,0.3 g,20 mg,23 mg,1.0 mg,70 mg,161.0 mg,0.00 mg,0.0 mg,0.00 mg,0.6 mg,11.8 g,0 mcg,4 mcg,,0.07 mg,61 mg
734,ER063,"Mangga muda, segar (Mango, unripe, fresh)",Buah,Mentah (Raw),83.7 g,59 Kal,0.5 g,0.4 g,15.1 g,0.3 g,12 mg,11 mg,0.4 mg,2 mg,108.2 mg,0.05 mg,0.1 mg,0.02 mg,0.4 mg,,,146 mcg,85 mcg,0.06 mg,2 mg
735,ER054,"Mangga, segar (Mango, fresh)",Buah,Mentah (Raw),86.6 g,52 Kal,0.7 g,0.0 g,12.3 g,0.2 g,20 mg,16 mg,1.0 mg,3 mg,140.0 mg,0.33 mg,0.0 mg,0.01 mg,0.3 mg,1.6 g,,316 mcg,,0.03 mg,12 mg
736,ER064,"Manggis, segar (Mangosteen, fresh)",Buah,Mentah (Raw),83.0 g,63 Kal,0.6 g,0.6 g,15.6 g,0.2 g,8 mg,12 mg,0.8 mg,10 mg,61.9 mg,0.10 mg,0.1 mg,0.03 mg,0.3 mg,1.5 g,,0 mcg,0 mcg,0.03 mg,5 mg
737,KP001,Margarin (Butter),Minyak/Lemak,Olahan (Processed),15.5 g,720 Kal,0.6 g,81.0 g,0.4 g,2.5 g,20 mg,16 mg,0.0 mg,760 mg,25.9 mg,0.00 mg,0.0 mg,0.00 mg,0.0 mg,0.0 g,606 mcg,633 mcg,,0.00 mg,0 mg
738,MP011,Markisa squash,Konfeksioneri,Olahan (Processed),46.7 g,217 Kal,2.5 g,1.0 g,49.6 g,0.2 g,6 mg,83 mg,0.6 mg,14 mg,65.0 mg,0.00 mg,0.1 mg,0.02 mg,0.0 mg,,,23 mcg,75 mcg,0.07 mg,14 mg
739,MP012,"Markisa squash, BD (Squash, markisa)",Konfeksioneri,Olahan (Processed),74.4 g,104 Kal,1.2 g,0.5 g,23.7 g,0.2 g,1 mg,88 mg,0.5 mg,40 mg,40.0 mg,0.00 mg,0.1 mg,0.02 mg,0.0 mg,,,7 mcg,40 mcg,0.20 mg,12 mg
740,ER065,"Markisa, segar (Giant Granadilla, fresh)",Buah,Mentah (Raw),64.7 g,144 Kal,3.5 g,1.2 g,29.8 g,0.8 g,27 mg,203 mg,1.4 mg,37 mg,453.8 mg,0.11 mg,0.1 mg,0.17 mg,2.0 mg,11.4 g,0 mcg,969 mcg,691 mcg,0.02 mg,10 mg
741,AP081,Martabak india,Serealia,Olahan (Processed),65.8 g,153 Kal,4.5 g,4.2 g,24.3 g,1.2 g,14 mg,108 mg,2.4 mg,240 mg,112.0 mg,0.40 mg,0.5 mg,,,,,,,,
742,AP082,Martabak mesir,Serealia,Olahan (Processed),40.2 g,278 Kal,5.1 g,8.6 g,45.0 g,1.1 g,49 mg,168 mg,3.4 mg,193 mg,123.0 mg,0.20 mg,0.9 mg,,,,,,,,
743,AP083,Masekat,Serealia,Olahan (Processed),15.6 g,369 Kal,2.1 g,7.0 g,74.1 g,0.8 g,17 mg,52 mg,0.8 mg,141 mg,12.0 mg,0.40 mg,0.3 mg,,,4.0 g,155 mcg,,,,
744,ER066,"Matoa, segar (Matoa, fresh)",Buah,Mentah (Raw),76.5 g,90 Kal,1.2 g,0.1 g,21.1 g,1.1 g,20 mg,40 mg,0.6 mg,10 mg,190.0 mg,0.30 mg,0.6 mg,0.09 mg,0.5 mg,0.5 g,,2 mcg,,0.18 mg,54 mg
745,MP013,Melase,Konfeksioneri,Olahan (Processed),21.2 g,276 Kal,,0.1 g,71.0 g,7.7 g,6 mg,83 mg,0.6 mg,14 mg,,0.00 mg,0.3 mg,,,0.0 g,0 mcg,0 mcg,,0.04 mg,0 mg
746,CP047,Melinjo emping tebal goreng manis,Kacang-Kacangan,Olahan (Processed),5.6 g,439 Kal,10.0 g,16.4 g,65.7 g,2.3 g,66 mg,225 mg,,,,,,,,,,,0 mcg,0.10 mg,0 mg
747,CP048,"Melinjo emping tebal, goreng asin",Kacang-Kacangan,Olahan (Processed),8.0 g,431 Kal,11.1 g,16.2 g,63.0 g,1.6 g,77 mg,,,,,,,,,,,,0 mcg,0.08 mg,0 mg
748,CP049,Melinjo emping tipis goreng,Kacang-Kacangan,Olahan (Processed),3.3 g,485 Kal,11.5 g,24.5 g,59.1 g,1.5 g,85 mg,218 mg,,,,,,,,,,,0 mcg,0.11 mg,0 mg
749,DR128,"Melinjo, segar (spanish joint fir, fresh)",Sayuran,Mentah (Raw),80.0 g,66 Kal,5.0 g,0.7 g,13.3 g,1.0 g,163 mg,75 mg,2.8 mg,,,,,,,,,,"1,000 mcg",0.10 mg,100 mg
750,ER067,"Melon, segar",Buah,Mentah (Raw),90.8 g,37 Kal,0.6 g,0.4 g,7.8 g,0.5 g,12 mg,14 mg,0.4 mg,27 mg,167.0 mg,0.30 mg,0.1 mg,0.10 mg,0.0 mg,1.0 g,,1 mcg,0 mcg,0.02 mg,0 mg
751,FP008,"Menjangan, daging, dendeng, mentah",Daging,Olahan (Processed),14.3 g,322 Kal,55.8 g,2.0 g,22.7 g,5.3 g,55 mg,310 mg,2.1 mg,765 mg,"1,282.0 mg",1.70 mg,3.2 mg,,,,"3,391 mcg",26 mcg,,,
752,KP002,Mentega (Margarine),Minyak/Lemak,Olahan (Processed),16.0 g,742 Kal,0.5 g,81.6 g,1.4 g,1.9 g,15 mg,16 mg,1.1 mg,653 mg,103.0 mg,0.00 mg,0.4 mg,0.10 mg,0.0 mg,0.0 g,"1,000 mcg",155 mcg,,0.00 mg,
753,ER068,"Menteng, segar (Kepundung, fresh)",Buah,Mentah (Raw),79.0 g,65 Kal,1.7 g,0.3 g,16.1 g,2.9 g,13 mg,20 mg,0.8 mg,,,,,,,,,,0 mcg,0.00 mg,
754,NR023,"Merica, kering (Pepper)",Bumbu,Mentah (Raw),12.9 g,365 Kal,11.5 g,6.8 g,64.4 g,4.4 g,460 mg,200 mg,16.4 mg,4 mg,99.7 mg,0.89 mg,1.1 mg,0.10 mg,2.5 mg,1.0 g,,0 mcg,,0.20 mg,
755,AP021,Mi basah,Serealia,Olahan (Processed),80.0 g,88 Kal,0.6 g,3.3 g,14.0 g,2.1 g,14 mg,13 mg,6.8 mg,63 mg,13.5 mg,0.06 mg,0.4 mg,0.00 mg,0.0 mg,0.1 g,,0 mcg,,0.00 mg,0 mg
756,BP049,Mi golosor,Umbi Berpati,Olahan (Processed),82.9 g,71 Kal,0.2 g,0.8 g,15.9 g,0.2 g,117 mg,5 mg,0.2 mg,,,,,0.02 mg,0.0 mg,0.1 g,0 mcg,,112 mcg,0.05 mg,0 mg
757,AP022,Mi kering,Serealia,Olahan (Processed),10.6 g,339 Kal,10.0 g,1.7 g,6.3 g,1.4 g,31 mg,143 mg,3.9 mg,760 mg,83.0 mg,0.29 mg,1.9 mg,0.08 mg,2.2 mg,0.4 g,,,0 mcg,0.00 mg,0 mg
758,AP084,Mie aceh rebus,Serealia,Olahan (Processed),74.6 g,113 Kal,3.0 g,3.2 g,18.1 g,1.1 g,22 mg,44 mg,1.4 mg,191 mg,36.0 mg,0.20 mg,0.3 mg,0.00 mg,0.0 mg,,0 mcg,0 mcg,,0.00 mg,0 mg
759,AP085,Mie ayam,Serealia,Olahan (Processed),78.6 g,102 Kal,6.2 g,3.9 g,10.5 g,0.8 g,262 mg,51 mg,1.8 mg,279 mg,,,,,0.0 mg,,39 mcg,,166 mcg,0.85 mg,0 mg
760,AP086,Mie bakso,Serealia,Olahan (Processed),74.5 g,114 Kal,5.3 g,3.0 g,16.4 g,0.8 g,286 mg,53 mg,1.9 mg,760 mg,,,,,,0.1 g,17 mcg,,180 mcg,0.16 mg,0 mg
761,BP050,Mie Bendo,Umbi Berpati,Olahan (Processed),11.5 g,353 Kal,0.3 g,0.0 g,88.0 g,0.2 g,28 mg,14 mg,2.8 mg,9 mg,49.2 mg,0.50 mg,0.1 mg,0.00 mg,0.1 mg,2.4 g,,2 mcg,0 mcg,0.02 mg,0 mg
762,AP087,Mie celon,Serealia,Olahan (Processed),75.9 g,102 Kal,3.0 g,2.1 g,17.8 g,1.2 g,12 mg,84 mg,1.4 mg,451 mg,112.0 mg,0.10 mg,0.5 mg,0.00 mg,0.0 mg,,0 mcg,0 mcg,,0.00 mg,0 mg
763,AP088,Mie pangsit basah,Serealia,Olahan (Processed),79.2 g,105 Kal,5.9 g,4.9 g,9.4 g,0.7 g,208 mg,48 mg,2.0 mg,530 mg,,,,,,,25 mcg,,620 mcg,0.46 mg,0 mg
764,BP051,Mie Sagu,Umbi Berpati,Olahan (Processed),52.8 g,190 Kal,0.2 g,0.4 g,46.5 g,0.1 g,8 mg,7 mg,0.3 mg,10 mg,2.6 mg,0.10 mg,0.0 mg,0.40 mg,0.0 mg,1.4 g,,2 mcg,0 mcg,0.00 mg,0 mg
765,KR007,"Minyak hiu, hati (shark, fish, liver, oil)",Minyak/Lemak,Mentah (Raw),0.0 g,902 Kal,0.0 g,100.0 g,0.0 g,0.0 g,0 mg,0 mg,0.0 mg,0 mg,0.0 mg,0.00 mg,0.0 mg,0.00 mg,0.0 mg,0.0 g,"21,212 mcg",0 mcg,,0.00 mg,0 mg
766,KR008,"Minyak ikan (Fish, oil)",Minyak/Lemak,Mentah (Raw),0.0 g,902 Kal,0.0 g,100.0 g,0.0 g,0.0 g,0 mg,0 mg,0.0 mg,0 mg,0.0 mg,0.00 mg,0.0 mg,0.00 mg,0.0 mg,0.0 g,"24,242 mcg",0 mcg,,0.00 mg,0 mg
767,KR009,Minyak kacang tanah (Peanut oil),Minyak/Lemak,Mentah (Raw),0.0 g,902 Kal,0.0 g,100.0 g,0.0 g,0.0 g,0 mg,0 mg,0.0 mg,0 mg,0.0 mg,0.00 mg,0.0 mg,0.00 mg,0.0 mg,0.0 g,0 mcg,0 mcg,,0.00 mg,0 mg
768,KR010,Minyak kedelai (Soybean oil),Minyak/Lemak,Mentah (Raw),0.1 g,883 Kal,0.0 g,99.9 g,0.0 g,0.0 g,0 mg,0 mg,0.0 mg,0 mg,0.1 mg,0.00 mg,0.0 mg,0.00 mg,0.0 mg,0.0 g,0 mcg,0 mcg,,0.00 mg,0 mg
769,KR011,Minyak kelapa (Coconut oil),Minyak/Lemak,Mentah (Raw),0.0 g,870 Kal,1.0 g,98.0 g,0.0 g,1.0 g,0 mg,0 mg,0.0 mg,0 mg,0.0 mg,0.00 mg,0.0 mg,0.00 mg,0.0 mg,0.0 g,0 mcg,0 mcg,,0.00 mg,0 mg
770,KR012,Minyak kelapa sawit (Palm oil),Minyak/Lemak,Mentah (Raw),0.0 g,884 Kal,0.0 g,100.0 g,0.0 g,0.0 g,0 mg,0 mg,0.0 mg,0 mg,0.0 mg,0.00 mg,0.0 mg,0.00 mg,0.0 mg,0.0 g,,"18,181 mcg",,0.00 mg,0 mg
771,KR013,Minyak wijen (Sesame oil),Minyak/Lemak,Mentah (Raw),0.1 g,881 Kal,0.2 g,99.7 g,0.0 g,0.0 g,10 mg,5 mg,0.1 mg,2 mg,20.0 mg,0.00 mg,0.0 mg,0.07 mg,0.1 mg,0.0 g,0 mcg,0 mcg,,0.01 mg,0 mg
772,KR014,Minyak Zaitun (Olive oil),Minyak/Lemak,Mentah (Raw),0.0 g,884 Kal,0.0 g,100.0 g,0.0 g,0.0 g,14 mg,0 mg,1.2 mg,7 mg,0.0 mg,0.00 mg,0.0 mg,0.00 mg,5.0 mg,0.0 g,,0 mcg,,0.00 mg,
773,AP023,Misoa,Serealia,Olahan (Processed),10.0 g,345 Kal,8.5 g,2.2 g,78.0 g,1.3 g,52 mg,120 mg,8.7 mg,"3,064 mg",44.0 mg,0.08 mg,0.0 mg,0.02 mg,0.2 mg,0.5 g,0 mcg,0 mcg,0 mcg,0.00 mg,0 mg
774,GP074,"Model, masakan",Ikan/Kerang/Udang dll,Olahan (Processed),83.9 g,79 Kal,2.2 g,4.0 g,8.6 g,1.3 g,8 mg,33 mg,0.8 mg,147 mg,34.0 mg,0.10 mg,0.5 mg,0.02 mg,,,,,,0.16 mg,
775,CP050,Moon tahu,Kacang-Kacangan,Olahan (Processed),79.9 g,128 Kal,8.0 g,10.0 g,1.3 g,0.8 g,205 mg,92 mg,2.5 mg,393 mg,,,,,,0.2 g,131 mcg,,"5,300 mcg",0.46 mg,0 mg
776,DR129,"Mostarda metan -sawi (Indian mustard, fresh)",Sayuran,Mentah (Raw),91.4 g,33 Kal,2.3 g,0.5 g,4.7 g,1.1 g,60 mg,30 mg,3.1 mg,20 mg,100.0 mg,0.10 mg,0.4 mg,0.10 mg,0.1 mg,1.8 g,,"1,575 mcg",,0.20 mg,12 mg
777,GP075,"Mujahir acar kuning, masakan",Ikan/Kerang/Udang dll,Olahan (Processed),43.1 g,330 Kal,17.8 g,23.4 g,12.1 g,4.6 g,154 mg,357 mg,5.3 mg,,,,,,,1.1 g,24 mcg,,"4,130 mcg",0.15 mg,0 mg
778,FP056,"Naan maran sapi, masakan",Daging,Olahan (Processed),14.8 g,478 Kal,38.3 g,33.9 g,5.1 g,7.9 g,30 mg,390 mg,11.8 mg,220 mg,320.0 mg,0.60 mg,3.9 mg,,0.2 mg,,33 mcg,,,,
779,ER069,"Nanas palembang, segar (Pineapple,palembang,  fresh)",Buah,Mentah (Raw),85.5 g,58 Kal,0.7 g,0.2 g,13.3 g,0.3 g,29 mg,15 mg,0.6 mg,7 mg,117.0 mg,0.03 mg,0.1 mg,0.03 mg,0.2 mg,1.6 g,,17 mcg,,0.26 mg,11 mg
780,ER070,"Nanas, segar (Pineapple, fresh)",Buah,Mentah (Raw),88.9 g,40 Kal,0.6 g,0.3 g,9.9 g,0.3 g,22 mg,14 mg,0.9 mg,18 mg,111.0 mg,0.03 mg,0.1 mg,0.04 mg,0.2 mg,0.6 g,0 mcg,17 mcg,90 mcg,0.02 mg,22 mg
781,ER071,"Nangka masak pohon, segar (Jack fruit, fresh)",Buah,Mentah (Raw),70.0 g,106 Kal,1.2 g,0.3 g,27.6 g,2.7 g,20 mg,19 mg,0.9 mg,2 mg,407.0 mg,246.58 mg,1.4 mg,0.10 mg,1.0 mg,3.7 g,,149 mcg,330 mcg,0.07 mg,7 mg
782,DR130,"Nangka muda, segar (Jackfruit, young, fresh)",Sayuran,Mentah (Raw),85.4 g,57 Kal,2.0 g,0.4 g,11.3 g,0.9 g,45 mg,29 mg,0.5 mg,1 mg,246.5 mg,0.04 mg,0.1 mg,0.06 mg,0.7 mg,8.3 g,,21 mcg,25 mcg,0.07 mg,9 mg
783,CR050,"Nangka, biji, segar (Jackfruit, seed, fresh)",Kacang-Kacangan,Mentah (Raw),57.7 g,165 Kal,4.2 g,0.1 g,36.7 g,1.3 g,33 mg,200 mg,1.0 mg,69 mg,179.0 mg,0.12 mg,0.2 mg,0.03 mg,1.4 mg,1.8 g,0 mcg,0 mcg,,0.20 mg,10 mg
784,AP001,Nasi,Serealia,Olahan (Processed),56.7 g,180 Kal,3.0 g,0.3 g,39.8 g,0.2 g,25 mg,27 mg,0.4 mg,1 mg,38.0 mg,0.10 mg,0.6 mg,0.10 mg,2.6 mg,0.2 g,0 mcg,0 mcg,,0.05 mg,0 mg
785,AP005,Nasi beras merah,Serealia,Olahan (Processed),64.0 g,149 Kal,2.8 g,0.4 g,32.5 g,0.3 g,6 mg,63 mg,0.8 mg,5 mg,91.4 mg,0.20 mg,0.9 mg,0.00 mg,1.6 mg,0.3 g,0 mcg,0 mcg,0 mcg,0.06 mg,0 mg
786,AP089,Nasi gemuk,Serealia,Olahan (Processed),61.4 g,192 Kal,3.8 g,8.8 g,24.4 g,1.6 g,15 mg,74 mg,1.0 mg,355 mg,63.0 mg,0.20 mg,1.4 mg,0.05 mg,2.0 mg,0.7 g,0 mcg,0 mcg,,0.19 mg,0 mg
787,AP090,Nasi gurih,Serealia,Olahan (Processed),60.5 g,190 Kal,4.7 g,7.5 g,26.0 g,1.3 g,12 mg,62 mg,0.8 mg,296 mg,52.0 mg,0.20 mg,1.2 mg,0.06 mg,2.1 mg,0.7 g,0 mcg,0 mcg,,0.11 mg,0 mg
788,AP009,Nasi jagung,Serealia,Olahan (Processed),11.0 g,357 Kal,8.8 g,0.5 g,79.5 g,0.3 g,5 mg,43 mg,0.6 mg,2 mg,30.4 mg,0.10 mg,0.3 mg,0.02 mg,0.1 mg,6.2 g,,0 mcg,0 mcg,0.30 mg,0 mg
789,AP091,Nasi minyak,Serealia,Olahan (Processed),53.3 g,207 Kal,3.5 g,5.0 g,37.1 g,1.1 g,26 mg,100 mg,1.5 mg,74 mg,174.0 mg,0.20 mg,2.2 mg,0.07 mg,2.6 mg,0.8 g,0 mcg,0 mcg,,0.14 mg,0 mg
790,AP092,Nasi rames,Serealia,Olahan (Processed),65.8 g,155 Kal,10.3 g,4.2 g,19.1 g,0.6 g,239 mg,62 mg,1.8 mg,265 mg,,,,0.00 mg,,,96 mcg,,"3,140 mcg",0.59 mg,
791,AP002,Nasi tim,Serealia,Olahan (Processed),71.0 g,120 Kal,2.4 g,0.4 g,26.0 g,0.2 g,3 mg,7 mg,0.4 mg,0 mg,23.9 mg,0.10 mg,0.4 mg,0.00 mg,1.4 mg,0.5 g,,0 mcg,,0.10 mg,0 mg
792,FP057,"Nasu likku, masakan",Daging,Olahan (Processed),59.0 g,196 Kal,14.5 g,8.3 g,15.9 g,2.3 g,69 mg,157 mg,1.0 mg,386 mg,470.0 mg,0.30 mg,2.0 mg,0.24 mg,1.5 mg,,,,,0.20 mg,
793,AP093,Nopia spesial,Serealia,Olahan (Processed),11.5 g,387 Kal,5.3 g,7.6 g,74.3 g,1.3 g,903 mg,133 mg,4.2 mg,,,,,,,0.3 g,,,512 mcg,0.17 mg,0 mg
794,DP042,Olah-olah,Sayuran,Olahan (Processed),83.9 g,9 Kal,2.1 g,6.0 g,7.1 g,0.9 g,26 mg,3 mg,1.2 mg,289 mg,266.0 mg,0.30 mg,0.6 mg,0.10 mg,0.4 mg,4.4 g,,36 mcg,,0.20 mg,
795,CP051,Oncom,Kacang-Kacangan,Olahan (Processed),57.0 g,187 Kal,13.0 g,6.0 g,22.6 g,1.4 g,96 mg,115 mg,27.0 mg,,,,,0.00 mg,1.6 mg,,0 mcg,,,0.09 mg,0 mg
796,CP052,Oncom ampas kacang hijau,Kacang-Kacangan,Olahan (Processed),13.4 g,376 Kal,14.9 g,6.0 g,65.7 g,1.7 g,199 mg,110 mg,10.9 mg,,,,,,,12.3 g,,,,0.03 mg,
797,CP053,Oncom kacang hijau + singkong,Kacang-Kacangan,Olahan (Processed),16.5 g,351 Kal,11.0 g,5.3 g,65.9 g,1.3 g,164 mg,113 mg,7.8 mg,,,,,,,9.0 g,,,,0.01 mg,
798,CP054,Oncom kacang tanah pepes,Kacang-Kacangan,Olahan (Processed),65.0 g,132 Kal,12.7 g,3.8 g,13.7 g,4.8 g,133 mg,355 mg,34.4 mg,,,,,0.20 mg,0.7 mg,3.1 g,,,10 mcg,0.08 mg,0 mg
799,AP094,Onde-onde,Serealia,Olahan (Processed),27.7 g,336 Kal,4.0 g,9.8 g,57.9 g,0.6 g,,,,,,,,,,,,,,,
800,BP052,Ongol-ongol sagu,Umbi Berpati,Olahan (Processed),75.3 g,111 Kal,0.3 g,2.7 g,21.2 g,0.5 g,79 mg,15 mg,1.7 mg,,,,,,,0.3 g,0 mcg,,0 mcg,0.06 mg,0 mg
801,FP058,"Oramu ninahu ndawa olaho, masakan",Daging,Olahan (Processed),74.9 g,117 Kal,13.7 g,5.0 g,4.3 g,0.1 g,964 mg,804 mg,2.0 mg,,727.0 mg,0.30 mg,1.5 mg,0.04 mg,1.7 mg,,"4,095 mcg",,,0.77 mg,
802,BP053,Oyek,Umbi Berpati,Olahan (Processed),12.6 g,351 Kal,0.9 g,0.9 g,84.9 g,0.7 g,60 mg,36 mg,2.1 mg,5 mg,229.0 mg,0.10 mg,0.5 mg,0.02 mg,0.5 mg,4.3 g,,0 mcg,0 mcg,0.02 mg,0 mg
803,AP095,Padamaran,Serealia,Olahan (Processed),67.6 g,171 Kal,3.9 g,8.9 g,18.8 g,0.8 g,,,,,,,,,,,,,,,
804,DP043,Paku hinela wulelenggapaya,Sayuran,Olahan (Processed),83.4 g,77 Kal,3.5 g,4.6 g,5.4 g,3.1 g,63 mg,85 mg,0.0 mg,469 mg,37.0 mg,0.30 mg,0.7 mg,0.10 mg,0.2 mg,3.6 g,,55 mcg,,0.80 mg,4 mg
805,NR024,"Pala, biji, kering (Nutmeg)",Bumbu,Mentah (Raw),14.3 g,518 Kal,7.5 g,36.4 g,40.1 g,1.7 g,120 mg,240 mg,4.6 mg,2 mg,78.7 mg,0.94 mg,2.0 mg,0.02 mg,0.5 mg,3.5 g,,7 mcg,,0.20 mg,0 mg
806,ER072,"Pala, daging, segar (Nutmeg, flesh, fresh)",Buah,Mentah (Raw),88.1 g,42 Kal,0.3 g,0.2 g,10.9 g,0.5 g,32 mg,24 mg,1.5 mg,,,,,,,0.5 g,,,29 mcg,,22 mg
807,FP059,"Paniki masak santan, masakan",Daging,Olahan (Processed),25.4 g,460 Kal,28.5 g,35.2 g,7.2 g,3.7 g,188 mg,357 mg,5.5 mg,"2,002 mg",532.0 mg,0.40 mg,2.5 mg,0.19 mg,,,954 mcg,,,0.27 mg,
808,BP054,Papeda,Umbi Berpati,Olahan (Processed),84.8 g,61 Kal,0.2 g,0.1 g,14.9 g,0.1 g,3 mg,1 mg,0.2 mg,4 mg,20.0 mg,0.10 mg,0.1 mg,0.00 mg,0.0 mg,0.5 g,0 mcg,0 mcg,0 mcg,0.06 mg,0 mg
809,GP076,"Parede baleh, masakan",Ikan/Kerang/Udang dll,Olahan (Processed),80.0 g,87 Kal,10.5 g,2.5 g,5.5 g,1.5 g,35 mg,215 mg,0.9 mg,416 mg,59.0 mg,0.10 mg,0.2 mg,0.00 mg,0.7 mg,,,,,0.24 mg,
810,DP015,"Paria putih, kukus",Sayuran,Olahan (Processed),95.0 g,16 Kal,0.8 g,0.2 g,3.4 g,0.6 g,16 mg,33 mg,0.5 mg,4 mg,236.0 mg,0.00 mg,0.7 mg,0.04 mg,0.3 mg,1.2 g,,187 mcg,65 mcg,0.15 mg,35 mg
811,DR131,"Paria putih, segar (Bitter guard, fresh)",Sayuran,Mentah (Raw),94.4 g,19 Kal,1.0 g,0.4 g,3.6 g,0.6 g,31 mg,65 mg,0.9 mg,5 mg,277.7 mg,0.03 mg,0.8 mg,0.04 mg,0.4 mg,1.3 g,0 mcg,197 mcg,80 mcg,0.18 mg,58 mg
812,AP096,Pastel,Serealia,Olahan (Processed),38.3 g,307 Kal,4.5 g,13.3 g,42.4 g,1.5 g,296 mg,53 mg,2.5 mg,,,,,,,,0 mcg,,"5,360 mcg",0.15 mg,0 mg
813,DP044,Pelecing kangkung,Sayuran,Olahan (Processed),83.8 g,75 Kal,2.5 g,2.8 g,10.0 g,0.9 g,36 mg,3 mg,2.1 mg,408 mg,381.0 mg,0.10 mg,0.4 mg,,0.2 mg,5.4 g,,870 mcg,,0.70 mg,12 mg
814,FP060,"Pelolah manuk, masakan",Daging,Olahan (Processed),60.0 g,219 Kal,19.7 g,13.6 g,4.4 g,2.3 g,33 mg,160 mg,1.6 mg,577 mg,,,,,,,137 mcg,,"1,940 mcg",0.42 mg,0 mg
815,GP077,"Pempek adaan, masakan",Ikan/Kerang/Udang dll,Olahan (Processed),62.6 g,162 Kal,4.9 g,3.0 g,27.8 g,1.7 g,26 mg,116 mg,1.0 mg,488 mg,119.0 mg,0.10 mg,0.2 mg,0.03 mg,1.0 mg,,,,,0.30 mg,
816,GP078,"Pempek belida, masakan",Ikan/Kerang/Udang dll,Olahan (Processed),61.4 g,156 Kal,4.2 g,1.4 g,31.6 g,1.4 g,100 mg,55 mg,3.3 mg,,,,,,,0.2 g,0 mcg,,0 mcg,0.03 mg,0 mg
817,GP079,"Pempek kapal selam, masakan",Ikan/Kerang/Udang dll,Olahan (Processed),63.4 g,152 Kal,4.5 g,2.3 g,28.2 g,1.6 g,19 mg,115 mg,1.6 mg,628 mg,91.0 mg,0.10 mg,0.2 mg,0.03 mg,1.0 mg,,,,,0.20 mg,
818,GP080,"Pempek kelesan, masakan",Ikan/Kerang/Udang dll,Olahan (Processed),53.0 g,211 Kal,12.3 g,6.1 g,26.6 g,2.0 g,840 mg,176 mg,1.8 mg,,,,,,,0.4 g,14 mcg,,888 mcg,0.25 mg,0 mg
819,GP081,"Pempek kulit, masakan",Ikan/Kerang/Udang dll,Olahan (Processed),45.7 g,243 Kal,5.2 g,7.3 g,39.1 g,2.7 g,16 mg,96 mg,2.0 mg,555 mg,102.0 mg,0.10 mg,0.6 mg,0.02 mg,0.9 mg,,,,,0.20 mg,
820,GP082,"Pempek telur, masakan",Ikan/Kerang/Udang dll,Olahan (Processed),62.4 g,156 Kal,4.7 g,2.7 g,28.3 g,1.9 g,13 mg,83 mg,1.3 mg,448 mg,48.0 mg,0.10 mg,0.6 mg,0.05 mg,1.1 mg,,,,,0.20 mg,
821,GP083,"Pempek tenggiri, masakan",Ikan/Kerang/Udang dll,Olahan (Processed),56.3 g,173 Kal,7.2 g,1.2 g,33.4 g,1.9 g,164 mg,80 mg,3.1 mg,,,,,,,0.2 g,0 mcg,,0 mcg,0.02 mg,0 mg
822,GP084,"Pencok lele, masakan",Ikan/Kerang/Udang dll,Olahan (Processed),47.5 g,372 Kal,7.8 g,36.3 g,3.5 g,4.9 g,289 mg,295 mg,5.3 mg,,,,,,,0.0 g,64 mcg,0 mcg,"12,070 mcg",0.12 mg,0 mg
823,FP066,"Penyu, serapah, masakan",Daging,Olahan (Processed),71.3 g,174 Kal,13.1 g,12.2 g,2.2 g,1.2 g,72 mg,186 mg,9.5 mg,,507.0 mg,0.80 mg,2.4 mg,,,0.0 g,"1,302 mcg",,,,
824,DR132,"Pepare ular, segar (Snake gourd, fresh)",Sayuran,Mentah (Raw),95.1 g,19 Kal,0.6 g,0.1 g,3.9 g,0.3 g,20 mg,10 mg,0.4 mg,130 mg,30.0 mg,0.10 mg,0.1 mg,0.10 mg,0.1 mg,1.0 g,,69 mcg,,0.10 mg,9 mg
825,DR133,"Pepaya muda, segar (Papaya, unripe, fresh)",Sayuran,Mentah (Raw),92.3 g,29 Kal,2.1 g,0.1 g,4.9 g,0.6 g,50 mg,16 mg,0.4 mg,22 mg,211.2 mg,0.01 mg,0.0 mg,0.03 mg,0.3 mg,2.1 g,,0 mcg,50 mcg,0.02 mg,19 mg
826,ER073,"Pepaya, segar (Papaya, fresh)",Buah,Mentah (Raw),86.7 g,46 Kal,0.5 g,0.1 g,12.2 g,0.6 g,23 mg,12 mg,1.7 mg,4 mg,221.0 mg,0.02 mg,0.3 mg,0.06 mg,0.4 mg,1.6 g,,"1,038 mcg",365 mcg,0.04 mg,78 mg
827,CP019,Pepea oncom ampas tahu,Kacang-Kacangan,Olahan (Processed),80.9 g,76 Kal,5.2 g,1.8 g,10.6 g,1.5 g,215 mg,66 mg,12.5 mg,,,,,,,2.2 g,,,268 mcg,0.11 mg,
828,DR134,"Petai, segar (Stinky bean, fresh)",Sayuran,Mentah (Raw),77.2 g,92 Kal,5.4 g,1.1 g,15.2 g,1.1 g,14 mg,170 mg,1.6 mg,55 mg,221.0 mg,0.20 mg,0.8 mg,0.10 mg,6.1 mg,2.0 g,,114 mcg,,0.80 mg,34 mg
829,DR135,"Peterseli, segar (Parsley, fresh)",Sayuran,Mentah (Raw),83.9 g,53 Kal,3.7 g,1.0 g,9.0 g,2.4 g,193 mg,84 mg,4.3 mg,18 mg,"1,125.6 mg",0.20 mg,1.4 mg,0.29 mg,0.7 mg,0.0 g,,"2,940 mcg","8,230 mcg",0.11 mg,193 mg
830,NP006,"Petis ikan (fish,fermented, paste (petis))",Bumbu,Olahan (Processed),56.0 g,165 Kal,20.0 g,0.2 g,20.8 g,3.0 g,37 mg,36 mg,2.8 mg,,,,,0.20 mg,0.8 mg,,,,0 mcg,0.01 mg,0 mg
831,NP007,"Petis udang kering (shrimp, fermented, dried (petis))",Bumbu,Olahan (Processed),8.3 g,345 Kal,23.8 g,1.4 g,59.3 g,7.1 g,221 mg,397 mg,3.8 mg,"11,998 mg",462.8 mg,0.75 mg,1.9 mg,0.40 mg,2.2 mg,0.0 g,,0 mcg,232 mcg,1.02 mg,0 mg
832,NP008,"Petis udang pasta (shrimp, fermented, paste (petis))",Bumbu,Olahan (Processed),39.0 g,220 Kal,15.0 g,0.9 g,38.0 g,7.1 g,37 mg,36 mg,2.8 mg,"7,981 mg",307.9 mg,0.50 mg,1.3 mg,0.13 mg,1.7 mg,2.3 g,,0 mcg,0 mcg,0.01 mg,0 mg
833,GP085,Pinda,Ikan/Kerang/Udang dll,Olahan (Processed),71.0 g,107 Kal,15.9 g,0.6 g,0.4 g,3.1 g,375 mg,336 mg,1.9 mg,526 mg,330.0 mg,0.20 mg,1.0 mg,0.05 mg,0.5 mg,,896 mcg,,,0.89 mg,
834,GP086,"Pindang kenari, masakan",Ikan/Kerang/Udang dll,Olahan (Processed),80.1 g,124 Kal,9.5 g,9.6 g,0.0 g,2.8 g,120 mg,220 mg,1.3 mg,370 mg,270.0 mg,0.30 mg,1.2 mg,,0.1 mg,,18 mcg,381 mcg,,,
835,ER074,"Pisang ambon, segar (Banana, fresh)",Buah,Mentah (Raw),72.9 g,108 Kal,1.0 g,0.8 g,24.3 g,1.0 g,20 mg,30 mg,0.2 mg,10 mg,0.0 mg,0.20 mg,0.2 mg,0.11 mg,0.1 mg,1.9 g,,37 mcg,,0.05 mg,9 mg
836,ER075,"Pisang angleng (pisang ampyang), segar (Banana, ampyang, fresh)",Buah,Mentah (Raw),80.3 g,68 Kal,1.3 g,0.2 g,17.2 g,1.0 g,10 mg,26 mg,0.6 mg,23 mg,215.7 mg,0.04 mg,0.0 mg,0.05 mg,2.5 mg,0.8 g,,9 mcg,76 mcg,0.08 mg,6 mg
837,ER076,"Pisang ayam, segar (Banana, ayam, fresh)",Buah,Mentah (Raw),71.2 g,120 Kal,1.1 g,0.2 g,26.8 g,0.7 g,20 mg,61 mg,0.4 mg,6 mg,392.0 mg,0.10 mg,0.3 mg,0.02 mg,1.0 mg,4.1 g,,24 mcg,,0.10 mg,26 mg
838,ER077,"Pisang gapi, segar  (Banana, gapi, fresh)",Buah,Mentah (Raw),66.3 g,131 Kal,1.6 g,0.1 g,31.1 g,1.0 g,58 mg,40 mg,0.3 mg,6 mg,392.0 mg,0.13 mg,0.3 mg,0.02 mg,0.3 mg,11.7 g,,13 mcg,,0.18 mg,13 mg
839,ER078,"Pisang goroho, segar (Banana, goroho, fresh)",Buah,Mentah (Raw),69.4 g,119 Kal,1.5 g,0.2 g,27.9 g,1.0 g,2 mg,30 mg,0.2 mg,36 mg,359.0 mg,0.13 mg,0.3 mg,0.02 mg,1.1 mg,4.6 g,,11 mcg,,0.15 mg,10 mg
840,ER079,"Pisang hijau, segar (Banana, hijau, fresh)",Buah,Mentah (Raw),68.9 g,121 Kal,1.0 g,0.1 g,28.9 g,1.1 g,9 mg,37 mg,0.9 mg,31 mg,529.4 mg,0.28 mg,0.6 mg,0.06 mg,0.0 mg,0.4 g,,48 mcg,"1,000 mcg",0.13 mg,13 mg
841,ER080,"Pisang kayu, segar (Banana, kayu, fresh)",Buah,Mentah (Raw),74.4 g,100 Kal,1.4 g,0.5 g,23.6 g,0.6 g,15 mg,0 mg,0.1 mg,1 mg,493.0 mg,0.08 mg,0.3 mg,0.00 mg,0.6 mg,2.6 g,,3 mcg,,0.10 mg,11 mg
842,ER081,"Pisang kepok, segar (Banana, kepok, fresh)",Buah,Mentah (Raw),71.9 g,109 Kal,0.8 g,0.5 g,26.3 g,1.0 g,10 mg,30 mg,0.5 mg,10 mg,300.0 mg,0.10 mg,0.2 mg,0.00 mg,0.1 mg,5.7 g,,0 mcg,,0.10 mg,9 mg
843,ER082,"Pisang ketip, segar (Banana, ketip, fresh)",Buah,Mentah (Raw),63.4 g,145 Kal,1.1 g,0.3 g,34.5 g,0.7 g,5 mg,54 mg,0.1 mg,4 mg,726.0 mg,0.15 mg,0.5 mg,0.02 mg,0.8 mg,6.6 g,,3 mcg,,0.13 mg,95 mg
844,ER083,"Pisang kidang, segar (Banana, kidang, fresh)",Buah,Mentah (Raw),75.4 g,96 Kal,1.0 g,0.2 g,22.5 g,0.9 g,87 mg,173 mg,0.6 mg,6 mg,418.8 mg,0.22 mg,0.5 mg,0.10 mg,0.9 mg,0.6 g,,38 mcg,58 mcg,0.04 mg,2 mg
845,ER084,"Pisang lampung, segar (Banana, lamoung, fresh)",Buah,Mentah (Raw),72.1 g,99 Kal,1.3 g,0.2 g,25.6 g,0.8 g,10 mg,19 mg,0.9 mg,28 mg,475.0 mg,0.25 mg,0.5 mg,0.12 mg,1.0 mg,4.3 g,,43 mcg,618 mcg,0.07 mg,4 mg
846,ER085,"Pisang mas bali ampenan, segar  (Banana, mas bali ampenan, fresh)",Buah,Mentah (Raw),76.8 g,92 Kal,1.4 g,0.2 g,21.0 g,0.5 g,7 mg,29 mg,1.2 mg,32 mg,272.0 mg,0.18 mg,0.4 mg,0.03 mg,0.6 mg,3.7 g,,14 mcg,,0.09 mg,11 mg
847,ER086,"Pisang mas bali kopang, segar (Banana, mas bali, fresh)",Buah,Mentah (Raw),64.2 g,127 Kal,1.4 g,0.2 g,31.8 g,2.4 g,10 mg,0 mg,0.1 mg,43 mg,616.0 mg,0.12 mg,0.4 mg,0.05 mg,0.9 mg,3.7 g,,21 mcg,,0.21 mg,17 mg
848,ER087,"Pisang mas, segar (Banana, mas, fresh)",Buah,Mentah (Raw),64.2 g,127 Kal,1.4 g,0.2 g,33.6 g,0.6 g,7 mg,25 mg,0.8 mg,42 mg,392.0 mg,195.78 mg,0.5 mg,0.08 mg,4.5 mg,1.4 g,,17 mcg,79 mcg,0.09 mg,2 mg
849,ER088,"Pisang raja sereh, segar (Banana raja sereh, fresh)",Buah,Mentah (Raw),69.3 g,108 Kal,1.3 g,0.3 g,28.2 g,1.0 g,16 mg,38 mg,0.1 mg,31 mg,522.6 mg,0.27 mg,0.6 mg,0.08 mg,1.1 mg,0.7 g,,48 mcg,480 mcg,0.02 mg,2 mg
850,ER089,"Pisang raja, segar (Banana raja, fresh)",Buah,Mentah (Raw),65.8 g,120 Kal,1.2 g,0.2 g,31.8 g,1.0 g,10 mg,22 mg,0.8 mg,35 mg,582.2 mg,0.31 mg,0.7 mg,0.14 mg,1.2 mg,5.3 g,,53 mcg,950 mcg,0.06 mg,10 mg
851,ER090,"Pisang rotan, segar (Banana, rotan, fresh)",Buah,Mentah (Raw),76.1 g,98 Kal,1.3 g,1.2 g,20.5 g,0.9 g,17 mg,51 mg,1.1 mg,24 mg,406.9 mg,0.21 mg,0.5 mg,0.10 mg,0.9 mg,1.0 g,,37 mcg,697 mcg,0.01 mg,2 mg
852,ER091,"Pisang talas, segar (Banana, talas, fresh)",Buah,Mentah (Raw),71.0 g,113 Kal,1.2 g,0.2 g,26.7 g,0.9 g,22 mg,22 mg,0.6 mg,29 mg,48.0 mg,0.26 mg,0.1 mg,0.03 mg,1.0 mg,4.4 g,,159 mcg,,0.12 mg,9 mg
853,ER092,Pisang tujuh bulan (Banana),Buah,Mentah (Raw),75.9 g,94 Kal,0.6 g,0.2 g,22.5 g,0.8 g,50 mg,20 mg,0.2 mg,0 mg,4.0 mg,0.10 mg,0.4 mg,0.03 mg,0.3 mg,3.7 g,0 mcg,72 mcg,,0.03 mg,6 mg
854,ER093,"Pisang ua, segar (Banana, ua. Fresh)",Buah,Mentah (Raw),67.8 g,128 Kal,0.8 g,0.5 g,30.2 g,0.7 g,12 mg,28 mg,0.7 mg,33 mg,382.0 mg,0.20 mg,0.3 mg,0.01 mg,1.2 mg,8.1 g,,5 mcg,,0.09 mg,4 mg
855,ER094,"Pisang uli, segar (Banana, uli, fresh)",Buah,Mentah (Raw),61.8 g,134 Kal,1.1 g,0.5 g,35.5 g,1.1 g,31 mg,53 mg,0.9 mg,39 mg,650.3 mg,0.34 mg,0.7 mg,0.16 mg,1.4 mg,1.4 g,,59 mcg,113 mcg,0.11 mg,3 mg
856,DR136,"Pucuk lumai/daun leunca, segar (Glossy nightshade, fresh)",Sayuran,Mentah (Raw),91.0 g,33 Kal,4.5 g,0.4 g,2.8 g,1.3 g,13 mg,75 mg,2.9 mg,2 mg,0.0 mg,0.20 mg,0.6 mg,0.10 mg,,,,,,0.50 mg,41 mg
857,AP097,Pulut,Serealia,Olahan (Processed),49.1 g,216 Kal,2.6 g,3.1 g,44.4 g,0.8 g,6 mg,70 mg,3.8 mg,100 mg,22.0 mg,0.40 mg,1.3 mg,,,,0 mcg,0 mcg,,0.14 mg,
858,FP009,"Punai, daging, goreng",Daging,Olahan (Processed),54.5 g,224 Kal,26.2 g,11.3 g,4.4 g,3.6 g,362 mg,362 mg,3.1 mg,2 mg,19.0 mg,0.30 mg,1.6 mg,,,,,,,,
859,AP098,Pundut nasi,Serealia,Olahan (Processed),77.8 g,104 Kal,1.9 g,4.1 g,15.1 g,1.1 g,26 mg,100 mg,1.5 mg,74 mg,174.0 mg,0.00 mg,0.0 mg,,,0.4 g,,,,,
860,DP045,Purundawa,Sayuran,Olahan (Processed),91.8 g,25 Kal,1.5 g,0.5 g,3.6 g,2.6 g,147 mg,39 mg,0.0 mg,239 mg,201.0 mg,0.10 mg,0.6 mg,0.10 mg,11.6 mg,1.7 g,,55 mcg,,0.10 mg,2 mg
861,ER095,"Purut, segar (Lime, wild (Purut))",Buah,Mentah (Raw),81.1 g,76 Kal,4.1 g,1.1 g,15.2 g,1.4 g,30 mg,76 mg,0.6 mg,10 mg,285.2 mg,,,0.11 mg,0.0 mg,1.7 g,,27 mcg,93 mcg,0.01 mg,0 mg
862,AP099,Putri hijau,Serealia,Olahan (Processed),54.8 g,189 Kal,5.4 g,2.1 g,37.2 g,0.5 g,,,,,,,,,,,,,,,
863,DR137,"Putri malu, segar",Sayuran,Mentah (Raw),80.2 g,76 Kal,3.6 g,0.3 g,14.6 g,1.3 g,119 mg,84 mg,3.3 mg,1 mg,631.0 mg,0.60 mg,1.4 mg,0.60 mg,,7.1 g,,"4,762 mcg",,0.60 mg,6 mg
864,AP100,Putri selat,Serealia,Olahan (Processed),66.6 g,163 Kal,2.2 g,6.5 g,23.8 g,0.9 g,72 mg,3 mg,4.0 mg,6 mg,68.0 mg,,,,,,0 mcg,0 mcg,,,
865,AP101,Putu sopa,Serealia,Olahan (Processed),50.7 g,215 Kal,3.3 g,4.1 g,41.1 g,0.8 g,,,,,,,,,,,,,,,
866,GR079,"Rajungan, segar",Ikan/Kerang/Udang dll,Mentah (Raw),80.2 g,76 Kal,12.1 g,2.0 g,2.4 g,2.7 g,721 mg,214 mg,2.2 mg,69 mg,192.0 mg,1.70 mg,2.9 mg,0.25 mg,0.2 mg,0.0 g,599 mcg,40 mcg,,0.20 mg,
867,ER096,"Rambutan binjai, segar (Rambutan)",Buah,Mentah (Raw),81.0 g,76 Kal,0.5 g,0.2 g,18.0 g,0.3 g,15 mg,22 mg,1.2 mg,22 mg,120.0 mg,0.20 mg,0.2 mg,0.01 mg,0.4 mg,3.8 g,,0 mcg,,0.19 mg,13 mg
868,ER097,"Rambutan, segar (Rambutan)",Buah,Mentah (Raw),80.5 g,69 Kal,0.9 g,0.1 g,18.1 g,0.4 g,16 mg,16 mg,0.5 mg,16 mg,104.2 mg,0.17 mg,0.1 mg,0.07 mg,0.5 mg,0.8 g,,0 mcg,0 mcg,0.00 mg,58 mg
869,BP055,Rasbi (Beras Ubi),Umbi Berpati,Olahan (Processed),11.1 g,394 Kal,2.2 g,8.8 g,76.6 g,1.3 g,68 mg,76 mg,1.6 mg,165 mg,388.0 mg,0.40 mg,0.4 mg,0.30 mg,1.2 mg,6.8 g,,0 mcg,0 mcg,0.02 mg,0 mg
870,BP056,Rasi (Beras Singkong),Umbi Berpati,Olahan (Processed),12.6 g,350 Kal,0.9 g,0.4 g,85.7 g,0.5 g,42 mg,21 mg,1.5 mg,8 mg,14.0 mg,0.30 mg,0.5 mg,0.02 mg,0.4 mg,14.4 g,,0 mcg,0 mcg,0.02 mg,0 mg
871,FP061,"Rawon, masakan",Daging,Olahan (Processed),86.0 g,60 Kal,5.4 g,2.5 g,4.0 g,2.1 g,272 mg,153 mg,3.3 mg,,,,,,,,10 mcg,,"1,235 mcg",0.09 mg,0 mg
872,GP047,"Rebon, kering, mentah",Ikan/Kerang/Udang dll,Olahan (Processed),21.6 g,299 Kal,59.4 g,3.6 g,3.2 g,12.2 g,"2,306 mg",625 mg,21.4 mg,,,,,,,0.0 g,0 mcg,0 mcg,,0.06 mg,0 mg
873,GR080,"Rebon, udang kecil, segar",Ikan/Kerang/Udang dll,Mentah (Raw),79.0 g,81 Kal,16.2 g,1.2 g,0.7 g,2.9 g,757 mg,292 mg,2.2 mg,169 mg,202.9 mg,0.70 mg,1.2 mg,0.10 mg,2.4 mg,0.0 g,18 mcg,0 mcg,,0.04 mg,0 mg
874,GP048,"Rebung laut, mentah",Ikan/Kerang/Udang dll,Olahan (Processed),18.2 g,320 Kal,7.2 g,4.2 g,63.3 g,7.1 g,240 mg,570 mg,6.6 mg,20 mg,"1,040.0 mg",1.50 mg,6.2 mg,0.00 mg,4.9 mg,,917 mcg,,,0.00 mg,
875,DR138,"Rebung, segar (Bamboo shoot, fresh)",Sayuran,Mentah (Raw),93.3 g,25 Kal,0.8 g,0.1 g,5.3 g,0.5 g,3 mg,5 mg,0.5 mg,3 mg,206.0 mg,0.10 mg,0.4 mg,0.07 mg,0.5 mg,9.7 g,,10 mcg,,0.20 mg,0 mg
876,CP055,Rempeyek kacang tanah,Kacang-Kacangan,Olahan (Processed),3.9 g,513 Kal,17.5 g,32.5 g,44.3 g,1.8 g,65 mg,202 mg,2.6 mg,,,,,,,1.7 g,,,0 mcg,0.10 mg,0 mg
877,CP056,Rempeyek kacang tolo,Kacang-Kacangan,Olahan (Processed),6.1 g,451 Kal,11.2 g,20.2 g,59.7 g,2.8 g,156 mg,221 mg,4.6 mg,,,,,,,1.8 g,,,0 mcg,0.02 mg,0 mg
878,CP057,Rempeyek kacang uci,Kacang-Kacangan,Olahan (Processed),4.0 g,497 Kal,17.0 g,27.6 g,50.8 g,3.4 g,166 mg,89 mg,6.7 mg,,,,,,,2.4 g,,,0 mcg,0.05 mg,0 mg
879,FP062,"Rendang sapi, masakan",Daging,Olahan (Processed),57.9 g,193 Kal,22.6 g,7.9 g,7.8 g,3.8 g,474 mg,211 mg,14.9 mg,,,,,,0.0 mg,0.0 g,21 mcg,,534 mcg,0.12 mg,
880,AP102,Renggi goreng,Serealia,Olahan (Processed),8.8 g,471 Kal,4.7 g,21.8 g,64.1 g,0.6 g,4 mg,80 mg,1.1 mg,126 mg,29.0 mg,0.90 mg,1.3 mg,0.05 mg,8.2 mg,6.4 g,0 mcg,0 mcg,0 mcg,0.53 mg,0 mg
881,EP008,Rica-rica taipa,Buah,Olahan (Processed),86.7 g,49 Kal,1.6 g,0.3 g,10.0 g,1.4 g,11 mg,48 mg,3.0 mg,426 mg,42.0 mg,0.50 mg,0.5 mg,,,,,13 mcg,,0.18 mg,15 mg
882,DR139,"Rimbang, segar (Devil�ss fig, plate brush)",Sayuran,Mentah (Raw),80.8 g,75 Kal,1.6 g,0.6 g,15.8 g,1.2 g,55 mg,97 mg,0.6 mg,20 mg,234.0 mg,0.40 mg,0.4 mg,0.10 mg,1.3 mg,10.0 g,,51 mcg,,0.40 mg,38 mg
883,AP103,Roti boong,Serealia,Olahan (Processed),34.0 g,341 Kal,5.5 g,16.2 g,43.3 g,1.0 g,15 mg,65 mg,1.1 mg,161 mg,41.0 mg,,0.9 mg,0.30 mg,2.4 mg,,,,,0.40 mg,0 mg
884,AP024,Roti putih,Serealia,Olahan (Processed),40.0 g,248 Kal,8.0 g,1.2 g,50.0 g,0.8 g,10 mg,95 mg,1.5 mg,530 mg,91.0 mg,0.15 mg,0.9 mg,0.29 mg,2.4 mg,9.1 g,0 mcg,0 mcg,0 mcg,0.10 mg,0 mg
885,AP104,Roti warna sawo matang,Serealia,Olahan (Processed),40.0 g,249 Kal,7.9 g,1.5 g,49.7 g,0.9 g,20 mg,140 mg,2.5 mg,500 mg,91.0 mg,,,,,,0 mcg,0 mcg,0 mcg,0.15 mg,0 mg
886,EP009,Rujak aceh,Buah,Olahan (Processed),78.7 g,82 Kal,0.4 g,0.3 g,19.7 g,0.9 g,,,,,,,,0.03 mg,,2.4 g,,10 mcg,,0.22 mg,42 mg
887,DP046,Rujak cingur,Sayuran,Olahan (Processed),70.1 g,153 Kal,11.3 g,8.4 g,8.0 g,1.4 g,256 mg,143 mg,4.4 mg,,,,,,,1.4 g,18 mcg,,"2,880 mcg",0.16 mg,2 mg
888,DR140,Rumput laut (Seaweed),Sayuran,Mentah (Raw),87.0 g,41 Kal,1.4 g,0.3 g,8.1 g,3.2 g,80 mg,20 mg,1.6 mg,250 mg,380.0 mg,0.20 mg,0.4 mg,0.00 mg,0.1 mg,2.2 g,,"1,958 mcg",,0.20 mg,7 mg
889,FP010,"Rusa, daging, dendeng, mentah",Daging,Olahan (Processed),18.3 g,536 Kal,40.5 g,41.5 g,0.0 g,2.5 g,90 mg,420 mg,13.4 mg,130 mg,690.0 mg,0.30 mg,10.7 mg,,0.2 mg,,285 mcg,,,,
890,GR081,Rusip,Ikan/Kerang/Udang dll,Mentah (Raw),58.5 g,110 Kal,11.5 g,2.0 g,11.7 g,16.3 g,479 mg,348 mg,7.1 mg,,,,,,,0.0 g,0 mcg,,0 mcg,0.04 mg,0 mg
891,FP063,"RW, anjing, masakan",Daging,Olahan (Processed),60.8 g,198 Kal,24.6 g,10.7 g,0.9 g,3.0 g,"1,071 mg",876 mg,4.0 mg,"1,604 mg",226.0 mg,0.10 mg,2.8 mg,0.20 mg,,,256 mcg,,,0.35 mg,
892,GP087,"Saboko gurita, masakan",Ikan/Kerang/Udang dll,Olahan (Processed),76.2 g,87 Kal,15.7 g,1.5 g,2.6 g,4.1 g,60 mg,14 mg,2.1 mg,200 mg,180.0 mg,0.90 mg,4.0 mg,,,,38 mcg,,,,
893,GP088,"Saboko saltan, masakan",Ikan/Kerang/Udang dll,Olahan (Processed),76.0 g,113 Kal,17.1 g,3.6 g,3.0 g,0.3 g,240 mg,60 mg,0.5 mg,40 mg,350.0 mg,0.20 mg,0.6 mg,,0.1 mg,,27 mcg,,,,
894,GP089,"Saboko sardin, masakan",Ikan/Kerang/Udang dll,Olahan (Processed),70.0 g,110 Kal,12.9 g,4.3 g,4.9 g,7.9 g,220 mg,520 mg,6.0 mg,200 mg,280.0 mg,0.20 mg,3.9 mg,,,,37 mcg,,,,
895,CR051,"Saga merah terkupas, kering (Red sandalwood, peeled)",Kacang-Kacangan,Mentah (Raw),8.1 g,449 Kal,30.6 g,25.5 g,31.9 g,3.9 g,"1,062 mg",161 mg,14.2 mg,66 mg,"1,496.5 mg",0.07 mg,5.7 mg,1.50 mg,10.9 mg,3.5 g,,,107 mcg,0.09 mg,7 mg
896,BR018,"Sagu aren, kering (Sugar palm, dried)",Umbi Berpati,Mentah (Raw),11.9 g,355 Kal,0.6 g,1.1 g,85.6 g,0.8 g,91 mg,167 mg,2.2 mg,2 mg,200.0 mg,0.00 mg,0.3 mg,0.10 mg,0.5 mg,0.3 g,,,0 mcg,0.04 mg,0 mg
897,BR019,"Sagu aren, segar (Sugar palm, fresh)",Umbi Berpati,Mentah (Raw),42.5 g,231 Kal,0.6 g,0.2 g,56.6 g,0.1 g,20 mg,20 mg,0.1 mg,7 mg,0.0 mg,0.10 mg,0.1 mg,0.00 mg,0.0 mg,3.2 g,0 mcg,,0 mcg,0.20 mg,0 mg
898,BP057,Sagu forno,Umbi Berpati,Olahan (Processed),31.5 g,291 Kal,0.5 g,4.0 g,63.4 g,0.6 g,10 mg,20 mg,0.8 mg,40 mg,50.0 mg,0.10 mg,0.2 mg,,,,0 mcg,0 mcg,0 mcg,,0 mg
899,BR020,"Sagu kasbi segar (Cassava  starch, fresh)",Umbi Berpati,Mentah (Raw),42.5 g,230 Kal,0.6 g,0.2 g,56.5 g,0.2 g,20 mg,1 mg,0.3 mg,100 mg,410.0 mg,0.10 mg,0.2 mg,0.00 mg,0.0 mg,3.0 g,0 mcg,0 mcg,0 mcg,0.10 mg,0 mg
900,BP058,Sagu Lemak (Kue Sagon),Umbi Berpati,Olahan (Processed),4.3 g,452 Kal,2.8 g,14.8 g,76.8 g,0.7 g,15 mg,39 mg,1.1 mg,182 mg,52.7 mg,0.04 mg,0.8 mg,0.04 mg,0.1 mg,1.1 g,,"1,220 mcg",0 mcg,0.32 mg,0 mg
901,BR021,Sagu lempeng (Sago palm),Umbi Berpati,Mentah (Raw),13.5 g,347 Kal,0.9 g,0.3 g,85.2 g,0.1 g,30 mg,30 mg,0.2 mg,11 mg,0.0 mg,0.10 mg,0.1 mg,0.00 mg,0.0 mg,4.7 g,0 mcg,0 mcg,,0.30 mg,0 mg
902,BP059,Sagu manis,Umbi Berpati,Olahan (Processed),32.6 g,287 Kal,0.5 g,3.9 g,62.4 g,0.6 g,8 mg,17 mg,0.7 mg,34 mg,42.0 mg,0.10 mg,0.2 mg,,,,0 mcg,0 mcg,0 mcg,,0 mg
903,BP060,Sagu Rendang,Umbi Berpati,Olahan (Processed),8.2 g,364 Kal,0.1 g,0.2 g,90.5 g,1.0 g,13 mg,9 mg,3.9 mg,42 mg,15.1 mg,0.10 mg,0.1 mg,0.60 mg,0.8 mg,1.9 g,,0 mcg,0 mcg,0.02 mg,0 mg
904,BR022,"Sagu singkong, kering (Cassava, starch, dried)",Umbi Berpati,Mentah (Raw),12.0 g,362 Kal,0.5 g,0.3 g,86.9 g,0.3 g,0 mg,0 mg,0.0 mg,,,,,,,,,0 mcg,0 mcg,0.00 mg,0 mg
905,BP061,Sagu sinole,Umbi Berpati,Olahan (Processed),22.0 g,354 Kal,0.8 g,8.3 g,68.9 g,0.1 g,10 mg,30 mg,0.8 mg,30 mg,11.0 mg,0.20 mg,0.3 mg,,,,0 mcg,0 mcg,0 mcg,,0 mg
906,ER098,"Salak bali, segar (snake fruit, bali,fresh)",Buah,Mentah (Raw),85.1 g,57 Kal,0.5 g,0.1 g,13.6 g,0.7 g,94 mg,25 mg,2.1 mg,,,0.08 mg,0.2 mg,,,1.3 g,0 mcg,3 mcg,37 mcg,0.00 mg,0 mg
907,ER099,"Salak medan, segar (snake fruit, medan, fresh)",Buah,Mentah (Raw),78.1 g,55 Kal,0.4 g,0.2 g,12.8 g,8.5 g,6 mg,46 mg,0.5 mg,39 mg,113.0 mg,0.20 mg,0.3 mg,0.03 mg,,3.2 g,0 mcg,4 mcg,,0.04 mg,58 mg
908,ER100,"Salak pondoh, segar (snake fruit, pondoh, fresh)",Buah,Mentah (Raw),77.9 g,87 Kal,0.8 g,0.4 g,20.1 g,0.8 g,38 mg,31 mg,3.9 mg,,,0.08 mg,0.2 mg,0.12 mg,0.1 mg,0.0 g,0 mcg,,40 mcg,0.00 mg,8 mg
909,ER101,"Salak, segar (snake fruit, fresh)",Buah,Mentah (Raw),78.0 g,77 Kal,0.4 g,,20.9 g,0.7 g,28 mg,18 mg,4.2 mg,,,0.08 mg,0.2 mg,,,,,4 mcg,0 mcg,0.04 mg,2 mg
910,EP010,Sale kesemek,Buah,Olahan (Processed),25.0 g,296 Kal,1.1 g,0.6 g,71.4 g,1.8 g,,,,,,,,,,,,,,,3 mg
911,EP011,Sale pisang siam,Buah,Olahan (Processed),28.9 g,281 Kal,2.4 g,0.7 g,66.1 g,2.0 g,41 mg,64 mg,1.2 mg,,,,,,,1.0 g,,,272 mcg,0.10 mg,0 mg
912,EP012,"Sale pisang, cilacap",Buah,Olahan (Processed),27.1 g,295 Kal,2.3 g,2.1 g,66.9 g,1.7 g,47 mg,97 mg,2.8 mg,,,,,,,1.3 g,,,296 mcg,0.14 mg,
913,EP013,Sanggara belanda,Buah,Olahan (Processed),47.1 g,242 Kal,6.4 g,7.1 g,38.2 g,1.2 g,,,,,,,,,,,,,,,
914,KP003,Santan (dengan air) (Coconut milk mixed with water),Minyak/Lemak,Olahan (Processed),80.0 g,122 Kal,2.0 g,10.0 g,7.6 g,0.4 g,25 mg,30 mg,0.1 mg,9 mg,162.4 mg,0.16 mg,0.4 mg,0.00 mg,0.5 mg,1.4 g,0 mcg,,,0.02 mg,2 mg
915,KP004,"Santan murni (Coconut milk, pured)",Minyak/Lemak,Olahan (Processed),54.9 g,324 Kal,4.2 g,34.3 g,5.6 g,1.0 g,14 mg,45 mg,1.9 mg,18 mg,514.1 mg,0.37 mg,0.9 mg,0.00 mg,0.5 mg,0.0 g,0 mcg,0 mcg,,0.02 mg,2 mg
916,NP009,"Saos tomat (Tomato, sauce)",Bumbu,Olahan (Processed),69.5 g,110 Kal,2.0 g,0.4 g,24.5 g,3.6 g,12 mg,18 mg,0.8 mg,890 mg,129.6 mg,0.18 mg,0.3 mg,0.06 mg,1.7 mg,0.9 g,,357 mcg,570 mcg,0.09 mg,11 mg
917,FP011,"Sapi, abon",Daging,Olahan (Processed),7.1 g,212 Kal,18.0 g,10.6 g,59.3 g,4.7 g,150 mg,209 mg,12.3 mg,,,,,,,7.5 g,0 mcg,240 mcg,138 mcg,0.17 mg,0 mg
918,FP012,"Sapi, abon, asli",Daging,Olahan (Processed),24.8 g,358 Kal,14.6 g,16.1 g,38.6 g,5.8 g,165 mg,136 mg,14.6 mg,,,,,,,2.5 g,3 mcg,194 mcg,144 mcg,0.13 mg,0 mg
919,FR023,"Sapi, babat, segar (Tripe, fresh)",Daging,Mentah (Raw),76.7 g,108 Kal,17.6 g,4.2 g,0.0 g,1.5 g,12 mg,144 mg,1.0 mg,147 mg,101.4 mg,0.11 mg,2.2 mg,0.17 mg,1.7 mg,0.0 g,0 mcg,49 mcg,,0.15 mg,0 mg
920,FP013,"Sapi, daging, asap",Daging,Olahan (Processed),60.0 g,182 Kal,32.0 g,6.0 g,0.0 g,2.0 g,15 mg,300 mg,5.0 mg,"1,620 mg",485.4 mg,0.03 mg,5.1 mg,0.23 mg,5.9 mg,0.0 g,6 mcg,,,0.12 mg,0 mg
921,FP014,"Sapi, daging, dendeng, mentah",Daging,Olahan (Processed),25.0 g,301 Kal,55.0 g,9.0 g,0.0 g,11.0 g,30 mg,370 mg,5.1 mg,,,,,,,,0 mcg,,,0.10 mg,0 mg
922,FR024,"Sapi, daging, gemuk, segar (Beef, high fat, fresh)",Daging,Mentah (Raw),60.0 g,273 Kal,17.5 g,22.0 g,0.0 g,0.5 g,10 mg,150 mg,2.6 mg,93 mg,267.0 mg,0.17 mg,6.4 mg,0.18 mg,7.3 mg,0.0 g,12 mcg,0 mcg,,0.08 mg,0 mg
923,FP015,"Sapi, daging, kornet",Daging,Olahan (Processed),53.0 g,289 Kal,16.0 g,25.0 g,0.0 g,6.0 g,10 mg,170 mg,4.0 mg,794 mg,94.4 mg,0.07 mg,4.0 mg,0.16 mg,2.7 mg,0.0 g,0 mcg,52 mcg,,0.01 mg,0 mg
924,FR025,"Sapi, daging, kurus, segar (Beef, low fat, fresh)",Daging,Mentah (Raw),69.0 g,174 Kal,19.6 g,10.0 g,0.0 g,1.4 g,11 mg,181 mg,2.9 mg,83 mg,489.0 mg,0.07 mg,4.9 mg,0.51 mg,1.2 mg,0.0 g,6 mcg,181 mcg,,0.07 mg,0 mg
925,FR026,"Sapi, daging, lemak sedang, segar (Beef, medium fat, fresh)",Daging,Mentah (Raw),66.0 g,201 Kal,18.8 g,14.0 g,0.0 g,1.2 g,11 mg,170 mg,2.8 mg,105 mg,378.0 mg,4.58 mg,5.2 mg,0.56 mg,1.3 mg,0.0 g,9 mcg,198 mcg,,0.08 mg,0 mg
926,FP016,"Sapi, daging, sosis (Worst)",Daging,Olahan (Processed),37.6 g,448 Kal,14.5 g,42.3 g,2.3 g,3.3 g,28 mg,61 mg,1.1 mg,765 mg,284.5 mg,0.06 mg,1.7 mg,0.18 mg,4.9 mg,,0 mcg,,,0.10 mg,0 mg
927,FR027,"Sapi, daleman, segar (Offal, beef, fresh)",Daging,Mentah (Raw),70.1 g,183 Kal,12.0 g,14.4 g,1.4 g,2.1 g,43 mg,319 mg,1.8 mg,277 mg,160.0 mg,0.10 mg,0.8 mg,0.22 mg,8.4 mg,0.0 g,,104 mcg,,0.31 mg,
928,FR028,"Sapi, dideh/darah (Black puding (cow's blood), fresh)",Daging,Mentah (Raw),75.6 g,98 Kal,21.9 g,1.1 g,0.0 g,1.4 g,7 mg,24 mg,1.3 mg,150 mg,170.0 mg,,0.2 mg,0.03 mg,0.9 mg,0.0 g,15 mcg,214 mcg,,0.01 mg,0 mg
929,FR029,"Sapi, ginjal, segar (Kidney, beef, fresh)",Daging,Mentah (Raw),74.9 g,137 Kal,15.0 g,8.1 g,0.9 g,1.1 g,9 mg,221 mg,7.9 mg,200 mg,230.2 mg,,,1.22 mg,6.1 mg,0.0 g,348 mcg,583 mcg,,0.37 mg,13 mg
930,FP017,"Sapi, hati, sosis (liverworst)",Daging,Olahan (Processed),56.6 g,274 Kal,16.0 g,22.0 g,3.0 g,2.4 g,20 mg,150 mg,4.0 mg,654 mg,158.8 mg,0.22 mg,2.2 mg,0.96 mg,4.0 mg,2.3 g,"1,201 mcg",,,0.20 mg,0 mg
931,FR030,"Sapi, keleponan, segar (Tripe, beef, fresh)",Daging,Mentah (Raw),83.8 g,84 Kal,10.5 g,4.6 g,0.2 g,0.9 g,20 mg,13 mg,2.1 mg,73 mg,318.0 mg,0.20 mg,1.7 mg,0.14 mg,0.3 mg,0.0 g,857 mcg,34 mcg,,0.10 mg,
932,FR031,"Sapi, liver, segar (Liver, beef, fresh)",Daging,Mentah (Raw),69.7 g,132 Kal,19.7 g,3.2 g,6.0 g,1.4 g,7 mg,358 mg,6.6 mg,110 mg,213.0 mg,0.51 mg,2.3 mg,1.52 mg,11.4 mg,0.0 g,"13,303 mcg",355 mcg,,0.26 mg,31 mg
933,FR032,"Sapi, otak, segar (Brain, beef, fresh)",Daging,Mentah (Raw),78.9 g,123 Kal,10.4 g,8.6 g,0.8 g,1.3 g,16 mg,330 mg,3.6 mg,112 mg,243.8 mg,0.26 mg,0.9 mg,0.19 mg,3.9 mg,0.0 g,0 mcg,0 mcg,,0.23 mg,18 mg
934,FP018,"Sapi, paru, dendeng, mentah",Daging,Olahan (Processed),9.7 g,360 Kal,57.3 g,6.0 g,19.2 g,7.8 g,126 mg,903 mg,21.1 mg,"1,483 mg",864.0 mg,1.20 mg,6.1 mg,,,,"2,827 mcg",,,,
935,FP019,"Sapi, paru, goreng",Daging,Olahan (Processed),45.5 g,268 Kal,23.9 g,12.7 g,14.5 g,3.1 g,102 mg,315 mg,8.8 mg,923 mg,299.0 mg,0.00 mg,1.5 mg,,,,790 mcg,,,,
936,FR033,"Sapi, usus, segar",Daging,Mentah (Raw),76.7 g,126 Kal,14.0 g,7.2 g,1.5 g,0.6 g,14 mg,115 mg,4.0 mg,,,,,0.33 mg,0.2 mg,0.0 g,61 mcg,0 mcg,,0.08 mg,0 mg
937,GP049,Sardines dalam kaleng,Ikan/Kerang/Udang dll,Olahan (Processed),47.1 g,338 Kal,21.1 g,27.0 g,1.0 g,3.8 g,354 mg,434 mg,3.5 mg,,,,,,,0.0 g,76 mcg,0 mcg,,0.10 mg,0 mg
938,CP059,"Saridele, bubuk",Kacang-Kacangan,Olahan (Processed),3.0 g,344 Kal,30.0 g,20.0 g,43.0 g,4.0 g,450 mg,500 mg,4.0 mg,56 mg,"2,572.3 mg",2.99 mg,4.0 mg,0.16 mg,2.0 mg,6.2 g,,0 mcg,"2,000 mcg",0.70 mg,10 mg
939,AP105,Sarimuka,Serealia,Olahan (Processed),61.5 g,166 Kal,2.3 g,2.8 g,32.9 g,0.5 g,36 mg,13 mg,2.0 mg,3 mg,34.0 mg,0.00 mg,0.0 mg,,,,,,,,
940,GP090,Sate Bandeng,Ikan/Kerang/Udang dll,Olahan (Processed),47.1 g,283 Kal,12.1 g,16.8 g,20.9 g,3.1 g,118 mg,186 mg,1.2 mg,543 mg,199.0 mg,0.20 mg,0.9 mg,0.02 mg,0.0 mg,2.0 g,,2 mcg,0 mcg,0.02 mg,0 mg
941,FP065,"Sate pusut, masakan",Daging,Olahan (Processed),52.1 g,274 Kal,12.9 g,18.6 g,13.6 g,2.8 g,63 mg,190 mg,2.7 mg,609 mg,,,,,0.0 mg,,133 mcg,0 mcg,,0.06 mg,
942,FP064,"Sate, penyu, masakan",Daging,Olahan (Processed),57.4 g,179 Kal,22.5 g,3.5 g,13.3 g,3.3 g,187 mg,238 mg,14.4 mg,,,,0.0 mg,,0.0 mg,0.0 g,,0 mcg,,0.10 mg,
943,DR142,"Sawi putih / pecai, segar (Pak choi, fresh)",Sayuran,Mentah (Raw),96.6 g,9 Kal,1.0 g,0.1 g,1.7 g,0.6 g,56 mg,42 mg,1.1 mg,5 mg,193.1 mg,0.05 mg,0.1 mg,0.18 mg,0.4 mg,0.8 g,0 mcg,862 mcg,832 mcg,0.05 mg,3 mg
944,DR143,"Sawi taiwan, segar",Sayuran,Mentah (Raw),91.8 g,30 Kal,1.9 g,0.5 g,4.4 g,1.4 g,100 mg,58 mg,1.6 mg,27 mg,217.0 mg,0.10 mg,0.7 mg,0.10 mg,0.6 mg,2.7 g,,"1,340 mcg",,0.20 mg,33 mg
945,DR144,"Sawi tanah, segar",Sayuran,Mentah (Raw),94.9 g,19 Kal,1.3 g,0.2 g,2.9 g,1.0 g,92 mg,45 mg,1.2 mg,17 mg,145.0 mg,0.10 mg,0.4 mg,0.10 mg,0.1 mg,2.2 g,,815 mcg,,0.20 mg,36 mg
946,DR141,"Sawi, segar (Chinese mustard, fresh)",Sayuran,Mentah (Raw),92.2 g,28 Kal,2.3 g,0.3 g,4.0 g,1.2 g,220 mg,38 mg,2.9 mg,22 mg,436.5 mg,0.12 mg,0.2 mg,0.23 mg,0.7 mg,2.5 g,,"2,042 mcg","6,460 mcg",0.09 mg,102 mg
947,ER102,"Sawo duren, segar (Sapodilla, fresh)",Buah,Mentah (Raw),87.3 g,64 Kal,1.0 g,3.1 g,8.0 g,0.6 g,18 mg,45 mg,0.8 mg,13 mg,111.4 mg,0.02 mg,0.1 mg,0.02 mg,0.1 mg,0.8 g,0 mcg,0 mcg,0 mcg,0.01 mg,1 mg
948,ER103,"Sawo kecik, segar (Sapodilla, fresh)",Buah,Mentah (Raw),73.8 g,111 Kal,0.9 g,2.3 g,21.6 g,1.4 g,20 mg,185 mg,0.7 mg,28 mg,117.8 mg,0.04 mg,0.1 mg,0.04 mg,1.5 mg,1.0 g,0 mcg,119 mcg,12 mcg,0.00 mg,19 mg
949,ER104,"Sawo Manila, segar (Sapodilla, manila, fresh)",Buah,Mentah (Raw),75.5 g,92 Kal,0.5 g,1.1 g,22.4 g,0.5 g,25 mg,12 mg,1.0 mg,26 mg,110.2 mg,0.04 mg,0.1 mg,0.04 mg,1.4 mg,9.5 g,0 mcg,111 mcg,60 mcg,0.01 mg,21 mg
950,DP047,Sayur asem,Sayuran,Olahan (Processed),93.2 g,29 Kal,0.7 g,0.6 g,5.0 g,0.8 g,40 mg,61 mg,3.1 mg,,,,,,,0.6 g,14 mcg,,"2,075 mcg",0.10 mg,0 mg
951,DP048,Sayur bunga pepaya,Sayuran,Olahan (Processed),83.4 g,49 Kal,1.7 g,0.3 g,9.8 g,2.1 g,220 mg,220 mg,1.3 mg,90 mg,350.0 mg,0.10 mg,0.1 mg,0.10 mg,0.0 mg,2.7 g,,372 mcg,,,0 mg
952,DP049,Sayur garu,Sayuran,Olahan (Processed),70.8 g,178 Kal,2.6 g,13.9 g,10.6 g,2.1 g,30 mg,130 mg,0.9 mg,20 mg,120.0 mg,0.10 mg,0.3 mg,0.10 mg,,8.4 g,,,,0.20 mg,9 mg
953,DP050,Sayur kohu-kohu,Sayuran,Olahan (Processed),72.8 g,133 Kal,7.3 g,6.6 g,11.2 g,2.1 g,40 mg,120 mg,0.2 mg,20 mg,50.0 mg,0.10 mg,0.3 mg,0.20 mg,,1.2 g,,944 mcg,,0.20 mg,9 mg
954,CP058,Sayur lebui,Kacang-Kacangan,Olahan (Processed),83.9 g,64 Kal,2.1 g,0.6 g,12.5 g,0.9 g,21 mg,2 mg,1.0 mg,124 mg,146.0 mg,0.20 mg,0.7 mg,0.00 mg,0.1 mg,5.7 g,,14 mcg,,,
955,DP051,Sayur lilin-terubuk,Sayuran,Olahan (Processed),90.4 g,36 Kal,2.7 g,0.7 g,4.8 g,1.4 g,10 mg,90 mg,0.1 mg,30 mg,44.0 mg,0.20 mg,1.0 mg,0.20 mg,,1.4 g,,,,0.30 mg,18 mg
956,DP052,Sayur ndusuk,Sayuran,Olahan (Processed),87.5 g,49 Kal,3.1 g,2.5 g,3.6 g,3.1 g,11 mg,6 mg,0.5 mg,"1,011 mg",88.0 mg,,0.2 mg,0.10 mg,,,,,,0.20 mg,15 mg
957,DP053,Sayur sop,Sayuran,Olahan (Processed),92.7 g,27 Kal,1.3 g,2.0 g,1.0 g,2.7 g,168 mg,57 mg,1.8 mg,,,,,,,0.3 g,20 mcg,,"2,569 mcg",0.10 mg,0 mg
958,DP054,Sayur umbut kelapa,Sayuran,Olahan (Processed),85.5 g,67 Kal,5.2 g,2.9 g,5.1 g,1.3 g,48 mg,81 mg,3.2 mg,313 mg,108.0 mg,0.20 mg,1.1 mg,,,1.4 g,,21 mcg,,0.20 mg,5 mg
959,DP055,Sayur umbut rotan,Sayuran,Olahan (Processed),87.6 g,57 Kal,5.4 g,2.6 g,3.1 g,1.3 g,184 mg,135 mg,1.2 mg,256 mg,81.0 mg,0.20 mg,0.9 mg,,,1.6 g,,18 mcg,0 mcg,0.20 mg,6 mg
960,DR146,"Selada air, segar (Watercress, fresh)",Sayuran,Mentah (Raw),93.3 g,17 Kal,3.1 g,0.2 g,2.2 g,1.2 g,95 mg,152 mg,2.4 mg,65 mg,260.7 mg,0.11 mg,0.2 mg,0.14 mg,0.7 mg,0.7 g,0 mcg,"1,230 mcg","3,727 mcg",0.09 mg,56 mg
961,DP016,"Selada, rebus",Sayuran,Olahan (Processed),93.5 g,19 Kal,2.7 g,0.2 g,2.9 g,0.7 g,83 mg,74 mg,1.4 mg,24 mg,160.7 mg,0.05 mg,0.2 mg,0.20 mg,0.6 mg,0.7 g,,"2,499 mcg","3,700 mcg",0.08 mg,27 mg
962,DR145,"Selada, segar (Lettuce)",Sayuran,Mentah (Raw),94.8 g,18 Kal,1.2 g,0.2 g,2.9 g,0.9 g,22 mg,25 mg,0.5 mg,19 mg,186.4 mg,0.03 mg,0.2 mg,0.13 mg,0.4 mg,1.8 g,,"1,526 mcg",540 mcg,0.04 mg,8 mg
963,DR147,"Seledri, segar (Celery, fresh)",Sayuran,Mentah (Raw),93.0 g,23 Kal,1.0 g,0.1 g,4.6 g,1.3 g,50 mg,40 mg,1.0 mg,64 mg,258.8 mg,0.08 mg,0.4 mg,0.07 mg,0.4 mg,2.0 g,,63 mcg,130 mcg,0.03 mg,11 mg
964,ER105,"Semangka, segar (Water melon, fresh)",Buah,Mentah (Raw),92.1 g,28 Kal,0.5 g,0.2 g,6.9 g,0.3 g,7 mg,12 mg,0.2 mg,7 mg,93.8 mg,0.04 mg,0.1 mg,0.05 mg,0.3 mg,0.4 g,,315 mcg,590 mcg,0.05 mg,6 mg
965,DP057,Semur jengkol,Sayuran,Olahan (Processed),52.7 g,212 Kal,6.0 g,10.0 g,29.1 g,2.2 g,77 mg,99 mg,1.0 mg,,,,,,,,,,81 mcg,0.14 mg,4 mg
966,BR023,"Sente, talas, segar (Giant taro, fresh)",Umbi Berpati,Mentah (Raw),14.0 g,353 Kal,0.7 g,0.2 g,84.7 g,0.4 g,11 mg,13 mg,1.5 mg,30 mg,694.6 mg,0.60 mg,2.2 mg,0.20 mg,2.8 mg,6.6 g,,41 mcg,,0.05 mg,5 mg
967,GP091,"Sepi, masakan",Ikan/Kerang/Udang dll,Olahan (Processed),66.1 g,88 Kal,7.9 g,1.6 g,10.6 g,13.8 g,924 mg,350 mg,2.3 mg,873 mg,258.0 mg,1.00 mg,1.1 mg,,,,783 mcg,,,,
968,BP062,Serimping talas kebumen,Umbi Berpati,Olahan (Processed),4.8 g,478 Kal,2.5 g,21.2 g,69.2 g,2.3 g,112 mg,118 mg,2.3 mg,,,,,,,1.7 g,0 mcg,,0 mcg,0.25 mg,0 mg
969,DP056,Shabu-shabu,Sayuran,Olahan (Processed),87.1 g,88 Kal,3.2 g,8.0 g,0.8 g,0.9 g,217 mg,48 mg,2.9 mg,514 mg,,,,,,0.9 g,82 mcg,,"2,000 mcg",0.20 mg,0 mg
970,FP067,"Sie reuboh, masakan",Daging,Olahan (Processed),32.4 g,474 Kal,11.2 g,42.5 g,11.7 g,2.2 g,26 mg,62 mg,1.3 mg,677 mg,176.0 mg,2.40 mg,3.2 mg,0.26 mg,,,141 mcg,9 mcg,,0.46 mg,
971,ER106,"Sirsak, segar (Soursop, fresh)",Buah,Mentah (Raw),81.7 g,65 Kal,1.0 g,0.3 g,16.3 g,0.7 g,14 mg,27 mg,0.6 mg,2 mg,298.9 mg,0.08 mg,1.0 mg,0.08 mg,0.7 mg,3.2 g,,8 mcg,10 mcg,0.07 mg,20 mg
972,MP014,Sirup (syrup),Konfeksioneri,Olahan (Processed),44.0 g,213 Kal,0.0 g,0.0 g,55.0 g,1.0 g,0 mg,0 mg,0.0 mg,3 mg,4.2 mg,,,0.00 mg,0.0 mg,0.0 g,,0 mcg,,0.00 mg,
973,MP015,"Sirup pirous (syrup, pirous)",Konfeksioneri,Olahan (Processed),43.3 g,228 Kal,0.2 g,0.4 g,55.9 g,0.2 g,470 mg,93 mg,29.5 mg,3 mg,4.2 mg,,,0.00 mg,0.0 mg,0.0 g,,0 mcg,0 mcg,0.00 mg,8 mg
974,FP068,"Sop buntut, masakan",Daging,Olahan (Processed),86.1 g,71 Kal,7.5 g,3.6 g,2.2 g,0.6 g,286 mg,38 mg,3.2 mg,490 mg,,,,,,,119 mcg,,"2,900 mcg",0.14 mg,0 mg
975,FP069,"Sop daging sapi, masakan",Daging,Olahan (Processed),87.5 g,49 Kal,5.8 g,0.5 g,5.3 g,0.9 g,158 mg,48 mg,2.2 mg,391 mg,,,,,,,101 mcg,,"3,320 mcg",0.37 mg,0 mg
976,FP070,"Sop kaki sapi, masakan",Daging,Olahan (Processed),84.5 g,68 Kal,9.0 g,1.9 g,3.7 g,0.9 g,302 mg,15 mg,2.2 mg,435 mg,,,,,,,48 mcg,,150 mcg,0.46 mg,0 mg
977,FP071,"Sop kambing, masakan",Daging,Olahan (Processed),91.6 g,34 Kal,5.5 g,0.8 g,1.1 g,1.0 g,145 mg,37 mg,1.6 mg,348 mg,,,,,,,48 mcg,,80 mcg,0.57 mg,0 mg
978,FP072,"Sop konro, masakan",Daging,Olahan (Processed),85.0 g,71 Kal,7.4 g,2.6 g,4.5 g,0.5 g,17 mg,60 mg,4.6 mg,184 mg,25.0 mg,0.30 mg,1.3 mg,0.02 mg,10.9 mg,,,,,0.12 mg,0 mg
979,FP073,"Sop saudara, masakan",Daging,Olahan (Processed),82.4 g,89 Kal,7.2 g,5.0 g,3.9 g,1.5 g,10 mg,174 mg,9.0 mg,274 mg,50.0 mg,0.20 mg,1.1 mg,0.12 mg,2.0 mg,,,,,0.09 mg,0 mg
980,FP074,"Soto bandung, masakan",Daging,Olahan (Processed),89.9 g,42 Kal,3.9 g,1.7 g,2.8 g,1.8 g,74 mg,75 mg,1.8 mg,,,,,,0.0 mg,0.4 g,6 mcg,20 mcg,0 mcg,,0 mg
981,FP075,"Soto banjar, masakan",Daging,Olahan (Processed),83.7 g,110 Kal,2.9 g,9.5 g,3.2 g,0.7 g,28 mg,28 mg,0.3 mg,36 mg,6.0 mg,0.00 mg,0.2 mg,,,,12 mcg,,770 mcg,0.05 mg,0 mg
982,FP076,"Soto betawi, masakan",Daging,Olahan (Processed),75.9 g,135 Kal,2.5 g,8.8 g,11.5 g,1.3 g,222 mg,72 mg,1.9 mg,,,,,,0.0 mg,0.5 g,6 mcg,,336 mcg,0.04 mg,0 mg
983,FP077,"Soto jeroan, masakan",Daging,Olahan (Processed),81.4 g,92 Kal,11.8 g,4.3 g,1.4 g,1.1 g,218 mg,48 mg,1.9 mg,363 mg,,,,,,,85 mcg,,440 mcg,0.36 mg,0 mg
984,FP078,"Soto kudus, masakan",Daging,Olahan (Processed),91.6 g,38 Kal,2.6 g,2.3 g,1.8 g,1.7 g,237 mg,67 mg,1.7 mg,,,,,,0.5 mg,0.2 g,23 mcg,,128 mcg,0.06 mg,0 mg
985,FP079,"Soto madura, masakan",Daging,Olahan (Processed),89.8 g,60 Kal,3.5 g,4.5 g,1.3 g,0.9 g,361 mg,126 mg,3.8 mg,,,,,,0.0 mg,0.0 g,26 mcg,,121 mcg,0.06 mg,0 mg
986,FP080,"Soto padang, masakan",Daging,Olahan (Processed),75.0 g,127 Kal,5.9 g,6.6 g,11.0 g,2.0 g,298 mg,94 mg,1.5 mg,,,,,,0.0 mg,0.7 g,12 mcg,,204 mcg,0.22 mg,0 mg
987,FP081,"Soto pekalongan, masakan",Daging,Olahan (Processed),83.8 g,94 Kal,3.0 g,6.8 g,5.1 g,1.3 g,322 mg,79 mg,2.0 mg,,,,,,0.0 mg,0.3 g,14 mcg,,119 mcg,0.29 mg,0 mg
988,FP082,"Soto pemalang, masakan",Daging,Olahan (Processed),86.0 g,75 Kal,3.6 g,5.2 g,3.5 g,1.7 g,170 mg,80 mg,2.1 mg,,,,,,0.0 mg,0.0 g,16 mcg,,30 mcg,0.13 mg,0 mg
989,FP083,"Soto sukaraja, masakan",Daging,Olahan (Processed),75.9 g,80 Kal,3.2 g,3.5 g,9.0 g,1.1 g,347 mg,77 mg,2.3 mg,,,,,,0.0 mg,0.3 g,12 mcg,,89 mcg,0.04 mg,0 mg
990,FP084,"Soto sulung, masakan",Daging,Olahan (Processed),88.1 g,86 Kal,2.3 g,8.5 g,0.0 g,1.1 g,200 mg,120 mg,2.9 mg,,,,,,0.0 mg,0.0 g,20 mcg,,105 mcg,0.08 mg,0 mg
991,ER107,"Sowa, segar",Buah,Mentah (Raw),87.7 g,48 Kal,1.6 g,0.6 g,9.1 g,10.0 g,50 mg,40 mg,0.3 mg,9 mg,0.0 mg,0.10 mg,1.5 mg,0.23 mg,0.2 mg,45.0 g,0 mcg,364 mcg,,0.15 mg,4 mg
992,AP106,Spaghetti,Serealia,Olahan (Processed),66.1 g,139 Kal,7.4 g,2.1 g,22.6 g,2.1 g,109 mg,53 mg,4.7 mg,,,,,,,,42 mcg,,940 mcg,0.35 mg,0 mg
993,AP107,Srikaya ketan,Serealia,Olahan (Processed),41.0 g,265 Kal,2.7 g,6.4 g,49.1 g,0.8 g,,,,,,,,,,,,,,,
994,ER108,"Srikaya, segar (Sugar apple,fresh)",Buah,Mentah (Raw),83.4 g,63 Kal,1.1 g,0.5 g,13.9 g,1.1 g,127 mg,30 mg,2.7 mg,,,,,,,2.1 g,0 mcg,,31 mcg,0.08 mg,28 mg
995,FP085,"Sukiyaki, masakan",Daging,Olahan (Processed),81.0 g,75 Kal,5.6 g,0.4 g,12.2 g,0.8 g,109 mg,59 mg,0.5 mg,426 mg,,,,,,0.2 g,41 mcg,,"1,200 mcg",0.37 mg,0 mg
996,ER109,"Sukun muda, segar (Breadfruit, young, fresh)",Buah,Mentah (Raw),69.4 g,119 Kal,1.4 g,0.2 g,28.1 g,1.0 g,24 mg,44 mg,1.4 mg,24 mg,414.4 mg,0.09 mg,0.1 mg,0.17 mg,3.7 mg,1.4 g,,28 mcg,"4,896 mcg",0.17 mg,52 mg
997,ER110,"Sukun tua, segar (Breadfruit, fresh)",Buah,Mentah (Raw),67.8 g,126 Kal,1.6 g,0.2 g,24.5 g,1.0 g,37 mg,47 mg,1.6 mg,25 mg,436.0 mg,0.09 mg,0.1 mg,0.17 mg,3.9 mg,1.5 g,,30 mcg,"2,000 mcg",0.18 mg,58 mg
998,AP108,Sunduk lawang,Serealia,Olahan (Processed),63.4 g,181 Kal,1.9 g,1.3 g,32.4 g,1.0 g,,,,,,,,,,,,,,,
999,JP005,"Susu asam untuk bayi, bubuk",Susu,Olahan (Processed),2.5 g,418 Kal,19.0 g,9.0 g,65.5 g,4.0 g,800 mg,600 mg,7.0 mg,188 mg,486.5 mg,0.00 mg,0.0 mg,1.31 mg,0.7 mg,0.0 g,303 mcg,83 mcg,,1.00 mg,30 mg
1000,JP006,Susu bubuk,Susu,Olahan (Processed),3.5 g,513 Kal,24.6 g,30.0 g,36.2 g,5.7 g,904 mg,694 mg,0.6 mg,380 mg,"1,330.0 mg",0.02 mg,4.1 mg,1.39 mg,1.6 mg,0.0 g,476 mcg,118 mcg,,0.29 mg,6 mg
1001,JR002,Susu ibu - ASI,Susu,Mentah (Raw),88.1 g,62 Kal,1.5 g,3.2 g,7.0 g,0.2 g,34 mg,20 mg,0.2 mg,15 mg,41.0 mg,0.01 mg,0.4 mg,0.03 mg,0.2 mg,0.0 g,,7 mcg,,0.01 mg,
1002,JR003,"Susu kambing, segar",Susu,Mentah (Raw),85.9 g,64 Kal,4.3 g,2.3 g,6.6 g,0.9 g,98 mg,78 mg,2.7 mg,35 mg,160.0 mg,0.33 mg,0.1 mg,0.45 mg,0.3 mg,0.0 g,38 mcg,0 mcg,,0.06 mg,1 mg
1003,CP060,Susu kedelai,Kacang-Kacangan,Olahan (Processed),87.0 g,41 Kal,3.5 g,2.5 g,5.0 g,2.0 g,50 mg,45 mg,0.7 mg,128 mg,287.9 mg,0.12 mg,1.0 mg,0.05 mg,0.7 mg,0.2 g,,,200 mcg,0.08 mg,2 mg
1004,JP007,Susu kental manis,Susu,Olahan (Processed),25.0 g,343 Kal,8.2 g,10.0 g,55.0 g,1.8 g,275 mg,209 mg,0.2 mg,150 mg,320.0 mg,0.02 mg,1.0 mg,0.43 mg,0.4 mg,0.0 g,155 mcg,46 mcg,,0.05 mg,1 mg
1005,JP008,Susu kental tak manis,Susu,Olahan (Processed),73.7 g,138 Kal,7.0 g,7.9 g,9.9 g,1.5 g,243 mg,195 mg,0.2 mg,140 mg,303.0 mg,,,,0.0 mg,,121 mcg,,,0.05 mg,1 mg
1006,JR004,"Susu kerbau, segar",Susu,Mentah (Raw),73.8 g,160 Kal,6.3 g,12.0 g,7.1 g,0.8 g,216 mg,101 mg,0.2 mg,82 mg,,,0.3 mg,0.07 mg,,,24 mcg,,,0.04 mg,1 mg
1007,JR005,"Susu kuda, segar",Susu,Mentah (Raw),91.0 g,40 Kal,2.0 g,1.1 g,5.4 g,0.4 g,,,,,37.4 mg,0.00 mg,0.0 mg,0.20 mg,0.2 mg,0.0 g,,1 mcg,,0.00 mg,
1008,JR006,"Susu sapi, segar",Susu,Mentah (Raw),88.3 g,61 Kal,3.2 g,3.5 g,4.3 g,0.7 g,143 mg,60 mg,1.7 mg,36 mg,149.0 mg,0.02 mg,0.3 mg,0.18 mg,0.2 mg,0.0 g,39 mcg,12 mcg,,0.03 mg,1 mg
1009,JP009,"Susu skim, bubuk",Susu,Olahan (Processed),3.5 g,359 Kal,35.6 g,1.0 g,52.0 g,7.9 g,"1,300 mg","1,030 mg",0.6 mg,470 mg,"1,745.0 mg",0.04 mg,4.1 mg,1.05 mg,1.2 mg,0.0 g,,10 mcg,,0.35 mg,7 mg
1010,JP010,"Susu skim, segar",Susu,Olahan (Processed),90.5 g,36 Kal,3.5 g,0.1 g,5.1 g,0.8 g,123 mg,97 mg,0.1 mg,38 mg,,,,,,,0 mcg,,,0.04 mg,1 mg
1011,BP009,"Suweg, talas, kukus",Umbi Berpati,Olahan (Processed),75.5 g,93 Kal,1.5 g,0.1 g,21.9 g,1.0 g,50 mg,58 mg,0.8 mg,6 mg,350.3 mg,0.10 mg,0.1 mg,0.00 mg,0.3 mg,0.9 g,0 mcg,0 mcg,283 mcg,0.09 mg,0 mg
1012,BR024,"Suweg, talas, segar (Elephant yam)",Umbi Berpati,Mentah (Raw),80.1 g,74 Kal,1.4 g,0.1 g,17.2 g,1.2 g,42 mg,46 mg,1.3 mg,7 mg,400.0 mg,0.10 mg,0.1 mg,0.00 mg,0.4 mg,1.4 g,0 mcg,24 mcg,254 mcg,0.04 mg,2 mg
1013,AP109,Suwir-suwir,Serealia,Olahan (Processed),13.4 g,347 Kal,0.5 g,0.9 g,84.2 g,1.0 g,42 mg,40 mg,4.3 mg,,,,,,0.9 mg,0.8 g,1 mcg,,240 mcg,0.13 mg,0 mg
1014,CP062,Tahu goreng,Kacang-Kacangan,Olahan (Processed),77.3 g,115 Kal,9.7 g,8.5 g,2.5 g,2.0 g,229 mg,200 mg,4.1 mg,7 mg,68.2 mg,0.09 mg,1.3 mg,0.24 mg,0.0 mg,0.1 g,,0 mcg,0 mcg,0.01 mg,0 mg
1015,CP063,Tahu telur,Kacang-Kacangan,Olahan (Processed),41.8 g,328 Kal,12.6 g,19.9 g,24.6 g,1.1 g,492 mg,238 mg,4.9 mg,755 mg,,,,,,0.4 g,73 mcg,,"1,860 mcg",0.42 mg,0 mg
1016,CP061,"Tahu, mentah",Kacang-Kacangan,Olahan (Processed),82.2 g,80 Kal,10.9 g,4.7 g,0.8 g,1.4 g,223 mg,183 mg,3.4 mg,2 mg,50.6 mg,0.19 mg,0.8 mg,0.08 mg,0.1 mg,0.1 g,,118 mcg,,0.01 mg,
1017,CP064,Takwa,Kacang-Kacangan,Olahan (Processed),72.2 g,148 Kal,13.8 g,8.5 g,4.0 g,1.6 g,140 mg,214 mg,8.5 mg,3 mg,79.0 mg,0.30 mg,1.3 mg,0.10 mg,0.8 mg,0.0 g,,,920 mcg,0.20 mg,
1018,BP010,"Talas bogor, kukus",Umbi Berpati,Olahan (Processed),69.2 g,120 Kal,1.5 g,0.3 g,28.2 g,0.8 g,31 mg,63 mg,0.7 mg,11 mg,498.0 mg,0.20 mg,0.6 mg,0.60 mg,0.8 mg,0.7 g,0 mcg,0 mcg,0 mcg,0.05 mg,2 mg
1019,BR025,"Talas bogor, segar (Taro, bogor, fresh)",Umbi Berpati,Mentah (Raw),72.4 g,108 Kal,1.4 g,0.4 g,25.0 g,0.8 g,47 mg,67 mg,0.7 mg,10 mg,448.0 mg,0.20 mg,0.7 mg,0.07 mg,1.0 mg,0.9 g,0 mcg,0 mcg,0 mcg,0.06 mg,4 mg
1020,BR026,"Talas pontianak, segar (Taro, pontianak, fresh)",Umbi Berpati,Mentah (Raw),60.0 g,163 Kal,2.3 g,0.5 g,36.4 g,0.9 g,45 mg,80 mg,1.7 mg,14 mg,323.1 mg,0.30 mg,1.0 mg,0.10 mg,1.3 mg,0.7 g,0 mcg,0 mcg,0 mcg,0.02 mg,
1021,BR027,"Talas viqueque, segar",Umbi Berpati,Mentah (Raw),70.6 g,115 Kal,1.8 g,0.5 g,25.9 g,1.2 g,50 mg,220 mg,0.9 mg,1 mg,70.0 mg,0.30 mg,1.0 mg,0.10 mg,0.9 mg,8.6 g,0 mcg,0 mcg,0 mcg,0.08 mg,
1022,DR149,"Taoge kacang kedelai, segar (Soya bean, sprout, fresh)",Sayuran,Mentah (Raw),81.0 g,76 Kal,9.0 g,2.6 g,6.4 g,1.0 g,50 mg,65 mg,1.0 mg,5 mg,212.4 mg,0.26 mg,0.7 mg,0.19 mg,1.2 mg,0.7 g,,0 mcg,110 mcg,0.23 mg,15 mg
1023,DR150,"Taoge kacang tunggak, segar (southern pea, fresh)",Sayuran,Mentah (Raw),88.0 g,40 Kal,5.0 g,0.2 g,5.8 g,1.0 g,57 mg,88 mg,1.0 mg,2 mg,226.8 mg,0.07 mg,0.5 mg,0.08 mg,0.8 mg,2.6 g,,299 mcg,0 mcg,0.07 mg,15 mg
1024,DP017,"Taoge, goreng",Sayuran,Olahan (Processed),79.2 g,88 Kal,3.2 g,2.1 g,14.0 g,1.5 g,168 mg,50 mg,5.7 mg,,,,,,,0.7 g,2 mcg,,613 mcg,0.05 mg,0 mg
1025,DP018,"Taoge, seduh",Sayuran,Olahan (Processed),91.9 g,28 Kal,3.0 g,0.8 g,4.0 g,0.3 g,52 mg,73 mg,0.5 mg,18 mg,58.3 mg,0.19 mg,0.4 mg,0.00 mg,0.9 mg,1.0 g,,46 mcg,18 mcg,0.10 mg,2 mg
1026,DR148,"Taoge, segar (Mung bean, sprout, fresh)",Sayuran,Mentah (Raw),90.4 g,34 Kal,3.7 g,1.2 g,4.3 g,0.4 g,166 mg,74 mg,0.8 mg,19 mg,93.3 mg,0.16 mg,0.4 mg,0.15 mg,1.1 mg,1.1 g,,41 mcg,20 mcg,0.09 mg,5 mg
1027,AP003,Tapai beras,Serealia,Olahan (Processed),75.5 g,99 Kal,1.7 g,0.3 g,22.4 g,0.1 g,4 mg,19 mg,0.0 mg,26 mg,2.0 mg,0.10 mg,0.5 mg,0.00 mg,0.0 mg,0.0 g,0 mcg,0 mcg,0 mcg,0.00 mg,0 mg
1028,AP016,Tapai ketan hitam,Serealia,Olahan (Processed),50.2 g,166 Kal,3.8 g,1.0 g,34.4 g,0.6 g,8 mg,106 mg,1.6 mg,5 mg,12.0 mg,,,,,0.3 g,,,0 mcg,0.02 mg,0 mg
1029,AP018,Tapai ketan putih,Serealia,Olahan (Processed),58.9 g,172 Kal,3.0 g,0.5 g,37.5 g,0.1 g,6 mg,35 mg,0.5 mg,1 mg,,,,0.00 mg,0.2 mg,0.6 g,0 mcg,0 mcg,0 mcg,0.04 mg,0 mg
1030,BP063,Tapai singkong,Umbi Berpati,Olahan (Processed),57.4 g,169 Kal,1.4 g,0.3 g,40.2 g,0.7 g,21 mg,34 mg,0.8 mg,,,,,,,2.0 g,0 mcg,0 mcg,0 mcg,0.00 mg,9 mg
1031,CP065,Tauco,Kacang-Kacangan,Olahan (Processed),54.0 g,184 Kal,11.4 g,5.5 g,22.2 g,6.9 g,72 mg,463 mg,6.0 mg,"1,766 mg",233.0 mg,0.39 mg,1.0 mg,0.20 mg,0.8 mg,1.9 g,,0 mcg,664 mcg,0.32 mg,0 mg
1032,CP066,"Tauco cap beruang, cake",Kacang-Kacangan,Olahan (Processed),11.4 g,347 Kal,7.4 g,5.2 g,67.6 g,8.4 g,63 mg,106 mg,6.2 mg,,,,,,,3.2 g,,,936 mcg,0.35 mg,0 mg
1033,CP067,"Tauco cap DAS, cake",Kacang-Kacangan,Olahan (Processed),10.2 g,358 Kal,7.5 g,4.3 g,70.4 g,7.6 g,94 mg,94 mg,4.5 mg,,,,,,,3.1 g,,,504 mcg,0.29 mg,0 mg
1034,CP068,Tauco cap meong,Kacang-Kacangan,Olahan (Processed),59.7 g,159 Kal,7.4 g,4.9 g,21.3 g,6.7 g,183 mg,84 mg,10.1 mg,"1,547 mg",204.1 mg,0.34 mg,0.9 mg,0.18 mg,0.7 mg,1.6 g,,0 mcg,472 mcg,0.46 mg,0 mg
1035,CP069,Tauji cap singa,Kacang-Kacangan,Olahan (Processed),30.4 g,277 Kal,9.1 g,4.7 g,49.6 g,6.2 g,68 mg,106 mg,3.0 mg,,,,,,,1.2 g,,,936 mcg,0.15 mg,0 mg
1036,DR151,"Tebu terubuk (lilin), segar",Sayuran,Mentah (Raw),91.0 g,30 Kal,4.6 g,0.4 g,3.0 g,1.0 g,40 mg,80 mg,2.0 mg,699 mg,,0.20 mg,1.1 mg,0.20 mg,1.2 mg,0.8 g,,12 mcg,0 mcg,0.08 mg,50 mg
1037,FP086,"Tedong pallu basa, masakan",Daging,Olahan (Processed),81.7 g,83 Kal,10.4 g,3.4 g,2.8 g,1.7 g,10 mg,139 mg,2.6 mg,397 mg,34.0 mg,0.60 mg,1.3 mg,0.53 mg,9.0 mg,,,,,0.09 mg,0 mg
1038,MP016,"Teh hijau daun kering (Tea, leaf, green, dried)",Konfeksioneri,Olahan (Processed),7.7 g,300 Kal,28.3 g,4.8 g,53.6 g,5.6 g,245 mg,415 mg,18.9 mg,60 mg,"5,873.9 mg",0.50 mg,0.0 mg,1.24 mg,4.6 mg,9.6 g,,"8,400 mcg",,0.38 mg,230 mg
1039,MP017,"Teh hitam daun kering (tea, leaf, black, dried)",Konfeksioneri,Olahan (Processed),8.0 g,293 Kal,24.5 g,2.8 g,58.8 g,5.9 g,327 mg,313 mg,24.3 mg,50 mg,"5,854.8 mg",0.00 mg,0.0 mg,0.80 mg,7.6 mg,8.7 g,0 mcg,"2,700 mcg",,0.07 mg,9 mg
1040,MP018,"Teh melati daun kering (Tea, jasmine, black, dried)",Konfeksioneri,Olahan (Processed),8.1 g,299 Kal,24.1 g,3.5 g,59.0 g,5.3 g,320 mg,185 mg,31.6 mg,70 mg,"5,848.4 mg",0.53 mg,0.0 mg,0.79 mg,7.3 mg,9.7 g,0 mcg,"8,400 mcg",,0.07 mg,85 mg
1041,DR153,"Tekokak, kering (Devil�s fig, dried)",Sayuran,Mentah (Raw),12.3 g,302 Kal,8.3 g,1.7 g,72.6 g,8.1 g,370 mg,180 mg,22.2 mg,9 mg,0.0 mg,"1,044.20 mg",1.0 mg,0.17 mg,5.1 mg,21.2 g,,187 mcg,750 mcg,0.40 mg,0 mg
1042,DR152,"Tekokak, segar (Devil�s fig,fresh)",Sayuran,Mentah (Raw),89.0 g,34 Kal,2.0 g,0.1 g,7.9 g,1.0 g,50 mg,30 mg,2.0 mg,3 mg,333.3 mg,0.12 mg,0.2 mg,0.05 mg,0.9 mg,4.9 g,,23 mcg,750 mcg,0.08 mg,8 mg
1043,GP092,"Tekwan, masakan",Ikan/Kerang/Udang dll,Olahan (Processed),86.7 g,53 Kal,1.9 g,0.9 g,9.4 g,1.1 g,9 mg,41 mg,1.0 mg,174 mg,42.0 mg,0.00 mg,0.0 mg,0.02 mg,0.4 mg,,99 mcg,,,0.10 mg,
1044,HR004,"Telur aAyam ras, bagian putih, segar (Domestic chicken, egg, white, raw)",Telur,Mentah (Raw),87.8 g,50 Kal,10.8 g,0.0 g,0.8 g,0.6 g,6 mg,17 mg,0.2 mg,164 mg,138.5 mg,0.03 mg,0.4 mg,0.26 mg,0.4 mg,0.0 g,0 mcg,0 mcg,,0.00 mg,0 mg
1045,HR001,"Telur ayam kampung, segar (Feral chicken, egg, fresh)",Telur,Mentah (Raw),73.1 g,174 Kal,10.8 g,14.0 g,1.2 g,0.9 g,68 mg,268 mg,4.9 mg,190 mg,141.0 mg,0.60 mg,1.5 mg,0.62 mg,0.2 mg,0.0 g,203 mcg,23 mcg,125 mcg,0.78 mg,
1046,HR003,"Telur ayam ras, bagian kuning, segar (Domestic chicken, egg, yolk, raw)",Telur,Mentah (Raw),49.4 g,355 Kal,16.3 g,31.9 g,0.7 g,1.7 g,147 mg,586 mg,7.2 mg,111 mg,107.5 mg,0.20 mg,2.5 mg,0.51 mg,0.2 mg,0.0 g,606 mcg,63 mcg,,0.27 mg,0 mg
1047,HR002,"Telur ayam ras, segar (Domestic chicken, egg, fresh)",Telur,Mentah (Raw),74.3 g,154 Kal,12.4 g,10.8 g,0.7 g,0.8 g,86 mg,258 mg,3.0 mg,142 mg,118.5 mg,0.16 mg,1.0 mg,0.38 mg,0.2 mg,0.0 g,61 mcg,22 mcg,104 mcg,0.12 mg,0 mg
1048,HP001,"Telur ayam, dadar, masakan",Telur,Olahan (Processed),61.9 g,251 Kal,16.3 g,19.4 g,1.4 g,1.0 g,62 mg,250 mg,2.5 mg,,,,,0.00 mg,,0.0 g,36 mcg,,221 mcg,0.21 mg,0 mg
1049,HR005,"Telur bebek alabio, segar (Duck, alabio, egg, fresh)",Telur,Mentah (Raw),70.0 g,187 Kal,11.8 g,14.2 g,3.0 g,1.0 g,60 mg,268 mg,6.0 mg,115 mg,80.0 mg,0.60 mg,1.7 mg,0.37 mg,0.1 mg,0.0 g,180 mcg,437 mcg,,1.55 mg,
1050,HR008,"Telur bebek tambak, segar (Domestic duck, egg, fresh)",Telur,Mentah (Raw),67.7 g,187 Kal,10.9 g,12.4 g,7.9 g,1.1 g,64 mg,295 mg,5.4 mg,209 mg,146.0 mg,0.40 mg,1.8 mg,0.03 mg,0.1 mg,0.0 g,378 mcg,471 mcg,375 mcg,1.62 mg,
1051,HP002,"Telur bebek, asin, mentah (Duck, egg, salted, raw)",Telur,Olahan (Processed),66.5 g,179 Kal,13.6 g,13.3 g,4.4 g,2.2 g,120 mg,157 mg,1.8 mg,483 mg,140.1 mg,,,0.98 mg,0.6 mg,0.0 g,253 mcg,13 mcg,,0.28 mg,0 mg
1052,HR006,"Telur bebek, bagian kuning, segar (Duck, egg, yolk, fresh)",Telur,Mentah (Raw),47.0 g,386 Kal,17.0 g,35.0 g,0.8 g,0.2 g,150 mg,400 mg,7.0 mg,106 mg,90.7 mg,0.09 mg,2.5 mg,0.68 mg,1.4 mg,0.0 g,870 mcg,747 mcg,,0.60 mg,0 mg
1053,HR007,"Telur bebek, bagian putih, segar (Duck, egg, white, fresh)",Telur,Mentah (Raw),88.0 g,54 Kal,11.0 g,0.0 g,0.8 g,0.2 g,21 mg,20 mg,0.1 mg,184 mg,150.2 mg,0.13 mg,0.1 mg,0.02 mg,0.1 mg,0.0 g,0 mcg,0 mcg,,0.01 mg,0 mg
1054,HP003,"Telur bebek, dadar, masakan",Telur,Olahan (Processed),55.1 g,301 Kal,20.0 g,23.7 g,0.0 g,1.2 g,71 mg,600 mg,9.2 mg,,,,,,,0.0 g,122 mcg,,613 mcg,0.35 mg,0 mg
1055,HR009,"Telur burung maleo, segar (Maleo, bird, egg , fresh)",Telur,Mentah (Raw),36.0 g,436 Kal,26.5 g,36.3 g,0.4 g,0.8 g,154 mg,120 mg,4.3 mg,77 mg,333.0 mg,0.40 mg,2.9 mg,1.00 mg,0.2 mg,,"3,987 mcg",,,,
1056,HR011,"Telur burung puyuh, segar (Quail, egg, fress)",Telur,Mentah (Raw),79.8 g,116 Kal,10.7 g,7.0 g,1.6 g,0.9 g,65 mg,191 mg,3.5 mg,111 mg,11.0 mg,0.05 mg,1.2 mg,0.65 mg,0.1 mg,0.0 g,95 mcg,80 mcg,,0.13 mg,0 mg
1057,HR010,"Telur penyu, segar (Turtle, egg)",Telur,Mentah (Raw),7.4 g,136 Kal,8.6 g,10.1 g,2.7 g,1.2 g,66 mg,282 mg,3.4 mg,478 mg,115.0 mg,0.50 mg,1.4 mg,0.02 mg,0.0 mg,0.0 g,82 mcg,17 mcg,,0.21 mg,0 mg
1058,CP070,Tempe bongkrek,Kacang-Kacangan,Olahan (Processed),72.5 g,119 Kal,4.4 g,3.5 g,18.3 g,146.3 g,27 mg,100 mg,2.6 mg,,,,,,,,0 mcg,,,0.08 mg,0 mg
1059,CP071,Tempe gembus P3G,Kacang-Kacangan,Olahan (Processed),81.9 g,73 Kal,5.7 g,1.3 g,10.3 g,0.8 g,204 mg,80 mg,1.5 mg,,,,,0.10 mg,0.9 mg,4.2 g,,,22 mcg,0.09 mg,
1060,CP072,Tempe gembus yogya,Kacang-Kacangan,Olahan (Processed),80.7 g,76 Kal,6.8 g,0.7 g,10.6 g,1.1 g,76 mg,142 mg,16.5 mg,,,,,0.01 mg,0.1 mg,5.3 g,,,,0.79 mg,
1061,CP073,Tempe kacang babi,Kacang-Kacangan,Olahan (Processed),64.0 g,139 Kal,12.5 g,0.8 g,21.9 g,1.2 g,68 mg,182 mg,2.6 mg,,,,,,,1.8 g,,,20 mcg,0.10 mg,
1062,CP074,Tempe kacang belimbing,Kacang-Kacangan,Olahan (Processed),58.2 g,212 Kal,17.5 g,10.0 g,12.9 g,1.4 g,186 mg,160 mg,2.2 mg,,,,,,,2.9 g,,,,0.20 mg,
1063,CP075,Tempe kedelai + jagung,Kacang-Kacangan,Olahan (Processed),70.6 g,143 Kal,12.0 g,5.5 g,11.4 g,0.6 g,155 mg,156 mg,6.8 mg,,,,,0.15 mg,1.2 mg,1.9 g,,,"1,320 mcg",0.33 mg,
1064,CP076,"Tempe kedelai murni, goreng",Kacang-Kacangan,Olahan (Processed),36.8 g,350 Kal,24.5 g,26.6 g,10.4 g,1.8 g,202 mg,296 mg,4.9 mg,22 mg,626.7 mg,0.80 mg,2.5 mg,0.60 mg,3.3 mg,4.2 g,,,78 mcg,0.24 mg,0 mg
1065,CP077,"Tempe kedelai murni, mentah",Kacang-Kacangan,Olahan (Processed),55.3 g,201 Kal,20.8 g,8.8 g,13.5 g,1.6 g,155 mg,326 mg,4.0 mg,9 mg,234.0 mg,0.57 mg,1.7 mg,0.59 mg,4.9 mg,1.4 g,,0 mcg,,0.19 mg,
1066,CP078,Tempe koro benguk,Kacang-Kacangan,Olahan (Processed),64.0 g,141 Kal,10.2 g,1.3 g,23.2 g,1.3 g,42 mg,15 mg,2.6 mg,,,,,,,,0 mcg,,,0.09 mg,0 mg
1067,CP079,Tempe lamtoro,Kacang-Kacangan,Olahan (Processed),66.8 g,128 Kal,10.7 g,0.5 g,21.3 g,0.7 g,203 mg,108 mg,0.6 mg,,,,,,,7.1 g,,,121 mcg,0.17 mg,2 mg
1068,CP080,Tempe lamtoro var. gung dengan kulit,Kacang-Kacangan,Olahan (Processed),65.1 g,146 Kal,11.7 g,2.3 g,19.6 g,1.3 g,128 mg,41 mg,6.8 mg,,,,,,1.4 mg,7.6 g,,,"1,370 mcg",0.19 mg,
1069,CP081,Tempe lamtoro var. gung tanpa kulit,Kacang-Kacangan,Olahan (Processed),67.1 g,131 Kal,18.0 g,0.8 g,13.0 g,1.1 g,95 mg,154 mg,12.4 mg,,,,,0.02 mg,2.6 mg,1.3 g,,,"5,900 mcg",0.20 mg,
1070,CP082,Tempe pasar,Kacang-Kacangan,Olahan (Processed),68.3 g,150 Kal,14.0 g,7.7 g,9.1 g,0.9 g,517 mg,202 mg,1.5 mg,7 mg,165.9 mg,0.40 mg,1.2 mg,0.44 mg,3.6 mg,1.4 g,,0 mcg,,0.17 mg,
1071,CP083,Tempe pasar goreng,Kacang-Kacangan,Olahan (Processed),42.9 g,336 Kal,20.0 g,28.0 g,7.8 g,1.3 g,156 mg,350 mg,3.0 mg,20 mg,566.2 mg,0.80 mg,2.2 mg,0.50 mg,3.0 mg,3.4 g,,,10 mcg,0.10 mg,0 mg
1072,NP010,"Tempoya (durian, fermented)",Bumbu,Olahan (Processed),70.1 g,110 Kal,1.7 g,1.3 g,21.9 g,5.0 g,190 mg,45 mg,2.9 mg,597 mg,486.3 mg,,,0.04 mg,1.1 mg,2.6 g,,71 mcg,,0.30 mg,0 mg
1073,BP064,Tepung Arrowroot,Umbi Berpati,Olahan (Processed),13.6 g,355 Kal,0.7 g,0.2 g,85.2 g,0.3 g,8 mg,22 mg,1.5 mg,2 mg,10.7 mg,0.00 mg,0.1 mg,0.00 mg,0.0 mg,0.4 g,,20 mcg,3 mcg,0.09 mg,0 mg
1074,AP004,"Tepung beras, mentah",Serealia,Olahan (Processed),12.0 g,353 Kal,7.0 g,0.5 g,80.0 g,0.5 g,5 mg,140 mg,0.8 mg,5 mg,241.0 mg,0.10 mg,0.8 mg,0.10 mg,1.2 mg,2.4 g,0 mcg,0 mcg,0 mcg,0.12 mg,0 mg
1075,BP065,Tepung Ganyong,Umbi Berpati,Olahan (Processed),13.6 g,353 Kal,0.8 g,1.7 g,83.6 g,0.3 g,4 mg,31 mg,3.3 mg,3 mg,63.5 mg,0.10 mg,0.3 mg,0.00 mg,0.9 mg,0.7 g,,0 mcg,0 mcg,0.02 mg,1 mg
1076,BP066,Tepung Gaplek,Umbi Berpati,Olahan (Processed),13.0 g,345 Kal,2.4 g,0.4 g,83.1 g,1.1 g,18 mg,95 mg,1.5 mg,6 mg,55.0 mg,0.40 mg,1.2 mg,0.20 mg,0.1 mg,6.7 g,,1 mcg,0 mcg,0.30 mg,0 mg
1077,CP084,Tepung hunkwe (pati kacang ijo),Kacang-Kacangan,Olahan (Processed),10.0 g,364 Kal,4.5 g,1.0 g,83.5 g,1.0 g,50 mg,100 mg,1.0 mg,15 mg,"1,232.9 mg",0.93 mg,2.7 mg,0.23 mg,2.2 mg,16.1 g,0 mcg,,,0.00 mg,0 mg
1078,AP013,Tepung jagung putih,Serealia,Olahan (Processed),12.0 g,355 Kal,9.2 g,3.9 g,73.7 g,1.2 g,10 mg,256 mg,2.4 mg,11 mg,24.4 mg,0.23 mg,1.7 mg,0.02 mg,0.3 mg,7.2 g,,0 mcg,0 mcg,0.38 mg,
1079,CP085,Tepung Jalejo,Kacang-Kacangan,Olahan (Processed),10.0 g,388 Kal,19.0 g,7.5 g,61.2 g,2.3 g,101 mg,663 mg,2.0 mg,3 mg,712.0 mg,0.60 mg,1.9 mg,0.70 mg,1.6 mg,5.8 g,,"1,000 mcg",0 mcg,0.02 mg,9 mg
1080,CP086,Tepung kacang kedelai,Kacang-Kacangan,Olahan (Processed),9.0 g,347 Kal,35.9 g,20.6 g,29.9 g,4.0 g,195 mg,544 mg,8.4 mg,52 mg,"2,522.6 mg","4,303.45 mg",2.6 mg,0.32 mg,2.1 mg,5.8 g,,0 mcg,140 mcg,0.77 mg,0 mg
1081,BP067,"Tepung kentang, kering",Umbi Berpati,Olahan (Processed),13.0 g,347 Kal,0.3 g,0.1 g,85.6 g,1.0 g,20 mg,30 mg,0.5 mg,51 mg,156.3 mg,0.20 mg,0.5 mg,0.00 mg,0.4 mg,0.4 g,,0 mcg,0 mcg,0.04 mg,0 mg
1082,BP068,Tepung Mocaf,Umbi Berpati,Olahan (Processed),11.9 g,350 Kal,1.2 g,0.6 g,85.0 g,1.3 g,60 mg,64 mg,15.8 mg,8 mg,403.0 mg,0.10 mg,0.6 mg,0.02 mg,0.7 mg,6.0 g,,0 mcg,0 mcg,0.02 mg,2 mg
1083,EP014,Tepung Pisang,Buah,Olahan (Processed),13.8 g,338 Kal,2.9 g,0.4 g,80.6 g,2.1 g,23 mg,62 mg,4.0 mg,18 mg,734.0 mg,0.10 mg,0.5 mg,0.02 mg,1.0 mg,5.3 g,,13 mcg,1 mcg,0.02 mg,2 mg
1084,BP069,Tepung Sente,Umbi Berpati,Olahan (Processed),15.3 g,326 Kal,4.0 g,0.4 g,76.7 g,3.6 g,41 mg,141 mg,3.5 mg,14 mg,"1,602.0 mg",0.40 mg,1.4 mg,0.20 mg,7.7 mg,8.5 g,,0 mcg,0 mcg,0.02 mg,0 mg
1085,BP070,Tepung singkong/ Tapioka,Umbi Berpati,Olahan (Processed),9.1 g,363 Kal,1.1 g,0.5 g,88.2 g,1.1 g,84 mg,125 mg,1.0 mg,1 mg,7.1 mg,0.00 mg,0.1 mg,0.00 mg,0.4 mg,0.9 g,,0 mcg,,0.04 mg,0 mg
1086,EP015,Tepung Sukun,Buah,Olahan (Processed),10.1 g,353 Kal,2.9 g,0.5 g,84.4 g,2.1 g,100 mg,85 mg,4.6 mg,9 mg,"2,008.0 mg",0.10 mg,0.6 mg,0.02 mg,0.1 mg,3.7 g,,0 mcg,0 mcg,0.40 mg,3 mg
1087,BP071,Tepung Tales Beneng,Umbi Berpati,Olahan (Processed),12.2 g,332 Kal,5.7 g,0.6 g,76.1 g,5.5 g,59 mg,302 mg,10.7 mg,7 mg,"1,404.0 mg",0.80 mg,6.2 mg,0.10 mg,0.3 mg,12.2 g,,0 mcg,0 mcg,0.02 mg,0 mg
1088,AP025,Tepung terigu,Serealia,Olahan (Processed),11.8 g,333 Kal,9.0 g,1.0 g,77.2 g,1.0 g,22 mg,150 mg,1.3 mg,2 mg,0.0 mg,0.00 mg,2.8 mg,0.07 mg,1.0 mg,0.3 g,0 mcg,0 mcg,0 mcg,0.10 mg,0 mg
1089,BP072,Tepung Ubi Ungu,Umbi Berpati,Olahan (Processed),9.4 g,354 Kal,2.8 g,0.6 g,84.4 g,2.8 g,89 mg,125 mg,3.9 mg,42 mg,940.0 mg,0.80 mg,0.6 mg,0.02 mg,0.0 mg,12.9 g,,0 mcg,0 mcg,0.40 mg,0 mg
1090,NP011,"Terasi (Fish, fermented, paste (terasi))",Bumbu,Olahan (Processed),33.8 g,155 Kal,22.3 g,2.9 g,9.9 g,31.1 g,"3,812 mg",726 mg,78.5 mg,"1,664 mg",821.4 mg,0.99 mg,2.4 mg,0.00 mg,3.3 mg,2.7 g,,0 mcg,0 mcg,0.24 mg,0 mg
1091,NP012,Terasi dobo,Bumbu,Olahan (Processed),58.4 g,191 Kal,33.1 g,3.6 g,6.6 g,11.5 g,"2,250 mg","1,130 mg",22.9 mg,650 mg,"1,260.0 mg",2.90 mg,5.0 mg,0.22 mg,2.0 mg,1.6 g,,0 mcg,,3.74 mg,
1092,NP013,Terasi merah,Bumbu,Olahan (Processed),40.0 g,174 Kal,30.0 g,3.5 g,5.6 g,20.4 g,100 mg,150 mg,3.1 mg,"7,850 mg",302.8 mg,0.49 mg,1.2 mg,0.12 mg,1.7 mg,2.2 g,,0 mcg,0 mcg,0.00 mg,0 mg
1093,GP093,"Teri belado, masakan",Ikan/Kerang/Udang dll,Olahan (Processed),25.8 g,365 Kal,23.7 g,22.3 g,17.5 g,10.9 g,869 mg,348 mg,4.0 mg,,,,,,,0.0 g,27 mcg,,"1,567 mcg",0.13 mg,0 mg
1094,GP050,"Teripang, dendeng, mentah",Ikan/Kerang/Udang dll,Olahan (Processed),12.5 g,462 Kal,39.1 g,32.4 g,3.5 g,12.5 g,499 mg,616 mg,96.4 mg,315 mg,402.5 mg,,,0.00 mg,5.3 mg,0.0 g,2 mcg,0 mcg,144 mcg,1.37 mg,0 mg
1095,DR155,"Terong asam, segar",Sayuran,Mentah (Raw),90.5 g,37 Kal,2.0 g,0.4 g,6.3 g,0.8 g,13 mg,59 mg,1.5 mg,3 mg,155.0 mg,0.30 mg,0.3 mg,0.10 mg,0.8 mg,3.2 g,,97 mcg,,0.20 mg,4 mg
1096,DR158,"Terong hintalo, segar",Sayuran,Mentah (Raw),89.2 g,45 Kal,1.9 g,0.8 g,7.5 g,0.6 g,19 mg,268 mg,1.0 mg,167 mg,142.0 mg,0.60 mg,0.2 mg,0.40 mg,,5.1 g,,552 mcg,,0.20 mg,4 mg
1097,DR154,"Terong, segar (Eggplant, fresh)",Sayuran,Mentah (Raw),92.7 g,28 Kal,1.1 g,0.2 g,5.5 g,0.5 g,15 mg,37 mg,0.4 mg,9 mg,187.0 mg,0.10 mg,0.1 mg,0.03 mg,0.5 mg,2.1 g,,46 mcg,30 mcg,0.04 mg,5 mg
1098,DR156,"Terung belanda, segar (Tamarillo, fresh)",Sayuran,Mentah (Raw),87.3 g,52 Kal,2.1 g,1.1 g,8.6 g,1.0 g,16 mg,40 mg,1.1 mg,,,,,0.06 mg,0.0 mg,1.4 g,0 mcg,,"8,048 mcg",0.42 mg,12 mg
1099,DR157,"Terung bengkulu, segar",Sayuran,Mentah (Raw),86.6 g,52 Kal,1.1 g,0.4 g,11.2 g,0.8 g,19 mg,39 mg,1.1 mg,14 mg,,0.16 mg,1.0 mg,0.04 mg,0.0 mg,3.2 g,0 mcg,85 mcg,600 mcg,0.23 mg,6 mg
1100,DR159,"Terung panjang (Eggplant, fresh)",Sayuran,Mentah (Raw),91.8 g,25 Kal,2.1 g,0.1 g,5.3 g,0.7 g,38 mg,24 mg,0.7 mg,9 mg,53.7 mg,0.09 mg,0.2 mg,0.06 mg,0.7 mg,0.5 g,0 mcg,83 mcg,24 mcg,0.15 mg,8 mg
1101,DP019,"Terung panjang, kukus",Sayuran,Olahan (Processed),92.7 g,23 Kal,1.8 g,0.1 g,4.9 g,0.5 g,40 mg,13 mg,0.5 mg,9 mg,57.0 mg,67.10 mg,0.2 mg,0.07 mg,0.7 mg,0.4 g,0 mcg,99 mcg,20 mcg,0.00 mg,1 mg
1102,FP087,"Tikus rica, masakan",Daging,Olahan (Processed),54.9 g,257 Kal,18.8 g,18.5 g,3.8 g,4.0 g,232 mg,293 mg,6.5 mg,"1,724 mg",308.0 mg,0.50 mg,2.3 mg,0.38 mg,,,674 mcg,,,0.28 mg,
1103,DP058,Tinira ninahu nggaluku,Sayuran,Olahan (Processed),91.8 g,33 Kal,1.2 g,1.3 g,4.1 g,1.5 g,35 mg,35 mg,0.0 mg,161 mg,119.0 mg,0.20 mg,0.7 mg,0.00 mg,3.5 mg,3.1 g,,6 mcg,0 mcg,0.30 mg,10 mg
1104,FP088,"Tinoransa, masakan",Daging,Olahan (Processed),31.6 g,516 Kal,17.7 g,49.5 g,0.0 g,1.2 g,698 mg,648 mg,3.5 mg,"1,307 mg",320.0 mg,0.10 mg,1.8 mg,0.17 mg,,,710 mcg,,,0.29 mg,
1105,AP110,Tipa-tipa,Serealia,Olahan (Processed),11.3 g,355 Kal,6.2 g,1.2 g,79.8 g,1.5 g,17 mg,328 mg,1.6 mg,,,,,0.04 mg,1.5 mg,1.3 g,0 mcg,0 mcg,0 mcg,0.26 mg,0 mg
1106,BP073,Tiwul,Umbi Berpati,Olahan (Processed),11.2 g,353 Kal,2.4 g,1.1 g,83.4 g,1.6 g,55 mg,95 mg,4.7 mg,5 mg,670.0 mg,0.20 mg,0.8 mg,0.02 mg,0.1 mg,6.5 g,,0 mcg,0 mcg,0.02 mg,3 mg
1107,BP074,Tiwul Instan,Umbi Berpati,Olahan (Processed),9.1 g,395 Kal,3.2 g,8.5 g,76.5 g,2.7 g,81 mg,81 mg,5.8 mg,377 mg,469.0 mg,2.10 mg,1.2 mg,0.20 mg,0.2 mg,4.2 g,,0 mcg,0 mcg,0.40 mg,4 mg
1108,DR161,"Tomat merah, segar (Tomato, red, fresh)",Sayuran,Mentah (Raw),92.9 g,24 Kal,1.3 g,0.5 g,4.7 g,0.6 g,8 mg,77 mg,0.6 mg,10 mg,164.9 mg,0.14 mg,0.2 mg,0.07 mg,0.4 mg,1.5 g,,575 mcg,"2,083 mcg",0.06 mg,34 mg
1109,DR162,"Tomat muda, segar (Tomato, green, fresh)",Sayuran,Mentah (Raw),93.0 g,24 Kal,2.0 g,0.7 g,3.3 g,2.0 g,5 mg,27 mg,0.5 mg,10 mg,210.0 mg,0.07 mg,0.2 mg,0.04 mg,0.7 mg,1.8 g,,384 mcg,320 mcg,0.07 mg,30 mg
1110,DR160,"Tomat, air (sari), segar (Tomato, juice, fresh)",Sayuran,Mentah (Raw),94.0 g,20 Kal,1.0 g,0.2 g,3.5 g,1.3 g,7 mg,15 mg,0.4 mg,10 mg,225.2 mg,0.06 mg,0.1 mg,0.03 mg,0.7 mg,0.4 g,,266 mcg,600 mcg,0.05 mg,10 mg
1111,GP094,"Tumis bandeng, masakan",Ikan/Kerang/Udang dll,Olahan (Processed),70.5 g,189 Kal,11.3 g,15.7 g,0.6 g,1.9 g,56 mg,129 mg,0.4 mg,314 mg,280.0 mg,0.10 mg,0.7 mg,0.02 mg,,,579 mcg,,,0.46 mg,
1112,DP059,Tumis bayam bersantan,Sayuran,Olahan (Processed),91.2 g,48 Kal,1.4 g,4.2 g,2.6 g,0.6 g,129 mg,27 mg,0.8 mg,,,,,,,0.5 g,0 mcg,,"2,988 mcg",0.01 mg,22 mg
1113,GP095,Tumis keumamah,Ikan/Kerang/Udang dll,Olahan (Processed),45.7 g,300 Kal,14.5 g,20.0 g,15.5 g,4.3 g,,,,,,,,0.04 mg,,4.5 g,,8 mcg,,0.63 mg,7 mg
1114,BP075,Ubi Cilembu,Umbi Berpati,Olahan (Processed),52.7 g,186 Kal,1.9 g,0.2 g,44.3 g,0.9 g,37 mg,51 mg,0.6 mg,1 mg,61.9 mg,0.10 mg,0.2 mg,0.20 mg,0.0 mg,3.4 g,,26 mcg,0 mcg,0.02 mg,0 mg
1115,BR029,"Ubi jalar manis, segar (Cassava starch, fresh)",Umbi Berpati,Mentah (Raw),78.4 g,83 Kal,1.5 g,0.2 g,18.8 g,1.1 g,27 mg,162 mg,2.1 mg,52 mg,320.7 mg,0.10 mg,0.3 mg,0.00 mg,0.4 mg,0.6 g,0 mcg,0 mcg,0 mcg,0.02 mg,0 mg
1116,BR030,"Ubi jalar merah, segar (Sweet potato, redish, fresh)",Umbi Berpati,Mentah (Raw),61.9 g,151 Kal,1.6 g,0.3 g,35.4 g,0.6 g,29 mg,74 mg,0.7 mg,92 mg,565.6 mg,0.30 mg,0.5 mg,0.08 mg,0.7 mg,0.7 g,0 mcg,0 mcg,"1,208 mcg",0.13 mg,11 mg
1117,BR031,"Ubi jalar putih, segar (Sweet potato, whitish, fresh)",Umbi Berpati,Mentah (Raw),77.8 g,88 Kal,0.4 g,0.4 g,20.6 g,0.8 g,30 mg,10 mg,0.5 mg,2 mg,4.0 mg,0.10 mg,0.2 mg,0.06 mg,0.5 mg,4.0 g,0 mcg,13 mcg,264 mcg,0.25 mg,36 mg
1118,BR032,Ubi jalar tinta/ kemayung,Umbi Berpati,Mentah (Raw),72.5 g,108 Kal,0.5 g,0.4 g,25.6 g,1.0 g,30 mg,40 mg,0.5 mg,1 mg,1.0 mg,0.10 mg,0.2 mg,0.06 mg,0.6 mg,4.2 g,0 mcg,13 mcg,0 mcg,0.09 mg,24 mg
1119,BP012,Ubi jalar tinta/ kemayung kukus,Umbi Berpati,Olahan (Processed),58.5 g,165 Kal,0.9 g,0.2 g,39.8 g,0.6 g,20 mg,23 mg,0.8 mg,1 mg,0.9 mg,0.10 mg,0.2 mg,0.10 mg,0.5 mg,1.1 g,0 mcg,0 mcg,0 mcg,0.02 mg,0 mg
1120,BP011,"Ubi jalar, kuning, kukus",Umbi Berpati,Olahan (Processed),74.2 g,100 Kal,0.7 g,0.3 g,23.8 g,1.0 g,44 mg,46 mg,0.4 mg,3 mg,0.8 mg,0.10 mg,0.2 mg,0.10 mg,0.6 mg,1.0 g,0 mcg,819 mcg,"4,427 mcg",0.00 mg,16 mg
1121,BR028,"Ubi jalar, kuning, segar (Sweet potato, yellowish, fresh)",Umbi Berpati,Mentah (Raw),72.6 g,119 Kal,0.5 g,0.4 g,25.1 g,1.0 g,30 mg,40 mg,0.4 mg,3 mg,1.0 mg,0.10 mg,0.2 mg,0.07 mg,0.7 mg,4.2 g,0 mcg,794 mcg,"4,948 mcg",0.06 mg,21 mg
1122,DR163,"Uceng/ bunga melinjo, segar (Spanish joint fir, flower, fresh)",Sayuran,Mentah (Raw),79.5 g,82 Kal,5.8 g,1.3 g,11.7 g,1.7 g,70 mg,266 mg,2.4 mg,,,,,0.15 mg,,4.8 g,,,58 mcg,0.11 mg,3 mg
1123,GR082,"Udang galah, segar (Giant river prawn, fresh)",Ikan/Kerang/Udang dll,Mentah (Raw),79.0 g,81 Kal,16.5 g,0.3 g,3.0 g,1.2 g,87 mg,167 mg,0.7 mg,95 mg,132.0 mg,0.70 mg,1.2 mg,0.03 mg,2.9 mg,0.0 g,,3 mcg,,0.24 mg,
1124,GP051,"Udang kering, mentah",Ikan/Kerang/Udang dll,Olahan (Processed),14.9 g,278 Kal,62.6 g,4.1 g,2.2 g,16.2 g,760 mg,510 mg,5.2 mg,540 mg,360.0 mg,2.40 mg,3.2 mg,,0.1 mg,,39 mcg,,,,
1125,GP052,"Udang papay, mentah",Ikan/Kerang/Udang dll,Olahan (Processed),24.5 g,273 Kal,47.8 g,3.8 g,12.5 g,11.5 g,"1,109 mg",789 mg,2.4 mg,651 mg,802.0 mg,2.60 mg,10.8 mg,,,,,,,,
1126,GR083,"Udang, besar, segar (Tiger prawn, fresh)",Ikan/Kerang/Udang dll,Mentah (Raw),85.5 g,56 Kal,11.4 g,0.6 g,1.2 g,1.3 g,30 mg,20 mg,0.3 mg,190 mg,210.0 mg,0.40 mg,0.8 mg,0.00 mg,0.1 mg,0.0 g,,0 mcg,,0.14 mg,
1127,GR084,"Udang, segar (Shrimp, fresh)",Ikan/Kerang/Udang dll,Mentah (Raw),75.0 g,91 Kal,21.0 g,0.2 g,0.1 g,3.7 g,136 mg,170 mg,8.0 mg,178 mg,222.4 mg,0.30 mg,1.3 mg,0.40 mg,3.7 mg,0.0 g,18 mcg,4 mcg,,0.01 mg,0 mg
1128,FR034,"Ulat sagu segar (Caterpillar, sago palm, fresh)",Daging,Mentah (Raw),65.9 g,241 Kal,5.8 g,21.6 g,5.8 g,0.9 g,20 mg,70 mg,0.5 mg,210 mg,210.0 mg,1.00 mg,7.7 mg,1.45 mg,0.1 mg,2.8 g,,0 mcg,,0.17 mg,
1129,FP020,"Ulat sagu, panggang",Daging,Olahan (Processed),41.3 g,380 Kal,11.9 g,30.3 g,14.9 g,1.6 g,30 mg,120 mg,1.5 mg,260 mg,550.0 mg,3.10 mg,14.2 mg,2.50 mg,0.1 mg,4.8 g,,0 mcg,,0.50 mg,
1130,BP076,Uli batatas,Umbi Berpati,Olahan (Processed),66.5 g,150 Kal,1.1 g,4.0 g,27.4 g,1.0 g,,23 mg,0.1 mg,6 mg,112.0 mg,0.10 mg,0.2 mg,0.00 mg,1.3 mg,,0 mcg,0 mcg,0 mcg,0.53 mg,0 mg
1131,BR033,"Umbi Uwi, segar",Umbi Berpati,Mentah (Raw),69.7 g,120 Kal,2.8 g,0.5 g,82.3 g,0.9 g,9 mg,42 mg,1.3 mg,12 mg,412.0 mg,0.30 mg,0.6 mg,0.50 mg,0.2 mg,2.6 g,,0 mcg,0 mcg,0.02 mg,4 mg
1132,DR164,"Umbut kelapa, segar",Sayuran,Mentah (Raw),89.3 g,39 Kal,2.0 g,0.2 g,7.2 g,1.3 g,57 mg,49 mg,,4 mg,447.0 mg,0.20 mg,1.4 mg,0.10 mg,,2.5 g,,16 mcg,,0.10 mg,8 mg
1133,DR165,"Umbut rotan (Rattan, young shoot)",Sayuran,Mentah (Raw),90.5 g,34 Kal,2.4 g,0.3 g,5.5 g,1.3 g,89 mg,79 mg,1.3 mg,8 mg,552.0 mg,0.20 mg,1.9 mg,,,2.2 g,,14 mcg,,0.20 mg,9 mg
1134,ER111,"Vigus, segar",Buah,Mentah (Raw),88.0 g,44 Kal,2.4 g,0.1 g,8.3 g,1.2 g,30 mg,20 mg,0.3 mg,2 mg,180.0 mg,0.10 mg,0.2 mg,0.01 mg,,,,,,0.26 mg,43 mg
1135,AP111,Wajit camilan,Serealia,Olahan (Processed),27.1 g,303 Kal,6.3 g,2.7 g,63.3 g,0.6 g,61 mg,302 mg,5.5 mg,,,,,,,6.9 g,0 mcg,,0 mcg,0.03 mg,0 mg
1136,DP060,Waluh balamak,Sayuran,Olahan (Processed),89.4 g,45 Kal,0.8 g,0.9 g,8.1 g,1.0 g,25 mg,25 mg,0.5 mg,61 mg,15.0 mg,,0.2 mg,0.00 mg,0.1 mg,7.9 g,,"1,241 mcg",0 mcg,0.20 mg,2 mg
1137,ER112,"Wani, segar",Buah,Mentah (Raw),81.2 g,74 Kal,0.8 g,0.3 g,17.1 g,0.6 g,66 mg,29 mg,1.2 mg,,,,,,,3.1 g,,,32 mcg,0.08 mg,80 mg
1138,AP112,Widaran,Serealia,Olahan (Processed),7.0 g,424 Kal,1.3 g,10.7 g,80.7 g,0.3 g,49 mg,88 mg,2.5 mg,,,,,0.20 mg,2.2 mg,0.2 g,21 mcg,,440 mcg,0.13 mg,0 mg
1139,CR052,"Wijen, kering (Sesame seed)",Kacang-Kacangan,Mentah (Raw),5.8 g,568 Kal,19.3 g,51.1 g,18.1 g,5.8 g,"1,125 mg",614 mg,9.5 mg,18 mg,303.7 mg,4.16 mg,7.9 mg,0.20 mg,5.7 mg,3.6 g,,15 mcg,,0.93 mg,0 mg
1140,AP113,Wingko babat,Serealia,Olahan (Processed),29.7 g,355 Kal,3.2 g,15.1 g,51.4 g,0.7 g,47 mg,63 mg,1.1 mg,,,,,0.08 mg,0.0 mg,2.4 g,0 mcg,,0 mcg,0.08 mg,0 mg
1141,DP061,Woku ubi,Sayuran,Olahan (Processed),73.0 g,143 Kal,3.1 g,7.8 g,15.0 g,1.1 g,195 mg,91 mg,2.8 mg,353 mg,256.0 mg,0.30 mg,1.0 mg,,,7.0 g,,"1,519 mcg",0 mcg,0.10 mg,15 mg
1142,DP021,"Wortel, kukus",Sayuran,Olahan (Processed),89.5 g,37 Kal,1.0 g,0.6 g,8.3 g,0.6 g,44 mg,30 mg,0.6 mg,43 mg,122.5 mg,0.11 mg,0.3 mg,0.03 mg,0.8 mg,1.1 g,0 mcg,"3,994 mcg","7,150 mcg",0.02 mg,14 mg
1143,DP020,"Wortel, rebus",Sayuran,Olahan (Processed),92.1 g,28 Kal,0.7 g,0.5 g,6.3 g,0.4 g,46 mg,28 mg,0.6 mg,41 mg,117.3 mg,0.10 mg,0.2 mg,0.03 mg,0.7 mg,0.8 g,0 mcg,"3,824 mcg","5,396 mcg",0.01 mg,12 mg
1144,DR166,"Wortel, segar (Carrot, fresh)",Sayuran,Mentah (Raw),89.9 g,36 Kal,1.0 g,0.6 g,7.9 g,0.6 g,45 mg,74 mg,1.0 mg,70 mg,245.0 mg,0.06 mg,0.3 mg,0.04 mg,1.0 mg,1.0 g,,"3,784 mcg","7,125 mcg",0.04 mg,18 mg
1145,AP114,Yangko,Serealia,Olahan (Processed),37.4 g,254 Kal,3.0 g,1.1 g,58.1 g,0.4 g,184 mg,24 mg,2.6 mg,,,,,,0.0 mg,0.8 g,0 mcg,,96 mcg,0.15 mg,0 mg
1146,JP011,"Yoghurt, segar",Susu,Olahan (Processed),88.0 g,52 Kal,3.3 g,2.5 g,4.0 g,2.2 g,120 mg,90 mg,0.1 mg,40 mg,299.0 mg,0.01 mg,0.6 mg,0.10 mg,0.2 mg,0.0 g,22 mcg,10 mcg,,0.04 mg,0 mg
