ID,Nama Makanan,Kategori,Jumlah Sajian,Per Sajian,Energi,Energi dari lemak,Energi dari lemak jenuh,Karbohidrat total,Karbohidrat lain,Protein,Lemak total,Lemak jenuh,Lemak tidak jenuh ganda,Lemak tidak jenuh tunggal,Lemak trans,Kolesterol,Serat pangan,Serat pangan larut,Serat pangan tidak larut,Gula,Gula alkohol,Air,Abu,Vitamin A,B0Karoten,Vitamin B1,Vitamin B2,Vitamin B3,Vitamin B5,Vitamin B6,Vitamin B12,Folat,Biotin,Kolin,Vitamin C,Vitamin D,Vitamin E,Vitamin K,Kalsium,Fosfor,Magnesium,Natrium,Kalium,Besi,Seng,Tembaga,Mangan,Iodium,Selenium,Fluor,Kromium,L0Karnitin,Myo0Inositol,Asam linoleat,Asam a0linolenat
1,0% Fat Yogurt Strawberry,Elle & Vire,1.0,pot (125 g),51.0,,,7.6,,4.0,0.1,0.0,,,,,1.6,,,,,,,,,,,,,,,,,,,,,,,,,,,,,,,,,,,,,,
2,1% Lemak Susu,Keju & Susu,1.0,gelas,102.0,,,12.18,,8.22,2.37,1.545,0.085,0.676,,12.0,0.0,,,12.69,,,,,,,,,,,,,,,,,,,,,,107.0,366.0,,,,,,,,,,,,
3,1/3 PB Hazelnut,Lean Lab,0.0,0,0.0,0.0,0.0,0.0,0.0,0.0,0.0,0.0,0.0,0.0,0.0,0.0,0.0,0.0,0.0,0.0,0.0,0.0,0.0,0.0,0.0,0.0,0.0,0.0,0.0,0.0,0.0,0.0,0.0,0.0,0.0,0.0,0.0,0.0,0.0,0.0,0.0,0.0,0.0,0.0,0.0,0.0,0.0,0.0,0.0,0.0,0.0,0.0,0.0,0.0,0.0
4,1/3 PB Matcha,Lean Lab,0.0,0,0.0,0.0,0.0,0.0,0.0,0.0,0.0,0.0,0.0,0.0,0.0,0.0,0.0,0.0,0.0,0.0,0.0,0.0,0.0,0.0,0.0,0.0,0.0,0.0,0.0,0.0,0.0,0.0,0.0,0.0,0.0,0.0,0.0,0.0,0.0,0.0,0.0,0.0,0.0,0.0,0.0,0.0,0.0,0.0,0.0,0.0,0.0,0.0,0.0,0.0,0.0
5,1/3 PB Original,Lean Lab,0.0,0,0.0,0.0,0.0,0.0,0.0,0.0,0.0,0.0,0.0,0.0,0.0,0.0,0.0,0.0,0.0,0.0,0.0,0.0,0.0,0.0,0.0,0.0,0.0,0.0,0.0,0.0,0.0,0.0,0.0,0.0,0.0,0.0,0.0,0.0,0.0,0.0,0.0,0.0,0.0,0.0,0.0,0.0,0.0,0.0,0.0,0.0,0.0,0.0,0.0,0.0,0.0
6,1/3 PB Speculoos,Lean Lab,0.0,0,0.0,0.0,0.0,0.0,0.0,0.0,0.0,0.0,0.0,0.0,0.0,0.0,0.0,0.0,0.0,0.0,0.0,0.0,0.0,0.0,0.0,0.0,0.0,0.0,0.0,0.0,0.0,0.0,0.0,0.0,0.0,0.0,0.0,0.0,0.0,0.0,0.0,0.0,0.0,0.0,0.0,0.0,0.0,0.0,0.0,0.0,0.0,0.0,0.0,0.0,0.0
7,1/3 Pb Chocolate,Lean Lab,2.0,sendok makan (13 g),50.0,,,8.0,,4.0,1.0,,,,,,,,,6.0,,,,,,,,,,,,,,,,,,,,,,10.0,,,,,,,,,,,,,
8,100 Plus,F&N,100.0,ml,20.0,,,4.9,,0.0,0.0,,,,,,,,,4.9,,,,,,,,,,,,,,,,,,,,,,45.0,,,,,,,,,,,,,
9,2% Lemak Susu,Keju & Susu,100.0,gram (g),50.0,,,4.68,,3.3,1.97,1.257,0.073,0.56,,8.0,0.0,,,5.06,,,,,,,,,,,,,,,,,,,,,,41.0,150.0,,,,,,,,,,,,
10,3 in 1 Neopolitana,Wall's,100.0,ml,90.0,,,14.0,,1.0,3.0,2.5,,,,,1.0,,,10.0,,,,,,,,,,,,,,,,,,,,,,25.0,,,,,,,,,,,,,
11,3 in 1 Oat Cereal Drink Matcha Green Tea,Quaker,1.0,porsi (28 g),120.0,,,21.0,,2.0,3.0,1.0,,,,0.0,1.0,,,9.0,,,,,,,,,,,,,,,,,,,,,,80.0,,,,,,,,,,,,,
12,3 in 1 Oat Cereal Drink Mocha,Quaker,1.0,porsi (28 g),120.0,,,20.7,,1.8,3.1,0.9,0.6,1.1,,0.0,1.1,,,9.0,,,,,,,,,,,,,,,,,,,,,,67.0,,,,,,,,,,,,,
13,3 in 1 Oat Cereal Drink Vanilla,Quaker,1.0,bungkus (28 g),110.0,,,21.0,,1.0,2.5,1.5,0.3,0.4,,0.0,1.0,,,8.0,,,,,,,,,,,,,,,,,,,,,,85.0,,,,,,,,,,,,,
14,3 in 1 Rasa Cokelat,Quaker,1.0,kemasan (29 g),120.0,,,22.0,,2.0,3.0,2.0,,,,0.0,1.0,,,11.0,,,,,,,,,,,,,,,,,,,,,,80.0,,,,,,,,,,,,,
15,3D Potato Tornado Cheese,Taro,1.0,takaran saji (20 g),100.0,,,14.0,,1.0,4.0,2.0,,,,0.0,1.0,,,0.0,,,,,,,,,,,,,,,,,,,,,,10.0,,,,,,,,,,,,,
16,3In1 Kopi Mix,Pikopi,1.0,sachet (20 g),90.0,,,17.0,,1.0,2.0,2.0,,,,,1.0,,,13.0,,,,,,,,,,,,,,,,,,,,,,25.0,,,,,,,,,,,,,
17,Abon Ayam,Gloria,1.0,sendok (25 g),110.0,,,10.0,,7.0,5.0,4.0,,,,4.0,,,,,,,,,,,,,,,,,,,,,,,,,,410.0,,,,,,,,,,,,,
18,Abon Sapi,Gloria,1.0,porsi (25 g),130.0,,,12.0,,12.0,6.0,4.5,,,,5.0,0.0,,,,,,,,,,,,,,,,,,,,,,,,,430.0,,,,,,,,,,,,,
19,Acar,Sayuran,1.0,sedang,12.0,,,2.68,,0.4,0.12,0.031,0.05,0.002,,0.0,0.8,,,2.28,,,,,,,,,,,,,,,,,,,,,,833.0,75.0,,,,,,,,,,,,
20,Acar Mentimun Asam,Sayuran,100.0,gram (g),11.0,,,2.26,,0.33,0.2,0.052,0.082,0.003,,0.0,1.2,,,1.06,,,,,,,,,,,,,,,,,,,,,,1208.0,23.0,,,,,,,,,,,,
21,Acar Mentimun Manis,Sayuran,100.0,gram (g),117.0,,,31.81,,0.37,0.26,0.066,0.106,0.004,,0.0,1.1,,,14.63,,,,,,,,,,,,,,,,,,,,,,939.0,32.0,,,,,,,,,,,,
22,Acno,Youvit,1.0,gummy (4 g),15.0,,,3.0,,0.0,0.0,0.0,0.0,0.0,,0.0,0.0,,,2.0,,,,,,,,,,,,,,,,,,,,,,0.0,0.0,,,,,,,,,,,,
23,Activ8,Yoforia,1.0,botol (170 ml),100.0,,,24.0,,2.0,0.0,,,,,,,,,22.0,,,,,,,,,,,,,,,,,,,,,,35.0,,,,,,,,,,,,,
24,Active,Balans,1.0,saset  (15 g),60.0,,,15.0,,0.0,0.0,0.0,,,,0.0,2.0,,,0.0,,,,,,,,,,,,,,,,,,,,,,10.0,,,,,,,,,,,,,
25,Active Chocolate,Entrasol,3.0,sdm (35 g),140.0,,,20.0,,7.0,3.5,1.0,,,,0.0,2.0,,,9.0,,,,,,,,,,,,,,,,,,,,,,110.0,575.0,,,,,,,,,,,,
26,Adem Sari Herbal Lemon,Adem Sari,1.0,botol (175 ml),60.0,,,16.0,,0.0,0.0,0.0,,,,0.0,0.0,,,14.0,,,,,,,,,,,,,,,,,,,,,,65.0,0.0,,,,,,,,,,,,
27,Adem Sari Sparkling,Adem Sari,1.0,gelas  (320 ml),140.0,,,35.0,,0.0,0.0,,,,,0.0,,,,35.0,,,,,,,,,,,,,,,,,,,,,,32000.0,,,,,,,,,,,,,
28,Afternoon Sandwich Chicken,Salad Point,1.0,porsi,321.0,,,36.0,,13.0,20.0,,,,,,3.0,,,9.0,,,,,,,,,,,,,,,,,,,,,,538.0,,,,,,,,,,,,,
29,Agar-agar Pencuci Mulut,Lainnya,100.0,gram (g),62.0,,,14.19,,1.22,0.0,0.0,0.0,0.0,,0.0,0.0,,,13.49,,,,,,,,,,,,,,,,,,,,,,75.0,1.0,,,,,,,,,,,,
30,Aglio Olio,Wow Spageti,1.0,porsi (75 g),300.0,,,46.0,,11.0,8.0,3.0,,,,,4.0,,,6.0,,,,,,,,,,,,,,,,,,,,,,1160.0,,,,,,,,,,,,,
31,Ahh',Nabati,1.0,bungkus (4 g),20.0,,,3.0,,0.0,1.0,0.5,,,,0.0,,,,1.0,,,,,,,,,,,,,,,,,,,,,,15.0,,,,,,,,,,,,,
32,Ahh',Richeese,1.0,bungkus (9 g),45.0,,,6.0,,0.0,2.0,1.5,,,,0.0,,,,3.0,,,,,,,,,,,,,,,,,,,,,,40.0,,,,,,,,,,,,,
33,Air,Minuman,1.0,gelas (240 ml),0.0,,,0.0,,0.0,0.0,0.0,0.0,0.0,,0.0,0.0,,,0.0,,,,,,,,,,,,,,,,,,,,,,5.0,0.0,,,,,,,,,,,,
34,Air,Lainnya,1.0,gelas (240 ml),0.0,,,0.0,,0.0,0.0,0.0,0.0,0.0,,0.0,0.0,,,0.0,,,,,,,,,,,,,,,,,,,,,,5.0,0.0,,,,,,,,,,,,
35,Air (Botol),Minuman,1.0,gelas,0.0,,,0.0,,0.0,0.0,0.0,0.0,0.0,,0.0,0.0,,,0.0,,,,,,,,,,,,,,,,,,,,,,5.0,0.0,,,,,,,,,,,,
36,Air Kelapa,Buah,1.0,gelas,46.0,,,8.9,,1.73,0.48,0.422,0.005,0.019,,0.0,2.6,,,6.26,,,,,,,,,,,,,,,,,,,,,,252.0,600.0,,,,,,,,,,,,
37,Air Keran,Minuman,1.0,gelas,0.0,,,0.0,,0.0,0.0,0.0,0.0,0.0,,0.0,0.0,,,0.0,,,,,,,,,,,,,,,,,,,,,,5.0,0.0,,,,,,,,,,,,
38,Ale-Ale,Wings Food,1.0,gelas (180 ml),60.0,,,14.0,,0.0,0.0,,,,,,,,,13.0,,,,,,,,,,,,,,,,,,,,,,55.0,,,,,,,,,,,,,
39,All Purpose Seasoning,Jay's Kitchen,1.0,porsi (2 g),5.0,,,1.0,,0.0,0.0,0.0,,,,,0.0,,,0.0,,,,,,,,,,,,,,,,,,,,,,280.0,,,,,,,,,,,,,
"40,All Purpose Seasoning,Khafsha,1.0,""serving (2,5 g)"",10.0,,,1.0,,0.0,0.0,,,,,,,,,0.0,,,,,,,,,,,,,,,,,,,,,,110.0,,,,,,,,,,,,,"
41,Almon Mix,Mama Bear,1.0,porsi (30 g),130.0,,,21.0,,2.0,4.5,4.0,,,,2.0,3.0,,,12.0,,,,,,,,,,,,,,,,,,,,,,140.0,,,,,,,,,,,,,
42,Almon Mix Alpukat,Mama Bear,0.0,0,0.0,0.0,0.0,0.0,0.0,0.0,0.0,0.0,0.0,0.0,0.0,0.0,0.0,0.0,0.0,0.0,0.0,0.0,0.0,0.0,0.0,0.0,0.0,0.0,0.0,0.0,0.0,0.0,0.0,0.0,0.0,0.0,0.0,0.0,0.0,0.0,0.0,0.0,0.0,0.0,0.0,0.0,0.0,0.0,0.0,0.0,0.0,0.0,0.0,0.0,0.0
43,Almond & Cashew Chocolate Granola,Oat Morning,2.0,cup (40 g),191.0,,,27.0,,4.0,8.0,,,,,,,,,9.0,,,,,,,,,,,,,,,,,,,,,,,,,,,,,,,,,,,
44,Almond & Pine Nuts Soymilk,Yonsei,1.0,box (200 ml),130.0,,,16.0,,5.0,5.0,1.2,,,,0.0,0.0,,,7.0,,,,,,,,,,,,,,,,,,,,,,200.0,0.0,,,,,,,,,,,,
45,Almond & Walnut Soymilk,Vegemil,1.0,porsi (190 ml),130.0,,,16.0,,6.0,4.5,1.0,,,,,,,,9.0,,,,,,,,,,,,,,,,,,,,,,400.0,,,,,,,,,,,,,
46,Almond Bandrek,Rejuve,1.0,porsi (250 ml),360.0,,,43.0,,12.0,16.0,2.0,,9.0,,0.0,6.0,,,21.0,,,,,,,,,,,,,,,,,,,,,,130.0,,,,,,,,,,,,,
47,Almond Bites,Kartika Sari,0.0,0,0.0,0.0,0.0,0.0,0.0,0.0,0.0,0.0,0.0,0.0,0.0,0.0,0.0,0.0,0.0,0.0,0.0,0.0,0.0,0.0,0.0,0.0,0.0,0.0,0.0,0.0,0.0,0.0,0.0,0.0,0.0,0.0,0.0,0.0,0.0,0.0,0.0,0.0,0.0,0.0,0.0,0.0,0.0,0.0,0.0,0.0,0.0,0.0,0.0,0.0,0.0
48,Almond Bites,Kartika Toast,0.0,0,0.0,0.0,0.0,0.0,0.0,0.0,0.0,0.0,0.0,0.0,0.0,0.0,0.0,0.0,0.0,0.0,0.0,0.0,0.0,0.0,0.0,0.0,0.0,0.0,0.0,0.0,0.0,0.0,0.0,0.0,0.0,0.0,0.0,0.0,0.0,0.0,0.0,0.0,0.0,0.0,0.0,0.0,0.0,0.0,0.0,0.0,0.0,0.0,0.0,0.0,0.0
49,Almond Cashew Snack Bar,Go Natural,1.0,serving (20 g),110.0,,,8.0,,4.0,7.0,1.0,1.5,4.5,,0.0,2.0,,,4.0,,,,,,,,,,,,,,,,,,,,,,5.0,,,,,,,,,,,,,
"50,Almond Cookies,Paroti,1.0,""porsi (17,2 g)"",90.0,,,10.0,,2.0,4.5,2.5,,,,,2.0,,,4.0,,,,,,,,,,,,,,,,,,,,,,75.0,,,,,,,,,,,,,"
"51,Almond Cookies,Kartika Sari,1.0,""porsi (17,2 g)"",90.0,,,10.0,,2.0,4.5,2.5,,,,,1.0,,,4.0,,,,,,,,,,,,,,,,,,,,,,85.0,,,,,,,,,,,,,"
52,Almond Milk,Rejuve,100.0,ml,81.0,,,6.0,,2.0,5.4,0.4,,,,,,,,,,,,,,,,,,,,,,,,,,,,,,97.0,,,,,,,,,,,,,
53,Almond Milk,Sanitarium,100.0,ml,16.0,,,0.3,,0.6,1.4,0.1,,,,0.0,0.3,,,0.1,,,,,,,,,,,,,,,,,,,,,,36.0,19.0,,,,,,,,,,,,
54,Almond Milk Unsweetened,Sanitarium,1.0,porsi (250 ml),41.0,,,0.8,,1.4,3.5,0.3,1.0,2.2,,0.0,0.8,,,0.3,,,,,,,,,,,,,,,,,,,,,,90.0,49.0,,,,,,,,,,,,
55,Almond Pucat,Biji-Bijian,100.0,gram (g),581.0,,,19.94,,21.94,50.62,3.89,12.054,32.287,,0.0,10.4,,,4.96,,,,,,,,,,,,,,,,,,,,,,28.0,687.0,,,,,,,,,,,,
56,Almond Sangrai Kering (dengan Tambahan Garam),Biji-Bijian,100.0,gram (g),597.0,,,19.29,,22.09,52.83,4.047,12.649,33.658,,0.0,11.8,,,4.9,,,,,,,,,,,,,,,,,,,,,,339.0,746.0,,,,,,,,,,,,
57,Almond Tart,Pahlawan,1.0,porsi (50 g),260.0,,,25.0,,4.0,16.0,8.0,,,,20.0,17.0,,,8.0,,,,,,,,,,,,,,,,,,,,,,150.0,,,,,,,,,,,,,
58,Aloe Vera,Cap Panda,1.0,cup (310 ml),100.0,,,26.0,,0.0,0.0,0.0,,,,,,,,24.0,,,,,,,,,,,,,,,,,,,,,,60.0,,,,,,,,,,,,,
59,Aloe Vera Jelly,Wong Coco,1.0,cup (80 g),70.0,,,16.0,,1.0,0.0,0.0,0.0,0.0,,,1.0,,,15.0,,,,,,,,,,,,,,,,,,,,,,70.0,,,,,,,,,,,,,
60,Aloe Vera Low Sugar,Wong Coco,1.0,porsi (140 g),20.0,,,5.0,,0.0,0.0,,,,,,1.0,,,3.0,,,,,,,,,,,,,,,,,,,,,,40.0,,,,,,,,,,,,,
61,Alpine Dark Chocolate,L'Agie,1.0,pack (25 g),130.0,,,15.0,,2.0,7.0,6.0,,,,,,,,12.0,,,,,,,,,,,,,,,,,,,,,,40.0,,,,,,,,,,,,,
62,Alpine Full Milk,L'Agie,0.0,0,0.0,0.0,0.0,0.0,0.0,0.0,0.0,0.0,0.0,0.0,0.0,0.0,0.0,0.0,0.0,0.0,0.0,0.0,0.0,0.0,0.0,0.0,0.0,0.0,0.0,0.0,0.0,0.0,0.0,0.0,0.0,0.0,0.0,0.0,0.0,0.0,0.0,0.0,0.0,0.0,0.0,0.0,0.0,0.0,0.0,0.0,0.0,0.0,0.0,0.0,0.0
63,Alpine Peanut Milk Chocolate,L'Agie,0.0,0,0.0,0.0,0.0,0.0,0.0,0.0,0.0,0.0,0.0,0.0,0.0,0.0,0.0,0.0,0.0,0.0,0.0,0.0,0.0,0.0,0.0,0.0,0.0,0.0,0.0,0.0,0.0,0.0,0.0,0.0,0.0,0.0,0.0,0.0,0.0,0.0,0.0,0.0,0.0,0.0,0.0,0.0,0.0,0.0,0.0,0.0,0.0,0.0,0.0,0.0,0.0
64,Alpukat,Buah,100.0,gram (g),160.0,,,8.53,,2.0,14.66,2.126,1.816,9.799,,0.0,6.7,,,0.66,,,,,,,,,,,,,,,,,,,,,,7.0,485.0,,,,,,,,,,,,
65,Americano Ice Black,Nescafe,0.0,0,0.0,0.0,0.0,0.0,0.0,0.0,0.0,0.0,0.0,0.0,0.0,0.0,0.0,0.0,0.0,0.0,0.0,0.0,0.0,0.0,0.0,0.0,0.0,0.0,0.0,0.0,0.0,0.0,0.0,0.0,0.0,0.0,0.0,0.0,0.0,0.0,0.0,0.0,0.0,0.0,0.0,0.0,0.0,0.0,0.0,0.0,0.0,0.0,0.0,0.0,0.0
66,Americano Zero Sugar,Nescafe,0.0,0,0.0,0.0,0.0,0.0,0.0,0.0,0.0,0.0,0.0,0.0,0.0,0.0,0.0,0.0,0.0,0.0,0.0,0.0,0.0,0.0,0.0,0.0,0.0,0.0,0.0,0.0,0.0,0.0,0.0,0.0,0.0,0.0,0.0,0.0,0.0,0.0,0.0,0.0,0.0,0.0,0.0,0.0,0.0,0.0,0.0,0.0,0.0,0.0,0.0,0.0,0.0
67,Amino 2000,Ultimate Nutrition,3.0,tablet,24.0,,,0.0,,6.0,0.0,,,,,,,,,,,,,,,,,,,,,,,,,,,,,,,,,,,,,,,,,,,,
68,Amino 2002,Ultimate Nutrition,3.0,tablet,24.0,,,0.0,,6.0,0.0,0.0,,,,0.0,0.0,,,0.0,,,,,,,,,,,,,,,,,,,,,,0.0,0.0,,,,,,,,,,,,
69,Amino 2222,Optimum Nutrition,2.0,tablets,15.0,,,2.0,,2.0,0.0,0.0,0.0,0.0,,0.0,0.0,,,0.0,,,,,,,,,,,,,,,,,,,,,,40.0,0.0,,,,,,,,,,,,
70,Amino Energy,Optimum Nutrition,2.0,scoops (9 g),5.0,,,1.0,,0.0,0.0,0.0,,,,0.0,,,,,,,,,,,,,,,,,,,,,,,,,,10.0,,,,,,,,,,,,,
71,Anabolic ISO Whey,Kevin Levrone,0.0,0,0.0,0.0,0.0,0.0,0.0,0.0,0.0,0.0,0.0,0.0,0.0,0.0,0.0,0.0,0.0,0.0,0.0,0.0,0.0,0.0,0.0,0.0,0.0,0.0,0.0,0.0,0.0,0.0,0.0,0.0,0.0,0.0,0.0,0.0,0.0,0.0,0.0,0.0,0.0,0.0,0.0,0.0,0.0,0.0,0.0,0.0,0.0,0.0,0.0,0.0,0.0
72,Anabolic Mass,Kevin Levrone,0.0,0,0.0,0.0,0.0,0.0,0.0,0.0,0.0,0.0,0.0,0.0,0.0,0.0,0.0,0.0,0.0,0.0,0.0,0.0,0.0,0.0,0.0,0.0,0.0,0.0,0.0,0.0,0.0,0.0,0.0,0.0,0.0,0.0,0.0,0.0,0.0,0.0,0.0,0.0,0.0,0.0,0.0,0.0,0.0,0.0,0.0,0.0,0.0,0.0,0.0,0.0,0.0
73,Anabolic Mass Gainer,Kevin Levrone,0.0,0,0.0,0.0,0.0,0.0,0.0,0.0,0.0,0.0,0.0,0.0,0.0,0.0,0.0,0.0,0.0,0.0,0.0,0.0,0.0,0.0,0.0,0.0,0.0,0.0,0.0,0.0,0.0,0.0,0.0,0.0,0.0,0.0,0.0,0.0,0.0,0.0,0.0,0.0,0.0,0.0,0.0,0.0,0.0,0.0,0.0,0.0,0.0,0.0,0.0,0.0,0.0
74,Angel Cookies,The Harvest,1.0,porsi (40 g),210.0,,,24.0,,3.0,12.0,8.0,,,,30.0,3.0,,,10.0,,,,,,,,,,,,,,,,,,,,,,70.0,,,,,,,,,,,,,
75,Angel Hair,San Remo,100.0,g,366.0,,,72.0,,12.0,2.0,0.5,,,,,3.0,,,2.5,,,,,,,,,,,,,,,,,,,,,,30.0,,,,,,,,,,,,,
"76,""Anggur (Merah atau Hijau, Jenis Varietas Eropa Seperti Thompson tanpa Biji)"",Buah,100.0,gram (g),69.0,,,18.1,,0.72,0.16,0.054,0.048,0.007,,0.0,0.9,,,15.48,,,,,,,,,,,,,,,,,,,,,,2.0,191.0,,,,,,,,,,,,"
77,Anggur Blanc Chenin,Minuman,1.0,porsi 150 ml,120.0,,,4.9,,0.1,0.0,,,,,,,,,,,,,,,,,,,,,,,,,,,,,,,,,,,,,,,,,,,,
78,Anggur Cabernet Sauvignon,Minuman,1.0,porsi 150 ml,123.0,,,3.82,,0.1,0.0,,,,,,,,,,,,,,,,,,,,,,,,,,,,,,,,,,,,,,,,,,,,
79,Anggur Chianti,Minuman,1.0,porsi 150 ml,124.0,,,4.01,,0.1,0.0,0.0,0.0,0.0,,0.0,0.0,,,1.17,,,,,,,,,,,,,,,,,,,,,,7.0,146.0,,,,,,,,,,,,
80,Anggur Jenis Amerika (Kulit Licin),Buah,1.0,anggur,2.0,,,0.41,,0.02,0.01,0.003,0.002,0.0,,0.0,0.0,,,0.39,,,,,,,,,,,,,,,,,,,,,,0.0,5.0,,,,,,,,,,,,
81,Anggur Jenis Eropa,Buah,1.0,tanpa biji,3.0,,,0.9,,0.04,0.01,0.003,0.002,0.0,,0.0,0.0,,,0.77,,,,,,,,,,,,,,,,,,,,,,0.0,10.0,,,,,,,,,,,,
82,Anggur Pinot Blanc,Minuman,1.0,porsi 150 ml,121.0,,,2.85,,0.1,0.0,,,,,,,,,,,,,,,,,,,,,,,,,,,,,,,,,,,,,,,,,,,,
83,Anggur Pinot Noir,Minuman,1.0,porsi 150 ml,122.0,,,3.4,,0.1,0.0,,,,,,,,,,,,,,,,,,,,,,,,,,,,,,,,,,,,,,,,,,,,
84,Anggur Riesling,Minuman,1.0,porsi 150 ml,120.0,,,5.54,,0.1,0.0,,,,,,,,,,,,,,,,,,,,,,,,,,,,,,,,,,,,,,,,,,,,
85,Anggur Sauvignon Blanc,Minuman,1.0,porsi 150 ml,121.0,,,3.01,,0.1,0.0,,,,,,,,,,,,,,,,,,,,,,,,,,,,,,,,,,,,,,,,,,,,
86,Anggur Zinfandel,Minuman,1.0,porsi 150 ml,131.0,,,4.2,,0.1,0.0,,,,,,,,,,,,,,,,,,,,,,,,,,,,,,,,,,,,,,,,,,,,
87,Anti-Batuk Shot,Acaii Tea,1.0,shot (140 ml),75.0,,,15.0,,1.0,0.0,,,,,,,,,,,,,,,,,,,,,,,,,,,,,,,,,,,,,,,,,,,,
88,Anti-Flu Shot,Acaii Tea,1.0,bottle (125 ml),70.0,,,14.0,,0.0,0.0,,,,,,,,,,,,,,,,,,,,,,,,,,,,,,,,,,,,,,,,,,,,
89,Apel,Buah,1.0,sedang (diameter 7 cm) (kira-kira 3 per 450 g),72.0,,,19.06,,0.36,0.23,0.039,0.07,0.01,,0.0,3.3,,,14.34,,,,,,,,,,,,,,,,,,,,,,1.0,148.0,,,,,,,,,,,,
90,Apel,Lainnya,1.0,sedang (diameter 7 cm) (kira-kira 3 per 450 g),72.0,,,19.06,,0.36,0.23,0.039,0.07,0.01,,0.0,3.3,,,14.34,,,,,,,,,,,,,,,,,,,,,,1.0,148.0,,,,,,,,,,,,
91,Apel (tanpa Kulit),Buah,100.0,gram (g),48.0,,,12.76,,0.27,0.13,0.021,0.037,0.005,,0.0,1.3,,,10.1,,,,,,,,,,,,,,,,,,,,,,0.0,90.0,,,,,,,,,,,,
92,Apel Emas Lezat,Buah,1.0,sedang (diameter 7 cm),72.0,,,19.06,,0.36,0.23,0.038,0.071,0.01,,0.0,3.3,,,14.33,,,,,,,,,,,,,,,,,,,,,,1.0,148.0,,,,,,,,,,,,
93,Apel Fuji,Buah,100.0,gram (g),52.0,,,13.81,,0.26,0.17,0.028,0.051,0.007,,0.0,2.4,,,10.39,,,,,,,,,,,,,,,,,,,,,,1.0,107.0,,,,,,,,,,,,
94,Apel Kering,Buah,100.0,gram (g),243.0,,,65.89,,0.93,0.32,0.052,0.093,0.013,,0.0,8.7,,,57.19,,,,,,,,,,,,,,,,,,,,,,87.0,450.0,,,,,,,,,,,,
95,Apel Merah Lezat,Buah,1.0,sedang (diameter 7 cm),72.0,,,19.06,,0.36,0.23,0.038,0.071,0.01,,0.0,3.3,,,14.33,,,,,,,,,,,,,,,,,,,,,,1.0,148.0,,,,,,,,,,,,
96,Apple Blackberry,Mama Roz,0.0,0,0.0,0.0,0.0,0.0,0.0,0.0,0.0,0.0,0.0,0.0,0.0,0.0,0.0,0.0,0.0,0.0,0.0,0.0,0.0,0.0,0.0,0.0,0.0,0.0,0.0,0.0,0.0,0.0,0.0,0.0,0.0,0.0,0.0,0.0,0.0,0.0,0.0,0.0,0.0,0.0,0.0,0.0,0.0,0.0,0.0,0.0,0.0,0.0,0.0,0.0,0.0
97,Apple Cider Vinegar Gummy,Youvit,0.0,0,0.0,0.0,0.0,0.0,0.0,0.0,0.0,0.0,0.0,0.0,0.0,0.0,0.0,0.0,0.0,0.0,0.0,0.0,0.0,0.0,0.0,0.0,0.0,0.0,0.0,0.0,0.0,0.0,0.0,0.0,0.0,0.0,0.0,0.0,0.0,0.0,0.0,0.0,0.0,0.0,0.0,0.0,0.0,0.0,0.0,0.0,0.0,0.0,0.0,0.0,0.0
98,Apple Jacks,Kellogg's,0.0,0,0.0,0.0,0.0,0.0,0.0,0.0,0.0,0.0,0.0,0.0,0.0,0.0,0.0,0.0,0.0,0.0,0.0,0.0,0.0,0.0,0.0,0.0,0.0,0.0,0.0,0.0,0.0,0.0,0.0,0.0,0.0,0.0,0.0,0.0,0.0,0.0,0.0,0.0,0.0,0.0,0.0,0.0,0.0,0.0,0.0,0.0,0.0,0.0,0.0,0.0,0.0
99,Apple Vinegar,Finega,1.0,serving (30 ml),0.0,,,1.0,,0.0,0.0,0.0,,,,,,,,0.0,,,,,,,,,,,,,,,,,,,,,,0.0,,,,,,,,,,,,,
"100,""Apricot, Sultana & Almond Muesli"",Oatsy,1.0,porsi (45 g),180.0,,,29.0,,5.0,4.5,1.0,1.5,2.0,,0.0,10.0,,,5.0,,,,,,,,,,,,,,,,,,,,,,0.0,0.0,,,,,,,,,,,,"
101,Aprikot Kering,Buah,100.0,gram (g),241.0,,,62.64,,3.39,0.51,0.017,0.074,0.074,,0.0,7.3,,,53.44,,,,,,,,,,,,,,,,,,,,,,10.0,1162.0,,,,,,,,,,,,
102,Aqua,Danone,100.0,ml,0.0,,,0.0,,0.0,0.0,,,,,,,,,,,,,,,,,,,,,,,,,,,,,,,,,,,,,,,,,,,,
103,Arabika Pro,Kaluli,0.0,0,0.0,0.0,0.0,0.0,0.0,0.0,0.0,0.0,0.0,0.0,0.0,0.0,0.0,0.0,0.0,0.0,0.0,0.0,0.0,0.0,0.0,0.0,0.0,0.0,0.0,0.0,0.0,0.0,0.0,0.0,0.0,0.0,0.0,0.0,0.0,0.0,0.0,0.0,0.0,0.0,0.0,0.0,0.0,0.0,0.0,0.0,0.0,0.0,0.0,0.0,0.0
104,Aren Oat Latte Reguler,Janji Jiwa,0.0,0,0.0,0.0,0.0,0.0,0.0,0.0,0.0,0.0,0.0,0.0,0.0,0.0,0.0,0.0,0.0,0.0,0.0,0.0,0.0,0.0,0.0,0.0,0.0,0.0,0.0,0.0,0.0,0.0,0.0,0.0,0.0,0.0,0.0,0.0,0.0,0.0,0.0,0.0,0.0,0.0,0.0,0.0,0.0,0.0,0.0,0.0,0.0,0.0,0.0,0.0,0.0
105,Artisan Black Choco,First Wish Bakery,100.0,g,297.0,,,41.0,,8.0,11.0,,,,,,,,,4.0,,,,,,,,,,,,,,,,,,,,,,,,,,,,,,,,,,,
106,Artisan Ramen,OMOIDE,1.0,porsi (50 g),170.0,,,35.0,,5.0,2.0,1.0,,,,,,,,2.0,,,,,,,,,,,,,,,,,,,,,,1380.0,,,,,,,,,,,,,
107,Asian Green,Rejuve,1.0,takaran saji (250 ml),90.0,,,21.0,,1.0,0.0,0.0,,,,0.0,6.0,,,14.0,,,,,,,,,,,,,,,,,,,,,,0.0,,,,,,,,,,,,,
108,Asian’S Favorite,Hadi Kitchen,1.0,porsi,461.0,,,41.0,,36.0,17.0,,,,,,,,,,,,,,,,,,,,,,,,,,,,,,,,,,,,,,,,,,,,
109,Aurora,Nakedpress,0.0,0,0.0,0.0,0.0,0.0,0.0,0.0,0.0,0.0,0.0,0.0,0.0,0.0,0.0,0.0,0.0,0.0,0.0,0.0,0.0,0.0,0.0,0.0,0.0,0.0,0.0,0.0,0.0,0.0,0.0,0.0,0.0,0.0,0.0,0.0,0.0,0.0,0.0,0.0,0.0,0.0,0.0,0.0,0.0,0.0,0.0,0.0,0.0,0.0,0.0,0.0,0.0
110,Authentique,Yoforia,1.0,botol (200 ml),130.0,,,25.0,,3.0,2.0,1.5,,,,5.0,,,,19.0,,,,,,,,,,,,,,,,,,,,,,40.0,,,,,,,,,,,,,
111,Ayam,Daging,100.0,gram (g),237.0,,,0.0,,27.07,13.49,3.758,2.945,5.296,,87.0,0.0,,,0.0,,,,,,,,,,,,,,,,,,,,,,404.0,221.0,,,,,,,,,,,,
112,Ayam (Kulit tidak Dimakan),Daging,100.0,gram (g),188.0,,,0.0,,28.69,7.35,2.023,1.676,2.638,,88.0,0.0,,,0.0,,,,,,,,,,,,,,,,,,,,,,408.0,241.0,,,,,,,,,,,,
"113,Ayam Bakar Bumbu Rujak,Bamboe,1.0,""porsi (11,5 g)"",30.0,,,4.0,,1.0,1.0,1.0,,,,0.0,2.0,,,1.0,,,,,,,,,,,,,,,,,,,,,,360.0,60.0,,,,,,,,,,,,"
114,Ayam Bawang,Fitmee,1.0,porsi (71 g),30.0,,,7.0,,0.0,0.0,0.0,0.0,0.0,,0.0,1.0,,,1.0,,,,,,,,,,,,,,,,,,,,,,1150.0,0.0,,,,,,,,,,,,
115,Ayam Bawang,Sarimi,1.0,porsi (75 g),340.0,,,47.0,,6.0,13.0,7.0,,,,0.0,3.0,,,2.0,,,,,,,,,,,,,,,,,,,,,,900.0,,,,,,,,,,,,,
116,Ayam Betutu Sambal Matah with Nasi Kuning + Tempe Orek,Yellow Fit Kitchen,1.0,serving,516.0,,,68.0,,34.0,12.0,,,,,,6.0,,,,,,,,,,,,,,,,,,,,,,,,,,,,,,,,,,,,,,
117,Ayam Bumbu Hitam Madura with Nasi Tutug Oncom + Tempe Goreng Bawang,Yellow Fit Kitchen,1.0,serving,503.0,,,57.0,,35.0,15.0,,,,,,6.0,,,,,,,,,,,,,,,,,,,,,,,,,,,,,,,,,,,,,,
118,Ayam Bumbu Rujak,Mad About Protein,0.0,0,0.0,0.0,0.0,0.0,0.0,0.0,0.0,0.0,0.0,0.0,0.0,0.0,0.0,0.0,0.0,0.0,0.0,0.0,0.0,0.0,0.0,0.0,0.0,0.0,0.0,0.0,0.0,0.0,0.0,0.0,0.0,0.0,0.0,0.0,0.0,0.0,0.0,0.0,0.0,0.0,0.0,0.0,0.0,0.0,0.0,0.0,0.0,0.0,0.0,0.0,0.0
119,Ayam Cabe Ijo,Mad About Protein,0.0,0,0.0,0.0,0.0,0.0,0.0,0.0,0.0,0.0,0.0,0.0,0.0,0.0,0.0,0.0,0.0,0.0,0.0,0.0,0.0,0.0,0.0,0.0,0.0,0.0,0.0,0.0,0.0,0.0,0.0,0.0,0.0,0.0,0.0,0.0,0.0,0.0,0.0,0.0,0.0,0.0,0.0,0.0,0.0,0.0,0.0,0.0,0.0,0.0,0.0,0.0,0.0
"120,Ayam Goreng Kalasan,Bamboe,1.0,""porsi (13,7 g)"",50.0,,,9.0,,1.0,1.5,0.5,,,,0.0,1.0,,,6.0,,,,,,,,,,,,,,,,,,,,,,750.0,45.0,,,,,,,,,,,,"
"121,""Ayam Goreng Kalasan, Paha"",Beeru,100.0,g,275.0,,,1.3,,37.4,12.2,,,,,,,,,,,,,,,,,,,,,,,,,,,,,,,177.0,322.0,,,,,,,,,,,,"
122,Ayam Goreng Mentega,Indofood,1.0,porsi (10 g),35.0,,,6.0,,0.0,1.5,0.5,,,,,,,,4.0,,,,,,,,,,,,,,,,,,,,,,440.0,,,,,,,,,,,,,
123,Ayam Goreng tanpa Pelapis (Kulit Dimakan),Daging,100.0,gram (g),260.0,,,0.0,,28.62,15.35,4.146,3.485,6.096,,107.0,0.0,,,0.0,,,,,,,,,,,,,,,,,,,,,,420.0,233.0,,,,,,,,,,,,
124,Ayam Gulai Padang Fit with Nasi Gurih and Perkedel Kentang,Healthy Go,1.0,serving,442.0,,,46.0,,34.0,13.0,,,,,,,,,,,,,,,,,,,,,,,,,,,,,,,,,,,,,,,,,,,,
125,Ayam Nugget Rendah Lemak,Makanan Cepat Saji,1.0,nugget,35.0,,,2.48,,3.47,1.14,0.299,0.271,0.448,,9.0,0.1,,,0.1,,,,,,,,,,,,,,,,,,,,,,85.0,29.0,,,,,,,,,,,,
126,Ayam Opor Gudeg Jogja With Nasi Gurih And Healthy Krecek,Healthy Go,0.0,0,0.0,0.0,0.0,0.0,0.0,0.0,0.0,0.0,0.0,0.0,0.0,0.0,0.0,0.0,0.0,0.0,0.0,0.0,0.0,0.0,0.0,0.0,0.0,0.0,0.0,0.0,0.0,0.0,0.0,0.0,0.0,0.0,0.0,0.0,0.0,0.0,0.0,0.0,0.0,0.0,0.0,0.0,0.0,0.0,0.0,0.0,0.0,0.0,0.0,0.0,0.0
127,Ayam Panggang,Daily Intake,1.0,porsi (130 g),178.0,,,7.5,,25.0,5.3,,,,,,,,,,,,,,,,,,,,,,,,,,,,,,,,,,,,,,,,,,,,
128,Ayam Panggang Bawang,Daily Intake,1.0,porsi (130 g),178.0,,,7.5,,25.0,5.3,,,,,,,,,,,,,,,,,,,,,,,,,,,,,,,,,,,,,,,,,,,,
129,Ayam Panggang Bawang,Dailymeal,1.0,serving (130 g),178.0,,,7.5,,25.0,5.3,,,,,,,,,,,,,,,,,,,,,,,,,,,,,,,,,,,,,,,,,,,,
130,Ayam Panggang Bumbu Madura with Red Grain Rice,Yellow Fit,0.0,0,0.0,0.0,0.0,0.0,0.0,0.0,0.0,0.0,0.0,0.0,0.0,0.0,0.0,0.0,0.0,0.0,0.0,0.0,0.0,0.0,0.0,0.0,0.0,0.0,0.0,0.0,0.0,0.0,0.0,0.0,0.0,0.0,0.0,0.0,0.0,0.0,0.0,0.0,0.0,0.0,0.0,0.0,0.0,0.0,0.0,0.0,0.0,0.0,0.0,0.0,0.0
131,Ayam Pedas Korea,Sarimi,1.0,bungkus (120 g),560.0,,,77.0,,10.0,24.0,12.0,,,,,4.0,,,7.0,,,,,,,,,,,,,,,,,,,,,,1230.0,,,,,,,,,,,,,
132,Ayam Pop with Nyonya Herb Rice + Tahu Bumbu Rendang,Yellow Fit Kitchen,1.0,serving,503.0,,,57.0,,35.0,15.0,,,,,,6.0,,,,,,,,,,,,,,,,,,,,,,,,,,,,,,,,,,,,,,
133,Ayam Rempah with Nasi Kebuli and Emping,Healthy Go,1.0,serving,616.0,,,46.0,,61.0,21.0,,,,,,,,,,,,,,,,,,,,,,,,,,,,,,,,,,,,,,,,,,,,
134,Ayam Rendang,Daily Intake,1.0,porsi (130 g),242.0,,,23.1,,27.0,4.6,,,,,,,,,,,,,,,,,,,,,,,,,,,,,,,,,,,,,,,,,,,,
135,Ayam Richeesy Pedas Saus Keju with Red Grain Rice + Cream Soup,Yellow Fit Kitchen,1.0,serving,539.0,,,68.0,,33.0,15.0,,,,,,6.0,,,,,,,,,,,,,,,,,,,,,,,,,,,,,,,,,,,,,,
136,Ayam Suwir,Healthi,100.0,g,180.0,,,6.0,,30.0,3.5,,,,,,,,,4.0,,,,,,,,,,,,,,,,,,,,,,1680.0,,,,,,,,,,,,,
137,Ayam Udang Kribo,Umia-Mi,1.0,porsi (90 g),200.0,,,15.0,,15.0,9.0,3.5,,,,,3.0,,,0.0,,,,,,,,,,,,,,,,,,,,,,710.0,,,,,,,,,,,,,
138,Ayam Udang Saos Padang,Mad About Protein,0.0,0,0.0,0.0,0.0,0.0,0.0,0.0,0.0,0.0,0.0,0.0,0.0,0.0,0.0,0.0,0.0,0.0,0.0,0.0,0.0,0.0,0.0,0.0,0.0,0.0,0.0,0.0,0.0,0.0,0.0,0.0,0.0,0.0,0.0,0.0,0.0,0.0,0.0,0.0,0.0,0.0,0.0,0.0,0.0,0.0,0.0,0.0,0.0,0.0,0.0,0.0,0.0
139,B'day Cookie,Nextar,1.0,porsi (30 g),160.0,,,18.0,,1.0,10.0,5.0,,,,0.0,,,,7.0,,,,,,,,,,,,,,,,,,,,,,105.0,,,,,,,,,,,,,
140,BBQ Sauce,Remia,100.0,g,106.0,,,23.0,,1.4,0.6,,,,,,,,,18.0,,,,,,,,,,,,,,,,,,,,,,,,,,,,,,,,,,,
141,BEAZT Whey Concentrate Japanese Matcha,Fitlife,1.0,porsi (41 g),170.0,,,12.0,,25.0,3.0,1.0,,,,84.0,,,,2.0,,,,,,,,,,,,,,,,,,,,,,105.0,,,,,,,,,,,,,
142,BISKUIT KENTANG Rasa BBQ,Gery,1.0,porsi  (15 g),70.0,,,11.0,,1.0,2.5,1.0,,,,0.0,,,,5.0,,,,,,,,,,,,,,,,,,,,,,80.0,,,,,,,,,,,,,
143,BUTTER COCONUT,Aim Biscuits,5.0,keping (20 g),90.0,,,15.0,,1.0,3.0,1.5,,,,,,,,5.0,,,,,,,,,,,,,,,,,,,,,,70.0,,,,,,,,,,,,,
144,Babi Panggang (Hanya Daging yang Dimakan),Daging,100.0,gram (g),208.0,,,0.0,,28.45,9.57,3.489,0.755,4.294,,81.0,0.0,,,0.0,,,,,,,,,,,,,,,,,,,,,,289.0,423.0,,,,,,,,,,,,
145,Babybel Mini Original Cheese,Babybel,1.0,piece  (20 g),70.0,,,0.0,,4.0,5.0,3.5,,,,15.0,,,,,,,,,,,,,,,,,,,,,,,,,,150.0,10.0,,,,,,,,,,,,
146,Bagel Gandum,Roti & Sereal,1.0,reguler/biasa,300.0,,,61.33,,10.93,1.47,0.225,0.591,0.187,,0.0,4.6,,,1.9,,,,,,,,,,,,,,,,,,,,,,534.0,198.0,,,,,,,,,,,,
147,Bagel Kismis Kayu Manis,Roti & Sereal,1.0,roti bagel (diameter 10 cm),243.0,,,49.13,,8.72,1.51,0.244,0.597,0.156,,0.0,2.0,,,5.32,,,,,,,,,,,,,,,,,,,,,,287.0,132.0,,,,,,,,,,,,
148,Bagel Multigrain,Roti & Sereal,1.0,reguler/biasa,272.0,,,55.08,,11.84,1.34,0.192,0.538,0.192,,0.0,7.7,,,3.41,,,,,,,,,,,,,,,,,,,,,,520.0,389.0,,,,,,,,,,,,
149,Bagel Panggang,Roti & Sereal,100.0,gram (g),288.0,,,57.11,,11.14,1.72,0.283,0.944,0.418,,0.0,2.6,,,5.82,,,,,,,,,,,,,,,,,,,,,,480.0,85.0,,,,,,,,,,,,
150,Bagelen,Paroti,1.0,piece (9 g),45.0,,,5.5,,1.0,2.5,1.25,,,,,0.5,,,2.0,,,,,,,,,,,,,,,,,,,,,,25.0,,,,,,,,,,,,,
151,Bagelen,Kartika Sari,1.0,porsi (18 g),90.0,,,12.0,,2.0,4.0,,,,,0.0,1.0,,,5.0,,,,,,,,,,,,,,,,,,,,,,45.0,0.0,,,,,,,,,,,,
152,Bagelen Almond,Kartika Sari,0.0,0,0.0,0.0,0.0,0.0,0.0,0.0,0.0,0.0,0.0,0.0,0.0,0.0,0.0,0.0,0.0,0.0,0.0,0.0,0.0,0.0,0.0,0.0,0.0,0.0,0.0,0.0,0.0,0.0,0.0,0.0,0.0,0.0,0.0,0.0,0.0,0.0,0.0,0.0,0.0,0.0,0.0,0.0,0.0,0.0,0.0,0.0,0.0,0.0,0.0,0.0,0.0
153,Bagelen Butter,Kartika Sari,1.0,kemasan (18 g),100.0,,,11.0,,2.0,5.0,2.5,,,,,1.0,,,4.0,,,,,,,,,,,,,,,,,,,,,,50.0,,,,,,,,,,,,,
154,Bagelen Butter Flavour,Kartika Toast,0.0,0,0.0,0.0,0.0,0.0,0.0,0.0,0.0,0.0,0.0,0.0,0.0,0.0,0.0,0.0,0.0,0.0,0.0,0.0,0.0,0.0,0.0,0.0,0.0,0.0,0.0,0.0,0.0,0.0,0.0,0.0,0.0,0.0,0.0,0.0,0.0,0.0,0.0,0.0,0.0,0.0,0.0,0.0,0.0,0.0,0.0,0.0,0.0,0.0,0.0,0.0,0.0
155,Bagelen Cheese,Kartika Toast,0.0,0,0.0,0.0,0.0,0.0,0.0,0.0,0.0,0.0,0.0,0.0,0.0,0.0,0.0,0.0,0.0,0.0,0.0,0.0,0.0,0.0,0.0,0.0,0.0,0.0,0.0,0.0,0.0,0.0,0.0,0.0,0.0,0.0,0.0,0.0,0.0,0.0,0.0,0.0,0.0,0.0,0.0,0.0,0.0,0.0,0.0,0.0,0.0,0.0,0.0,0.0,0.0
"156,Bagelen Cheese,Paroti,1.0,""porsi (19,5 g)"",100.0,,,12.0,,2.0,5.0,3.0,,,,,1.0,,,4.0,,,,,,,,,,,,,,,,,,,,,,55.0,,,,,,,,,,,,,"
157,Bagelen Vanilla,Paroti,1.0,sachet (18 g),100.0,,,10.0,,2.0,6.0,3.0,,,,0.0,0.0,,,7.0,,,,,,,,,,,,,,,,,,,,,,880.0,0.0,,,,,,,,,,,,
158,Baguette Small,De Bakker,1.0,porsi (38 g),106.0,,,21.0,,4.0,1.0,,,,,0.0,2.0,,,0.0,,,,,,,,,,,,,,,,,,,,,,114.0,,,,,,,,,,,,,
"159,Bahu Daging Babi Panggang,Daging,1.0,""irisan tipis (berdiameter sekitar 7,5 cm x 0,3 cm)"",41.0,,,0.0,,3.25,2.98,1.096,0.286,1.32,,13.0,0.0,,,0.0,,,,,,,,,,,,,,,,,,,,,,32.0,46.0,,,,,,,,,,,,"
160,Baked Cheesecake Flavour,Pocky,1.0,porsi (33 g),160.0,,,22.0,,2.0,7.0,6.0,,,,,,,,9.0,,,,,,,,,,,,,,,,,,,,,,80.0,,,,,,,,,,,,,
161,Baked Fish in XO Sauce with Hainanese Rice + Garlic Tofu,Yellow Fit Kitchen,1.0,serving,481.0,,,61.0,,30.0,13.0,,,,,,6.0,,,,,,,,,,,,,,,,,,,,,,,,,,,,,,,,,,,,,,
"162,Baked Rice Chicken Mushroom,Easy Peasy,1.0,""porsi (325,7 g)"",281.0,,,23.6,,23.8,11.7,,,,,,,,,,,,,,,,,,,,,,,,,,,,,,,,,,,,,,,,,,,,"
163,Bakmi,GaGa,1.0,porsi (67 g),240.0,,,50.0,,9.0,0.0,,,,,,,,,0.0,,,,,,,,,,,,,,,,,,,,,,630.0,,,,,,,,,,,,,
164,Bakmi Ayam Jamur,Bakmi Mewah,1.0,porsi (50 g),210.0,,,20.0,,6.0,12.0,5.0,,,,,,,,1.0,,,,,,,,,,,,,,,,,,,,,,530.0,,,,,,,,,,,,,
165,Bakmi Sambal Matah,Bakmi Mewah,1.0,bungkus (139 g),560.0,,,61.0,,17.0,28.0,9.0,,,,,,,,4.0,,,,,,,,,,,,,,,,,,,,,,,,,,,,,,,,,,,
166,Bakmi Sop Buntut,Bakmi Mewah,1.0,bungkus (122 g),460.0,,,54.0,,16.0,21.0,,,,,,,,,,,,,,,,,,,,,,,,,,,,,,,,,,,,,,,,,,,,
167,Bakmie Ayam Sultan Special,Yellow Fit,1.0,porsi,505.0,,,63.0,,34.0,18.0,,,,,,6.0,,,,,,,,,,,,,,,,,,,,,,,,,,,,,,,,,,,,,,
168,Bakpao Daging Ayam,Beeru,100.0,g,270.0,,,31.0,,18.0,9.0,,,,,,,,,,,,,,,,,,,,,,,,,,,,,,,,,,,,,,,,,,,,
169,Bakpia,Bakpia Pathok 25,1.0,porsi,75.0,,,11.92,,2.4,1.98,,,,,,,,,,,,,,,,,,,,,,,,,,,,,,,,,,,,,,,,,,,,
170,Bakpia Cokelat,Bakpia Pathok 25,1.0,biji (50 g),260.0,,,27.0,,4.0,15.0,10.0,,,,,,,,7.0,,,,,,,,,,,,,,,,,,,,,,90.0,,,,,,,,,,,,,
171,Bakpia Isi Abon Ayam,Narosa,0.0,0,0.0,0.0,0.0,0.0,0.0,0.0,0.0,0.0,0.0,0.0,0.0,0.0,0.0,0.0,0.0,0.0,0.0,0.0,0.0,0.0,0.0,0.0,0.0,0.0,0.0,0.0,0.0,0.0,0.0,0.0,0.0,0.0,0.0,0.0,0.0,0.0,0.0,0.0,0.0,0.0,0.0,0.0,0.0,0.0,0.0,0.0,0.0,0.0,0.0,0.0,0.0
172,Bakpia Kacang Hijau,Bakpia Pathok 25,1.0,buah (60 g),210.0,,,27.0,,5.0,9.0,8.0,,,,,,,,13.0,,,,,,,,,,,,,,,,,,,,,,110.0,,,,,,,,,,,,,
173,Bakpia Keju,Bakpia Pathok 25,1.0,buah (25 g),125.0,,,26.0,,4.0,15.0,10.0,,,,,,,,6.0,,,,,,,,,,,,,,,,,,,,,,150.0,,,,,,,,,,,,,
174,Bakpia Pathok,Bakpia Pathok 25,1.0,takaran saji (60 g),210.0,,,27.0,,5.0,9.0,8.0,,,,,,,,13.0,,,,,,,,,,,,,,,,,,,,,,110.0,,,,,,,,,,,,,
175,Bakpia Premium Coklat,Bakpia Pathok 25,1.0,porsi (70 g),340.0,,,44.0,,6.0,16.0,12.0,,,,,,,,18.0,,,,,,,,,,,,,,,,,,,,,,105.0,,,,,,,,,,,,,
176,Bakpia Premium Kacang Hijau,Bakpia Pathok 25,1.0,porsi (70 g),290.0,,,34.0,,5.0,15.0,13.0,,,,,,,,12.0,,,,,,,,,,,,,,,,,,,,,,135.0,,,,,,,,,,,,,
177,Bakpia Rasa Kacang Hijau,Bakpia Pathok 25,2.0,biji (60 g),210.0,,,27.0,,5.0,9.0,8.0,,,,,,,,13.0,,,,,,,,,,,,,,,,,,,,,,110.0,,,,,,,,,,,,,
178,Bakpia Telo Ungu Premium,Bakpia Pathok 25,1.0,takaran saji (70 g),260.0,,,41.0,,3.0,9.0,7.0,,,,,,,,18.0,,,,,,,,,,,,,,,,,,,,,,125.0,,,,,,,,,,,,,
179,Bakso Ayam,Belfoods,100.0,g,130.0,,,10.0,,13.0,4.5,1.5,,,,30.0,4.0,,,,,,,,,,,,,,,,,,,,,,,,,610.0,,,,,,,,,,,,,
180,Bakso Ayam,Champ,100.0,g,160.0,,,12.0,,9.0,8.0,3.5,,,,,,,,0.0,,,,,,,,,,,,,,,,,,,,,,820.0,,,,,,,,,,,,,
181,Bakso Ayam,Daging,1.0,sedang,45.0,,,1.94,,5.43,1.57,0.45,0.354,0.551,,23.0,0.1,,,0.41,,,,,,,,,,,,,,,,,,,,,,124.0,56.0,,,,,,,,,,,,
182,Bakso Ayam,Jofrans,1.0,takaran saji (50 g),90.0,,,7.0,,7.0,4.0,1.0,,,,,,,,0.0,,,,,,,,,,,,,,,,,,,,,,560.0,,,,,,,,,,,,,
183,Bakso Ayam,Salam,1.0,sajian (50 g),60.0,,,5.0,,9.0,0.5,0.0,,,,0.0,0.0,,,0.0,,,,,,,,,,,,,,,,,,,,,,320.0,0.0,,,,,,,,,,,,
184,Bakso Cumi,Edo,1.0,biji (20 g),35.0,,,4.0,,2.0,1.5,,,,,,,,,0.0,,,,,,,,,,,,,,,,,,,,,,150.0,,,,,,,,,,,,,
185,Bakso Daging Ayam,Ngetop,0.0,0,0.0,0.0,0.0,0.0,0.0,0.0,0.0,0.0,0.0,0.0,0.0,0.0,0.0,0.0,0.0,0.0,0.0,0.0,0.0,0.0,0.0,0.0,0.0,0.0,0.0,0.0,0.0,0.0,0.0,0.0,0.0,0.0,0.0,0.0,0.0,0.0,0.0,0.0,0.0,0.0,0.0,0.0,0.0,0.0,0.0,0.0,0.0,0.0,0.0,0.0,0.0
186,Bakso Daging Ayam Keju (Ready To Go),Fiesta,1.0,sajian (60 g),70.0,,,4.0,,7.0,3.5,1.5,,,,,,,,0.0,,,,,,,,,,,,,,,,,,,,,,370.0,,,,,,,,,,,,,
187,Bakso Daging Ayam Kerikil,Umia-Mi,100.0,g,200.0,,,16.0,,19.0,7.0,4.5,,,,60.0,3.0,,,0.0,,,,,,,,,,,,,,,,,,,,,,560.0,,,,,,,,,,,,,
188,Bakso Daging Babi,Daging,1.0,sedang,47.0,,,1.33,,5.55,1.95,0.566,0.355,0.853,,23.0,0.1,,,0.14,,,,,,,,,,,,,,,,,,,,,,223.0,80.0,,,,,,,,,,,,
189,Bakso Daging Sapi,Daging,1.0,sedang,57.0,,,2.12,,3.47,3.69,1.394,0.163,1.57,,21.0,0.1,,,0.42,,,,,,,,,,,,,,,,,,,,,,134.0,60.0,,,,,,,,,,,,
190,Bakso Daging Sapi,Salam,1.0,serving (50 g),70.0,,,3.0,,9.0,2.5,1.0,,,,20.0,,,,0.0,,,,,,,,,,,,,,,,,,,,,,230.0,,,,,,,,,,,,,
191,Bakso Daging Sapi,YOMAS,100.0,g,160.0,,,3.0,,16.0,10.0,6.0,,,,,,,,0.0,,,,,,,,,,,,,,,,,,,,,,,,,,,,,,,,,,,
192,Bakso Daging Sapi Dan Ayam Kombinasi,Alam,1.0,serving (50 g),80.0,,,7.0,,5.0,3.5,2.0,,,,,,,,0.0,,,,,,,,,,,,,,,,,,,,,,390.0,,,,,,,,,,,,,
193,Bakso Daging Sapi dan Babi,Daging,1.0,kecil,25.0,,,1.0,,1.9,1.43,0.53,0.085,0.607,,10.0,0.1,,,0.2,,,,,,,,,,,,,,,,,,,,,,63.0,34.0,,,,,,,,,,,,
194,Bakso Gochujang,Kanzler,1.0,porsi  (55 g),70.0,,,4.0,,9.0,2.5,1.0,0.0,0.0,,0.0,0.0,,,0.0,,,,,,,,,,,,,,,,,,,,,,320.0,0.0,,,,,,,,,,,,
195,Bakso Hot,Kanzler,1.0,sajian kemasan (55 g),90.0,,,6.0,,8.0,4.0,2.0,,,,,,,,0.0,,,,,,,,,,,,,,,,,,,,,,400.0,,,,,,,,,,,,,
196,Bakso Ikan,Cedea,1.0,porsi (70 g),90.0,,,9.0,,5.0,3.5,1.5,,,,,,,,2.0,,,,,,,,,,,,,,,,,,,,,,,,,,,,,,,,,,,
197,Bakso Ikan,Teman Laut,1.0,buah (12 g),25.0,,,2.0,,1.0,1.5,0.5,,,,,,,,0.0,,,,,,,,,,,,,,,,,,,,,,115.0,,,,,,,,,,,,,
198,Bakso Ikan Besar,Cedea,1.0,porsi (20 g),25.0,,,3.0,,2.0,1.0,,,,,,,,,0.0,,,,,,,,,,,,,,,,,,,,,,190.0,,,,,,,,,,,,,
199,Bakso Ikan Dan Udang,Teman Laut,1.0,takaran saji (12 g),20.0,,,2.0,,1.0,1.5,,,,,,,,,,,,,,,,,,,,,,,,,,,,,,,40.0,,,,,,,,,,,,,
200,Bakso Kalkun,Daging,1.0,sedang,42.0,,,1.94,,5.5,1.16,0.383,0.31,0.277,,21.0,0.1,,,0.41,,,,,,,,,,,,,,,,,,,,,,121.0,65.0,,,,,,,,,,,,
201,Bakso Keju,Kanzler,1.0,takaran saji (48 g),70.0,,,4.0,,7.0,3.5,1.5,,,,,,,,0.0,,,,,,,,,,,,,,,,,,,,,,410.0,0.0,,,,,,,,,,,,
202,Bakso Kuah,Fiesta,100.0,g,90.0,,,4.0,,18.0,0.5,,,,,0.0,,,,,,,,,,,,,,,,,,,,,,,,,,140.0,0.0,,,,,,,,,,,,
203,Bakso Original,Kanzler,1.0,takaran saji (48 g),70.0,,,3.0,,8.0,3.5,2.5,,,,,,,,0.0,,,,,,,,,,,,,,,,,,,,,,470.0,,,,,,,,,,,,,
204,Bakso Sapi,Champ,100.0,g,150.0,,,12.0,,12.0,6.0,4.0,,,,,,,,0.0,,,,,,,,,,,,,,,,,,,,,,920.0,,,,,,,,,,,,,
205,Bakso Sapi,Jofrans,3.0,butir (50 g),110.0,,,3.0,,7.0,8.0,,,,,,,,,,,,,,,,,,,,,,,,,,,,,,,460.0,,,,,,,,,,,,,
206,Bakso Sapi,Vitalia,1.0,sajian (50 g),90.0,,,8.0,,6.0,3.5,1.0,,,,15.0,,,,0.0,,,,,,,,,,,,,,,,,,,,,,270.0,,,,,,,,,,,,,
207,Bakso Sapi & Ayam,Viva Dahlia,1.0,porsi (33 g),40.0,,,2.0,,7.0,1.0,0.0,,,,15.0,2.0,,,0.0,,,,,,,,,,,,,,,,,,,,,,85.0,,,,,,,,,,,,,
208,Bakso Sapi Regular,El Primo,100.0,g,150.0,,,11.0,,12.0,7.0,,,,,,,,,,,,,,,,,,,,,,,,,,,,,,,560.0,,,,,,,,,,,,,
209,Bakso Udang,Teman Laut,1.0,buah (12 g),35.0,,,4.0,,1.0,0.0,,,,,,,,,,,,,,,,,,,,,,,,,,,,,,,160.0,,,,,,,,,,,,,
210,Bakso tanpa Daging,Lainnya,100.0,gram (g),197.0,,,8.0,,21.0,9.0,1.425,4.666,2.188,,0.0,4.6,,,1.25,,,,,,,,,,,,,,,,,,,,,,550.0,180.0,,,,,,,,,,,,
211,Bali Dark 64%,POD,1.0,porsi (40 g),230.0,,,19.0,,3.0,16.0,10.0,,,,0.0,4.0,,,14.0,,,,,,,,,,,,,,,,,,,,,,,,,,,,,,,,,,,
212,Bali Extra Dark 80%,POD,1.0,porsi (40 g),250.0,,,15.0,,3.0,20.0,12.0,,,,0.0,5.0,,,8.0,,,,,,,,,,,,,,,,,,,,,,0.0,,,,,,,,,,,,,
213,Banana Corn Flakes,Kellogg's,0.0,0,0.0,0.0,0.0,0.0,0.0,0.0,0.0,0.0,0.0,0.0,0.0,0.0,0.0,0.0,0.0,0.0,0.0,0.0,0.0,0.0,0.0,0.0,0.0,0.0,0.0,0.0,0.0,0.0,0.0,0.0,0.0,0.0,0.0,0.0,0.0,0.0,0.0,0.0,0.0,0.0,0.0,0.0,0.0,0.0,0.0,0.0,0.0,0.0,0.0,0.0,0.0
214,Banana Matcha Pudding,Acaii Tea,1.0,serving,228.0,,,26.0,,8.0,10.0,,,,,,10.0,,,,,,,,,,,,,,,,,,,,,,,,,,,,,,,,,,,,,,
215,Banana Milk Bites,Wonhae,1.0,porsi (10 g),40.0,,,9.0,,1.0,0.0,0.0,0.0,0.0,,0.0,0.0,,,2.0,,,,,,,,,,,,,,,,,,,,,,5.0,0.0,,,,,,,,,,,,
216,Banana Roll,Kartika Sari,1.0,buah,181.0,,,39.83,,3.7,2.15,0.554,0.396,0.909,,,4.2,,,14.89,,,,,,,,,,,,,,,,,,,,,,96.0,454.0,,,,,,,,,,,,
217,Banana Smoothies,Whey To Go,1.0,cup,400.0,,,49.0,,31.0,9.0,,,,,29.0,,,,15.0,,,,,,,,,,,,,,,,,,,,,,,,,,,,,,,,,,,
218,Banana Soy Milk,Vegemil,190.0,ml,130.0,,,24.0,,4.0,2.5,0.5,,,,0.0,1.0,,,19.0,,,,,,,,,,,,,,,,,,,,,,95.0,4000.0,,,,,,,,,,,,
219,Banana Yogurt,Elle & Vire,100.0,g,83.0,,,17.3,,2.1,0.6,0.4,,,,,,,,15.3,,,,,,,,,,,,,,,,,,,,,,,,,,,,,,,,,,,
220,Bananaspresso,Whey To Go,0.0,0,0.0,0.0,0.0,0.0,0.0,0.0,0.0,0.0,0.0,0.0,0.0,0.0,0.0,0.0,0.0,0.0,0.0,0.0,0.0,0.0,0.0,0.0,0.0,0.0,0.0,0.0,0.0,0.0,0.0,0.0,0.0,0.0,0.0,0.0,0.0,0.0,0.0,0.0,0.0,0.0,0.0,0.0,0.0,0.0,0.0,0.0,0.0,0.0,0.0,0.0,0.0
221,Barbeque Sauce,Del Monte,5.0,sendok makan (50 g),60.0,,,14.0,,0.0,0.0,0.0,,,,0.0,,,,10.0,,,,,,,,,,,,,,,,,,,,,,880.0,,,,,,,,,,,,,
222,Barista Blend,Oatside,1.0,porsi (200 ml),130.0,,,16.0,,1.0,6.0,0.5,,,,0.0,2.0,,,6.0,,,,,,,,,,,,,,,,,,,,,,95.0,,,,,,,,,,,,,
223,Basil Minced Chicken,Healthi,0.0,0,0.0,0.0,0.0,0.0,0.0,0.0,0.0,0.0,0.0,0.0,0.0,0.0,0.0,0.0,0.0,0.0,0.0,0.0,0.0,0.0,0.0,0.0,0.0,0.0,0.0,0.0,0.0,0.0,0.0,0.0,0.0,0.0,0.0,0.0,0.0,0.0,0.0,0.0,0.0,0.0,0.0,0.0,0.0,0.0,0.0,0.0,0.0,0.0,0.0,0.0,0.0
224,Basmati Rice Spaghetti,Peacock,1.0,porsi (56 g),203.0,,,46.1,,3.8,0.3,0.2,,,,0.0,0.6,,,0.0,,,,,,,,,,,,,,,,,,,,,,7.0,10.0,,,,,,,,,,,,
225,Baso Aci Geprek,Sami Raos,100.0,g,368.0,,,50.16,,8.12,14.97,,,,,,,,,4.56,,,,,,,,,,,,,,,,,,,,,,120.0,,,,,,,,,,,,,
226,Baso Ikan,Edo,1.0,piece (20 g),20.0,,,3.0,,2.0,0.0,,,,,,,,,,,,,,,,,,,,,,,,,,,,,,,15.0,,,,,,,,,,,,,
227,Baso Ikan Dan Udang,Teman Laut,2.0,biji (12 g),20.0,,,2.0,,1.0,1.5,,,,,,,,,,,,,,,,,,,,,,,,,,,,,,,40.0,,,,,,,,,,,,,
228,Basreng,Maicih,100.0,g,510.0,,,56.0,,29.0,29.0,13.0,,,,,,,,,,,,,,,,,,,,,,,,,,,,,,1270.0,,,,,,,,,,,,,
229,Batagor,Batagor,100.0,g,290.0,,,29.14,,10.28,14.92,2.155,4.504,7.276,,43.0,1.4,,,3.54,,,,,,,,,,,,,,,,,,,,,,152.0,258.0,,,,,,,,,,,,
230,Batagor,Fit Solution,100.0,g,330.0,,,21.0,,30.0,14.0,,,,,,,,,,,,,,,,,,,,,,,,,,,,,,,,,,,,,,,,,,,,
231,Bawang,Sayuran,100.0,gram (g),42.0,,,10.11,,0.92,0.08,0.026,0.062,0.023,,0.0,1.4,,,4.28,,,,,,,,,,,,,,,,,,,,,,3.0,144.0,,,,,,,,,,,,
232,Bawang Bombay Dimasak,Sayuran,100.0,gram (g),94.0,,,14.24,,1.51,4.0,0.735,1.251,1.752,,0.0,1.8,,,3.9,,,,,,,,,,,,,,,,,,,,,,282.0,163.0,,,,,,,,,,,,
233,Bawang Hijau Muda,Sayuran,100.0,gram (g),32.0,,,7.34,,1.83,0.19,0.032,0.074,0.027,,0.0,2.6,,,2.33,,,,,,,,,,,,,,,,,,,,,,16.0,276.0,,,,,,,,,,,,
234,Bawang Manis,Sayuran,100.0,gram (g),32.0,,,7.55,,0.8,0.08,,,,,0.0,0.9,,,5.02,,,,,,,,,,,,,,,,,,,,,,8.0,119.0,,,,,,,,,,,,
235,Bawang Merah,Sayuran,100.0,gram (g),42.0,,,10.11,,0.92,0.08,0.026,0.062,0.023,,0.0,1.4,,,4.28,,,,,,,,,,,,,,,,,,,,,,3.0,144.0,,,,,,,,,,,,
236,Bawang Merah Goreng,B.J.,1.0,sendok (10 g),50.0,,,5.0,,1.0,3.0,1.5,,,,0.0,1.0,,,1.0,,,,,,,,,,,,,,,,,,,,,,60.0,50.0,,,,,,,,,,,,
237,Bawang Putih,Sayuran,1.0,siung,4.0,,,0.99,,0.19,0.02,0.003,0.007,0.0,,0.0,0.1,,,0.03,,,,,,,,,,,,,,,,,,,,,,1.0,12.0,,,,,,,,,,,,
238,Bawang Putih Bubuk,Saus & Bumbu,1.0,sdt,9.0,,,2.04,,0.47,0.02,0.004,0.011,0.0,,0.0,0.3,,,0.68,,,,,,,,,,,,,,,,,,,,,,1.0,31.0,,,,,,,,,,,,
239,Bawang Putih Bubuk,Sayuran,1.0,sdt,9.0,,,2.04,,0.47,0.02,0.004,0.011,0.0,,0.0,0.3,,,0.68,,,,,,,,,,,,,,,,,,,,,,1.0,31.0,,,,,,,,,,,,
240,Bawang Putih Cincang,Sayuran,1.0,sdt,5.0,,,1.32,,0.25,0.03,0.004,0.009,0.0,,0.0,0.1,,,0.04,,,,,,,,,,,,,,,,,,,,,,1.0,16.0,,,,,,,,,,,,
241,Bawang Putih Dimasak,Sayuran,1.0,siung,3.0,,,0.66,,0.13,0.01,0.002,0.005,0.0,,0.0,0.0,,,0.02,,,,,,,,,,,,,,,,,,,,,,0.0,8.0,,,,,,,,,,,,
242,Bayam,Lainnya,100.0,gram (g),23.0,,,3.63,,2.86,0.39,0.063,0.165,0.01,,0.0,2.2,,,0.42,,,,,,,,,,,,,,,,,,,,,,79.0,558.0,,,,,,,,,,,,
243,Bayam,Sayuran,100.0,gram (g),23.0,,,3.63,,2.86,0.39,0.063,0.165,0.01,,0.0,2.2,,,0.42,,,,,,,,,,,,,,,,,,,,,,79.0,558.0,,,,,,,,,,,,
"244,""Bayam (Cincang atau Daun, Beku)"",Sayuran,100.0,gram (g),31.0,,,4.33,,3.94,0.75,0.292,0.166,0.0,,0.0,3.1,,,0.87,,,,,,,,,,,,,,,,,,,,,,74.0,372.0,,,,,,,,,,,,"
"245,""Bayam (Kering Padat, Kaleng)"",Sayuran,1.0,mangkok,49.0,,,7.28,,6.01,1.07,0.173,0.447,0.03,,0.0,5.1,,,0.86,,,,,,,,,,,,,,,,,,,,,,58.0,740.0,,,,,,,,,,,,"
246,Bayam Bayi/Kecil,Sayuran,1.0,mangkok,7.0,,,1.09,,0.86,0.12,0.019,0.05,0.003,,0.0,0.7,,,0.13,,,,,,,,,,,,,,,,,,,,,,24.0,167.0,,,,,,,,,,,,
247,Bayam Dimasak (dari Segar),Sayuran,100.0,gram (g),40.0,,,3.68,,2.88,2.25,0.415,0.689,0.949,,0.0,2.3,,,0.42,,,,,,,,,,,,,,,,,,,,,,285.0,452.0,,,,,,,,,,,,
248,Bbq Chicken,Daily Intake,1.0,serving (130 g),150.0,,,7.9,,24.9,2.0,,,,,,,,,,,,,,,,,,,,,,,,,,,,,,,,,,,,,,,,,,,,
249,Bear Brand Milk,Nestle,0.0,0,0.0,0.0,0.0,0.0,0.0,0.0,0.0,0.0,0.0,0.0,0.0,0.0,0.0,0.0,0.0,0.0,0.0,0.0,0.0,0.0,0.0,0.0,0.0,0.0,0.0,0.0,0.0,0.0,0.0,0.0,0.0,0.0,0.0,0.0,0.0,0.0,0.0,0.0,0.0,0.0,0.0,0.0,0.0,0.0,0.0,0.0,0.0,0.0,0.0,0.0,0.0
250,Bear Brand Susu Steril,Nestle,0.0,0,0.0,0.0,0.0,0.0,0.0,0.0,0.0,0.0,0.0,0.0,0.0,0.0,0.0,0.0,0.0,0.0,0.0,0.0,0.0,0.0,0.0,0.0,0.0,0.0,0.0,0.0,0.0,0.0,0.0,0.0,0.0,0.0,0.0,0.0,0.0,0.0,0.0,0.0,0.0,0.0,0.0,0.0,0.0,0.0,0.0,0.0,0.0,0.0,0.0,0.0,0.0
251,Beat That,Rejuve,0.0,0,0.0,0.0,0.0,0.0,0.0,0.0,0.0,0.0,0.0,0.0,0.0,0.0,0.0,0.0,0.0,0.0,0.0,0.0,0.0,0.0,0.0,0.0,0.0,0.0,0.0,0.0,0.0,0.0,0.0,0.0,0.0,0.0,0.0,0.0,0.0,0.0,0.0,0.0,0.0,0.0,0.0,0.0,0.0,0.0,0.0,0.0,0.0,0.0,0.0,0.0,0.0
252,Beauti+,Youvit,1.0,gummy (4 g),15.0,,,3.0,,0.0,0.0,,,,,0.0,,,,2.0,,,,,,,,,,,,,,,,,,,,,,0.0,,,,,,,,,,,,,
253,Beautie Collagen,Jele,1.0,kontainer (150 g),50.0,,,13.0,,1.0,0.0,,,,,,,,,8.0,,,,,,,,,,,,,,,,,,,,,,25.0,,,,,,,,,,,,,
254,Beazt,Fitlife,1.0,scoop (41 g),170.0,,,12.0,,25.0,3.0,1.0,,,,95.0,,,,2.0,,,,,,,,,,,,,,,,,,,,,,105.0,114.0,,,,,,,,,,,,
255,Beazt Whey Concentrate Cappucino,Fitlife,1.0,serving (41 g),150.0,,,12.0,,25.0,0.5,25.0,,,,35.0,,,,2.0,,,,,,,,,,,,,,,,,,,,,,70.0,,,,,,,,,,,,,
256,Beef & Seaweed Ramyun,Wonhae,2.0,bungkus (50 g),200.0,,,33.0,,4.0,5.0,3.0,,,,,,,,1.0,,,,,,,,,,,,,,,,,,,,,,1010.0,,,,,,,,,,,,,
257,Beef Bulgogi Toast,Janji Jiwa,1.0,porsi,758.0,,,89.8,,23.4,28.1,,,,,,9.4,,,,,,,,,,,,,,,,,,,,,,,,,,,,,,,,,,,,,,
258,Beef Cocktail Sausage,Kanzler,2.0,potong (50 g),90.0,,,4.0,,8.0,5.0,2.5,,,,,,,,0.0,,,,,,,,,,,,,,,,,,,,,,340.0,,,,,,,,,,,,,
259,Beef Frankfurter,Farmhouse,1.0,porsi (30 g),50.0,,,4.0,,4.0,1.5,0.5,,,,5.0,2.0,,,2.0,,,,,,,,,,,,,,,,,,,,,,,280.0,,,,,,,,,,,,
260,Beef Mozaru,Zenbu,1.0,serving,1061.0,,,89.0,,44.0,76.0,,,,,,,,,,,,,,,,,,,,,,,,,,,,,,,,,,,,,,,,,,,,
261,Beef Pastrami,El Primo,100.0,g,220.0,,,0.0,,20.0,15.0,0.0,,,,,,,,0.0,,,,,,,,,,,,,,,,,,,,,,5.0,,,,,,,,,,,,,
262,Beef Patties,Yona,1.0,helai (60 g),110.0,,,10.0,,8.0,4.5,3.0,,,,,,,,0.0,,,,,,,,,,,,,,,,,,,,,,510.0,,,,,,,,,,,,,
263,Beef Picnic,El Primo,1.0,porsi (60 g),130.0,,,1.0,,8.0,11.0,8.0,,,,,,,,,,,,,,,,,,,,,,,,,,,,,,,,,,,,,,,,,,,
264,Beef Rasher,El Primo,100.0,g,220.0,,,13.0,,12.0,13.0,6.0,,,,,,,,,,,,,,,,,,,,,,,,,,,,,,1280.0,,,,,,,,,,,,,
265,Beef Sausage Combination,Champ,3.0,potong (75 g),140.0,,,10.0,,7.0,8.0,4.5,,,,,,,,0.0,,,,,,,,,,,,,,,,,,,,,,480.0,,,,,,,,,,,,,
266,Beef Slice,Fiesta,100.0,g,160.0,,,6.0,,15.0,9.0,0.0,,,,0.0,0.0,,,0.0,,,,,,,,,,,,,,,,,,,,,,780.0,0.0,,,,,,,,,,,,
267,Beef Teppanyaki,Zenbu,1.0,porsi,779.0,,,33.0,,52.0,60.0,,,,,,,,,,,,,,,,,,,,,,,,,,,,,,,,,,,,,,,,,,,,
268,Beef Truffle Dry Ramen,Yellow Fit,1.0,serving,509.0,,,67.0,,31.0,13.0,,,,,,6.0,,,,,,,,,,,,,,,,,,,,,,,,,,,,,,,,,,,,,,
269,Beef Truffle Mayo,Janji Jiwa,1.0,serving (260 g),560.0,,,63.15,,28.48,21.64,10.0,,,,218.0,4.0,,,5.17,,,,,,,,,,,,,,,,,,,,,,1610.0,91.0,,,,,,,,,,,,
270,Beef Yakimeshi,Zenbu,1.0,porsi,800.0,,,94.0,,25.0,33.0,,,,,,,,,,,,,,,,,,,,,,,,,,,,,,,,,,,,,,,,,,,,
271,Beef Yakiniku,Daily Intake,1.0,porsi (130 g),215.0,,,18.1,,23.2,5.5,,,,,,,,,,,,,,,,,,,,,,,,,,,,,,,,,,,,,,,,,,,,
272,Beeru Ceremonial Matcha B. 01,Beeru,1.0,serving (2 g),5.0,,,2.0,,0.0,0.0,0.0,,,,,,,,0.0,,,,,,,,,,,,,,,,,,,,,,0.0,,,,,,,,,,,,,
"273,Belcube,The Laughing Cow,1.0,""cube (5,2 g)"",13.0,,,0.23,,0.6,1.0,0.8,,,,3.0,,,,0.2,,,,,,,,,,,,,,,,,,,,,,33.0,,,,,,,,,,,,,"
274,Belgian Chocolate,Go Milky Go,1.0,sachet (14 g),60.0,,,10.0,,1.0,1.5,,,,,,,,,,,,,,,,,,,,,,,,,,,,,,,,,,,,,,,,,,,,
275,Belgian Chocolate,Haagen Dazs,100.0,ml,306.0,,,25.9,,4.5,19.9,12.7,0.7,5.7,,76.0,2.4,,,25.2,,,,,,,,,,,,,,,,,,,,,,45.0,0.0,,,,,,,,,,,,
276,Belgian Chocolate Cookies,The Harvest,1.0,porsi (25 g),140.0,,,14.0,,2.0,8.0,5.0,0.0,0.0,,10.0,2.0,,,6.0,,,,,,,,,,,,,,,,,,,,,,30.0,0.0,,,,,,,,,,,,
277,Belgian Chocolate Ice Cream,Haagen Dazs,100.0,g,312.0,,,25.8,,4.5,20.7,,,,,,,,,25.0,,,,,,,,,,,,,,,,,,,,,,46.0,,,,,,,,,,,,,
278,Belgian Double Chocolate Chip Cookies,The Harvest,1.0,porsi (45 g),250.0,,,25.0,,4.0,15.0,11.0,,,,30.0,4.0,,,11.0,,,,,,,,,,,,,,,,,,,,,,,,,,,,,,,,,,,
279,Bella Cheese,Bella,1.0,porsi  (30 g),170.0,,,17.0,,2.0,11.0,4.5,,,,0.0,1.0,,,12.0,,,,,,,,,,,,,,,,,,,,,,130.0,,,,,,,,,,,,,
280,Beras Porang,Beeru,1.0,serving (40 g),140.0,,,32.0,,3.0,0.0,0.0,0.0,0.0,,0.0,3.0,,,0.0,,,,,,,,,,,,,,,,,,,,,,0.0,0.0,,,,,,,,,,,,
281,Beras Porang,Fitmee,40.0,gram serving size setelah dimasak (40 g),40.0,,,9.0,,1.0,0.0,0.0,0.0,0.0,,0.0,,,,0.0,,,,,,,,,,,,,,,,,,,,,,0.0,,,,,,,,,,,,,
282,Beras Porang,Kareta' Kin,0.0,0,0.0,0.0,0.0,0.0,0.0,0.0,0.0,0.0,0.0,0.0,0.0,0.0,0.0,0.0,0.0,0.0,0.0,0.0,0.0,0.0,0.0,0.0,0.0,0.0,0.0,0.0,0.0,0.0,0.0,0.0,0.0,0.0,0.0,0.0,0.0,0.0,0.0,0.0,0.0,0.0,0.0,0.0,0.0,0.0,0.0,0.0,0.0,0.0,0.0,0.0,0.0
283,Beras Putih,Maknyuss,100.0,g,410.0,,,81.0,,8.0,0.0,,,,,,,,,,,,,,,,,,,,,,,,,,,,,,,,,,,,,,,,,,,,
284,Beri,Buah,100.0,gram (g),33.0,,,7.98,,0.68,0.3,0.016,0.156,0.043,,0.0,2.1,,,4.87,,,,,,,,,,,,,,,,,,,,,,1.0,150.0,,,,,,,,,,,,
285,Berry Goodness,Mama Roz,0.0,0,0.0,0.0,0.0,0.0,0.0,0.0,0.0,0.0,0.0,0.0,0.0,0.0,0.0,0.0,0.0,0.0,0.0,0.0,0.0,0.0,0.0,0.0,0.0,0.0,0.0,0.0,0.0,0.0,0.0,0.0,0.0,0.0,0.0,0.0,0.0,0.0,0.0,0.0,0.0,0.0,0.0,0.0,0.0,0.0,0.0,0.0,0.0,0.0,0.0,0.0,0.0
286,Berry Granola,Familia,100.0,g,445.0,,,65.0,,9.1,15.0,3.7,,,,0.0,6.7,,,22.0,,,,,,,,,,,,,,,,,,,,,,610.0,,,,,,,,,,,,,
287,Berry Meal Oat & Almond,Mama Roz,0.0,0,0.0,0.0,0.0,0.0,0.0,0.0,0.0,0.0,0.0,0.0,0.0,0.0,0.0,0.0,0.0,0.0,0.0,0.0,0.0,0.0,0.0,0.0,0.0,0.0,0.0,0.0,0.0,0.0,0.0,0.0,0.0,0.0,0.0,0.0,0.0,0.0,0.0,0.0,0.0,0.0,0.0,0.0,0.0,0.0,0.0,0.0,0.0,0.0,0.0,0.0,0.0
288,Berry Smooth,Yoforia,1.0,porsi (200 ml),15.0,,,4.0,,0.0,0.0,0.0,,,,9.0,,,,22.0,,,,,,,,,,,,,,,,,,,,,,119.0,,,,,,,,,,,,,
289,Berry Sweet,Ranjani,1.0,bungkus (5 g),15.0,,,4.0,,0.0,0.0,0.0,,,,0.0,,,,2.0,,,,,,,,,,,,,,,,,,,,,,0.0,0.0,,,,,,,,,,,,
290,Berry Veggies,Mama Roz,0.0,0,0.0,0.0,0.0,0.0,0.0,0.0,0.0,0.0,0.0,0.0,0.0,0.0,0.0,0.0,0.0,0.0,0.0,0.0,0.0,0.0,0.0,0.0,0.0,0.0,0.0,0.0,0.0,0.0,0.0,0.0,0.0,0.0,0.0,0.0,0.0,0.0,0.0,0.0,0.0,0.0,0.0,0.0,0.0,0.0,0.0,0.0,0.0,0.0,0.0,0.0,0.0
291,Bibim Men,Paldo,1.0,porsi (65 g),270.0,,,39.0,,5.0,11.0,6.0,,,,0.0,5.0,,,5.0,,,,,,,,,,,,,,,,,,,,,,655.0,,,,,,,,,,,,,
292,Bibimmen II,Paldo,65.0,g),270.0,,,44.0,,7.0,7.0,3.5,,,,,,,,5.0,,,,,,,,,,,,,,,,,,,,,,770.0,,,,,,,,,,,,,
293,Bibimyeon,Paldo,1.0,porsi (130 g),530.0,,,80.0,,9.0,19.0,9.0,,,,0.0,,,,12.0,,,,,,,,,,,,,,,,,,,,,,1060.0,,,,,,,,,,,,,
294,Big Roll,Tao Kae Noi,1.0,roll (3 g),10.0,,,2.0,,0.0,0.0,0.0,0.0,0.0,,0.0,0.0,,,2.0,,,,,,,,,,,,,,,,,,,,,,50.0,0.0,,,,,,,,,,,,
295,Big Rolls,Nabati,0.0,0,0.0,0.0,0.0,0.0,0.0,0.0,0.0,0.0,0.0,0.0,0.0,0.0,0.0,0.0,0.0,0.0,0.0,0.0,0.0,0.0,0.0,0.0,0.0,0.0,0.0,0.0,0.0,0.0,0.0,0.0,0.0,0.0,0.0,0.0,0.0,0.0,0.0,0.0,0.0,0.0,0.0,0.0,0.0,0.0,0.0,0.0,0.0,0.0,0.0,0.0,0.0
296,Big Rolls,Richoco,10.0,g),50.0,,,7.0,,0.0,2.0,1.5,,,,2.0,,,,4.0,,,,,,,,,,,,,,,,,,,,,,10.0,,,,,,,,,,,,,
297,Big Thunder Cookie Bar Covered with Chocolate,Delfi,1.0,porsi (36 g),180.0,,,23.0,,3.0,9.0,6.0,,,,0.0,3.0,,,13.0,,,,,,,,,,,,,,,,,,,,,,150.0,,,,,,,,,,,,,
298,Bihun,Mama,0.0,0,0.0,0.0,0.0,0.0,0.0,0.0,0.0,0.0,0.0,0.0,0.0,0.0,0.0,0.0,0.0,0.0,0.0,0.0,0.0,0.0,0.0,0.0,0.0,0.0,0.0,0.0,0.0,0.0,0.0,0.0,0.0,0.0,0.0,0.0,0.0,0.0,0.0,0.0,0.0,0.0,0.0,0.0,0.0,0.0,0.0,0.0,0.0,0.0,0.0,0.0,0.0
299,Bihun (Dimasak),Lainnya,100.0,gram (g),109.0,,,24.9,,0.91,0.2,0.023,0.023,0.026,,0.0,1.0,,,,,,,,,,,,,,,,,,,,,,,,,19.0,4.0,,,,,,,,,,,,
"300,Bihun (Dimasak),""Nasi, Mie & Pasta"",100.0,gram (g),109.0,,,24.9,,0.91,0.2,0.023,0.023,0.026,,0.0,1.0,,,,,,,,,,,,,,,,,,,,,,,,,19.0,4.0,,,,,,,,,,,,"
301,Bihun Jagung,Padamu,1.0,bungkus (60 g),220.0,,,53.0,,1.0,0.0,0.0,0.0,0.0,,0.0,2.0,,,0.0,,,,,,,,,,,,,,,,,,,,,,0.0,0.0,,,,,,,,,,,,
302,Bihun Jagung Padamu,Padamu,1.0,bungkus (60 g),210.0,,,53.0,,1.0,0.0,0.0,,,,0.0,1.0,,,0.0,,,,,,,,,,,,,,,,,,,,,,95.0,10.0,,,,,,,,,,,,
303,Bihun Kering,Lainnya,100.0,gram (g),364.0,,,83.24,,3.44,0.56,0.153,0.15,0.175,,0.0,1.6,,,,,,,,,,,,,,,,,,,,,,,,,182.0,30.0,,,,,,,,,,,,
304,Bihun Panjang,Lainnya,100.0,gram (g),84.0,,,20.66,,0.04,0.01,0.004,0.004,0.002,,0.0,0.1,,,0.0,,,,,,,,,,,,,,,,,,,,,,4.0,2.0,,,,,,,,,,,,
305,Biji Bunga Matahari  Sangrai Kering(dengan Tambahan Garam),Biji-Bijian,100.0,gram (g),582.0,,,24.07,,19.33,49.8,5.219,32.884,9.505,,0.0,9.0,,,2.73,,,,,,,,,,,,,,,,,,,,,,410.0,850.0,,,,,,,,,,,,
306,Biji Bunga Matahari (yang) Dikuliti,Biji-Bijian,100.0,gram (g),570.0,,,18.76,,22.78,49.57,5.195,32.735,9.462,,0.0,10.5,,,2.62,,,,,,,,,,,,,,,,,,,,,,3.0,689.0,,,,,,,,,,,,
307,Biji Bunga Matahari (yang) Dikuliti Sangrai Kering,Biji-Bijian,100.0,gram (g),582.0,,,24.07,,19.33,49.8,5.219,32.884,9.505,,0.0,9.0,,,2.73,,,,,,,,,,,,,,,,,,,,,,410.0,850.0,,,,,,,,,,,,
308,Biji Bunga Matahari Kering,Biji-Bijian,100.0,gram (g),570.0,,,18.76,,22.78,49.57,5.195,32.735,9.462,,0.0,10.5,,,2.62,,,,,,,,,,,,,,,,,,,,,,3.0,689.0,,,,,,,,,,,,
309,Biji Bunga Matahari Kering (tanpa Garam),Biji-Bijian,100.0,gram (g),582.0,,,24.07,,19.33,49.8,5.219,32.884,9.505,,0.0,11.1,,,2.73,,,,,,,,,,,,,,,,,,,,,,3.0,850.0,,,,,,,,,,,,
310,Biji Rami,Biji-Bijian,100.0,gram (g),534.0,,,28.88,,18.29,42.16,3.663,28.73,7.527,,0.0,27.3,,,1.55,,,,,,,,,,,,,,,,,,,,,,30.0,813.0,,,,,,,,,,,,
311,Biji Wijen Kering Utuh,Biji-Bijian,100.0,gram (g),573.0,,,23.45,,17.73,49.67,6.957,21.773,18.759,,0.0,11.8,,,0.3,,,,,,,,,,,,,,,,,,,,,,11.0,468.0,,,,,,,,,,,,
312,Biji-Bijian,Makanan,0.0,0,0.0,0.0,0.0,0.0,0.0,0.0,0.0,0.0,0.0,0.0,0.0,0.0,0.0,0.0,0.0,0.0,0.0,0.0,0.0,0.0,0.0,0.0,0.0,0.0,0.0,0.0,0.0,0.0,0.0,0.0,0.0,0.0,0.0,0.0,0.0,0.0,0.0,0.0,0.0,0.0,0.0,0.0,0.0,0.0,0.0,0.0,0.0,0.0,0.0,0.0,0.0
313,Bing Ceri,Buah,100.0,gram (g),63.0,,,16.01,,1.06,0.2,0.038,0.052,0.047,,0.0,2.1,,,12.82,,,,,,,,,,,,,,,,,,,,,,0.0,222.0,,,,,,,,,,,,
314,Bir,Minuman,100.0,ml,44.0,,,3.6,,0.47,0.0,0.0,0.0,0.0,,0.0,0.0,,,0.0,,,,,,,,,,,,,,,,,,,,,,4.0,27.0,,,,,,,,,,,,
315,Bir Ringan,Minuman,1.0,kaleng atau botol (350 ml),103.0,,,5.81,,0.85,0.0,0.0,0.0,0.0,,0.0,0.0,,,0.32,,,,,,,,,,,,,,,,,,,,,,14.0,74.0,,,,,,,,,,,,
316,Bird Nest,Realfood,1.0,jar (70 ml),35.0,,,5.0,,3.0,0.0,0.0,,,,0.0,,,,2.0,,,,,,,,,,,,,,,,,,,,,,20.0,,,,,,,,,,,,,
317,Birdy Latte Cafe,Ajinomoto,1.0,porsi (24 g),100.0,,,20.0,,1.0,2.0,2.0,,,,0.0,,,,15.0,,,,,,,,,,,,,,,,,,,,,,,,,,,,,,,,,,,
318,Birdy Latte Cafe Matcha,Ajinomoto,1.0,cangkir (24 g),110.0,,,20.0,,1.0,2.5,2.5,,,,,2.0,,,14.0,,,,,,,,,,,,,,,,,,,,,,60.0,,,,,,,,,,,,,
319,Birdy Latte Cafe Taro,Ajinomoto,1.0,porsi (24 g),100.0,,,20.0,,1.0,2.5,2.5,,,,,1.0,,,16.0,,,,,,,,,,,,,,,,,,,,,,125.0,,,,,,,,,,,,,
320,Biscuit Marie Dark,Regal,1.0,porsi (40 g),180.0,,,31.0,,3.0,4.5,2.5,,,,10.0,3.0,,,9.0,,,,,,,,,,,,,,,,,,,,,,105.0,,,,,,,,,,,,,
321,Biskuit,Hatari,2.0,keping (20 g),90.0,,,15.0,,2.0,3.0,1.5,,,,,1.0,,,5.0,,,,,,,,,,,,,,,,,,,,,,65.0,,,,,,,,,,,,,
322,Biskuit Cokelat,Okebis,1.0,bungkus (6 keping) (21 g),100.0,,,15.0,,1.0,3.5,1.5,,,,0.0,0.0,,,5.0,,,,,,,,,,,,,,,,,,,,,,80.0,,,,,,,,,,,,,
323,Biskuit Durian,Aim Biscuits,4.0,keping (20 g),90.0,,,15.0,,1.0,3.0,,,,,,0.0,,,5.0,,,,,,,,,,,,,,,,,,,,,,55.0,20.0,,,,,,,,,,,,
324,Biskuit Gabin Original,Nissin,3.0,buah (30 g),140.0,,,21.0,,3.0,5.0,3.0,,,,0.0,1.0,,,6.0,,,,,,,,,,,,,,,,,,,,,,90.0,150.0,,,,,,,,,,,,
325,Biskuit Gandum,Roti & Sereal,1.0,kecil (diameter 4 cm ),44.0,,,6.47,,1.35,1.62,0.373,0.485,0.65,,0.0,1.0,,,0.36,,,,,,,,,,,,,,,,,,,,,,126.0,43.0,,,,,,,,,,,,
326,Biskuit Hitam Manis,Inafood,4.0,keping (19 g),90.0,,,14.0,,1.0,3.5,2.0,,,,,,,,5.0,,,,,,,,,,,,,,,,,,,,,,40.0,45.0,,,,,,,,,,,,
"327,Biskuit Keju,Makanan Ringan,1.0,""kerupuk 2,5 cm persegi"",5.0,,,0.58,,0.1,0.25,0.094,0.025,0.121,,0.0,0.0,,,0.0,,,,,,,,,,,,,,,,,,,,,,10.0,1.0,,,,,,,,,,,,"
328,Biskuit Kelapa,Okebis,4.0,keping (14 g),70.0,,,10.0,,1.0,2.0,1.0,,,,0.0,1.0,,,3.0,,,,,,,,,,,,,,,,,,,,,,45.0,,,,,,,,,,,,,
329,Biskuit Kelapa Cream Vanilla,Okebis,3.0,keping (24 g),110.0,,,18.0,,1.0,4.0,2.0,,,,0.0,1.0,,,6.0,,,,,,,,,,,,,,,,,,,,,,65.0,,,,,,,,,,,,,
330,Biskuit Kering,Nissin,0.0,0,0.0,0.0,0.0,0.0,0.0,0.0,0.0,0.0,0.0,0.0,0.0,0.0,0.0,0.0,0.0,0.0,0.0,0.0,0.0,0.0,0.0,0.0,0.0,0.0,0.0,0.0,0.0,0.0,0.0,0.0,0.0,0.0,0.0,0.0,0.0,0.0,0.0,0.0,0.0,0.0,0.0,0.0,0.0,0.0,0.0,0.0,0.0,0.0,0.0,0.0,0.0
331,Biskuit Marie,Interbis,0.0,0,0.0,0.0,0.0,0.0,0.0,0.0,0.0,0.0,0.0,0.0,0.0,0.0,0.0,0.0,0.0,0.0,0.0,0.0,0.0,0.0,0.0,0.0,0.0,0.0,0.0,0.0,0.0,0.0,0.0,0.0,0.0,0.0,0.0,0.0,0.0,0.0,0.0,0.0,0.0,0.0,0.0,0.0,0.0,0.0,0.0,0.0,0.0,0.0,0.0,0.0,0.0
332,Biskuit Marie,Regal,1.0,bungkus (15 g),80.0,,,12.0,,1.0,1.5,1.0,,,,3.0,1.0,,,4.0,,,,,,,,,,,,,,,,,,,,,,45.0,25.0,,,,,,,,,,,,
333,Biskuit Marie Susu,A.T.B,5.0,keping (31 g),130.0,,,23.0,,2.0,4.5,2.0,,,,,1.0,,,7.0,,,,,,,,,,,,,,,,,,,,,,75.0,,,,,,,,,,,,,
334,Biskuit Marie Susu,Unibis,5.0,keping (31 g),140.0,,,24.0,,2.0,4.0,2.5,,,,,,,,5.0,,,,,,,,,,,,,,,,,,,,,,115.0,,,,,,,,,,,,,
335,Biskuit Oat,Oatbits,3.0,keping (17 g),80.0,,,13.0,,1.0,2.5,1.5,,,,0.0,1.0,,,4.0,,,,,,,,,,,,,,,,,,,,,,0.0,0.0,,,,,,,,,,,,
"336,Biskuit Oat Raisin,Oatbits,3.0,""keping (16,5 g)"",80.0,,,11.0,,1.0,3.0,1.5,,,,0.0,1.0,,,4.0,,,,,,,,,,,,,,,,,,,,,,85.0,10.0,,,,,,,,,,,,"
337,Biskuit Rasa Sate,Inafood,1.0,bungkus (17 g),80.0,,,12.0,,1.0,3.0,1.5,,,,0.0,1.0,,,2.0,,,,,,,,,,,,,,,,,,,,,,20.0,0.0,,,,,,,,,,,,
"338,Biskuit Tawar atau Mentega,Roti & Sereal,1.0,""biskuit (diameter 6,5 cm )"",212.0,,,26.76,,4.2,9.78,2.594,2.498,4.158,,2.0,0.9,,,1.31,,,,,,,,,,,,,,,,,,,,,,348.0,73.0,,,,,,,,,,,,"
"339,""Biskuit Tawar atau Mentega (Campuran Kering, Siap)"",Roti & Sereal,100.0,gram (g),335.0,,,48.4,,7.3,12.1,2.789,4.305,4.206,,4.0,1.8,,,,,,,,,,,,,,,,,,,,,,,,,955.0,188.0,,,,,,,,,,,,"
340,Biskuit Tawar atau dengan Mentega (Rendah Lemak),Roti & Sereal,1.0,biskuit (diameter 5 cm ),59.0,,,10.95,,1.54,1.04,0.256,0.154,0.553,,0.0,0.4,,,1.61,,,,,,,,,,,,,,,,,,,,,,287.0,37.0,,,,,,,,,,,,
"341,Bisvit Selimut,Richoco,1.0,""keping  (9,5 g)"",45.0,,,7.0,,1.0,2.0,1.0,,,,0.0,0.0,,,3.0,,,,,,,,,,,,,,,,,,,,,,25.0,0.0,,,,,,,,,,,,"
342,Black Bean Soymilk,Vegemil,1.0,bungkus (190 ml),130.0,,,14.0,,5.0,6.0,1.0,,,,0.0,,,,10.0,,,,,,,,,,,,,,,,,,,,,,160.0,,,,,,,,,,,,,
343,Black Choco Bomb,First Wish Bakery,1.0,piece,190.0,,,24.0,,7.0,8.0,,,,,,1.5,,,2.0,,,,,,,,,,,,,,,,,,,,,,,,,,,,,,,,,,,
344,Black Coffee,Nescafe,0.0,0,0.0,0.0,0.0,0.0,0.0,0.0,0.0,0.0,0.0,0.0,0.0,0.0,0.0,0.0,0.0,0.0,0.0,0.0,0.0,0.0,0.0,0.0,0.0,0.0,0.0,0.0,0.0,0.0,0.0,0.0,0.0,0.0,0.0,0.0,0.0,0.0,0.0,0.0,0.0,0.0,0.0,0.0,0.0,0.0,0.0,0.0,0.0,0.0,0.0,0.0,0.0
345,Black Currant,Real Good,1.0,porsi  (50 ml),25.0,,,6.0,,0.0,0.0,,,,,,,,,,,,,,,,,,,,,,,,,,,,,,,,,,,,,,,,,,,,
346,Black Fried Ramyun,Wonhae,1.0,porsi (125 g),500.0,,,97.0,,6.0,10.0,4.0,,,,,,,,6.0,,,,,,,,,,,,,,,,,,,,,,,,,,,,,,,,,,,
347,Black Lemon,Acaii Tea,1.0,porsi (500 ml),100.0,,,20.0,,1.0,0.0,,,,,,,,,,,,,,,,,,,,,,,,,,,,,,,,,,,,,,,,,,,,
348,Black Pepper Sauce,Del Monte,1.0,takaran (25 g),40.0,,,10.0,,0.0,0.0,,,,,,,,,7.0,,,,,,,,,,,,,,,,,,,,,,360.0,,,,,,,,,,,,,
349,Black Sesame Bar,Quick Fresh,1.0,porsi (10 g),60.0,,,4.0,,2.0,4.0,,,,,0.0,3.0,,,2.0,,,,,,,,,,,,,,,,,,,,,,15.0,,,,,,,,,,,,,
350,Black Sesame Kinako Overnight Oats,Acaii Tea,1.0,porsi,190.0,,,23.0,,7.0,5.0,,,,,,10.0,,,,,,,,,,,,,,,,,,,,,,,,,,,,,,,,,,,,,,
351,Black Sesame Soymilk,Lactasoy,0.0,0,0.0,0.0,0.0,0.0,0.0,0.0,0.0,0.0,0.0,0.0,0.0,0.0,0.0,0.0,0.0,0.0,0.0,0.0,0.0,0.0,0.0,0.0,0.0,0.0,0.0,0.0,0.0,0.0,0.0,0.0,0.0,0.0,0.0,0.0,0.0,0.0,0.0,0.0,0.0,0.0,0.0,0.0,0.0,0.0,0.0,0.0,0.0,0.0,0.0,0.0,0.0
352,Black Sesame Soymilk,Yonsei,1.0,box (200 ml),130.0,,,13.0,,6.0,6.0,1.0,,,,0.0,,,,11.0,,,,,,,,,,,,,,,,,,,,,,200.0,,,,,,,,,,,,,
353,Black Swan Milk Compound Chocolate Cashew Nut,L'Agie,0.0,0,0.0,0.0,0.0,0.0,0.0,0.0,0.0,0.0,0.0,0.0,0.0,0.0,0.0,0.0,0.0,0.0,0.0,0.0,0.0,0.0,0.0,0.0,0.0,0.0,0.0,0.0,0.0,0.0,0.0,0.0,0.0,0.0,0.0,0.0,0.0,0.0,0.0,0.0,0.0,0.0,0.0,0.0,0.0,0.0,0.0,0.0,0.0,0.0,0.0,0.0,0.0
354,Black Truffle Protein Chips,Vegan Baby,1.0,serving (30 g),158.0,,,6.0,,14.0,9.0,4.0,,,,0.0,2.0,,,1.0,,,,,,,,,,,,,,,,,,,,,,225.0,,,,,,,,,,,,,
355,Blackberry,Buah,100.0,gram (g),43.0,,,9.61,,1.39,0.49,0.014,0.28,0.047,,0.0,5.3,,,4.88,,,,,,,,,,,,,,,,,,,,,,1.0,162.0,,,,,,,,,,,,
356,Blackcurrant,Teh Kotak,1.0,kotak (300 ml),100.0,,,24.0,,0.0,0.0,,,,,,,,,21.0,,,,,,,,,,,,,,,,,,,,,,50.0,,,,,,,,,,,,,
357,Blackmond,Ladang Lima,0.0,0,0.0,0.0,0.0,0.0,0.0,0.0,0.0,0.0,0.0,0.0,0.0,0.0,0.0,0.0,0.0,0.0,0.0,0.0,0.0,0.0,0.0,0.0,0.0,0.0,0.0,0.0,0.0,0.0,0.0,0.0,0.0,0.0,0.0,0.0,0.0,0.0,0.0,0.0,0.0,0.0,0.0,0.0,0.0,0.0,0.0,0.0,0.0,0.0,0.0,0.0,0.0
358,Blackpepper Beef,Healthi,1.0,porsi,140.0,,,11.0,,16.0,4.0,1.5,,,,,,,,3.0,,,,,,,,,,,,,,,,,,,,,,432.0,,,,,,,,,,,,,
359,Blackpepper Chicken Steak,Healthy Go,1.0,porsi,613.0,,,44.0,,61.0,21.0,,,,,,,,,,,,,,,,,,,,,,,,,,,,,,,,,,,,,,,,,,,,
360,Blackthins,Ladang Lima,4.0,keping (25 g),130.0,,,16.0,,1.0,6.0,5.0,1.51,,,,2.0,,,6.0,,,,,,,,,,,,,,,,,,,,,,100.0,,,,,,,,,,,,,
361,Blast O Butter,Jolly Time,1.0,serving (30 g),164.0,,,15.0,,2.0,12.0,6.0,,,,0.0,3.0,,,0.0,,,,,,,,,,,,,,,,,,,,,,330.0,0.0,,,,,,,,,,,,
362,Blewah Melon,Buah,100.0,gram (g),34.0,,,8.16,,0.84,0.19,0.051,0.081,0.003,,0.0,0.9,,,7.86,,,,,,,,,,,,,,,,,,,,,,16.0,267.0,,,,,,,,,,,,
363,Blue Cheese Salad Dressing,Maestro,0.0,0,0.0,0.0,0.0,0.0,0.0,0.0,0.0,0.0,0.0,0.0,0.0,0.0,0.0,0.0,0.0,0.0,0.0,0.0,0.0,0.0,0.0,0.0,0.0,0.0,0.0,0.0,0.0,0.0,0.0,0.0,0.0,0.0,0.0,0.0,0.0,0.0,0.0,0.0,0.0,0.0,0.0,0.0,0.0,0.0,0.0,0.0,0.0,0.0,0.0,0.0,0.0
364,Blue Cheese Salad Dressing,Remia,100.0,ml,220.0,,,6.0,,2.0,21.0,3.0,,,,0.0,0.0,,,3.0,,,,,,,,,,,,,,,,,,,,,,3.0,0.0,,,,,,,,,,,,
365,Blueberi,Buah,100.0,gram (g),57.0,,,14.49,,0.74,0.33,0.028,0.146,0.047,,0.0,2.4,,,9.96,,,,,,,,,,,,,,,,,,,,,,1.0,77.0,,,,,,,,,,,,
"366,""Blueberry (Manis, Beku)"",Buah,100.0,gram (g),81.0,,,21.95,,0.4,0.13,0.011,0.057,0.018,,0.0,2.2,,,19.72,,,,,,,,,,,,,,,,,,,,,,1.0,60.0,,,,,,,,,,,,"
"367,""Blueberry (tanpa Pemanis, Beku)"",Buah,100.0,gram (g),51.0,,,12.17,,0.42,0.64,0.053,0.279,0.091,,0.0,2.7,,,8.45,,,,,,,,,,,,,,,,,,,,,,1.0,54.0,,,,,,,,,,,,"
368,Blueberry Cheesecake,The Harvest,100.0,g,300.0,,,27.0,,4.0,20.0,,,,,,,,,25.0,,,,,,,,,,,,,,,,,,,,,,,,,,,,,,,,,,,
369,Blueberry Cream Cheese,First Wish Bakery,1.0,roti (90 g),270.0,,,40.0,,9.0,12.0,,,,,,,,,0.0,,,,,,,,,,,,,,,,,,,,,,,,,,,,,,,,,,,
370,Blueberry Good,Yoforia,1.0,botol (200 ml),150.0,,,26.0,,3.0,3.0,2.0,,,,9.0,,,,22.0,,,,,,,,,,,,,,,,,,,,,,119.0,,,,,,,,,,,,,
371,Blueberry Pie,Makanan Penutup,100.0,gram (g),245.0,,,33.5,,2.7,11.9,2.911,3.08,5.121,,0.0,,,,,,,,,,,,,,,,,,,,,,,,,,185.0,50.0,,,,,,,,,,,,
372,Blueberry Tawar dalam Kemasan Air (Dimasak atau Kalengan),Buah,1.0,mangkok,93.0,,,23.69,,1.22,0.54,0.046,0.239,0.076,,0.0,3.9,,,16.27,,,,,,,,,,,,,,,,,,,,,,2.0,112.0,,,,,,,,,,,,
373,Blueberry Yoghurt,Yummy,1.0,gelas (80 g),80.0,,,13.0,,4.0,1.0,1.0,,,,3.0,,,,8.0,,,,,,,,,,,,,,,,,,,,,,45.0,,,,,,,,,,,,,
374,Boba Milktea Taro,Del Monte,1.0,kaleng (240 ml),180.0,,,36.0,,1.0,3.5,3.5,,,,0.0,,,,32.0,,,,,,,,,,,,,,,,,,,,,,,,,,,,,,,,,,,
375,Bola Udang,Cedea,1.0,buah (12 g),15.0,,,2.0,,1.0,0.0,,,,,,,,,,,,,,,,,,,,,,,,,,,,,,,105.0,,,,,,,,,,,,,
376,Bolo Bun Milky Cheese,First Wish Bakery,1.0,porsi,225.0,,,33.0,,6.0,8.0,,,,,,1.0,,,7.0,,,,,,,,,,,,,,,,,,,,,,,,,,,,,,,,,,,
377,Bolognese & Mushroom Sauce,San Remo,100.0,g,61.0,,,6.9,,1.7,2.9,0.9,,,,,,,,3.8,,,,,,,,,,,,,,,,,,,,,,363.0,,,,,,,,,,,,,
378,Bolognese Sauce,La Fonte,1.0,porsi (75 g),120.0,,,22.0,,2.0,2.0,1.0,,,,4.0,5.0,,,16.0,,,,,,,,,,,,,,,,,,,,,,1370.0,,,,,,,,,,,,,
379,Bolu Chiffon Keju,Pahlawan,1.0,slice (50 g),150.0,,,15.0,,5.0,8.0,2.5,,,,,4.0,,,8.0,,,,,,,,,,,,,,,,,,,,,,300.0,,,,,,,,,,,,,
380,Bolu Kukus,Sari Roti,1.0,takaran saji (50 g),150.0,,,26.0,,3.0,3.5,1.5,,,,20.0,1.0,,,12.0,,,,,,,,,,,,,,,,,,,,,,220.0,,,,,,,,,,,,,
381,Bolu Lapis Coklat,Padimas,1.0,bungkus (10 g),40.0,,,6.0,,1.0,1.5,1.0,,,,,,,,2.0,,,,,,,,,,,,,,,,,,,,,,40.0,,,,,,,,,,,,,
382,Bolu Lapis Pandan,Padimas,1.0,bungkus (10 g),45.0,,,6.0,,1.0,2.5,1.5,,,,,,,,,,,,,,,,,,,,,,,,,,,,,,15.0,0.0,,,,,,,,,,,,
383,Bolu Panggang,Padimas,1.0,porsi (45 g),200.0,,,23.0,,2.0,11.0,0.0,,,,,,,,11.0,,,,,,,,,,,,,,,,,,,,,,120.0,,,,,,,,,,,,,
384,Bon Bon Chocolate Cream Biscuits,Unibis,1.0,potong (30 g),140.0,,,22.0,,2.0,5.0,,,,,,,,,8.0,,,,,,,,,,,,,,,,,,,,,,,,,,,,,,,,,,,
385,Bon Nori Original,Mama Suka,0.0,0,0.0,0.0,0.0,0.0,0.0,0.0,0.0,0.0,0.0,0.0,0.0,0.0,0.0,0.0,0.0,0.0,0.0,0.0,0.0,0.0,0.0,0.0,0.0,0.0,0.0,0.0,0.0,0.0,0.0,0.0,0.0,0.0,0.0,0.0,0.0,0.0,0.0,0.0,0.0,0.0,0.0,0.0,0.0,0.0,0.0,0.0,0.0,0.0,0.0,0.0,0.0
386,Bon Nori Pedas,Mama Suka,0.0,0,0.0,0.0,0.0,0.0,0.0,0.0,0.0,0.0,0.0,0.0,0.0,0.0,0.0,0.0,0.0,0.0,0.0,0.0,0.0,0.0,0.0,0.0,0.0,0.0,0.0,0.0,0.0,0.0,0.0,0.0,0.0,0.0,0.0,0.0,0.0,0.0,0.0,0.0,0.0,0.0,0.0,0.0,0.0,0.0,0.0,0.0,0.0,0.0,0.0,0.0,0.0
387,Bonbon Sugar Chocolate Biscuit,Hatari,3.0,pasang (21 g),100.0,,,17.0,,1.0,2.0,1.0,,,,,1.0,,,7.0,,,,,,,,,,,,,,,,,,,,,,35.0,,,,,,,,,,,,,
"388,Bontea Green Original,Agel,1.0,""butir (2,7 g)"",10.0,,,3.0,,0.0,0.0,0.0,,,,,,,,2.0,,,,,,,,,,,,,,,,,,,,,,0.0,,,,,,,,,,,,,"
389,Bowl Of Happiness,Salad Point,0.0,0,0.0,0.0,0.0,0.0,0.0,0.0,0.0,0.0,0.0,0.0,0.0,0.0,0.0,0.0,0.0,0.0,0.0,0.0,0.0,0.0,0.0,0.0,0.0,0.0,0.0,0.0,0.0,0.0,0.0,0.0,0.0,0.0,0.0,0.0,0.0,0.0,0.0,0.0,0.0,0.0,0.0,0.0,0.0,0.0,0.0,0.0,0.0,0.0,0.0,0.0,0.0
390,Bowties,San Remo,100.0,g,366.0,,,72.0,,12.5,2.0,,1.2,,,0.0,3.0,,,2.5,,,,,,,,,,,,,,,,,,,,,,30.0,,,,,,,,,,,,,
391,Bratwurst Cheese,Tastymax Gold,1.0,serving (83 g),150.0,,,4.0,,13.0,8.0,4.0,,,,,,,,0.0,,,,,,,,,,,,,,,,,,,,,,710.0,,,,,,,,,,,,,
392,Bratwurst Garlic Butter,Hanzel,1.0,porsi (144 g),240.0,,,11.0,,19.0,14.0,6.0,,,,,,,,0.0,,,,,,,,,,,,,,,,,,,,,,1080.0,,,,,,,,,,,,,
393,Bratwurst Mozzarella Cheese,Hanzel,3.0,sajian (144 g),230.0,,,11.0,,20.0,12.0,8.0,,,,,,,,0.0,,,,,,,,,,,,,,,,,,,,,,1100.0,,,,,,,,,,,,,
394,Bratwurst Original,Hanzel,0.0,0,0.0,0.0,0.0,0.0,0.0,0.0,0.0,0.0,0.0,0.0,0.0,0.0,0.0,0.0,0.0,0.0,0.0,0.0,0.0,0.0,0.0,0.0,0.0,0.0,0.0,0.0,0.0,0.0,0.0,0.0,0.0,0.0,0.0,0.0,0.0,0.0,0.0,0.0,0.0,0.0,0.0,0.0,0.0,0.0,0.0,0.0,0.0,0.0,0.0,0.0,0.0
395,Bratwurst Original,Tastymax Gold,1.0,sajian (83 g),150.0,,,3.0,,14.0,9.0,3.5,,,,,,,,0.0,,,,,,,,,,,,,,,,,,,,,,660.0,,,,,,,,,,,,,
396,Brioche,De Bakker,1.0,servings (5 slice) (40 g),135.0,,,23.0,,3.0,7.0,4.0,,,,48.0,1.0,,,4.0,,,,,,,,,,,,,,,,,,,,,,104.0,,,,,,,,,,,,,
397,Broad Beans Satay,Camel,1.0,serving (36 g),156.0,,,17.6,,5.7,7.0,3.2,,,,,2.8,,,5.7,,,,,,,,,,,,,,,,,,,,,,340.0,0.0,,,,,,,,,,,,
398,Broccoli Noodle,Javara,100.0,g,380.0,,,82.0,,11.0,0.5,0.0,,,,,8.0,,,0.0,,,,,,,,,,,,,,,,,,,,,,80.0,,,,,,,,,,,,,
399,Brokoli,Sayuran,100.0,gram (g),34.0,,,6.64,,2.82,0.37,0.039,0.038,0.011,,0.0,2.6,,,1.7,,,,,,,,,,,,,,,,,,,,,,33.0,316.0,,,,,,,,,,,,
"400,""Brokoli (Tusuk, Beku)"",Sayuran,100.0,gram (g),29.0,,,5.35,,3.06,0.34,0.052,0.162,0.024,,0.0,3.0,,,1.47,,,,,,,,,,,,,,,,,,,,,,17.0,250.0,,,,,,,,,,,,"
401,Brokoli Cina (Dimasak),Sayuran,100.0,gram (g),22.0,,,3.81,,1.14,0.72,0.11,0.33,0.05,,0.0,2.5,,,0.84,,,,,,,,,,,,,,,,,,,,,,7.0,261.0,,,,,,,,,,,,
402,Brokoli Dimasak (Lemak tidak Ditambahkan dalam Masakan),Sayuran,100.0,gram (g),35.0,,,7.14,,2.37,0.41,0.079,0.169,0.04,,0.0,3.3,,,1.38,,,,,,,,,,,,,,,,,,,,,,278.0,291.0,,,,,,,,,,,,
403,Brown Rice Cakes Himalayan Salt,Rice Up!,1.0,porsi (28 g),120.0,,,24.0,,3.0,1.0,0.0,,,,0.0,1.0,,,0.0,,,,,,,,,,,,,,,,,,,,,,160.0,,,,,,,,,,,,,
404,Brown Rice Spaghetti,Peacock,1.0,porsi (56 g),199.0,,,45.5,,3.0,0.6,0.2,0.0,0.0,,0.0,0.9,,,0.0,,,,,,,,,,,,,,,,,,,,,,4.0,16.0,,,,,,,,,,,,
405,Brown Rice Vermicelli,Peacock,1.0,porsi (56 g),209.0,,,47.1,,3.2,0.8,0.3,,,,0.0,,,,2.2,,,,,,,,,,,,,,,,,,,,,,2.0,,,,,,,,,,,,,
406,Brown Sugar Almond Cheese Cookies,Namaste Organic,4.0,keping (25 g),141.0,,,10.0,,4.0,9.0,,,,,,,,,,,,,,,,,,,,,,,,,,,,,,,,,,,,,,,,,,,,
407,Brown Sugar Boba Milk Tea,Xing Fu Tang,100.0,g,90.0,,,14.0,,1.0,3.0,,,,,,,,,,,,,,,,,,,,,,,,,,,,,,,,,,,,,,,,,,,,
408,Brown Sugar Cookies,The Harvest,1.0,porsi (50 g),240.0,,,37.0,,3.0,9.0,6.0,,,,20.0,2.0,,,21.0,,,,,,,,,,,,,,,,,,,,,,85.0,0.0,,,,,,,,,,,,
409,Brown Sugar Milk,Ichitan,0.0,0,0.0,0.0,0.0,0.0,0.0,0.0,0.0,0.0,0.0,0.0,0.0,0.0,0.0,0.0,0.0,0.0,0.0,0.0,0.0,0.0,0.0,0.0,0.0,0.0,0.0,0.0,0.0,0.0,0.0,0.0,0.0,0.0,0.0,0.0,0.0,0.0,0.0,0.0,0.0,0.0,0.0,0.0,0.0,0.0,0.0,0.0,0.0,0.0,0.0,0.0,0.0
410,Brownies,Haan,1.0,takaran (21 g),80.0,,,19.0,,1.0,0.0,,,,,,2.0,,,12.0,,,,,,,,,,,,,,,,,,,,,,15.0,,,,,,,,,,,,,
411,Brownies,Lainnya,1.0,brownies (5 cm persegi),129.0,,,21.26,,1.62,4.68,0.972,1.657,1.784,,12.0,0.7,,,12.5,,,,,,,,,,,,,,,,,,,,,,50.0,61.0,,,,,,,,,,,,
412,Brownies,Makanan Penutup,1.0,brownies (5 cm persegi),129.0,,,21.26,,1.62,4.68,0.972,1.657,1.784,,12.0,0.7,,,12.5,,,,,,,,,,,,,,,,,,,,,,50.0,61.0,,,,,,,,,,,,
413,Brownies,Nextar,3.0,keping (14 g),70.0,,,9.0,,1.0,3.5,1.5,,,,0.0,0.0,,,4.0,,,,,,,,,,,,,,,,,,,,,,10.0,0.0,,,,,,,,,,,,
414,Brownies,Xpose,0.0,0,0.0,0.0,0.0,0.0,0.0,0.0,0.0,0.0,0.0,0.0,0.0,0.0,0.0,0.0,0.0,0.0,0.0,0.0,0.0,0.0,0.0,0.0,0.0,0.0,0.0,0.0,0.0,0.0,0.0,0.0,0.0,0.0,0.0,0.0,0.0,0.0,0.0,0.0,0.0,0.0,0.0,0.0,0.0,0.0,0.0,0.0,0.0,0.0,0.0,0.0,0.0
415,Brownies (Bungkus),Nextar,0.0,0,0.0,0.0,0.0,0.0,0.0,0.0,0.0,0.0,0.0,0.0,0.0,0.0,0.0,0.0,0.0,0.0,0.0,0.0,0.0,0.0,0.0,0.0,0.0,0.0,0.0,0.0,0.0,0.0,0.0,0.0,0.0,0.0,0.0,0.0,0.0,0.0,0.0,0.0,0.0,0.0,0.0,0.0,0.0,0.0,0.0,0.0,0.0,0.0,0.0,0.0,0.0
416,Brownies Choco Delight,Nextar,0.0,0,0.0,0.0,0.0,0.0,0.0,0.0,0.0,0.0,0.0,0.0,0.0,0.0,0.0,0.0,0.0,0.0,0.0,0.0,0.0,0.0,0.0,0.0,0.0,0.0,0.0,0.0,0.0,0.0,0.0,0.0,0.0,0.0,0.0,0.0,0.0,0.0,0.0,0.0,0.0,0.0,0.0,0.0,0.0,0.0,0.0,0.0,0.0,0.0,0.0,0.0,0.0
417,Brownies Cookies,Nextar,0.0,0,0.0,0.0,0.0,0.0,0.0,0.0,0.0,0.0,0.0,0.0,0.0,0.0,0.0,0.0,0.0,0.0,0.0,0.0,0.0,0.0,0.0,0.0,0.0,0.0,0.0,0.0,0.0,0.0,0.0,0.0,0.0,0.0,0.0,0.0,0.0,0.0,0.0,0.0,0.0,0.0,0.0,0.0,0.0,0.0,0.0,0.0,0.0,0.0,0.0,0.0,0.0
418,Brownies Crispy,Tango,1.0,bungkus (12 g),60.0,,,9.0,,1.0,2.0,1.0,,,,,1.0,,,5.0,,,,,,,,,,,,,,,,,,,,,,40.0,,,,,,,,,,,,,
419,Brownies Crispy Chocochips,Lemonilo,1.0,porsi (20 g),70.0,,,15.0,,1.0,3.5,2.0,,,,0.0,1.0,,,7.0,,,,,,,,,,,,,,,,,,,,,,20.0,,,,,,,,,,,,,
420,Brownies Crispy Keju,Lemonilo,0.0,0,0.0,0.0,0.0,0.0,0.0,0.0,0.0,0.0,0.0,0.0,0.0,0.0,0.0,0.0,0.0,0.0,0.0,0.0,0.0,0.0,0.0,0.0,0.0,0.0,0.0,0.0,0.0,0.0,0.0,0.0,0.0,0.0,0.0,0.0,0.0,0.0,0.0,0.0,0.0,0.0,0.0,0.0,0.0,0.0,0.0,0.0,0.0,0.0,0.0,0.0,0.0
421,Brownies Crispy Mini,Lemonilo,0.0,0,0.0,0.0,0.0,0.0,0.0,0.0,0.0,0.0,0.0,0.0,0.0,0.0,0.0,0.0,0.0,0.0,0.0,0.0,0.0,0.0,0.0,0.0,0.0,0.0,0.0,0.0,0.0,0.0,0.0,0.0,0.0,0.0,0.0,0.0,0.0,0.0,0.0,0.0,0.0,0.0,0.0,0.0,0.0,0.0,0.0,0.0,0.0,0.0,0.0,0.0,0.0
422,Brownies Crispy Strawberry Cheese,Lemonilo,0.0,0,0.0,0.0,0.0,0.0,0.0,0.0,0.0,0.0,0.0,0.0,0.0,0.0,0.0,0.0,0.0,0.0,0.0,0.0,0.0,0.0,0.0,0.0,0.0,0.0,0.0,0.0,0.0,0.0,0.0,0.0,0.0,0.0,0.0,0.0,0.0,0.0,0.0,0.0,0.0,0.0,0.0,0.0,0.0,0.0,0.0,0.0,0.0,0.0,0.0,0.0,0.0
423,Brownies Crunchy,Lemonilo,0.0,0,0.0,0.0,0.0,0.0,0.0,0.0,0.0,0.0,0.0,0.0,0.0,0.0,0.0,0.0,0.0,0.0,0.0,0.0,0.0,0.0,0.0,0.0,0.0,0.0,0.0,0.0,0.0,0.0,0.0,0.0,0.0,0.0,0.0,0.0,0.0,0.0,0.0,0.0,0.0,0.0,0.0,0.0,0.0,0.0,0.0,0.0,0.0,0.0,0.0,0.0,0.0
424,Brownies Rendah Lemak,Makanan Penutup,1.0,brownies (5 cm persegi),110.0,,,23.88,,1.85,1.83,0.508,0.533,0.689,,0.0,1.1,,,18.44,,,,,,,,,,,,,,,,,,,,,,79.0,91.0,,,,,,,,,,,,
425,Brownies dengan Lapisan (Gula),Makanan Penutup,1.0,brownies (5 cm persegi),170.0,,,26.84,,2.02,6.85,1.779,0.949,3.765,,7.0,0.9,,,15.38,,,,,,,,,,,,,,,,,,,,,,131.0,63.0,,,,,,,,,,,,
426,Buah,Makanan,0.0,0,0.0,0.0,0.0,0.0,0.0,0.0,0.0,0.0,0.0,0.0,0.0,0.0,0.0,0.0,0.0,0.0,0.0,0.0,0.0,0.0,0.0,0.0,0.0,0.0,0.0,0.0,0.0,0.0,0.0,0.0,0.0,0.0,0.0,0.0,0.0,0.0,0.0,0.0,0.0,0.0,0.0,0.0,0.0,0.0,0.0,0.0,0.0,0.0,0.0,0.0,0.0
427,Buah Anggur,Buah,1.0,tanpa biji,3.0,,,0.9,,0.04,0.01,0.003,0.002,0.0,,0.0,0.0,,,0.77,,,,,,,,,,,,,,,,,,,,,,0.0,10.0,,,,,,,,,,,,
428,Buah Persik,Lainnya,100.0,gram (g),39.0,,,9.54,,0.91,0.25,0.019,0.086,0.067,,0.0,1.5,,,8.39,,,,,,,,,,,,,,,,,,,,,,0.0,190.0,,,,,,,,,,,,
429,Buah Pir,Buah,100.0,gram (g),58.0,,,15.46,,0.38,0.12,0.006,0.029,0.026,,0.0,3.1,,,9.8,,,,,,,,,,,,,,,,,,,,,,1.0,119.0,,,,,,,,,,,,
430,Bubble Chicken Nugget,Mabell,0.0,0,0.0,0.0,0.0,0.0,0.0,0.0,0.0,0.0,0.0,0.0,0.0,0.0,0.0,0.0,0.0,0.0,0.0,0.0,0.0,0.0,0.0,0.0,0.0,0.0,0.0,0.0,0.0,0.0,0.0,0.0,0.0,0.0,0.0,0.0,0.0,0.0,0.0,0.0,0.0,0.0,0.0,0.0,0.0,0.0,0.0,0.0,0.0,0.0,0.0,0.0,0.0
431,Bubuk Cabai,Saus & Bumbu,1.0,sdm,24.0,,,4.1,,0.92,1.26,0.221,0.559,0.268,,0.0,2.6,,,0.54,,,,,,,,,,,,,,,,,,,,,,76.0,144.0,,,,,,,,,,,,
432,Bubuk Kari,Makanan Cepat Saji,1.0,sdt,6.0,,,1.16,,0.25,0.28,0.045,0.051,0.111,,0.0,0.7,,,0.06,,,,,,,,,,,,,,,,,,,,,,1.0,31.0,,,,,,,,,,,,
433,Bubuk Kari,Saus & Bumbu,1.0,sdt,6.0,,,1.16,,0.25,0.28,0.045,0.051,0.111,,0.0,0.7,,,0.06,,,,,,,,,,,,,,,,,,,,,,1.0,31.0,,,,,,,,,,,,
434,Bubuk Kedelai Murni,Mahkota,2.0,sdm (15 g),60.0,,,6.9,,4.2,1.05,,,,,,0.6,,,,,,,,,,,,,,,,,,,,,,,,,,,,,,,,,,,,,,
435,Bubuk Pengganti Makanan Protein,Lainnya,1.0,sendok / celup,107.0,,,20.96,,5.81,0.13,0.06,0.029,0.029,,3.0,0.7,,,20.3,,,,,,,,,,,,,,,,,,,,,,121.0,280.0,,,,,,,,,,,,
436,Bubuk Protein,Kent Protein,5.0,sendok (50 g),203.0,,,6.0,,21.17,13.4,1.9,,11.5,,,9.4,,,0.0,,,,,,,,,,,,,,,,,,,,,,,,,,,,,,,,,,,
437,Bubuk Protein,Lainnya,100.0,gram (g),401.0,,,49.0,,31.0,9.0,1.5,5.156,2.063,,0.0,5.1,,,0.0,,,,,,,,,,,,,,,,,,,,,,1540.0,400.0,,,,,,,,,,,,
438,Bubuk Protein Supplemen,Lainnya,1.0,sdm,40.0,,,6.47,,3.23,0.16,0.058,0.047,0.028,,2.0,0.0,,,6.47,,,,,,,,,,,,,,,,,,,,,,54.0,129.0,,,,,,,,,,,,
439,Bubuk Suplemen Gizi,Lainnya,1.0,sdm,48.0,,,8.3,,2.94,0.44,0.274,0.012,0.129,,2.0,0.0,,,8.3,,,,,,,,,,,,,,,,,,,,,,33.0,88.0,,,,,,,,,,,,
440,Bubur Aneka Kacang,GaGa,100.0,g,120.0,,,21.5,,3.5,2.25,,,,,,,,,10.0,,,,,,,,,,,,,,,,,,,,,,100.0,,,,,,,,,,,,,
"441,Bubur Jagung,Lainnya,1.0,""mangkok,masak"",109.0,,,23.11,,2.56,0.34,0.046,0.15,0.087,,0.0,0.5,,,0.19,,,,,,,,,,,,,,,,,,,,,,317.0,39.0,,,,,,,,,,,,"
"442,Bubur Jagung Instan,Lainnya,1.0,""mangkok,masak"",161.0,,,37.2,,3.98,0.45,0.047,0.142,0.067,,0.0,2.2,,,0.15,,,,,,,,,,,,,,,,,,,,,,519.0,69.0,,,,,,,,,,,,"
"443,Bubur Jagung Instan Rasa,Lainnya,1.0,""mangkok,masak"",173.0,,,34.51,,3.95,2.82,0.83,0.41,0.742,,0.0,2.0,,,1.01,,,,,,,,,,,,,,,,,,,,,,884.0,79.0,,,,,,,,,,,,"
"444,Bubur Jagung dengan Keju,Lainnya,1.0,""mangkok,masak"",282.0,,,26.04,,13.28,13.7,7.478,0.891,4.096,,118.0,0.5,,,3.15,,,,,,,,,,,,,,,,,,,,,,825.0,183.0,,,,,,,,,,,,"
445,Bubur Ketan Hitam,GaGa,3.0,cendok makan (200 g),220.0,,,43.0,,2.0,5.0,,,,,,14.0,,,19.0,,,,,,,,,,,,,,,,,,,,,,190.0,,,,,,,,,,,,,
446,Bubur Shirataki (Keju),Eatzy,1.0,porsi (50 g),30.0,,,4.0,,0.0,1.5,1.5,,,,0.0,1.0,,,,,,,,,,,,,,,,,,,,,,,,,160.0,,,,,,,,,,,,,
447,Bubur Shirataki Rasa Ayam Jamur,Eatzy,1.0,sajian (50 g),30.0,,,4.0,,1.0,1.0,1.0,,,,0.0,1.0,,,,,,,,,,,,,,,,,,,,,,,,,140.0,,,,,,,,,,,,,
448,Buckwheat Cakes,Lestello,0.0,0,0.0,0.0,0.0,0.0,0.0,0.0,0.0,0.0,0.0,0.0,0.0,0.0,0.0,0.0,0.0,0.0,0.0,0.0,0.0,0.0,0.0,0.0,0.0,0.0,0.0,0.0,0.0,0.0,0.0,0.0,0.0,0.0,0.0,0.0,0.0,0.0,0.0,0.0,0.0,0.0,0.0,0.0,0.0,0.0,0.0,0.0,0.0,0.0,0.0,0.0,0.0
449,Buldak Cheese,Samyang,1.0,bungkus (140 g),600.0,,,96.0,,14.0,18.0,9.0,,,,0.0,1.0,,,7.0,,,,,,,,,,,,,,,,,,,,,,1440.0,0.0,,,,,,,,,,,,
450,Buldak Cream Carbonara,Samyang,1.0,porsi (70 g),300.0,,,46.0,,5.0,10.0,5.0,,,,,,,,6.0,,,,,,,,,,,,,,,,,,,,,,820.0,,,,,,,,,,,,,
451,Buldak Light,Samyang,0.0,0,0.0,0.0,0.0,0.0,0.0,0.0,0.0,0.0,0.0,0.0,0.0,0.0,0.0,0.0,0.0,0.0,0.0,0.0,0.0,0.0,0.0,0.0,0.0,0.0,0.0,0.0,0.0,0.0,0.0,0.0,0.0,0.0,0.0,0.0,0.0,0.0,0.0,0.0,0.0,0.0,0.0,0.0,0.0,0.0,0.0,0.0,0.0,0.0,0.0,0.0,0.0
452,Buldak Rose,Samyang,1.0,serving (70 g),300.0,,,46.0,,6.0,10.0,6.0,,,,,,,,6.0,,,,,,,,,,,,,,,,,,,,,,590.0,,,,,,,,,,,,,
453,Bulgogi Beef,Healthi,1.0,porsi (120 g),298.0,,,12.0,,31.0,14.0,,,,,0.0,,,,,,,,,,,,,,,,,,,,,,,,,,530.0,,,,,,,,,,,,,
454,Bumbu Ayam Goreng,Sajiku,1.0,porsi (2 g),0.0,,,0.0,,1.0,0.0,0.0,,,,,,,,0.0,,,,,,,,,,,,,,,,,,,,,,490.0,,,,,,,,,,,,,
455,Bumbu Ayam Goreng Bacem,Bango,1.0,potong (15 g),40.0,,,9.0,,0.0,0.0,0.0,,,,0.0,,,,8.0,,,,,,,,,,,,,,,,,,,,,,630.0,,,,,,,,,,,,,
456,Bumbu Ayam Goreng Lengkuas,Lemonilo,0.0,0,0.0,0.0,0.0,0.0,0.0,0.0,0.0,0.0,0.0,0.0,0.0,0.0,0.0,0.0,0.0,0.0,0.0,0.0,0.0,0.0,0.0,0.0,0.0,0.0,0.0,0.0,0.0,0.0,0.0,0.0,0.0,0.0,0.0,0.0,0.0,0.0,0.0,0.0,0.0,0.0,0.0,0.0,0.0,0.0,0.0,0.0,0.0,0.0,0.0,0.0,0.0
"457,Bumbu Ayam Kecap,Bamboe,1.0,""porsi (17,5 g)"",50.0,,,8.0,,1.0,2.0,1.0,,,,0.0,2.0,,,6.0,,,,,,,,,,,,,,,,,,,,,,920.0,,,,,,,,,,,,,"
"458,Bumbu Balado,Bamboe,4.0,""sachet (12,5 g)"",30.0,,,4.0,,1.0,1.5,0.5,0.0,0.0,,0.0,1.0,,,2.0,,,,,,,,,,,,,,,,,,,,,,410.0,0.0,,,,,,,,,,,,"
"459,Bumbu Bali,Bamboe,1.0,""porsi (12,3 g)"",30.0,,,3.0,,2.0,1.0,0.5,,,,0.0,1.0,,,1.0,,,,,,,,,,,,,,,,,,,,,,440.0,,,,,,,,,,,,,"
460,Bumbu Capcay,Sajiku,5.0,g,10.0,,,3.0,,0.0,0.0,0.0,,,,,,,,0.0,,,,,,,,,,,,,,,,,,,,,,760.0,,,,,,,,,,,,,
461,Bumbu Gulai,Indofood,1.0,porsi (9 g),25.0,,,2.0,,1.0,1.5,1.0,0.0,0.0,,0.0,1.0,,,1.0,,,,,,,,,,,,,,,,,,,,,,940.0,0.0,,,,,,,,,,,,
462,Bumbu Kacang Serbaguna,ABC,1.0,porsi (18 g),60.0,,,5.0,,1.0,3.0,1.0,0.0,0.0,,0.0,0.0,,,4.0,,,,,,,,,,,,,,,,,,,,,,170.0,0.0,,,,,,,,,,,,
463,Bumbu Kari Ayam dan Daging,Adabi,1.0,takaran saji  (6 g),20.0,,,3.0,,1.0,1.0,,,,,,,,,0.0,,,,,,,,,,,,,,,,,,,,,,0.0,,,,,,,,,,,,,
464,Bumbu Kuah Bakso,Bamboe,1.0,porsi (15 g),30.0,,,3.0,,1.0,1.5,0.5,,,,,1.0,,,2.0,,,,,,,,,,,,,,,,,,,,,,,,,,,,,,,,,,,
"465,Bumbu Mie Goreng Aceh,Bango,1.0,""porsi (12,5 g)"",45.0,,,6.0,,1.0,2.0,0.5,,,,,1.0,,,3.0,,,,,,,,,,,,,,,,,,,,,,430.0,,,,,,,,,,,,,"
466,Bumbu Nasi Goreng,Uleg,1.0,bungkus (20 g),30.0,,,4.0,,1.0,1.5,0.5,,,,25.0,1.0,,,2.0,,,,,,,,,,,,,,,,,,,,,,870.0,75.0,,,,,,,,,,,,
467,Bumbu Nasi Goreng Kambing,Bango,1.0,porsi (10 g),30.0,,,4.0,,1.0,1.0,,,,,0.0,1.0,,,2.0,,,,,,,,,,,,,,,,,,,,,,300.0,,,,,,,,,,,,,
"468,Bumbu Nasi Kuning Manado,Bango,1.0,""porsi (5,83 g)"",25.0,,,1.0,,0.0,2.0,1.0,,,,0.0,1.0,,,0.0,,,,,,,,,,,,,,,,,,,,,,600.0,,,,,,,,,,,,,"
469,Bumbu Penyedap Rasa Sapi,Indofood,1.0,blok (4 g),5.0,,,1.0,,0.0,0.0,0.0,,,,0.0,0.0,,,1.0,,,,,,,,,,,,,,,,,,,,,,125.0,,,,,,,,,,,,,
470,Bumbu Praktis Soto Ayam,Sajiku,1.0,porsi (4 g),5.0,,,1.0,,0.0,0.0,0.0,0.0,0.0,,0.0,0.0,,,0.0,,,,,,,,,,,,,,,,,,,,,,800.0,0.0,,,,,,,,,,,,
471,Bumbu Racik Ayam Goreng,Indofood,2.0,sendok teh (5 g),10.0,,,2.0,,0.0,0.0,,,,,0.0,1.0,,,0.0,,,,,,,,,,,,,,,,,,,,,,880.0,,,,,,,,,,,,,
472,Bumbu Racik Nasi Goreng,Indofood,2.0,sendok teh (5 g),15.0,,,3.0,,0.0,0.0,0.0,0.0,0.0,,0.0,0.0,,,2.0,,,,,,,,,,,,,,,,,,,,,,690.0,0.0,,,,,,,,,,,,
473,Bumbu Racik Sayur Asem,Indofood,4.0,bungkus (8 g),25.0,,,6.0,,1.0,0.0,0.0,,,,0.0,0.0,,,4.0,,,,,,,,,,,,,,,,,,,,,,560.0,,,,,,,,,,,,,
474,Bumbu Racik Sayur Sop,Indofood,1.0,porsi (5 g),10.0,,,1.0,,1.0,0.0,0.0,,,,0.0,0.0,,,1.0,,,,,,,,,,,,,,,,,,,,,,920.0,0.0,,,,,,,,,,,,
"475,Bumbu Racik Sayur Sop,Sajiku,1.0,""porsi (4,75 g)"",10.0,,,1.0,,0.0,0.0,0.0,,,,0.0,0.0,,,1.0,,,,,,,,,,,,,,,,,,,,,,920.0,,,,,,,,,,,,,"
476,Bumbu Racik Tumis,Indofood,4.0,sendok (5 g),15.0,,,3.0,,1.0,0.0,0.0,,,,0.0,0.0,,,1.0,,,,,,,,,,,,,,,,,,,,,,540.0,0.0,,,,,,,,,,,,
"477,Bumbu Rawon,Bamboe,1.0,""porsi (13,5 g)"",25.0,,,2.0,,1.0,1.5,0.5,,,,0.0,1.0,,,1.0,,,,,,,,,,,,,,,,,,,,,,1020.0,60.0,,,,,,,,,,,,"
"478,Bumbu Rendang,Bamboe,1.0,""sendok makan (8,75 g)"",25.0,,,2.0,,1.0,1.0,0.0,,,,0.0,1.0,,,1.0,,,,,,,,,,,,,,,,,,,,,,340.0,50.0,,,,,,,,,,,,"
"479,Bumbu Rica-Rica,Bamboe,1.0,""porsi (22,5 g)"",80.0,,,6.0,,1.0,5.0,4.0,,,,,1.0,,,5.0,,,,,,,,,,,,,,,,,,,,,,440.0,,,,,,,,,,,,,"
480,Bumbu Rotisserie Chicken,Jay's Kitchen,1.0,porsi (5 g),15.0,,,3.0,,0.0,0.0,0.0,,,,,,,,2.0,,,,,,,,,,,,,,,,,,,,,,820.0,,,,,,,,,,,,,
481,Bumbu Sachet Nasi Daun Jeruk,Beeru,1.0,serving (5 g),20.0,,,3.0,,0.0,1.0,,,,,,,,,1.0,,,,,,,,,,,,,,,,,,,,,,170.0,,,,,,,,,,,,,
482,Bumbu Saus Steak Brown Gravy,Jay's Kitchen,1.0,serving (10 g),35.0,,,7.0,,1.0,0.0,0.0,,,,,,,,0.0,,,,,,,,,,,,,,,,,,,,,,900.0,,,,,,,,,,,,,
483,Bumbu Sayur Asem,Bamboe,1.0,porsi (14 g),35.0,,,6.0,,0.0,0.5,0.0,,,,0.0,1.0,,,5.0,,,,,,,,,,,,,,,,,,,,,,1190.0,,,,,,,,,,,,,
484,Bumbu Semur,Bamboe,1.0,porsi (17 g),40.0,,,7.0,,1.0,1.0,0.5,,,,0.0,1.0,,,6.0,,,,,,,,,,,,,,,,,,,,,,1030.0,,,,,,,,,,,,,
485,Bumbu Soto Ayam,Bamboe,1.0,porsi (10 g),20.0,,,2.0,,1.0,1.0,0.0,,,,0.0,1.0,,,1.0,,,,,,,,,,,,,,,,,,,,,,780.0,55.0,,,,,,,,,,,,
486,Bun Sambal Bilis,Gardenia,1.0,potong (60 g),190.0,,,25.3,,5.7,7.0,,,,,0.0,1.1,,,,,,,,,,,,,,,,,,,,,,,,,,,,,,,,,,,,,,
487,Buncis,Kacang-Kacangan,100.0,gram (g),31.0,,,7.13,,1.82,0.12,0.026,0.059,0.005,,0.0,3.4,,,1.4,,,,,,,,,,,,,,,,,,,,,,6.0,209.0,,,,,,,,,,,,
488,Burger Ayam,Abby's,1.0,porsi (50 g),90.0,,,8.0,,5.0,3.5,1.5,,,,25.0,0.0,,,0.0,,,,,,,,,,,,,,,,,,,,,,,490.0,,,,,,,,,,,,
489,Burger Ayam,Healthi,0.0,0,0.0,0.0,0.0,0.0,0.0,0.0,0.0,0.0,0.0,0.0,0.0,0.0,0.0,0.0,0.0,0.0,0.0,0.0,0.0,0.0,0.0,0.0,0.0,0.0,0.0,0.0,0.0,0.0,0.0,0.0,0.0,0.0,0.0,0.0,0.0,0.0,0.0,0.0,0.0,0.0,0.0,0.0,0.0,0.0,0.0,0.0,0.0,0.0,0.0,0.0,0.0
490,Burger Ayam dan Sapi,BARTOZ,1.0,serving (50 g),60.0,,,6.0,,7.0,1.0,0.0,,,,,,,,0.0,,,,,,,,,,,,,,,,,,,,,,210.0,,,,,,,,,,,,,
491,Burger Daging Ayam,Champ,100.0,g,260.0,,,24.0,,12.0,13.0,7.0,,,,,,,,0.0,,,,,,,,,,,,,,,,,,,,,,960.0,,,,,,,,,,,,,
492,Burger Daging Ayam,Yona,100.0,g,230.0,,,16.0,,14.0,12.0,,,,,,,,,,,,,,,,,,,,,,,,,,,,,,,510.0,180.0,,,,,,,,,,,,
493,Burger Sapi,Vitalia,1.0,sajian  (50 g),90.0,,,9.0,,4.0,4.5,2.0,,,,15.0,1.0,,,0.0,,,,,,,,,,,,,,,,,,,,,,190.0,,,,,,,,,,,,,
494,Burger Sapi dan Ayam,Vigo,1.0,porsi (50 g),80.0,,,8.0,,5.0,3.5,1.5,,,,,,,,,,,,,,,,,,,,,,,,,,,,,,880.0,,,,,,,,,,,,,
495,Butter,EMBORG,100.0,g,720.0,,,0.0,,0.0,80.0,43.0,7.0,29.0,,24.0,,,,0.0,,,,,,,,,,,,,,,,,,,,,,0.0,,,,,,,,,,,,,
496,Butter Cookies,Gery,1.0,porsi (20 g),100.0,,,13.0,,1.0,4.5,3.0,,,,3.0,,,,4.0,,,,,,,,,,,,,,,,,,,,,,80.0,,,,,,,,,,,,,
497,Butter Cookies,Unibis,1.0,porsi  (26 g),120.0,,,19.0,,2.0,4.0,2.0,,,,,,,,6.0,,,,,,,,,,,,,,,,,,,,,,105.0,,,,,,,,,,,,,
498,Butter Crackers,Julie's,0.0,0,0.0,0.0,0.0,0.0,0.0,0.0,0.0,0.0,0.0,0.0,0.0,0.0,0.0,0.0,0.0,0.0,0.0,0.0,0.0,0.0,0.0,0.0,0.0,0.0,0.0,0.0,0.0,0.0,0.0,0.0,0.0,0.0,0.0,0.0,0.0,0.0,0.0,0.0,0.0,0.0,0.0,0.0,0.0,0.0,0.0,0.0,0.0,0.0,0.0,0.0,0.0
499,CHOCO CORN,Joyday,0.0,0,0.0,0.0,0.0,0.0,0.0,0.0,0.0,0.0,0.0,0.0,0.0,0.0,0.0,0.0,0.0,0.0,0.0,0.0,0.0,0.0,0.0,0.0,0.0,0.0,0.0,0.0,0.0,0.0,0.0,0.0,0.0,0.0,0.0,0.0,0.0,0.0,0.0,0.0,0.0,0.0,0.0,0.0,0.0,0.0,0.0,0.0,0.0,0.0,0.0,0.0,0.0
500,Cabai Merah atau Rawit,Saus & Bumbu,100.0,gram (g),318.0,,,56.63,,12.01,17.27,3.26,8.37,2.75,,0.0,27.2,,,10.34,,,,,,,,,,,,,,,,,,,,,,30.0,2014.0,,,,,,,,,,,,
501,Cabai Tabur Bawang Goreng,Jawara,0.0,0,0.0,0.0,0.0,0.0,0.0,0.0,0.0,0.0,0.0,0.0,0.0,0.0,0.0,0.0,0.0,0.0,0.0,0.0,0.0,0.0,0.0,0.0,0.0,0.0,0.0,0.0,0.0,0.0,0.0,0.0,0.0,0.0,0.0,0.0,0.0,0.0,0.0,0.0,0.0,0.0,0.0,0.0,0.0,0.0,0.0,0.0,0.0,0.0,0.0,0.0,0.0
502,Cabai Tabur Jambal,Jawara,1.0,porsi (3 g),10.0,,,1.0,,1.0,0.0,0.0,,,,0.0,0.0,,,0.0,,,,,,,,,,,,,,,,,,,,,,220.0,,,,,,,,,,,,,
503,Cabe Asli,Nasional,1.0,sachet (9 g),5.0,,,1.0,,0.0,0.0,0.0,,,,,,,,0.0,,,,,,,,,,,,,,,,,,,,,,125.0,,,,,,,,,,,,,
504,Cacao Cashew Nuts,East Bali Cashews,1.0,porsi (30 g),160.0,,,16.0,,5.0,11.0,2.0,,,,,2.0,,,2.0,,,,,,,,,,,,,,,,,,,,,,100.0,,,,,,,,,,,,,
505,Cadbury Chocobakes Cookies,Cadbury,100.0,g,506.0,,,65.1,,5.1,25.5,12.2,,,,1.0,,,,,,,,,,,,,,,,,,,,,,,,,,198.0,,,,,,,,,,,,,
506,Caesar,Kewpie,1.0,porsi (25 ml),80.0,,,4.0,,1.0,6.0,,,,,,,,,,,,,,,,,,,,,,,,,,,,,,,,,,,,,,,,,,,,
507,Caesar Salad Dressing,Remia,0.0,0,0.0,0.0,0.0,0.0,0.0,0.0,0.0,0.0,0.0,0.0,0.0,0.0,0.0,0.0,0.0,0.0,0.0,0.0,0.0,0.0,0.0,0.0,0.0,0.0,0.0,0.0,0.0,0.0,0.0,0.0,0.0,0.0,0.0,0.0,0.0,0.0,0.0,0.0,0.0,0.0,0.0,0.0,0.0,0.0,0.0,0.0,0.0,0.0,0.0,0.0,0.0
508,Caesar Supreme,Hadi Kitchen,1.0,wrap (250 g),520.0,,,37.0,,31.0,27.0,,,,,,5.0,,,,,,,,,,,,,,,,,,,,,,,,,,,,,,,,,,,,,,
509,Caesar salad,Hadi Kitchen,1.0,serving,410.0,,,17.0,,28.0,25.0,,,,,,,,,,,,,,,,,,,,,,,,,,,,,,,,,,,,,,,,,,,,
510,Cafe Almond Latte,Rejuve,1.0,porsi (250 ml),150.0,,,18.0,,4.0,7.0,0.5,0.5,,,0.0,3.0,,,15.0,,,,,,,,,,,,,,,,,,,,,,,130.0,,,,,,,,,,,,
511,Cafe Latte,Rejuve,100.0,ml,68.0,,,9.2,,1.6,2.8,2.0,,,,6.0,1.6,,,8.0,,,,,,,,,,,,,,,,,,,,,,28.0,264.0,,,,,,,,,,,,
512,Caffe Latte,Indocafe,1.0,tongkat pack (20 g),80.0,,,15.5,,2.0,2.0,,,,,,,,,,,,,,,,,,,,,,,,,,,,,,,,,,,,,,,,,,,,
513,Caffino Premium Latte Pandan Aren,Caffino,1.0,cangkir (27 g),120.0,,,22.0,,1.0,3.0,3.0,,,,,2.0,,,15.0,,,,,,,,,,,,,,,,,,,,,,40.0,,,,,,,,,,,,,
514,Cake Strawberry Flavored,Go Day,1.0,bungkus (25 g),90.0,,,15.0,,1.0,3.0,1.5,,,,5.0,,,,7.0,,,,,,,,,,,,,,,,,,,,,,65.0,,,,,,,,,,,,,
515,California Raisin Loaf,Gardenia,1.0,slice (40 g),112.0,,,19.4,,4.6,1.4,0.7,,,,0.0,1.4,,,,,,,,,,,,,,,,,,,,,,,,,155.0,,,,,,,,,,,,,
516,Calpico Gurt Original,Calpico,1.0,porsi (170 ml),110.0,,,26.0,,1.0,0.0,0.0,0.0,0.0,,0.0,1.0,,,25.0,,,,,,,,,,,,,,,,,,,,,,0.0,0.0,,,,,,,,,,,,
517,Calpico Soda,Calpico,1.0,kaleng (320 ml),160.0,,,40.0,,1.0,0.0,,,,,,,,,40.0,,,,,,,,,,,,,,,,,,,,,,,,,,,,,,,,,,,
518,Calvit,Ichitan,0.0,0,0.0,0.0,0.0,0.0,0.0,0.0,0.0,0.0,0.0,0.0,0.0,0.0,0.0,0.0,0.0,0.0,0.0,0.0,0.0,0.0,0.0,0.0,0.0,0.0,0.0,0.0,0.0,0.0,0.0,0.0,0.0,0.0,0.0,0.0,0.0,0.0,0.0,0.0,0.0,0.0,0.0,0.0,0.0,0.0,0.0,0.0,0.0,0.0,0.0,0.0,0.0
519,Campuran Buah Kering,Buah,100.0,gram (g),244.0,,,64.81,,2.19,0.44,0.06,0.082,0.063,,0.0,7.4,,,47.66,,,,,,,,,,,,,,,,,,,,,,17.0,746.0,,,,,,,,,,,,
"520,Candy,Ricola,1.0,""porsi (2,5 g)"",10.0,,,2.0,,0.0,0.0,,,,,,0.0,,,2.0,,,,,,,,,,,,,,,,,,,,,,,,,,,,,,,,,,,"
521,Canned Tuna,Vinisi,1.0,porsi (57 g),70.0,,,0.0,,16.0,1.0,,,,,38.0,,,,,,,,,,,,,,,,,,,,,,,,,,,,,,,,,,,,,,,
522,Cappuccino,Indocafe,1.0,sachet (25 g),110.0,,,19.0,,2.0,2.5,2.5,,,,0.0,,,,14.0,,,,,,,,,,,,,,,,,,,,,,10.0,,,,,,,,,,,,,
523,Cappuccino,Nescafe,0.0,0,0.0,0.0,0.0,0.0,0.0,0.0,0.0,0.0,0.0,0.0,0.0,0.0,0.0,0.0,0.0,0.0,0.0,0.0,0.0,0.0,0.0,0.0,0.0,0.0,0.0,0.0,0.0,0.0,0.0,0.0,0.0,0.0,0.0,0.0,0.0,0.0,0.0,0.0,0.0,0.0,0.0,0.0,0.0,0.0,0.0,0.0,0.0,0.0,0.0,0.0,0.0
524,Cappuccino,Aik Cheong,1.0,porsi (25 g),110.0,,,19.0,,2.0,3.0,3.0,,,,0.0,2.0,,,14.0,,,,,,,,,,,,,,,,,,,,,,35.0,,,,,,,,,,,,,
525,Cappuccino Cream Biscuits,Unibis,4.0,sandwiches (31 g),150.0,,,22.0,,2.0,6.0,,,,,,,,,10.0,,,,,,,,,,,,,,,,,,,,,,,90.0,,,,,,,,,,,,
526,Caramel Biscuits,Jiu Guang Ting,1.0,porsi (15 g),70.0,,,11.0,,1.0,2.5,1.5,0.0,0.0,,0.0,0.0,,,3.0,,,,,,,,,,,,,,,,,,,,,,35.0,0.0,,,,,,,,,,,,
527,Caramel Macchiato,Nescafe,0.0,0,0.0,0.0,0.0,0.0,0.0,0.0,0.0,0.0,0.0,0.0,0.0,0.0,0.0,0.0,0.0,0.0,0.0,0.0,0.0,0.0,0.0,0.0,0.0,0.0,0.0,0.0,0.0,0.0,0.0,0.0,0.0,0.0,0.0,0.0,0.0,0.0,0.0,0.0,0.0,0.0,0.0,0.0,0.0,0.0,0.0,0.0,0.0,0.0,0.0,0.0,0.0
528,Caramel Macchiato,Oatside,1.0,serving (200 ml),160.0,,,26.0,,2.0,6.0,0.0,,,,0.0,2.0,,,14.0,,,,,,,,,,,,,,,,,,,,,,80.0,,,,,,,,,,,,,
529,Caramel Machiato,Neo Coffee,0.0,0,0.0,0.0,0.0,0.0,0.0,0.0,0.0,0.0,0.0,0.0,0.0,0.0,0.0,0.0,0.0,0.0,0.0,0.0,0.0,0.0,0.0,0.0,0.0,0.0,0.0,0.0,0.0,0.0,0.0,0.0,0.0,0.0,0.0,0.0,0.0,0.0,0.0,0.0,0.0,0.0,0.0,0.0,0.0,0.0,0.0,0.0,0.0,0.0,0.0,0.0,0.0
530,Caramel Popcorn,Oishi,1.0,takaran saji (20 g),90.0,,,16.0,,1.0,3.0,1.5,,,,0.0,1.0,,,10.0,,,,,,,,,,,,,,,,,,,,,,100.0,,,,,,,,,,,,,
531,Caramel Spread,Cadbury,1.0,porsi (15 g),90.0,,,8.0,,9.0,5.0,1.5,,,,,,,,8.0,,,,,,,,,,,,,,,,,,,,,,,,,,,,,,,,,,,
532,Carbonara,Jay's Kitchen,0.0,0,0.0,0.0,0.0,0.0,0.0,0.0,0.0,0.0,0.0,0.0,0.0,0.0,0.0,0.0,0.0,0.0,0.0,0.0,0.0,0.0,0.0,0.0,0.0,0.0,0.0,0.0,0.0,0.0,0.0,0.0,0.0,0.0,0.0,0.0,0.0,0.0,0.0,0.0,0.0,0.0,0.0,0.0,0.0,0.0,0.0,0.0,0.0,0.0,0.0,0.0,0.0
533,Carbonara,Samyang,1.0,bungkus (130 g),600.0,,,40.0,,5.0,14.0,7.0,,,,0.0,0.0,,,4.0,,,,,,,,,,,,,,,,,,,,,,820.0,0.0,,,,,,,,,,,,
534,Carbonara Mushroom,Del Monte,25.0,g),30.0,,,4.0,,1.0,1.5,1.0,,,,,,,,1.0,,,,,,,,,,,,,,,,,,,,,,160.0,,,,,,,,,,,,,
535,Carbonara Topokki,Wonhae,1.0,porsi  (80 g),200.0,,,41.0,,4.0,2.0,1.5,,,,,,,,5.0,,,,,,,,,,,,,,,,,,,,,,590.0,,,,,,,,,,,,,
536,Carbonara with Mushrooms,San Remo,1.0,serving (96 g),114.0,,,10.4,,1.7,7.3,4.6,,,,23.0,,,,6.3,,,,,,,,,,,,,,,,,,,,,,439.0,,,,,,,,,,,,,
537,Carrot Noodle,Javara,100.0,g,380.0,,,83.0,,11.0,0.0,0.0,,,,0.0,7.0,,,6.0,,,,,,,,,,,,,,,,,,,,,,40.0,,,,,,,,,,,,,
538,Cashew & Cookies Milk Chocolate,Cadbury,1.0,porsi (30 g),170.0,,,15.0,,3.0,12.0,6.0,,,,5.0,3.0,,,15.0,,,,,,,,,,,,,,,,,,,,,,30.0,,,,,,,,,,,,,
539,Cashew Chocolate,Bella,2.0,pack (25 g),140.0,,,13.0,,2.0,9.0,8.0,,,,0.0,2.0,,,7.0,,,,,,,,,,,,,,,,,,,,,,25.0,,,,,,,,,,,,,
540,Cashew Nut,Campina,1.0,bungkus (90 ml),200.0,,,22.0,,2.0,12.0,9.0,,,,,,,,9.0,,,,,,,,,,,,,,,,,,,,,,35.0,,,,,,,,,,,,,
541,Cashew Nut,Bella,1.0,porsi (30 g),170.0,,,18.0,,1.0,10.0,4.5,,,,0.0,1.0,,,11.0,,,,,,,,,,,,,,,,,,,,,,70.0,,,,,,,,,,,,,
542,Cashew Nut Milk Chocolate,L'Agie,0.0,0,0.0,0.0,0.0,0.0,0.0,0.0,0.0,0.0,0.0,0.0,0.0,0.0,0.0,0.0,0.0,0.0,0.0,0.0,0.0,0.0,0.0,0.0,0.0,0.0,0.0,0.0,0.0,0.0,0.0,0.0,0.0,0.0,0.0,0.0,0.0,0.0,0.0,0.0,0.0,0.0,0.0,0.0,0.0,0.0,0.0,0.0,0.0,0.0,0.0,0.0,0.0
543,Cassava Chips,Oops,1.0,serving (20 g),110.0,,,13.0,,0.0,6.0,2.5,,,,,,,,1.0,,,,,,,,,,,,,,,,,,,,,,190.0,,,,,,,,,,,,,
544,Cassava Pasta Fusilli Singkong,Ladang Lima,100.0,g,390.0,,,80.0,,2.0,7.0,5.0,1.5,0.0,,0.0,11.0,,,0.0,,,,,,,,,,,,,,,,,,,,,,95.0,0.0,,,,,,,,,,,,
545,Cazva Keripik Singkong Sapi Panggang,Cem-Cem,1.0,porsi (20 g),100.0,,,14.0,,0.0,5.0,3.0,,,,,,,,1.0,,,,,,,,,,,,,,,,,,,,,,75.0,,,,,,,,,,,,,
546,Ceasar Salad Dressing,Kewpie,1.0,sendok (25 ml),80.0,,,2.0,,0.0,8.0,1.5,,,,,,,,1.0,,,,,,,,,,,,,,,,,,,,,,370.0,,,,,,,,,,,,,
547,Cedda Cheese Slice,Emina,1.0,slice (15 g),45.0,,,3.0,,1.0,3.5,2.0,,,,0.0,,,,,,,,,,,,,,,,,,,,,,,,,,160.0,,,,,,,,,,,,,
548,Celery Juice,Nakedpress,1.0,porsi (330 ml),70.0,,,13.0,,3.0,1.0,,,,,,,,,,,,,,,,,,,,,,,,,,,,,,,,,,,,,,,,,,,,
549,Cereal,Entrasol,30.0,g),130.0,,,23.0,,2.0,3.0,2.0,0.0,0.0,,0.0,1.0,,,9.0,,,,,,,,,,,,,,,,,,,,,,130.0,0.0,,,,,,,,,,,,
550,Cereal,Pharmanex,1.0,sachet  (40 g),170.0,,,22.0,,11.0,4.0,3.0,,,,20.0,,,,7.0,,,,,,,,,,,,,,,,,,,,,,210.0,,,,,,,,,,,,,
551,Cereal Drink Coklat,Quaker,1.0,porsi (28 g),110.0,,,21.0,,2.0,3.0,2.0,,,,0.0,1.0,,,12.0,,,,,,,,,,,,,,,,,,,,,,,,,,,,,,,,,,,
552,Cereal Drink Vanilla Flavor,Energen,1.0,bedak wangi (30 ml),130.0,,,24.0,,1.0,3.5,1.5,,,,0.0,1.0,,,18.0,,,,,,,,,,,,,,,,,,,,,,140.0,,,,,,,,,,,,,
553,Cereal Oat,Fitbreak,1.0,porsi (80 g),339.0,,,42.0,,9.0,14.0,,,,,,,,,,,,,,,,,,,,,,,,,,,,,,,,,,,,,,,,,,,,
554,Cerelac Beras Merah,Nestle,1.0,bungkus (20 g),90.0,,,15.0,,2.0,2.5,,,,,,1.0,,,3.0,,,,,,,,,,,,,,,,,,,,,,50.0,,,,,,,,,,,,,
555,Ceres Classic,Ceres,1.0,sendok teh (30 g),150.0,,,22.0,,1.0,6.0,4.0,,,,,,,,20.0,,,,,,,,,,,,,,,,,,,,,,5.0,,,,,,,,,,,,,
556,Ceri Beku,Buah,100.0,gram (g),46.0,,,11.02,,0.92,0.44,0.1,0.132,0.12,,0.0,1.6,,,9.02,,,,,,,,,,,,,,,,,,,,,,1.0,124.0,,,,,,,,,,,,
557,Ceri Manis,Buah,1.0,ceri,4.0,,,1.09,,0.07,0.01,0.003,0.004,0.003,,0.0,0.1,,,0.87,,,,,,,,,,,,,,,,,,,,,,0.0,15.0,,,,,,,,,,,,
558,Ceri Merah Asam,Buah,100.0,gram (g),50.0,,,12.18,,1.0,0.3,0.068,0.09,0.082,,0.0,1.6,,,8.49,,,,,,,,,,,,,,,,,,,,,,3.0,173.0,,,,,,,,,,,,
559,ChaCha Milk Chocolate,Delfi,1.0,porsi (20 ml),100.0,,,14.0,,1.0,4.0,2.5,,,,,,,,13.0,,,,,,,,,,,,,,,,,,,,,,15.0,,,,,,,,,,,,,
560,Chacha Minis,Delfi,1.0,porsi (20 g),100.0,,,15.0,,1.0,3.5,1.0,,,,,,,,14.0,,,,,,,,,,,,,,,,,,,,,,15.0,,,,,,,,,,,,,
561,Chacha Peanut Milk Chocolate,Delfi,1.0,butir (20 g),110.0,,,12.0,,2.0,6.0,2.0,,,,,,,,10.0,,,,,,,,,,,,,,,,,,,,,,5.0,,,,,,,,,,,,,
562,Chamallows,Haribo,1.0,porsi (30 g),110.0,,,24.0,,2.0,0.0,0.0,,,,,,,,21.0,,,,,,,,,,,,,,,,,,,,,,0.0,,,,,,,,,,,,,
563,Champion,Energen,1.0,bungkus (30 g),100.0,,,24.0,,2.0,3.5,3.0,,,,0.0,1.0,,,17.0,,,,,,,,,,,,,,,,,,,,,,85.0,,,,,,,,,,,,,
564,Chapatti,Kawan,0.0,0,0.0,0.0,0.0,0.0,0.0,0.0,0.0,0.0,0.0,0.0,0.0,0.0,0.0,0.0,0.0,0.0,0.0,0.0,0.0,0.0,0.0,0.0,0.0,0.0,0.0,0.0,0.0,0.0,0.0,0.0,0.0,0.0,0.0,0.0,0.0,0.0,0.0,0.0,0.0,0.0,0.0,0.0,0.0,0.0,0.0,0.0,0.0,0.0,0.0,0.0,0.0
565,Char Siu Sauce,Lee Kum Kee,0.0,0,0.0,0.0,0.0,0.0,0.0,0.0,0.0,0.0,0.0,0.0,0.0,0.0,0.0,0.0,0.0,0.0,0.0,0.0,0.0,0.0,0.0,0.0,0.0,0.0,0.0,0.0,0.0,0.0,0.0,0.0,0.0,0.0,0.0,0.0,0.0,0.0,0.0,0.0,0.0,0.0,0.0,0.0,0.0,0.0,0.0,0.0,0.0,0.0,0.0,0.0,0.0
566,Cheddar Premium,Wincheez,0.0,0,0.0,0.0,0.0,0.0,0.0,0.0,0.0,0.0,0.0,0.0,0.0,0.0,0.0,0.0,0.0,0.0,0.0,0.0,0.0,0.0,0.0,0.0,0.0,0.0,0.0,0.0,0.0,0.0,0.0,0.0,0.0,0.0,0.0,0.0,0.0,0.0,0.0,0.0,0.0,0.0,0.0,0.0,0.0,0.0,0.0,0.0,0.0,0.0,0.0,0.0,0.0
567,Cheers Cheese,Kaluli,0.0,0,0.0,0.0,0.0,0.0,0.0,0.0,0.0,0.0,0.0,0.0,0.0,0.0,0.0,0.0,0.0,0.0,0.0,0.0,0.0,0.0,0.0,0.0,0.0,0.0,0.0,0.0,0.0,0.0,0.0,0.0,0.0,0.0,0.0,0.0,0.0,0.0,0.0,0.0,0.0,0.0,0.0,0.0,0.0,0.0,0.0,0.0,0.0,0.0,0.0,0.0,0.0
568,Cheese Bolognese,La Pasta,1.0,porsi (59 g),230.0,,,39.0,,7.0,5.0,,,,,,5.0,,,11.0,,,,,,,,,,,,,,,,,,,,,,750.0,190.0,,,,,,,,,,,,
569,Cheese Cocktail,Hanzel,0.0,0,0.0,0.0,0.0,0.0,0.0,0.0,0.0,0.0,0.0,0.0,0.0,0.0,0.0,0.0,0.0,0.0,0.0,0.0,0.0,0.0,0.0,0.0,0.0,0.0,0.0,0.0,0.0,0.0,0.0,0.0,0.0,0.0,0.0,0.0,0.0,0.0,0.0,0.0,0.0,0.0,0.0,0.0,0.0,0.0,0.0,0.0,0.0,0.0,0.0,0.0,0.0
570,Cheese Crackers,Julie's,1.0,(25 g),120.0,,,17.0,,2.0,5.0,3.0,,,,,,,,2.0,,,,,,,,,,,,,,,,,,,,,,90.0,,,,,,,,,,,,,
571,Cheese Long Wafer,Tango,1.0,porsi (20 g),100.0,,,15.0,,1.0,3.5,2.0,,,,,1.0,,,6.0,,,,,,,,,,,,,,,,,,,,,,90.0,40.0,,,,,,,,,,,,
572,Cheese Pie,Yamazaki,0.0,0,0.0,0.0,0.0,0.0,0.0,0.0,0.0,0.0,0.0,0.0,0.0,0.0,0.0,0.0,0.0,0.0,0.0,0.0,0.0,0.0,0.0,0.0,0.0,0.0,0.0,0.0,0.0,0.0,0.0,0.0,0.0,0.0,0.0,0.0,0.0,0.0,0.0,0.0,0.0,0.0,0.0,0.0,0.0,0.0,0.0,0.0,0.0,0.0,0.0,0.0,0.0
573,Cheese Puffs,Alamii,1.0,takaran saji (13 g),70.0,,,8.0,,1.0,3.5,0.0,,,,0.0,,,,1.0,,,,,,,,,,,,,,,,,,,,,,70.0,,,,,,,,,,,,,
574,Cheese Ramyun,Wonhae,1.0,bungkus (120 g),480.0,,,75.0,,9.0,15.0,7.5,,,,1100.0,,,,1.0,,,,,,,,,,,,,,,,,,,,,,,,,,,,,,,,,,,
575,Cheese Roll,Kartika Sari,100.0,g,305.0,,,47.94,,9.22,8.59,,,,,6.0,2.8,,,2.52,,,,,,,,,,,,,,,,,,,,,,526.0,131.0,,,,,,,,,,,,
576,Cheese Sandwich,Julie's,0.0,0,0.0,0.0,0.0,0.0,0.0,0.0,0.0,0.0,0.0,0.0,0.0,0.0,0.0,0.0,0.0,0.0,0.0,0.0,0.0,0.0,0.0,0.0,0.0,0.0,0.0,0.0,0.0,0.0,0.0,0.0,0.0,0.0,0.0,0.0,0.0,0.0,0.0,0.0,0.0,0.0,0.0,0.0,0.0,0.0,0.0,0.0,0.0,0.0,0.0,0.0,0.0
577,Cheese Sourdough Cracker,Namaste Organic,1.0,porsi (25 g),126.0,,,14.0,,3.0,6.0,,,,,,,,,,,,,,,,,,,,,,,,,,,,,,,,,,,,,,,,,,,,
578,Cheese Stick,Emina,1.0,takaran saji (24 g),70.0,,,5.0,,2.0,4.5,2.5,,,,4.0,,,,0.0,,,,,,,,,,,,,,,,,,,,,,230.0,,,,,,,,,,,,,
579,Cheese Stick BBQ,Emina,1.0,porsi (12 g),35.0,,,2.0,,2.0,2.5,1.5,,,,4.0,,,,,,,,,,,,,,,,,,,,,,,,,,170.0,,,,,,,,,,,,,
580,Cheese Stick Coklat,Emina,1.0,porsi (24 g),80.0,,,7.0,,3.0,4.0,2.5,,,,10.0,,,,1.0,,,,,,,,,,,,,,,,,,,,,,190.0,,,,,,,,,,,,,
581,Cheese Stick Rasa Pizza,Emina,1.0,porsi (24 g),70.0,,,5.0,,2.0,5.0,3.0,,,,5.0,,,,0.0,,,,,,,,,,,,,,,,,,,,,,260.0,,,,,,,,,,,,,
582,Cheese Wafer,Nabati,0.0,0,0.0,0.0,0.0,0.0,0.0,0.0,0.0,0.0,0.0,0.0,0.0,0.0,0.0,0.0,0.0,0.0,0.0,0.0,0.0,0.0,0.0,0.0,0.0,0.0,0.0,0.0,0.0,0.0,0.0,0.0,0.0,0.0,0.0,0.0,0.0,0.0,0.0,0.0,0.0,0.0,0.0,0.0,0.0,0.0,0.0,0.0,0.0,0.0,0.0,0.0,0.0
583,Cheesecake Milk,Wonhae,1.0,(250 ml),190.0,,,30.0,,6.0,5.0,3.5,,,,,,,,24.0,,,,,,,,,,,,,,,,,,,,,,250.0,,,,,,,,,,,,,
584,Cheesecake Pie Strawberry Cheesecake,Nextar,0.0,0,0.0,0.0,0.0,0.0,0.0,0.0,0.0,0.0,0.0,0.0,0.0,0.0,0.0,0.0,0.0,0.0,0.0,0.0,0.0,0.0,0.0,0.0,0.0,0.0,0.0,0.0,0.0,0.0,0.0,0.0,0.0,0.0,0.0,0.0,0.0,0.0,0.0,0.0,0.0,0.0,0.0,0.0,0.0,0.0,0.0,0.0,0.0,0.0,0.0,0.0,0.0
585,Cheesethins,Ladang Lima,1.0,porsi (20 g),100.0,,,11.0,,3.0,4.0,3.0,2.0,,,5.0,2.0,,,1.0,,,,,,,,,,,,,,,,,,,,,,210.0,,,,,,,,,,,,,
586,Cheesy Cookies,The Harvest,1.0,sajian (50 g),290.0,,,23.0,,4.0,21.0,15.0,,,,2.0,2.0,,,1.0,,,,,,,,,,,,,,,,,,,,,,220.0,,,,,,,,,,,,,
587,Cheesy Pizza Flavor,Lay's,0.0,0,0.0,0.0,0.0,0.0,0.0,0.0,0.0,0.0,0.0,0.0,0.0,0.0,0.0,0.0,0.0,0.0,0.0,0.0,0.0,0.0,0.0,0.0,0.0,0.0,0.0,0.0,0.0,0.0,0.0,0.0,0.0,0.0,0.0,0.0,0.0,0.0,0.0,0.0,0.0,0.0,0.0,0.0,0.0,0.0,0.0,0.0,0.0,0.0,0.0,0.0,0.0
588,Cheesy Tomato Puffs,Alamii,1.0,takaran saji (13 g),70.0,,,8.0,,1.0,3.5,0.0,,,,0.0,,,,1.0,,,,,,,,,,,,,,,,,,,,,,45.0,,,,,,,,,,,,,
589,Cheez Dippers,The Laughing Cow,1.0,porsi (35 g),92.0,,,8.9,,3.7,4.6,2.6,,,,,0.4,,,1.9,,,,,,,,,,,,,,,,,,,,,,175.0,,,,,,,,,,,,,
590,Chestnut,Quick Fresh,1.0,porsi (25 g),45.0,,,10.0,,1.0,0.0,,,,,,,,,1.0,,,,,,,,,,,,,,,,,,,,,,0.0,,,,,,,,,,,,,
591,Chia Pudding,Nakedpress,0.0,0,0.0,0.0,0.0,0.0,0.0,0.0,0.0,0.0,0.0,0.0,0.0,0.0,0.0,0.0,0.0,0.0,0.0,0.0,0.0,0.0,0.0,0.0,0.0,0.0,0.0,0.0,0.0,0.0,0.0,0.0,0.0,0.0,0.0,0.0,0.0,0.0,0.0,0.0,0.0,0.0,0.0,0.0,0.0,0.0,0.0,0.0,0.0,0.0,0.0,0.0,0.0
592,Chia Seed,Quick Fresh,1.0,sendok makan (15 g),80.0,,,5.0,,3.0,6.0,1.5,,,,,,,,0.0,,,,,,,,,,,,,,,,,,,,,,5.0,,,,,,,,,,,,,
593,Chia Seed,Safiya,1.0,sendok makan (15 g),73.0,,,6.0,,2.5,4.5,0.5,0.0,0.0,,0.0,6.0,,,0.0,,,,,,,,,,,,,,,,,,,,,,3.0,3.0,,,,,,,,,,,,
594,Chic Choc Biscuit,Delfi,1.0,porsi (30 ml),150.0,,,21.0,,2.0,7.0,4.5,,,,,,,,12.0,,,,,,,,,,,,,,,,,,,,,,65.0,,,,,,,,,,,,,
595,Chicken BBQ,Daily Intake,1.0,porsi (130 g),150.0,,,7.9,,24.9,2.0,,,,,,0.0,,,,,,,,,,,,,,,,,,,,,,,,,,,,,,,,,,,,,,
596,Chicken Ball,Champ,100.0,g,160.0,,,12.0,,9.0,8.0,3.5,,,,,,,,0.0,,,,,,,,,,,,,,,,,,,,,,820.0,,,,,,,,,,,,,
597,Chicken Bbq Almond Wrap,Salad Point,0.0,0,0.0,0.0,0.0,0.0,0.0,0.0,0.0,0.0,0.0,0.0,0.0,0.0,0.0,0.0,0.0,0.0,0.0,0.0,0.0,0.0,0.0,0.0,0.0,0.0,0.0,0.0,0.0,0.0,0.0,0.0,0.0,0.0,0.0,0.0,0.0,0.0,0.0,0.0,0.0,0.0,0.0,0.0,0.0,0.0,0.0,0.0,0.0,0.0,0.0,0.0,0.0
598,Chicken Bbq Crunchy Toast,Easy Peasy,1.0,porsi,428.0,,,45.9,,25.0,15.2,,,,,,,,,,,,,,,,,,,,,,,,,,,,,,,,,,,,,,,,,,,,
599,Chicken Cordon Bleu,Kanzler,1.0,buah (150 g),340.0,,,25.0,,22.0,17.0,8.0,,,,,,,,6.0,,,,,,,,,,,,,,,,,,,,,,1030.0,,,,,,,,,,,,,
600,Chicken Crust Pizza,Mad About Protein,0.0,0,0.0,0.0,0.0,0.0,0.0,0.0,0.0,0.0,0.0,0.0,0.0,0.0,0.0,0.0,0.0,0.0,0.0,0.0,0.0,0.0,0.0,0.0,0.0,0.0,0.0,0.0,0.0,0.0,0.0,0.0,0.0,0.0,0.0,0.0,0.0,0.0,0.0,0.0,0.0,0.0,0.0,0.0,0.0,0.0,0.0,0.0,0.0,0.0,0.0,0.0,0.0
601,Chicken Fillet,Hato,2.0,pcs (80 g),190.0,,,11.0,,13.0,10.0,,,,,35.0,,,,,,,,,,,,,,,,,,,,,,,,,,370.0,,,,,,,,,,,,,
602,Chicken Herbs,Healthi,0.0,0,0.0,0.0,0.0,0.0,0.0,0.0,0.0,0.0,0.0,0.0,0.0,0.0,0.0,0.0,0.0,0.0,0.0,0.0,0.0,0.0,0.0,0.0,0.0,0.0,0.0,0.0,0.0,0.0,0.0,0.0,0.0,0.0,0.0,0.0,0.0,0.0,0.0,0.0,0.0,0.0,0.0,0.0,0.0,0.0,0.0,0.0,0.0,0.0,0.0,0.0,0.0
603,Chicken Honey Mustard,Daily Intake,1.0,porsi (130 g),181.0,,,7.7,,26.0,5.1,,,,,,,,,,,,,,,,,,,,,,,,,,,,,,,,,,,,,,,,,,,,
604,Chicken Italian,Healthi,0.0,0,0.0,0.0,0.0,0.0,0.0,0.0,0.0,0.0,0.0,0.0,0.0,0.0,0.0,0.0,0.0,0.0,0.0,0.0,0.0,0.0,0.0,0.0,0.0,0.0,0.0,0.0,0.0,0.0,0.0,0.0,0.0,0.0,0.0,0.0,0.0,0.0,0.0,0.0,0.0,0.0,0.0,0.0,0.0,0.0,0.0,0.0,0.0,0.0,0.0,0.0,0.0
605,Chicken Karaage,Belfoods,2.0,buah (84 g),260.0,,,20.0,,14.0,14.0,,,,,40.0,,,,,,,,,,,,,,,,,,,,,,,,,,630.0,,,,,,,,,,,,,
606,Chicken Karage,Lezza,0.0,0,0.0,0.0,0.0,0.0,0.0,0.0,0.0,0.0,0.0,0.0,0.0,0.0,0.0,0.0,0.0,0.0,0.0,0.0,0.0,0.0,0.0,0.0,0.0,0.0,0.0,0.0,0.0,0.0,0.0,0.0,0.0,0.0,0.0,0.0,0.0,0.0,0.0,0.0,0.0,0.0,0.0,0.0,0.0,0.0,0.0,0.0,0.0,0.0,0.0,0.0,0.0
607,Chicken Karage,Mabell,0.0,0,0.0,0.0,0.0,0.0,0.0,0.0,0.0,0.0,0.0,0.0,0.0,0.0,0.0,0.0,0.0,0.0,0.0,0.0,0.0,0.0,0.0,0.0,0.0,0.0,0.0,0.0,0.0,0.0,0.0,0.0,0.0,0.0,0.0,0.0,0.0,0.0,0.0,0.0,0.0,0.0,0.0,0.0,0.0,0.0,0.0,0.0,0.0,0.0,0.0,0.0,0.0
608,Chicken Karage,Hato,0.0,0,0.0,0.0,0.0,0.0,0.0,0.0,0.0,0.0,0.0,0.0,0.0,0.0,0.0,0.0,0.0,0.0,0.0,0.0,0.0,0.0,0.0,0.0,0.0,0.0,0.0,0.0,0.0,0.0,0.0,0.0,0.0,0.0,0.0,0.0,0.0,0.0,0.0,0.0,0.0,0.0,0.0,0.0,0.0,0.0,0.0,0.0,0.0,0.0,0.0,0.0,0.0
609,Chicken Katsu,Fiesta,100.0,g,240.0,,,20.0,,12.0,12.0,6.0,,,,,,,,2.0,,,,,,,,,,,,,,,,,,,,,,610.0,,,,,,,,,,,,,
610,Chicken Katsu,Lezza,0.0,0,0.0,0.0,0.0,0.0,0.0,0.0,0.0,0.0,0.0,0.0,0.0,0.0,0.0,0.0,0.0,0.0,0.0,0.0,0.0,0.0,0.0,0.0,0.0,0.0,0.0,0.0,0.0,0.0,0.0,0.0,0.0,0.0,0.0,0.0,0.0,0.0,0.0,0.0,0.0,0.0,0.0,0.0,0.0,0.0,0.0,0.0,0.0,0.0,0.0,0.0,0.0
611,Chicken Katsu Cheese with Furikake Rice + Garlic Edamame,Yellow Fit Kitchen,1.0,serving,543.0,,,68.0,,34.0,15.0,,,,,,6.0,,,,,,,,,,,,,,,,,,,,,,,,,,,,,,,,,,,,,,
612,Chicken Katsu Curry Ramen,Healthy Go,1.0,serving,487.0,,,46.0,,37.0,17.0,,,,,,,,,,,,,,,,,,,,,,,,,,,,,,,,,,,,,,,,,,,,
613,Chicken Macaroni Soup,La Fonte,0.0,0,0.0,0.0,0.0,0.0,0.0,0.0,0.0,0.0,0.0,0.0,0.0,0.0,0.0,0.0,0.0,0.0,0.0,0.0,0.0,0.0,0.0,0.0,0.0,0.0,0.0,0.0,0.0,0.0,0.0,0.0,0.0,0.0,0.0,0.0,0.0,0.0,0.0,0.0,0.0,0.0,0.0,0.0,0.0,0.0,0.0,0.0,0.0,0.0,0.0,0.0,0.0
614,Chicken Meatball,Belfoods,1.0,porsi (50 g),60.0,,,3.0,,7.0,2.0,,,,,,,,,,,,,,,,,,,,,,,,,,,,,,,270.0,,,,,,,,,,,,,
615,Chicken Mozaru,Zenbu,1.0,porsi,993.0,,,74.0,,39.0,60.0,,,,,,,,,,,,,,,,,,,,,,,,,,,,,,,,,,,,,,,,,,,,
616,Chicken Mushroom Puffs,Alamii,1.0,porsi (13 g),70.0,,,8.0,,1.0,3.5,0.0,,,,,0.0,,,1.0,,,,,,,,,,,,,,,,,,,,,,55.0,,,,,,,,,,,,,
617,Chicken Nugget,Umia-Mi,5.0,biji (63 g),120.0,,,17.0,,9.0,2.0,1.0,,,,5.0,1.0,,,1.0,,,,,,,,,,,,,,,,,,,,,,440.0,,,,,,,,,,,,,
618,Chicken Nugget,Salam,1.0,porsi  (50 g),70.0,,,8.0,,8.0,1.5,,,,,10.0,,,,1.0,,,,,,,,,,,,,,,,,,,,,,220.0,,,,,,,,,,,,,
619,Chicken Nugget,Richeese,100.0,g,200.0,,,17.0,,18.0,6.0,3.0,,,,25.0,,,,0.0,,,,,,,,,,,,,,,,,,,,,,550.0,,,,,,,,,,,,,
620,Chicken Nugget,Ngetop,100.0,g,400.0,,,27.0,,8.0,29.0,,,,,,,,,,,,,,,,,,,,,,,,,,,,,,,,,,,,,,,,,,,,
621,Chicken Nugget,Makanan Cepat Saji,1.0,nugget,48.0,,,2.61,,2.49,3.01,0.644,0.851,1.276,,9.0,0.1,,,0.14,,,,,,,,,,,,,,,,,,,,,,92.0,42.0,,,,,,,,,,,,
622,Chicken Nugget,Mabell,0.0,0,0.0,0.0,0.0,0.0,0.0,0.0,0.0,0.0,0.0,0.0,0.0,0.0,0.0,0.0,0.0,0.0,0.0,0.0,0.0,0.0,0.0,0.0,0.0,0.0,0.0,0.0,0.0,0.0,0.0,0.0,0.0,0.0,0.0,0.0,0.0,0.0,0.0,0.0,0.0,0.0,0.0,0.0,0.0,0.0,0.0,0.0,0.0,0.0,0.0,0.0,0.0
623,Chicken Nugget,Lezza,0.0,0,0.0,0.0,0.0,0.0,0.0,0.0,0.0,0.0,0.0,0.0,0.0,0.0,0.0,0.0,0.0,0.0,0.0,0.0,0.0,0.0,0.0,0.0,0.0,0.0,0.0,0.0,0.0,0.0,0.0,0.0,0.0,0.0,0.0,0.0,0.0,0.0,0.0,0.0,0.0,0.0,0.0,0.0,0.0,0.0,0.0,0.0,0.0,0.0,0.0,0.0,0.0
624,Chicken Nugget,Jofrans,0.0,0,0.0,0.0,0.0,0.0,0.0,0.0,0.0,0.0,0.0,0.0,0.0,0.0,0.0,0.0,0.0,0.0,0.0,0.0,0.0,0.0,0.0,0.0,0.0,0.0,0.0,0.0,0.0,0.0,0.0,0.0,0.0,0.0,0.0,0.0,0.0,0.0,0.0,0.0,0.0,0.0,0.0,0.0,0.0,0.0,0.0,0.0,0.0,0.0,0.0,0.0,0.0
625,Chicken Nugget,Fiesta,100.0,g,250.0,,,11.0,,18.0,15.0,6.0,,,,0.0,,,,1.0,,,,,,,,,,,,,,,,,,,,,,680.0,,,,,,,,,,,,,
626,Chicken Nugget,Champ,100.0,g,250.0,,,22.0,,10.0,14.0,6.0,,,,,,,,0.0,,,,,,,,,,,,,,,,,,,,,,720.0,,,,,,,,,,,,,
627,Chicken Nugget,Belfoods,1.0,porsi (100 g),230.0,,,21.0,,14.0,10.0,4.5,,,,5.0,4.0,,,0.0,,,,,,,,,,,,,,,,,,,,,,530.0,,,,,,,,,,,,,
628,Chicken Nugget,BARTOZ,1.0,serving (50 g),140.0,,,16.0,,7.0,5.0,2.5,,,,0.0,,,,0.0,,,,,,,,,,,,,,,,,,,,,,125.0,,,,,,,,,,,,,
629,Chicken Nugget,Akumo,100.0,g,250.0,,,25.0,,11.0,13.0,6.0,,,,,,,,0.0,,,,,,,,,,,,,,,,,,,,,,690.0,,,,,,,,,,,,,
630,Chicken Nugget,Kanzler,3.0,potong (57 g),160.0,,,8.0,,8.0,11.0,5.0,,,,,,,,,,,,,,,,,,,,,,,,,,,,,,270.0,,,,,,,,,,,,,
631,Chicken Nugget Crunchy,Belfoods,100.0,g,310.0,,,20.0,,12.0,19.0,7.0,,,,5.0,4.0,,,0.0,,,,,,,,,,,,,,,,,,,,,,490.0,,,,,,,,,,,,,
632,Chicken Nugget Flying Chicken,Richeese,100.0,g,220.0,,,19.0,,18.0,8.0,4.0,,,,20.0,,,,0.0,,,,,,,,,,,,,,,,,,,,,,690.0,,,,,,,,,,,,,
633,Chicken Nugget with Sausage,Champ,5.0,potong (100 g),220.0,,,17.0,,16.0,10.0,,,,,,,,,0.0,,,,,,,,,,,,,,,,,,,,,,270.0,,,,,,,,,,,,,
634,Chicken Nuggets,Viva Dahlia,2.0,buah (40 g),110.0,,,4.0,,6.0,8.0,3.5,,,,15.0,2.0,,,0.0,,,,,,,,,,,,,,,,,,,,,,230.0,,,,,,,,,,,,,
635,Chicken Original,Healthi,0.0,0,0.0,0.0,0.0,0.0,0.0,0.0,0.0,0.0,0.0,0.0,0.0,0.0,0.0,0.0,0.0,0.0,0.0,0.0,0.0,0.0,0.0,0.0,0.0,0.0,0.0,0.0,0.0,0.0,0.0,0.0,0.0,0.0,0.0,0.0,0.0,0.0,0.0,0.0,0.0,0.0,0.0,0.0,0.0,0.0,0.0,0.0,0.0,0.0,0.0,0.0,0.0
636,Chicken Pok Pok,Lezza,0.0,0,0.0,0.0,0.0,0.0,0.0,0.0,0.0,0.0,0.0,0.0,0.0,0.0,0.0,0.0,0.0,0.0,0.0,0.0,0.0,0.0,0.0,0.0,0.0,0.0,0.0,0.0,0.0,0.0,0.0,0.0,0.0,0.0,0.0,0.0,0.0,0.0,0.0,0.0,0.0,0.0,0.0,0.0,0.0,0.0,0.0,0.0,0.0,0.0,0.0,0.0,0.0
637,Chicken Popcorn,Belfoods,4.0,buah (80 g),220.0,,,23.0,,12.0,9.0,,,,,15.0,4.0,,,1.0,,,,,,,,,,,,,,,,,,,,,,450.0,,,,,,,,,,,,,
638,Chicken Popcorn,Hato,0.0,0,0.0,0.0,0.0,0.0,0.0,0.0,0.0,0.0,0.0,0.0,0.0,0.0,0.0,0.0,0.0,0.0,0.0,0.0,0.0,0.0,0.0,0.0,0.0,0.0,0.0,0.0,0.0,0.0,0.0,0.0,0.0,0.0,0.0,0.0,0.0,0.0,0.0,0.0,0.0,0.0,0.0,0.0,0.0,0.0,0.0,0.0,0.0,0.0,0.0,0.0,0.0
639,Chicken Rendang,Healthi,1.0,porsi (200 g),399.0,,,4.0,,55.0,21.0,,,,,,,,,,,,,,,,,,,,,,,,,,,,,,,,,,,,,,,,,,,,
640,Chicken Sausage,Champ,1.0,buah (25 g),45.0,,,2.0,,3.0,3.0,1.0,,,,,,,,0.0,,,,,,,,,,,,,,,,,,,,,,170.0,105.0,,,,,,,,,,,,
641,Chicken Spicy,Healthi,1.0,serving (160 g),210.0,,,9.0,,33.0,5.0,1.0,,,,,,,,,,,,,,,,,,,,,,,,,,,,,,580.0,,,,,,,,,,,,,
642,Chicken Stick,Champ,100.0,g,330.0,,,29.0,,12.0,18.0,,,,,,,,,3.0,,,,,,,,,,,,,,,,,,,,,,710.0,,,,,,,,,,,,,
643,Chicken Tartar Crunchy Toast,Easy Peasy,1.0,serving,500.0,,,42.3,,24.7,23.4,,,,,,,,,,,,,,,,,,,,,,,,,,,,,,,,,,,,,,,,,,,,
644,Chicken Teppanyaki,Zenbu,1.0,porsi,786.0,,,33.0,,50.0,62.0,,,,,,,,,,,,,,,,,,,,,,,,,,,,,,,,,,,,,,,,,,,,
645,Chicken Teriyaki,Daily Intake,1.0,porsi (130 g),150.0,,,4.6,,29.4,1.5,,,,,,,,,,,,,,,,,,,,,,,,,,,,,,,,,,,,,,,,,,,,
646,Chicken Teriyaki Sandwich,Easy Peasy,1.0,serving,331.0,,,54.4,,21.4,2.9,,,,,,,,,,,,,,,,,,,,,,,,,,,,,,,,,,,,,,,,,,,,
647,Chicken Truffle Dry Ramen + Boiled Egg and Corn,Yellow Fit Kitchen,1.0,serving,519.0,,,63.0,,33.0,15.0,,,,,,6.0,,,,,,,,,,,,,,,,,,,,,,,,,,,,,,,,,,,,,,
648,Chicken Vegetable Soup,Campbell's,1.0,1 kaleng (305 g),200.0,,,37.0,,7.5,2.5,1.25,,,,12.0,5.0,,,7.5,,,,,,,,,,,,,,,,,,,,,,2250.0,,,,,,,,,,,,,
649,Chicken Wings Hot & Spicy,Lezza,0.0,0,0.0,0.0,0.0,0.0,0.0,0.0,0.0,0.0,0.0,0.0,0.0,0.0,0.0,0.0,0.0,0.0,0.0,0.0,0.0,0.0,0.0,0.0,0.0,0.0,0.0,0.0,0.0,0.0,0.0,0.0,0.0,0.0,0.0,0.0,0.0,0.0,0.0,0.0,0.0,0.0,0.0,0.0,0.0,0.0,0.0,0.0,0.0,0.0,0.0,0.0,0.0
650,Chicken Wrap Korean Spicy,Salad Point,0.0,0,0.0,0.0,0.0,0.0,0.0,0.0,0.0,0.0,0.0,0.0,0.0,0.0,0.0,0.0,0.0,0.0,0.0,0.0,0.0,0.0,0.0,0.0,0.0,0.0,0.0,0.0,0.0,0.0,0.0,0.0,0.0,0.0,0.0,0.0,0.0,0.0,0.0,0.0,0.0,0.0,0.0,0.0,0.0,0.0,0.0,0.0,0.0,0.0,0.0,0.0,0.0
651,Chickpea Cakes,Lestello,1.0,porsi (40 g),150.0,,,30.0,,5.0,1.0,0.0,0.0,0.0,,0.0,3.0,,,1.0,,,,,,,,,,,,,,,,,,,,,,116.0,0.0,,,,,,,,,,,,
652,Chikuwa,Cedea,1.0,piece (12 g),15.0,,,3.0,,1.0,0.0,0.0,,,,0.0,0.0,,,0.0,,,,,,,,,,,,,,,,,,,,,,110.0,0.0,,,,,,,,,,,,
653,Chikuwa,Edo,1.0,porsi (12 g),15.0,,,3.0,,1.0,0.0,,,,,,,,,,,,,,,,,,,,,,,,,,,,,,,105.0,,,,,,,,,,,,,
654,Chili Lime Cashew Snack,East Bali Cashews,1.0,porsi (30 g),180.0,,,12.0,,4.0,13.0,6.0,0.0,,,0.0,4.0,,,4.0,,,,,,,,,,,,,,,,,,,,,,125.0,,,,,,,,,,,,,
655,Chili Sauce,Del Monte,1.0,sachet (8 g),10.0,,,2.0,,0.0,0.0,,,,,0.0,,,,1.0,,,,,,,,,,,,,,,,,,,,,,170.0,,,,,,,,,,,,,
656,Chimi Keripik Jamur,Lemonilo,0.0,0,0.0,0.0,0.0,0.0,0.0,0.0,0.0,0.0,0.0,0.0,0.0,0.0,0.0,0.0,0.0,0.0,0.0,0.0,0.0,0.0,0.0,0.0,0.0,0.0,0.0,0.0,0.0,0.0,0.0,0.0,0.0,0.0,0.0,0.0,0.0,0.0,0.0,0.0,0.0,0.0,0.0,0.0,0.0,0.0,0.0,0.0,0.0,0.0,0.0,0.0,0.0
657,Chimi Keripik Tempe,Lemonilo,0.0,0,0.0,0.0,0.0,0.0,0.0,0.0,0.0,0.0,0.0,0.0,0.0,0.0,0.0,0.0,0.0,0.0,0.0,0.0,0.0,0.0,0.0,0.0,0.0,0.0,0.0,0.0,0.0,0.0,0.0,0.0,0.0,0.0,0.0,0.0,0.0,0.0,0.0,0.0,0.0,0.0,0.0,0.0,0.0,0.0,0.0,0.0,0.0,0.0,0.0,0.0,0.0
658,Chimi Keripik Ubi,Lemonilo,0.0,0,0.0,0.0,0.0,0.0,0.0,0.0,0.0,0.0,0.0,0.0,0.0,0.0,0.0,0.0,0.0,0.0,0.0,0.0,0.0,0.0,0.0,0.0,0.0,0.0,0.0,0.0,0.0,0.0,0.0,0.0,0.0,0.0,0.0,0.0,0.0,0.0,0.0,0.0,0.0,0.0,0.0,0.0,0.0,0.0,0.0,0.0,0.0,0.0,0.0,0.0,0.0
659,Chimi Keripik Ubi Cheese Burger,Lemonilo,1.0,porsi (20 g),110.0,,,12.0,,0.0,7.0,3.0,,,,,3.0,,,2.0,,,,,,,,,,,,,,,,,,,,,,50.0,,,,,,,,,,,,,
660,Chimi Keripik Ubi Jagung Bakar,Lemonilo,0.0,0,0.0,0.0,0.0,0.0,0.0,0.0,0.0,0.0,0.0,0.0,0.0,0.0,0.0,0.0,0.0,0.0,0.0,0.0,0.0,0.0,0.0,0.0,0.0,0.0,0.0,0.0,0.0,0.0,0.0,0.0,0.0,0.0,0.0,0.0,0.0,0.0,0.0,0.0,0.0,0.0,0.0,0.0,0.0,0.0,0.0,0.0,0.0,0.0,0.0,0.0,0.0
661,Chimi Keripik Ubi Karamel Mentega,Lemonilo,0.0,0,0.0,0.0,0.0,0.0,0.0,0.0,0.0,0.0,0.0,0.0,0.0,0.0,0.0,0.0,0.0,0.0,0.0,0.0,0.0,0.0,0.0,0.0,0.0,0.0,0.0,0.0,0.0,0.0,0.0,0.0,0.0,0.0,0.0,0.0,0.0,0.0,0.0,0.0,0.0,0.0,0.0,0.0,0.0,0.0,0.0,0.0,0.0,0.0,0.0,0.0,0.0
662,Ching Ku,Adem Sari,100.0,ml,40.0,,,10.0,,0.0,0.0,0.0,,,,0.0,0.4,,,8.0,,,,,,,,,,,,,,,,,,,,,,,,,,,,,,,,,,,
663,Ching Ku (320ml),Adem Sari,1.0,kaleng (320 ml),90.0,,,21.0,,0.0,0.0,0.0,,,,0.0,0.0,,,18.0,,,,,,,,,,,,,,,,,,,,,,125.0,0.0,,,,,,,,,,,,
664,Ching Ku Herbal Tea,Adem Sari,1.0,kaleng (320 ml),120.0,,,29.0,,0.0,0.0,0.0,,,,,,,,22.0,,,,,,,,,,,,,,,,,,,,,,125.0,,,,,,,,,,,,,
665,Chip Choco,Julie's,1.0,porsi (26 g),130.0,,,18.0,,2.0,6.0,3.0,,,,,1.0,,,7.0,,,,,,,,,,,,,,,,,,,,,,90.0,,,,,,,,,,,,,
666,Chiu Chow Style Chili Oil,Lee Kum Kee,1.0,tsp (5 g),35.0,,,0.0,,0.0,4.0,0.5,,,,,,,,,,,,,,,,,,,,,,,,,,,,,,140.0,,,,,,,,,,,,,
667,Chiz Tea Roasted Cheese Milk Tea,Ichitan,0.0,0,0.0,0.0,0.0,0.0,0.0,0.0,0.0,0.0,0.0,0.0,0.0,0.0,0.0,0.0,0.0,0.0,0.0,0.0,0.0,0.0,0.0,0.0,0.0,0.0,0.0,0.0,0.0,0.0,0.0,0.0,0.0,0.0,0.0,0.0,0.0,0.0,0.0,0.0,0.0,0.0,0.0,0.0,0.0,0.0,0.0,0.0,0.0,0.0,0.0,0.0,0.0
668,Chizu,Dear Butter,100.0,g,280.0,,,42.0,,7.0,10.0,,,,,,,,,15.0,,,,,,,,,,,,,,,,,,,,,,,,,,,,,,,,,,,
669,Chlorophyll Green,Acaii Tea,1.0,botol (500 ml),0.0,,,0.0,,0.0,0.0,,,,,,,,,,,,,,,,,,,,,,,,,,,,,,,,,,,,,,,,,,,,
670,Choco Bagelen Sourdough,Namaste Organic,0.0,0,0.0,0.0,0.0,0.0,0.0,0.0,0.0,0.0,0.0,0.0,0.0,0.0,0.0,0.0,0.0,0.0,0.0,0.0,0.0,0.0,0.0,0.0,0.0,0.0,0.0,0.0,0.0,0.0,0.0,0.0,0.0,0.0,0.0,0.0,0.0,0.0,0.0,0.0,0.0,0.0,0.0,0.0,0.0,0.0,0.0,0.0,0.0,0.0,0.0,0.0,0.0
"671,Choco Banana,Oatbits,3.0,""keping (16,5 g)"",80.0,,,11.0,,1.0,3.5,2.0,,,,0.0,1.0,,,4.0,,,,,,,,,,,,,,,,,,,,,,65.0,,,,,,,,,,,,,"
672,Choco Banana,Pocky,1.0,bungkus (42 g),200.0,,,29.0,,3.0,8.0,7.0,,,,0.0,0.0,,,14.0,,,,,,,,,,,,,,,,,,,,,,60.0,0.0,,,,,,,,,,,,
673,Choco Berry,Joyday,1.0,sajian (40 g),45.0,,,8.0,,1.0,1.5,0.5,,,,,,,,7.0,,,,,,,,,,,,,,,,,,,,,,25.0,,,,,,,,,,,,,
674,Choco Bits,Energen,1.0,bungkus (20 ml),100.0,,,13.0,,2.0,4.0,3.0,,,,0.0,0.0,,,7.0,,,,,,,,,,,,,,,,,,,,,,25.0,0.0,,,,,,,,,,,,
675,Choco Boom,Zee,1.0,sachet (27 g),110.0,,,23.0,,1.0,2.0,1.5,,,,0.0,1.0,,,19.0,,,,,,,,,,,,,,,,,,,,,,105.0,,,,,,,,,,,,,
676,Choco Brownies,Nextar,0.0,0,0.0,0.0,0.0,0.0,0.0,0.0,0.0,0.0,0.0,0.0,0.0,0.0,0.0,0.0,0.0,0.0,0.0,0.0,0.0,0.0,0.0,0.0,0.0,0.0,0.0,0.0,0.0,0.0,0.0,0.0,0.0,0.0,0.0,0.0,0.0,0.0,0.0,0.0,0.0,0.0,0.0,0.0,0.0,0.0,0.0,0.0,0.0,0.0,0.0,0.0,0.0
677,Choco Cashew Spread,Bella,1.0,porsi (30 g),170.0,,,17.0,,1.0,11.0,4.5,,,,0.0,3.0,,,14.0,,,,,,,,,,,,,,,,,,,,,,43.0,190.0,,,,,,,,,,,,
678,Choco Cheese Slice,Emina,1.0,porsi (15 g),50.0,,,5.0,,1.0,3.0,1.5,,,,0.0,,,,2.0,,,,,,,,,,,,,,,,,,,,,,70.0,,,,,,,,,,,,,
679,Choco Chips,L'Agie,1.0,porsi (15 g),80.0,,,9.0,,1.0,4.5,4.0,,,,,2.0,,,7.0,,,,,,,,,,,,,,,,,,,,,,5.0,,,,,,,,,,,,,
680,Choco Cookie,Nextar,0.0,0,0.0,0.0,0.0,0.0,0.0,0.0,0.0,0.0,0.0,0.0,0.0,0.0,0.0,0.0,0.0,0.0,0.0,0.0,0.0,0.0,0.0,0.0,0.0,0.0,0.0,0.0,0.0,0.0,0.0,0.0,0.0,0.0,0.0,0.0,0.0,0.0,0.0,0.0,0.0,0.0,0.0,0.0,0.0,0.0,0.0,0.0,0.0,0.0,0.0,0.0,0.0
681,Choco Crispy Rasa Cokelat,Larisst,1.0,porsi (25 g),110.0,,,21.0,,1.0,2.0,1.0,0.0,0.0,,0.0,0.0,,,8.0,,,,,,,,,,,,,,,,,,,,,,0.0,100.0,,,,,,,,,,,,
682,Choco Crunch,Joyday,1.0,porsi (40 ml),70.0,,,8.0,,1.0,4.5,2.5,,,,,,,,6.0,,,,,,,,,,,,,,,,,,,,,,10.0,,,,,,,,,,,,,
683,Choco Fiesta,Jetz,1.0,bungkus (18 g),90.0,,,12.0,,1.0,4.0,2.0,,,,,,,,5.0,,,,,,,,,,,,,,,,,,,,,,45.0,,,,,,,,,,,,,
684,Choco Fit Cookie,Fitbreak,1.0,porsi (25 g),130.0,,,11.0,,6.0,7.0,,,,,,3.0,,,2.0,,,,,,,,,,,,,,,,,,,,,,,,,,,,,,,,,,,
685,Choco Granola,Familia,100.0,g,470.0,,,70.0,,8.0,18.0,6.0,,,,,9.0,,,,,,,,,,,,,,,,,,,,,,,,,,,,,,,,,,,,,,
686,Choco Hazelnut Spread,Ceres,2.0,porsi (30 g),150.0,,,22.0,,1.0,6.0,,,,,,,,,9.0,,,,,,,,,,,,,,,,,,,,,,,,,,,,,,,,,,,
687,Choco Lava Mochi,Glico,1.0,bungkus (46 ml),120.0,,,27.0,,1.0,1.0,1.0,,,,0.0,0.0,,,10.0,,,,,,,,,,,,,,,,,,,,,,0.0,0.0,,,,,,,,,,,,
688,Choco Malt,Aice,1.0,kemasan (49 ml),35.0,,,6.0,,0.0,1.5,0.5,,,,0.0,1.0,,,4.0,,,,,,,,,,,,,,,,,,,,,,10.0,,,,,,,,,,,,,
689,Choco Malt,Oatside,1.0,porsi (200 ml),190.0,,,30.0,,2.0,7.0,1.0,,,,0.0,2.0,,,15.0,,,,,,,,,,,,,,,,,,,,,,80.0,,,,,,,,,,,,,
690,Choco Malt,Whey To Go,0.0,0,0.0,0.0,0.0,0.0,0.0,0.0,0.0,0.0,0.0,0.0,0.0,0.0,0.0,0.0,0.0,0.0,0.0,0.0,0.0,0.0,0.0,0.0,0.0,0.0,0.0,0.0,0.0,0.0,0.0,0.0,0.0,0.0,0.0,0.0,0.0,0.0,0.0,0.0,0.0,0.0,0.0,0.0,0.0,0.0,0.0,0.0,0.0,0.0,0.0,0.0,0.0
691,Choco Marie,Regal,1.0,keping (8 g),40.0,,,5.0,,1.0,2.0,2.0,0.0,0.0,,0.0,0.0,,,3.0,,,,,,,,,,,,,,,,,,,,,,20.0,0.0,,,,,,,,,,,,
692,Choco Master,Kaluli,1.0,bungkus (60 g),100.0,,,8.0,,1.0,7.0,6.0,,,,4.0,1.0,,,6.0,,,,,,,,,,,,,,,,,,,,,,10.0,,,,,,,,,,,,,
"693,Choco Mentho Orange Flavour Lozenges,FISHERMAN'S FRIEND,1.0,""lozenge (1,15 g)"",0.0,,,1.0,,0.0,0.0,0.0,,,,0.0,,,,0.0,,,,,,,,,,,,,,,,,,,,,,0.0,,,,,,,,,,,,,"
694,Choco More,Julie's,0.0,0,0.0,0.0,0.0,0.0,0.0,0.0,0.0,0.0,0.0,0.0,0.0,0.0,0.0,0.0,0.0,0.0,0.0,0.0,0.0,0.0,0.0,0.0,0.0,0.0,0.0,0.0,0.0,0.0,0.0,0.0,0.0,0.0,0.0,0.0,0.0,0.0,0.0,0.0,0.0,0.0,0.0,0.0,0.0,0.0,0.0,0.0,0.0,0.0,0.0,0.0,0.0
695,Choco Nut Crunch Yoghurt,Yoseo,100.0,g,120.0,,,13.0,,3.0,6.0,4.0,,,,15.0,,,,12.0,,,,,,,,,,,,,,,,,,,,,,45.0,,,,,,,,,,,,,
696,Choco Pie,Delfi,1.0,sajian  (30 ml),130.0,,,19.0,,2.0,6.0,4.0,,,,,,,,9.0,,,,,,,,,,,,,,,,,,,,,,65.0,,,,,,,,,,,,,
697,Choco Pie,Yamazaki,0.0,0,0.0,0.0,0.0,0.0,0.0,0.0,0.0,0.0,0.0,0.0,0.0,0.0,0.0,0.0,0.0,0.0,0.0,0.0,0.0,0.0,0.0,0.0,0.0,0.0,0.0,0.0,0.0,0.0,0.0,0.0,0.0,0.0,0.0,0.0,0.0,0.0,0.0,0.0,0.0,0.0,0.0,0.0,0.0,0.0,0.0,0.0,0.0,0.0,0.0,0.0,0.0
698,Choco Roll,Paroti,1.0,porsi (60 g),210.0,,,33.0,,4.0,7.0,3.5,,,,,,,,12.0,,,,,,,,,,,,,,,,,,,,,,135.0,,,,,,,,,,,,,
699,Choco Sourdough Cracker,Namaste Organic,0.0,0,0.0,0.0,0.0,0.0,0.0,0.0,0.0,0.0,0.0,0.0,0.0,0.0,0.0,0.0,0.0,0.0,0.0,0.0,0.0,0.0,0.0,0.0,0.0,0.0,0.0,0.0,0.0,0.0,0.0,0.0,0.0,0.0,0.0,0.0,0.0,0.0,0.0,0.0,0.0,0.0,0.0,0.0,0.0,0.0,0.0,0.0,0.0,0.0,0.0,0.0,0.0
700,Choco Strawberry,Happy Time,0.0,0,0.0,0.0,0.0,0.0,0.0,0.0,0.0,0.0,0.0,0.0,0.0,0.0,0.0,0.0,0.0,0.0,0.0,0.0,0.0,0.0,0.0,0.0,0.0,0.0,0.0,0.0,0.0,0.0,0.0,0.0,0.0,0.0,0.0,0.0,0.0,0.0,0.0,0.0,0.0,0.0,0.0,0.0,0.0,0.0,0.0,0.0,0.0,0.0,0.0,0.0,0.0
701,Choco Strip,Mako,1.0,porsi (28 g),160.0,,,15.0,,2.0,10.0,9.0,,,,,,,,7.0,,,,,,,,,,,,,,,,,,,,,,100.0,,,,,,,,,,,,,
702,Choco Tiramisu,Tango,1.0,porsi (20 g),90.0,,,15.0,,1.0,3.5,2.0,,,,,1.0,,,5.0,,,,,,,,,,,,,,,,,,,,,,30.0,,,,,,,,,,,,,
703,Choco Topping,Ceres,2.0,sdm (30 g),80.0,,,18.0,,1.0,0.0,,,,,,,,,13.0,,,,,,,,,,,,,,,,,,,,,,10.0,,,,,,,,,,,,,
704,Choco-Lah! Coco Chips,East Bali Cashews,1.0,saji (30 g),180.0,,,11.0,,4.0,13.0,3.0,0.0,0.0,,0.0,2.0,,,5.0,,,,,,,,,,,,,,,,,,,,,,90.0,0.0,,,,,,,,,,,,
705,Chocochips Cookies,Okebis,4.0,keping (21 g),100.0,,,14.0,,1.0,4.5,3.0,,,,,1.0,,,6.0,,,,,,,,,,,,,,,,,,,,,,,,,,,,,,,,,,,
706,Chocolate & Orange Spread,Dale's Farm,1.0,serving  (30 g),130.0,,,21.0,,1.0,5.0,,,,,0.0,2.0,,,18.0,,,,,,,,,,,,,,,,,,,,,,45.0,,,,,,,,,,,,,
707,Chocolate Almond Cookies,The Harvest,1.0,serving (45 g),250.0,,,26.0,,4.0,14.0,,,,,30.0,4.0,,,12.0,,,,,,,,,,,,,,,,,,,,,,,,,,,,,,,,,,,
708,Chocolate Butter Cookies,The Harvest,1.0,sajian (60 g),330.0,,,35.0,,4.0,19.0,13.0,,,,40.0,3.0,,,12.0,,,,,,,,,,,,,,,,,,,,,,35.0,,,,,,,,,,,,,
709,Chocolate Chip Cookies (20g),WRP,0.0,0,0.0,0.0,0.0,0.0,0.0,0.0,0.0,0.0,0.0,0.0,0.0,0.0,0.0,0.0,0.0,0.0,0.0,0.0,0.0,0.0,0.0,0.0,0.0,0.0,0.0,0.0,0.0,0.0,0.0,0.0,0.0,0.0,0.0,0.0,0.0,0.0,0.0,0.0,0.0,0.0,0.0,0.0,0.0,0.0,0.0,0.0,0.0,0.0,0.0,0.0,0.0
710,Chocolate Chip Cookies (30g),WRP,1.0,bungkus (30 g),130.0,,,20.0,,2.0,6.0,4.0,,,,15.0,2.0,,,0.0,,,,,,,,,,,,,,,,,,,,,,75.0,,,,,,,,,,,,,
711,Chocolate Chips,Bella,1.0,porsi (20 g),90.0,,,16.0,,1.0,3.0,3.0,,,,0.0,2.0,,,,,,,,,,,,,,,,,,,,,,,,,0.0,,,,,,,,,,,,,
712,Chocolate Choc Almond,Haagen Dazs,100.0,g,355.0,,,24.8,,5.9,25.2,14.8,1.3,8.0,,64.0,2.7,,,23.8,,,,,,,,,,,,,,,,,,,,,,56.0,,,,,,,,,,,,,
713,Chocolate Coconut,WoCA,1.0,porsi (30 g),170.0,,,17.0,,2.0,10.0,,,,,,,,,13.0,,,,,,,,,,,,,,,,,,,,,,22.0,,,,,,,,,,,,,
714,Chocolate Coffee,WoCA,1.0,serving (20 g),110.0,,,10.0,,1.0,8.0,,,,,,,,,7.0,,,,,,,,,,,,,,,,,,,,,,,,,,,,,,,,,,,
"715,Chocolate Cream Biscuits,UBM Biscuits,1.0,""pack (22,5 g)"",100.0,,,17.0,,2.0,3.0,,,,,,,,,7.0,,,,,,,,,,,,,,,,,,,,,,60.0,,,,,,,,,,,,,"
716,Chocolate Crispy,Aice,1.0,bungkus (60 g),110.0,,,9.0,,1.0,8.0,6.0,,,,4.0,1.0,,,6.0,,,,,,,,,,,,,,,,,,,,,,10.0,0.0,,,,,,,,,,,,
717,Chocolate Danish Bread,Yamazaki,0.0,0,0.0,0.0,0.0,0.0,0.0,0.0,0.0,0.0,0.0,0.0,0.0,0.0,0.0,0.0,0.0,0.0,0.0,0.0,0.0,0.0,0.0,0.0,0.0,0.0,0.0,0.0,0.0,0.0,0.0,0.0,0.0,0.0,0.0,0.0,0.0,0.0,0.0,0.0,0.0,0.0,0.0,0.0,0.0,0.0,0.0,0.0,0.0,0.0,0.0,0.0,0.0
718,Chocolate De Ville,The Harvest,100.0,g,460.0,,,39.0,,6.0,32.0,,,,,,,,,,,,,,,,,,,,,,,,,,,,,,,,,,,,,,,,,,,,
719,Chocolate Drink,Aik Cheong,1.0,cup (40 g),180.0,,,28.0,,3.0,6.0,5.0,,,,0.0,2.0,,,24.0,,,,,,,,,,,,,,,,,,,,,,80.0,,,,,,,,,,,,,
720,Chocolate Drink,Cadbury,30.0,g),130.0,,,24.0,,1.0,4.0,4.0,,,,0.0,1.0,,,16.0,,,,,,,,,,,,,,,,,,,,,,75.0,,,,,,,,,,,,,
721,Chocolate Durian,WoCA,1.0,serving (20 g),110.0,,,11.0,,1.0,7.0,7.0,,,,,,,,9.0,,,,,,,,,,,,,,,,,,,,,,6.0,,,,,,,,,,,,,
722,Chocolate Flavour,Baricho,1.0,bungkus (7 g),35.0,,,4.0,,1.0,2.0,1.5,,,,,,,,2.0,,,,,,,,,,,,,,,,,,,,,,20.0,,,,,,,,,,,,,
723,Chocolate Flavour,Pocky,1.0,bungkus (22 g),110.0,,,16.0,,2.0,4.0,3.5,,,,,1.0,,,7.0,,,,,,,,,,,,,,,,,,,,,,45.0,,,,,,,,,,,,,
724,Chocolate Flavour Cream Biscuit,Hatari,3.0,pasang (21 g),100.0,,,16.0,,1.0,3.5,2.0,,,,,0.0,,,6.0,,,,,,,,,,,,,,,,,,,,,,65.0,,,,,,,,,,,,,
725,Chocolate H1gh,Rejuve,1.0,porsi (250 ml),350.0,,,36.0,,24.0,12.0,3.5,,,,0.0,8.0,,,12.0,,,,,,,,,,,,,,,,,,,,,,125.0,,,,,,,,,,,,,
726,Chocolate Hazelnut Oat Milk,Oatside,1.0,porsi (200 ml),180.0,,,27.0,,2.0,7.0,5.0,,,,2.0,,,,15.0,,,,,,,,,,,,,,,,,,,,,,90.0,,,,,,,,,,,,,
727,Chocolate Hazelnut Spread,POD,1.0,porsi (15 g),80.0,,,7.0,,2.0,6.0,2.5,,,,0.0,1.0,,,4.0,,,,,,,,,,,,,,,,,,,,,,20.0,,,,,,,,,,,,,
728,Chocolate High Almond,Rejuve,1.0,porsi (250 ml),350.0,,,34.0,,23.0,14.0,3.0,,,,,10.0,,,9.0,,,,,,,,,,,,,,,,,,,,,,130.0,,,,,,,,,,,,,
729,Chocolate Milkshake,Joyday,100.0,ml,80.0,,,11.0,,1.0,3.0,2.5,,,,,,,,8.0,,,,,,,,,,,,,,,,,,,,,,25.0,,,,,,,,,,,,,
730,Chocolate Mini Cream Puff,Beard Papa's,1.0,piece,67.0,,,7.2,,1.5,3.6,,,,,,,,,,,,,,,,,,,,,,,,,,,,,,,,,,,,,,,,,,,,
731,Chocolate Oat M*Lk,Oatside,1.0,porsi (200 ml),170.0,,,25.0,,3.0,6.0,1.0,,,,2.0,2.0,,,10.0,,,,,,,,,,,,,,,,,,,,,,90.0,,,,,,,,,,,,,
732,Chocolate Oat Milk,Oatly,1.0,porsi (240 ml),150.0,,,24.0,,3.0,3.5,0.5,,,,,3.0,,,16.0,,,,,,,,,,,,,,,,,,,,,,150.0,4.0,,,,,,,,,,,,
733,Chocolate Original,WoCA,1.0,serving (20 g),110.0,,,12.0,,1.0,6.0,,,,,,,,,9.0,,,,,,,,,,,,,,,,,,,,,,17.0,,,,,,,,,,,,,
734,Chocolate Overnight Oats,Acaii Tea,1.0,serving (200 g),170.0,,,23.0,,7.0,3.0,,,,,,10.0,,,0.0,,,,,,,,,,,,,,,,,,,,,,,,,,,,,,,,,,,
735,Chocolate Peanut,Malino,0.0,0,0.0,0.0,0.0,0.0,0.0,0.0,0.0,0.0,0.0,0.0,0.0,0.0,0.0,0.0,0.0,0.0,0.0,0.0,0.0,0.0,0.0,0.0,0.0,0.0,0.0,0.0,0.0,0.0,0.0,0.0,0.0,0.0,0.0,0.0,0.0,0.0,0.0,0.0,0.0,0.0,0.0,0.0,0.0,0.0,0.0,0.0,0.0,0.0,0.0,0.0,0.0
736,Chocolate Peanut Butter Cookies,The Harvest,3.0,sajian (67 g),360.0,,,40.0,,5.0,20.0,11.0,,,,35.0,5.0,,,23.0,,,,,,,,,,,,,,,,,,,,,,60.0,,,,,,,,,,,,,
737,Chocolate Peppermint,WoCA,1.0,takaran saji (30 g),170.0,,,17.0,,2.0,11.0,,,,,,,,,14.0,,,,,,,,,,,,,,,,,,,,,,14.0,,,,,,,,,,,,,
738,Chocolate Pie,Nextar,0.0,0,0.0,0.0,0.0,0.0,0.0,0.0,0.0,0.0,0.0,0.0,0.0,0.0,0.0,0.0,0.0,0.0,0.0,0.0,0.0,0.0,0.0,0.0,0.0,0.0,0.0,0.0,0.0,0.0,0.0,0.0,0.0,0.0,0.0,0.0,0.0,0.0,0.0,0.0,0.0,0.0,0.0,0.0,0.0,0.0,0.0,0.0,0.0,0.0,0.0,0.0,0.0
739,Chocolate Pistachio Kunafa,First Wish Bakery,1.0,porsi,250.0,,,31.0,,7.0,12.0,,,,,,2.0,,,7.0,,,,,,,,,,,,,,,,,,,,,,,,,,,,,,,,,,,
740,Chocolate Popcorn,Oishi,1.0,takaran saji (20 g),90.0,,,15.0,,1.0,3.0,1.5,,,,0.0,1.0,,,9.0,,,,,,,,,,,,,,,,,,,,,,100.0,,,,,,,,,,,,,
741,Chocolate Pudding,Ceres,1.0,porsi (70 g),60.0,,,11.0,,1.0,1.0,,,,,,,,,9.0,,,,,,,,,,,,,,,,,,,,,,20.0,,,,,,,,,,,,,
742,Chocolate Puffs,Alamii,1.0,porsi (15 g),70.0,,,11.0,,1.0,3.0,2.0,,,,0.0,1.0,,,3.0,,,,,,,,,,,,,,,,,,,,,,5.0,,,,,,,,,,,,,
743,Chocolate Sea Salt,WoCA,1.0,potong (30 g),170.0,,,17.0,,2.0,11.0,,,,,,,,,15.0,,,,,,,,,,,,,,,,,,,,,,30.0,,,,,,,,,,,,,
744,Chocolate Sereal,Ceremix,1.0,kemasan (30 g),120.0,,,25.0,,2.0,2.0,2.0,,,,0.0,4.0,,,14.0,,,,,,,,,,,,,,,,,,,,,,25.0,5.0,,,,,,,,,,,,
745,Chocolate Short Cake,Unibis,3.0,biskuit,170.0,,,24.0,,2.0,7.0,,,,,,,,,10.0,,,,,,,,,,,,,,,,,,,,,,,,,,,,,,,,,,,
746,Chocolate Soymilk,Lactasoy,1.0,box (250 ml),200.0,,,28.0,,7.0,7.0,3.5,,,,0.0,250.0,,,24.0,,,,,,,,,,,,,,,,,,,,,,,,,,,,,,,,,,,
747,Chocolate Spread,Welco,0.0,0,0.0,0.0,0.0,0.0,0.0,0.0,0.0,0.0,0.0,0.0,0.0,0.0,0.0,0.0,0.0,0.0,0.0,0.0,0.0,0.0,0.0,0.0,0.0,0.0,0.0,0.0,0.0,0.0,0.0,0.0,0.0,0.0,0.0,0.0,0.0,0.0,0.0,0.0,0.0,0.0,0.0,0.0,0.0,0.0,0.0,0.0,0.0,0.0,0.0,0.0,0.0
"748,Chocolate Stick,Kartika Sari,1.0,""stick (10,3 g)"",50.0,,,7.0,,1.0,2.5,2.0,,,,0.0,0.0,,,2.0,,,,,,,,,,,,,,,,,,,,,,10.0,0.0,,,,,,,,,,,,"
749,Chocolate Truffle,Elvan,1.0,porsi (15 g),76.0,,,7.5,,0.0,4.2,4.1,,,,0.0,,,,6.7,,,,,,,,,,,,,,,,,,,,,,5.0,,,,,,,,,,,,,
750,Chocolate Vanilla Choco Chunk,Campina,100.0,ml,150.0,,,17.0,,2.0,8.0,,,,,,,,,9.0,,,,,,,,,,,,,,,,,,,,,,,,,,,,,,,,,,,
751,Chocolate Wafer,Nabati,0.0,0,0.0,0.0,0.0,0.0,0.0,0.0,0.0,0.0,0.0,0.0,0.0,0.0,0.0,0.0,0.0,0.0,0.0,0.0,0.0,0.0,0.0,0.0,0.0,0.0,0.0,0.0,0.0,0.0,0.0,0.0,0.0,0.0,0.0,0.0,0.0,0.0,0.0,0.0,0.0,0.0,0.0,0.0,0.0,0.0,0.0,0.0,0.0,0.0,0.0,0.0,0.0
752,Chocolate Wafer,Nitto,0.0,0,0.0,0.0,0.0,0.0,0.0,0.0,0.0,0.0,0.0,0.0,0.0,0.0,0.0,0.0,0.0,0.0,0.0,0.0,0.0,0.0,0.0,0.0,0.0,0.0,0.0,0.0,0.0,0.0,0.0,0.0,0.0,0.0,0.0,0.0,0.0,0.0,0.0,0.0,0.0,0.0,0.0,0.0,0.0,0.0,0.0,0.0,0.0,0.0,0.0,0.0,0.0
753,Chocolate Wafer Roll,Happy Time,1.0,porsi (8 g),35.0,,,6.0,,0.0,1.5,0.5,,,,,1.0,,,3.0,,,,,,,,,,,,,,,,,,,,,,,,,,,,,,,,,,,
754,Chocolate Waffer,Nitto,0.0,0,0.0,0.0,0.0,0.0,0.0,0.0,0.0,0.0,0.0,0.0,0.0,0.0,0.0,0.0,0.0,0.0,0.0,0.0,0.0,0.0,0.0,0.0,0.0,0.0,0.0,0.0,0.0,0.0,0.0,0.0,0.0,0.0,0.0,0.0,0.0,0.0,0.0,0.0,0.0,0.0,0.0,0.0,0.0,0.0,0.0,0.0,0.0,0.0,0.0,0.0,0.0
755,Chocolatos,Garuda,20.0,g),80.0,,,17.0,,1.0,1.0,1.0,,,,,,,,5.0,,,,,,,,,,,,,,,,,,,,,,80.0,,,,,,,,,,,,,
756,Chocolatos,Gery,1.0,kemasan (16 g),80.0,,,3.0,,1.0,5.0,1.0,,,,,,,,3.0,,,,,,,,,,,,,,,,,,,,,,20.0,,,,,,,,,,,,,
757,Chocolatos Cheese Flavour,Garuda,1.0,bungkus (14 g),70.0,,,10.0,,1.0,3.0,1.5,,,,0.0,,,,5.0,,,,,,,,,,,,,,,,,,,,,,65.0,,,,,,,,,,,,,
758,Chocolatos Chocolate Drink,Gery,1.0,bungkus (28 g),110.0,,,22.0,,1.0,1.5,1.0,,,,0.0,,,,18.0,,,,,,,,,,,,,,,,,,,,,,115.0,0.0,,,,,,,,,,,,
759,Chocolatos Chocolate Drink,Garuda,1.0,gelas (28 g),80.0,,,17.0,,1.0,1.0,1.0,,,,0.0,,,,19.0,,,,,,,,,,,,,,,,,,,,,,115.0,,,,,,,,,,,,,
760,Chocolatos Dark,Gery,1.0,sajian (13 g),60.0,,,9.0,,1.0,3.0,1.5,,,,0.0,1.0,,,4.0,,,,,,,,,,,,,,,,,,,,,,35.0,0.0,,,,,,,,,,,,
761,Chocolatos Matcha,Garuda,1.0,sajian kemasan (20 g),90.0,,,16.0,,0.0,3.0,2.5,,,,0.0,2.0,,,10.0,,,,,,,,,,,,,,,,,,,,,,105.0,,,,,,,,,,,,,
762,Chocolatos Wafer Roll,Garuda,1.0,bungkus (12 g),60.0,,,8.0,,1.0,3.0,1.0,,,,,1.0,,,3.0,,,,,,,,,,,,,,,,,,,,,,20.0,,,,,,,,,,,,,
763,Choklad Nöt Milk Chocolate With Hazelnuts,Ikea,1.0,porsi (25 g),140.0,,,14.0,,2.0,8.0,4.5,,,,,3.0,,,11.0,,,,,,,,,,,,,,,,,,,,,,,,,,,,,,,,,,,
764,Chrysanthemum Drink,Yeo's,1.0,kotak (250 ml),60.0,,,15.0,,0.0,0.0,,,,,,,,,15.0,,,,,,,,,,,,,,,,,,,,,,,,,,,,,,,,,,,
765,Chrysanthemum Tea,Yeo's,1.0,kemasan (250 g),70.0,,,18.0,,0.0,0.0,0.0,,,,,,,,17.0,,,,,,,,,,,,,,,,,,,,,,5.0,,,,,,,,,,,,,
766,Chunk Light Tuna,Vinisi,1.0,porsi (57 g),70.0,,,0.0,,16.0,1.0,,,,,38.0,,,,,,,,,,,,,,,,,,,,,,,,,,135.0,,,,,,,,,,,,,
767,Chunk Light Tuna In Oil,Vinisi,1.0,porsi (57 g),70.0,,,0.0,,16.0,1.0,,,,,38.0,,,,,,,,,,,,,,,,,,,,,,,,,,,135.0,,,,,,,,,,,,
768,Chunky Peanut Butter,Namaste Organic,0.0,0,0.0,0.0,0.0,0.0,0.0,0.0,0.0,0.0,0.0,0.0,0.0,0.0,0.0,0.0,0.0,0.0,0.0,0.0,0.0,0.0,0.0,0.0,0.0,0.0,0.0,0.0,0.0,0.0,0.0,0.0,0.0,0.0,0.0,0.0,0.0,0.0,0.0,0.0,0.0,0.0,0.0,0.0,0.0,0.0,0.0,0.0,0.0,0.0,0.0,0.0,0.0
769,Churros Snack,Wonhae,1.0,porsi (10 g),50.0,,,6.0,,1.0,3.0,1.0,,,,,,,,2.0,,,,,,,,,,,,,,,,,,,,,,20.0,,,,,,,,,,,,,
770,Ciabatta,De Bakker,1.0,serving (79 g),220.0,,,43.0,,8.0,2.0,,,,,0.0,2.0,,,0.0,,,,,,,,,,,,,,,,,,,,,,,,,,,,,,,,,,,
771,Cincau Grass Jelly,Naraya,0.0,0,0.0,0.0,0.0,0.0,0.0,0.0,0.0,0.0,0.0,0.0,0.0,0.0,0.0,0.0,0.0,0.0,0.0,0.0,0.0,0.0,0.0,0.0,0.0,0.0,0.0,0.0,0.0,0.0,0.0,0.0,0.0,0.0,0.0,0.0,0.0,0.0,0.0,0.0,0.0,0.0,0.0,0.0,0.0,0.0,0.0,0.0,0.0,0.0,0.0,0.0,0.0
772,Classic,Nescafe,1.0,bungkus (2 g),5.0,,,1.0,,0.0,0.0,0.0,,,,0.0,0.0,,,0.0,,,,,,,,,,,,,,,,,,,,,,0.0,0.0,,,,,,,,,,,,
773,Classic African Chicken with Biryani Rice + Caramelized Banana,Healthy Go,1.0,serving,450.0,,,46.0,,34.0,14.0,,,,,,,,,,,,,,,,,,,,,,,,,,,,,,,,,,,,,,,,,,,,
774,Classic Caesar Chicken Wrap,Easy Peasy,1.0,porsi,450.0,,,37.6,,28.1,19.9,,,,,,,,,,,,,,,,,,,,,,,,,,,,,,,,,,,,,,,,,,,,
775,Classic Caesar Salad,Easy Peasy,1.0,porsi,328.0,,,15.5,,25.0,17.4,,,,,,,,,,,,,,,,,,,,,,,,,,,,,,,,,,,,,,,,,,,,
776,Classic Peanut Butter Cookies,The Harvest,1.0,porsi (45 g),250.0,,,26.0,,4.0,14.0,8.0,0.0,0.0,,20.0,3.0,,,14.0,,,,,,,,,,,,,,,,,,,,,,100.0,0.0,,,,,,,,,,,,
777,Classic Pesto,Filippo Berio,1.0,porsi (60 g),280.0,,,4.0,,3.0,28.0,3.0,,,,,1.0,,,1.0,,,,,,,,,,,,,,,,,,,,,,700.0,,,,,,,,,,,,,
778,Classic Sweet Taste,Equal,1.0,stick (1 g),0.0,,,1.0,,0.0,0.0,0.0,0.0,0.0,,0.0,,,,1.0,,,,,,,,,,,,,,,,,,,,,,0.0,0.0,,,,,,,,,,,,
779,Cleanse Passion Power,Realfood,1.0,sachet (15 g),60.0,,,13.0,,1.0,0.0,0.0,0.0,0.0,,0.0,4.0,,,0.0,,,,,,,,,,,,,,,,,,,,,,0.0,,,,,,,,,,,,,
780,Cloud 9 Chocobiz,Jack N Jill,0.0,0,0.0,0.0,0.0,0.0,0.0,0.0,0.0,0.0,0.0,0.0,0.0,0.0,0.0,0.0,0.0,0.0,0.0,0.0,0.0,0.0,0.0,0.0,0.0,0.0,0.0,0.0,0.0,0.0,0.0,0.0,0.0,0.0,0.0,0.0,0.0,0.0,0.0,0.0,0.0,0.0,0.0,0.0,0.0,0.0,0.0,0.0,0.0,0.0,0.0,0.0,0.0
781,Cloud 9 Classic,Jack N Jill,1.0,bar (12 g),55.0,,,8.0,,1.1,2.1,,,,,,,,,,,,,,,,,,,,,,,,,,,,,,,,,,,,,,,,,,,,
782,Cloud 9 Crunchy,Jack N Jill,1.0,bungkus (8 g),35.0,,,6.0,,0.0,2.0,1.5,,,,0.0,1.0,,,4.0,,,,,,,,,,,,,,,,,,,,,,20.0,,,,,,,,,,,,,
783,Cloud 9 Crunchy Vanilla Lava,Jack N Jill,0.0,0,0.0,0.0,0.0,0.0,0.0,0.0,0.0,0.0,0.0,0.0,0.0,0.0,0.0,0.0,0.0,0.0,0.0,0.0,0.0,0.0,0.0,0.0,0.0,0.0,0.0,0.0,0.0,0.0,0.0,0.0,0.0,0.0,0.0,0.0,0.0,0.0,0.0,0.0,0.0,0.0,0.0,0.0,0.0,0.0,0.0,0.0,0.0,0.0,0.0,0.0,0.0
784,Cloud 9 Plus,Jack N Jill,0.0,0,0.0,0.0,0.0,0.0,0.0,0.0,0.0,0.0,0.0,0.0,0.0,0.0,0.0,0.0,0.0,0.0,0.0,0.0,0.0,0.0,0.0,0.0,0.0,0.0,0.0,0.0,0.0,0.0,0.0,0.0,0.0,0.0,0.0,0.0,0.0,0.0,0.0,0.0,0.0,0.0,0.0,0.0,0.0,0.0,0.0,0.0,0.0,0.0,0.0,0.0,0.0
785,Coated Sandwich,Regal,1.0,serving (21 g),110.0,,,13.0,,1.0,6.0,3.5,,,,,1.0,,,7.0,,,,,,,,,,,,,,,,,,,,,,45.0,,,,,,,,,,,,,
786,Cocktail,Hanzel,0.0,0,0.0,0.0,0.0,0.0,0.0,0.0,0.0,0.0,0.0,0.0,0.0,0.0,0.0,0.0,0.0,0.0,0.0,0.0,0.0,0.0,0.0,0.0,0.0,0.0,0.0,0.0,0.0,0.0,0.0,0.0,0.0,0.0,0.0,0.0,0.0,0.0,0.0,0.0,0.0,0.0,0.0,0.0,0.0,0.0,0.0,0.0,0.0,0.0,0.0,0.0,0.0
787,Cocktail Frankfurter,BARTOZ,1.0,porsi (50 g),60.0,,,5.0,,9.0,0.0,0.0,0.0,0.0,,0.0,,,,0.0,,,,,,,,,,,,,,,,,,,,,,25.0,,,,,,,,,,,,,
788,Coco Fills,Kellogg's,2.0,serving (30 g),130.0,,,20.0,,3.0,4.0,0.0,1.5,0.5,,0.0,3.0,,,6.0,,,,,,,,,,,,,,,,,,,,,,70.0,,,,,,,,,,,,,
789,Coco Kopyor,Rejuve,1.0,serving,100.0,,,15.0,,2.0,3.5,3.5,,,,0.0,4.0,,,10.0,,,,,,,,,,,,,,,,,,,,,,30.0,,,,,,,,,,,,,
790,Coco Loops,Kellogg's,1.0,porsi (30 g),120.0,,,24.0,,3.0,1.5,1.0,,,,0.0,1.0,,,11.0,,,,,,,,,,,,,,,,,,,,,,60.0,,,,,,,,,,,,,
791,Coco Pandan,Fanta,1.0,porsi,50.0,,,12.0,,0.0,0.0,0.0,,,,0.0,,,,12.0,,,,,,,,,,,,,,,,,,,,,,20.0,,,,,,,,,,,,,
792,Coco Pops,Kellogg's,0.0,0,0.0,0.0,0.0,0.0,0.0,0.0,0.0,0.0,0.0,0.0,0.0,0.0,0.0,0.0,0.0,0.0,0.0,0.0,0.0,0.0,0.0,0.0,0.0,0.0,0.0,0.0,0.0,0.0,0.0,0.0,0.0,0.0,0.0,0.0,0.0,0.0,0.0,0.0,0.0,0.0,0.0,0.0,0.0,0.0,0.0,0.0,0.0,0.0,0.0,0.0,0.0
793,Coco Puff Biscuits,Unibis,6.0,keping (32 g),140.0,,,26.0,,2.0,3.0,,,,,,,,,8.0,,,,,,,,,,,,,,,,,,,,,,110.0,,,,,,,,,,,,,
794,Cocoa Powder,Van Houten,1.0,sendok teh (30 g),120.0,,,16.0,,7.0,3.0,2.0,,,,0.0,13.0,,,0.0,,,,,,,,,,,,,,,,,,,,,,10.0,,,,,,,,,,,,,
795,Cocoa Powder,Windmolen,5.0,sajian (30 g),120.0,,,15.0,,7.0,3.5,1.5,,,,,,,,0.0,,,,,,,,,,,,,,,,,,,,,,0.0,450.0,,,,,,,,,,,,
796,Coconut & Brown Sugar Flavour,Pocky,1.0,takaran saji (33 g),160.0,,,22.0,,2.0,8.0,7.0,,,,,,,,10.0,,,,,,,,,,,,,,,,,,,,,,65.0,,,,,,,,,,,,,
797,Coconut Biscuits,Hatari,5.0,keping (20 g),90.0,,,16.0,,2.0,1.5,0.5,,,,,0.0,,,4.0,,,,,,,,,,,,,,,,,,,,,,60.0,,,,,,,,,,,,,
798,Coconut Cooking Oil,Barco,1.0,porsi (13 ml),120.0,,,0.0,,0.0,13.0,12.0,,,,0.0,0.0,,,0.0,,,,,,,,,,,,,,,,,,,,,,0.0,0.0,,,,,,,,,,,,
799,Coconut Cooking Oil,Javara,1.0,sdm (14 g),130.0,,,0.0,,0.0,14.0,13.0,,,,0.0,0.0,,,0.0,,,,,,,,,,,,,,,,,,,,,,0.0,,,,,,,,,,,,,
800,Coconut Party,Acaii Tea,1.0,bottle (500 ml),280.0,,,16.0,,5.0,20.0,,,,,,4.0,,,,,,,,,,,,,,,,,,,,,,,,,,,,,,,,,,,,,,
801,Coconut Sugar,Javara,1.0,sdm (10 g),40.0,,,9.0,,0.0,0.0,0.0,,,,,0.0,,,9.0,,,,,,,,,,,,,,,,,,,,,,0.0,,,,,,,,,,,,,
802,Coconut Water,If,1.0,serving (350 g),80.0,,,9.0,,0.0,0.0,0.0,0.0,0.0,,,,,,7.0,,,,,,,,,,,,,,,,,,,,,,25.0,940.0,,,,,,,,,,,,
803,Coconut Water Aloe Vera,Mama Roz,0.0,0,0.0,0.0,0.0,0.0,0.0,0.0,0.0,0.0,0.0,0.0,0.0,0.0,0.0,0.0,0.0,0.0,0.0,0.0,0.0,0.0,0.0,0.0,0.0,0.0,0.0,0.0,0.0,0.0,0.0,0.0,0.0,0.0,0.0,0.0,0.0,0.0,0.0,0.0,0.0,0.0,0.0,0.0,0.0,0.0,0.0,0.0,0.0,0.0,0.0,0.0,0.0
804,Cocopuff Chocolate,Hatari,10.0,keping (33 g),150.0,,,25.0,,2.0,4.0,1.5,,,,,1.0,,,8.0,,,,,,,,,,,,,,,,,,,,,,110.0,,,,,,,,,,,,,
805,Coffe Candy,Kapal Api,0.0,0,0.0,0.0,0.0,0.0,0.0,0.0,0.0,0.0,0.0,0.0,0.0,0.0,0.0,0.0,0.0,0.0,0.0,0.0,0.0,0.0,0.0,0.0,0.0,0.0,0.0,0.0,0.0,0.0,0.0,0.0,0.0,0.0,0.0,0.0,0.0,0.0,0.0,0.0,0.0,0.0,0.0,0.0,0.0,0.0,0.0,0.0,0.0,0.0,0.0,0.0,0.0
806,Coffee,Caffino,1.0,serving (25 g),110.0,,,20.0,,1.0,3.0,,,,,,1.0,,,13.0,,,,,,,,,,,,,,,,,,,,,,60.0,,,,,,,,,,,,,
807,Coffee & Creamer,Old Town,3.0,porsi (25 g),118.0,,,15.1,,1.3,5.6,,,,,,,,,1.0,,,,,,,,,,,,,,,,,,,,,,39.0,,,,,,,,,,,,,
808,Coffee Candy White Coffee,Kapal Api,0.0,0,0.0,0.0,0.0,0.0,0.0,0.0,0.0,0.0,0.0,0.0,0.0,0.0,0.0,0.0,0.0,0.0,0.0,0.0,0.0,0.0,0.0,0.0,0.0,0.0,0.0,0.0,0.0,0.0,0.0,0.0,0.0,0.0,0.0,0.0,0.0,0.0,0.0,0.0,0.0,0.0,0.0,0.0,0.0,0.0,0.0,0.0,0.0,0.0,0.0,0.0,0.0
809,Coffee Cream,Yoforia,1.0,botol (200 ml),160.0,,,30.0,,3.0,3.0,2.0,,,,10.0,,,,25.0,,,,,,,,,,,,,,,,,,,,,,110.0,,,,,,,,,,,,,
810,Coffee Cream,Nescafe,0.0,0,0.0,0.0,0.0,0.0,0.0,0.0,0.0,0.0,0.0,0.0,0.0,0.0,0.0,0.0,0.0,0.0,0.0,0.0,0.0,0.0,0.0,0.0,0.0,0.0,0.0,0.0,0.0,0.0,0.0,0.0,0.0,0.0,0.0,0.0,0.0,0.0,0.0,0.0,0.0,0.0,0.0,0.0,0.0,0.0,0.0,0.0,0.0,0.0,0.0,0.0,0.0
811,Coffee Crispy,Aice,1.0,bungkus (45 g),70.0,,,7.0,,1.0,4.5,6.0,0.0,0.0,,0.0,1.0,,,5.0,,,,,,,,,,,,,,,,,,,,,,10.0,0.0,,,,,,,,,,,,
812,Coffee Regal,Joyday,0.0,0,0.0,0.0,0.0,0.0,0.0,0.0,0.0,0.0,0.0,0.0,0.0,0.0,0.0,0.0,0.0,0.0,0.0,0.0,0.0,0.0,0.0,0.0,0.0,0.0,0.0,0.0,0.0,0.0,0.0,0.0,0.0,0.0,0.0,0.0,0.0,0.0,0.0,0.0,0.0,0.0,0.0,0.0,0.0,0.0,0.0,0.0,0.0,0.0,0.0,0.0,0.0
813,Coffee Soda,F&N,1.0,serving (325 ml),180.0,,,46.0,,0.0,0.0,0.0,0.0,0.0,,0.0,0.0,,,42.0,,,,,,,,,,,,,,,,,,,,,,60.0,0.0,,,,,,,,,,,,
814,Coffee-O,Indocafe,1.0,sachet (18 g),70.0,,,17.0,,0.0,0.0,0.0,,,,0.0,0.0,,,15.0,,,,,,,,,,,,,,,,,,,,,,0.0,0.0,,,,,,,,,,,,
815,Coffeemix 3 in 1,Indocafe,1.0,sachet (20 g),90.0,,,17.0,,1.0,2.0,2.0,0.0,0.0,,0.0,0.0,,,13.0,,,,,,,,,,,,,,,,,,,,,,10.0,0.0,,,,,,,,,,,,
816,Coffeemix Rich & Strong,Indocafe,1.0,serving (27 g),120.0,,,21.0,,1.0,3.5,3.5,,,,0.0,2.0,,,14.0,,,,,,,,,,,,,,,,,,,,,,15.0,,,,,,,,,,,,,
817,Coffemix Mild,Indocafe,1.0,porsi (18 g),80.0,,,15.0,,1.0,2.0,2.0,,,,0.0,1.0,,,11.0,,,,,,,,,,,,,,,,,,,,,,5.0,,,,,,,,,,,,,
818,Cokelat Compound Butir,Safari,1.0,porsi (15 g),70.0,,,11.0,,1.0,3.5,,,,,,,,,11.0,,,,,,,,,,,,,,,,,,,,,,,,,,,,,,,,,,,
819,Cokelat Compound Butir Hagelslag,Bella,1.0,porsi (20 g),90.0,,,16.0,,1.0,3.0,3.0,,,,,2.0,,,13.0,,,,,,,,,,,,,,,,,,,,,,0.0,,,,,,,,,,,,,
820,Cokelat Compound Susu Isi Enting-Enting Kacang,L'Agie,1.0,porsi (27 g),140.0,,,16.0,,3.0,8.0,6.0,,,,,,,,12.0,,,,,,,,,,,,,,,,,,,,,,10.0,,,,,,,,,,,,,
821,Cokelat Compound Susu Isi Krispi,L'Agie,0.0,0,0.0,0.0,0.0,0.0,0.0,0.0,0.0,0.0,0.0,0.0,0.0,0.0,0.0,0.0,0.0,0.0,0.0,0.0,0.0,0.0,0.0,0.0,0.0,0.0,0.0,0.0,0.0,0.0,0.0,0.0,0.0,0.0,0.0,0.0,0.0,0.0,0.0,0.0,0.0,0.0,0.0,0.0,0.0,0.0,0.0,0.0,0.0,0.0,0.0,0.0,0.0
822,Cokelat Compound Susu Isi Nougat Kacang,L'Agie,1.0,bar (27 g),130.0,,,17.0,,2.0,7.0,5.0,,,,,,,,12.0,,,,,,,,,,,,,,,,,,,,,,20.0,,,,,,,,,,,,,
823,Cokelat Compound Susu Manis Isi Biskuit,L'Agie,0.0,0,0.0,0.0,0.0,0.0,0.0,0.0,0.0,0.0,0.0,0.0,0.0,0.0,0.0,0.0,0.0,0.0,0.0,0.0,0.0,0.0,0.0,0.0,0.0,0.0,0.0,0.0,0.0,0.0,0.0,0.0,0.0,0.0,0.0,0.0,0.0,0.0,0.0,0.0,0.0,0.0,0.0,0.0,0.0,0.0,0.0,0.0,0.0,0.0,0.0,0.0,0.0
824,Cokelat Dengan Kacang Hazel,Ferrero Rocher,3.0,buah (38 g),220.0,,,16.0,,3.0,15.0,5.0,,,,,2.0,,,15.0,,,,,,,,,,,,,,,,,,,,,,15.0,,,,,,,,,,,,,
825,Cokelat Susu Dengan Kacang Hazel,Ferrero Rocher,2.0,buah (25 g),140.0,,,11.0,,2.0,10.0,,,,,,1.0,,,10.0,,,,,,,,,,,,,,,,,,,,,,10.0,,,,,,,,,,,,,
826,Cokelat Susu Kedelai,Minuman,1.0,gelas,120.0,,,14.23,,6.74,4.68,0.524,2.041,0.799,,0.0,3.2,,,11.05,,,,,,,,,,,,,,,,,,,,,,29.0,345.0,,,,,,,,,,,,
827,Coklat,Cadbury,1.0,bungkus  (30 g),160.0,,,18.0,,2.0,9.0,6.0,,,,0.0,3.0,,,15.0,,,,,,,,,,,,,,,,,,,,,,20.0,,,,,,,,,,,,,
828,Coklat,Delfi,1.0,porsi (20 g),110.0,,,12.0,,2.0,6.0,4.0,,,,5.0,1.0,,,9.0,,,,,,,,,,,,,,,,,,,,,,15.0,0.0,,,,,,,,,,,,
829,Coklat,Energen,1.0,sendok makan (29 g),130.0,,,23.0,,1.0,3.0,1.5,,,,,1.0,,,17.0,,,,,,,,,,,,,,,,,,,,,,105.0,,,,,,,,,,,,,
830,Coklat,Ferrero Rocher,1.0,buah (13 g),80.0,,,6.0,,1.0,5.0,2.0,,,,,,,,5.0,,,,,,,,,,,,,,,,,,,,,,,,,,,,,,,,,,,
831,Coklat Blueberry,Real Good,1.0,porsi (180 ml),90.0,,,15.0,,2.0,2.0,1.5,,,,5.0,,,,,,,,,,,,,,,,,,,,,,,,,,65.0,,,,,,,,,,,,,
832,Coklat Bubuk,Van Houten,6.0,serving (30 g),120.0,,,15.0,,6.0,4.0,2.5,,,,0.0,13.0,,,1.0,,,,,,,,,,,,,,,,,,,,,,0.0,,,,,,,,,,,,,
833,Coklat Compound Susu Isi Kacang Mete,L'Agie,1.0,bungkus (25 g),130.0,,,15.0,,2.0,7.0,6.0,,,,,,,,12.0,,,,,,,,,,,,,,,,,,,,,,40.0,,,,,,,,,,,,,
834,Coklat Manis atau Gelap,Makanan Penutup,100.0,gram (g),505.0,,,59.6,,3.9,34.2,20.08,0.99,11.22,,0.0,5.5,,,51.48,,,,,,,,,,,,,,,,,,,,,,16.0,290.0,,,,,,,,,,,,
835,Coklat Pisang,Real Good,1.0,potong (125 ml),90.0,,,16.0,,2.0,2.0,1.5,,,,4.0,,,,11.0,,,,,,,,,,,,,,,,,,,,,,65.0,,,,,,,,,,,,,
836,Cola Soda (dengan Kafein),Lainnya,1.0,kaleng 355 ml,136.0,,,35.18,,0.26,0.07,0.0,0.0,0.0,,0.0,0.0,,,33.01,,,,,,,,,,,,,,,,,,,,,,15.0,7.0,,,,,,,,,,,,
837,Cola Soda (dengan Kafein),Minuman,1.0,kaleng 355 ml,136.0,,,35.18,,0.26,0.07,0.0,0.0,0.0,,0.0,0.0,,,33.01,,,,,,,,,,,,,,,,,,,,,,15.0,7.0,,,,,,,,,,,,
838,Cold Brew Americano,Paldo,1.0,porsi (270 ml),50.0,,,0.0,,1.0,5.0,2.5,,,,0.0,,,,0.0,,,,,,,,,,,,,,,,,,,,,,0.0,,,,,,,,,,,,,
839,Cold Brew Coffe Brown Sugar,Ichitan,0.0,0,0.0,0.0,0.0,0.0,0.0,0.0,0.0,0.0,0.0,0.0,0.0,0.0,0.0,0.0,0.0,0.0,0.0,0.0,0.0,0.0,0.0,0.0,0.0,0.0,0.0,0.0,0.0,0.0,0.0,0.0,0.0,0.0,0.0,0.0,0.0,0.0,0.0,0.0,0.0,0.0,0.0,0.0,0.0,0.0,0.0,0.0,0.0,0.0,0.0,0.0,0.0
840,Cold Brew Coffee Classic Latte,Ichitan,1.0,botol (250 ml),140.0,,,26.0,,2.0,3.0,3.0,,,,,,,,20.0,,,,,,,,,,,,,,,,,,,,,,120.0,,,,,,,,,,,,,
841,Collagen,Jele,1.0,porsi (150 g),40.0,,,9.0,,0.0,0.0,0.0,,,,0.0,1.0,,,5.0,,,,,,,,,,,,,,,,,,,,,,55.0,0.0,,,,,,,,,,,,
842,Collagen Blend,The Infinity,2.0,sdm (20 g),80.0,,,11.0,,7.0,0.5,,,,,0.0,,,,,,,,,,,,,,,,,,,,,,,,,,90.0,150.0,,,,,,,,,,,,
843,Collagen Drink,ELORA,1.0,sachet (15 g),60.0,,,12.0,,2.0,0.0,0.0,0.0,0.0,,0.0,1.0,,,0.0,,,,,,,,,,,,,,,,,,,,,,0.0,0.0,,,,,,,,,,,,
844,Collagen Peptides,Vital Proteins,1.0,scoop (10 g),35.0,,,0.0,,9.0,0.0,0.0,0.0,0.0,,0.0,0.0,,,0.0,,,,,,,,,,,,,,,,,,,,,,110.0,0.0,,,,,,,,,,,,
845,Collagen Peptides Chocolate,Vital Proteins,2.0,scoops (27 g),90.0,,,4.0,,18.0,0.5,,,,,,2.0,,,,,,,,,,,,,,,,,,,,,,,,,150.0,220.0,,,,,,,,,,,,
846,Colourful Limited Edition,Pocky,1.0,porsi (36 g),180.0,,,25.0,,2.0,8.0,,,,,,,,,13.0,,,,,,,,,,,,,,,,,,,,,,30.0,,,,,,,,,,,,,
847,Compound Chocolate,Bella,1.0,porsi (25 g),150.0,,,14.0,,1.0,10.0,10.0,,,,0.0,1.0,,,10.0,,,,,,,,,,,,,,,,,,,,,,40.0,100.0,,,,,,,,,,,,
848,Concerto Midi Cookie Creamy,Campina,1.0,cone (80 ml),180.0,,,23.0,,2.0,9.0,6.0,,,,,,,,13.0,,,,,,,,,,,,,,,,,,,,,,60.0,,,,,,,,,,,,,
849,Concerto Midi Strawberry Chunk,Campina,1.0,porsi (80 ml),180.0,,,22.0,,2.0,9.0,,,,,,,,,14.0,,,,,,,,,,,,,,,,,,,,,,,,,,,,,,,,,,,
850,Cone Snack,Happy Time,0.0,0,0.0,0.0,0.0,0.0,0.0,0.0,0.0,0.0,0.0,0.0,0.0,0.0,0.0,0.0,0.0,0.0,0.0,0.0,0.0,0.0,0.0,0.0,0.0,0.0,0.0,0.0,0.0,0.0,0.0,0.0,0.0,0.0,0.0,0.0,0.0,0.0,0.0,0.0,0.0,0.0,0.0,0.0,0.0,0.0,0.0,0.0,0.0,0.0,0.0,0.0,0.0
851,Cookie Dough,Edo,1.0,porsi (50 g),210.0,,,31.0,,2.0,9.0,5.0,,,,,,,,16.0,,,,,,,,,,,,,,,,,,,,,,160.0,,,,,,,,,,,,,
852,Cookies,WRP,0.0,0,0.0,0.0,0.0,0.0,0.0,0.0,0.0,0.0,0.0,0.0,0.0,0.0,0.0,0.0,0.0,0.0,0.0,0.0,0.0,0.0,0.0,0.0,0.0,0.0,0.0,0.0,0.0,0.0,0.0,0.0,0.0,0.0,0.0,0.0,0.0,0.0,0.0,0.0,0.0,0.0,0.0,0.0,0.0,0.0,0.0,0.0,0.0,0.0,0.0,0.0,0.0
853,Cookies & Cream,Pocky,1.0,kemasan (20 g),100.0,,,14.0,,1.0,4.5,4.0,,,,,2.0,,,7.0,,,,,,,,,,,,,,,,,,,,,,30.0,,,,,,,,,,,,,
854,Cookies Choc Centre,Cadbury,1.0,porsi (26 g),134.0,,,16.2,,1.1,7.1,,,,,,,,,,,,,,,,,,,,,,,,,,,,,,,,,,,,,,,,,,,,
855,Cookies Cream Chocomalt,Okebis,3.0,keping (44 g),210.0,,,32.0,,2.0,9.0,4.5,,,,4.0,1.0,,,15.0,,,,,,,,,,,,,,,,,,,,,,125.0,10.0,,,,,,,,,,,,
856,Cookies Cream Strawberry,Okebis,4.0,keping (44 g),230.0,,,28.0,,3.0,12.0,6.0,,,,3.0,3.0,,,11.0,,,,,,,,,,,,,,,,,,,,,,115.0,35.0,,,,,,,,,,,,
857,Cookies Time,Happy Time,1.0,porsi (6 g),30.0,,,4.0,,0.0,1.0,1.0,,,,,,,,2.0,,,,,,,,,,,,,,,,,,,,,,30.0,,,,,,,,,,,,,
858,Cookies and Cream,Bella,6.0,kotak (25 g),140.0,,,15.0,,1.0,8.0,8.0,,,,0.0,2.0,,,12.0,,,,,,,,,,,,,,,,,,,,,,55.0,,,,,,,,,,,,,
859,Cooking Cream,Elle & Vire,100.0,g,338.0,,,3.5,,2.1,35.1,24.6,,,,,,,,2.9,,,,,,,,,,,,,,,,,,,,,,0.0,,,,,,,,,,,,,
860,Cooking Cream,EMBORG,100.0,g,208.0,,,0.8,,0.5,4.0,,,,,,,,,,,,,,,,,,,,,,,,,,,,,,,,,,,,,,,,,,,,
861,Cool Blueberry,Joyday,1.0,porsi (55 g),70.0,,,13.0,,1.0,2.0,1.0,0.0,0.0,,0.0,0.0,,,10.0,,,,,,,,,,,,,,,,,,,,,,20.0,0.0,,,,,,,,,,,,
"862,Cool White,Happydent,2.0,""butir (2,8 g)"",10.0,,,2.0,,0.0,0.0,0.0,,,,,,,,1.0,,,,,,,,,,,,,,,,,,,,,,0.0,,,,,,,,,,,,,"
863,Cordon Bleu,Belfoods,1.0,porsi (85 g),170.0,,,13.0,,13.0,8.0,,,,,40.0,,,,,,,,,,,,,,,,,,,,,,,,,,300.0,,,,,,,,,,,,,
864,Corn Cakes,Lestello,0.0,0,0.0,0.0,0.0,0.0,0.0,0.0,0.0,0.0,0.0,0.0,0.0,0.0,0.0,0.0,0.0,0.0,0.0,0.0,0.0,0.0,0.0,0.0,0.0,0.0,0.0,0.0,0.0,0.0,0.0,0.0,0.0,0.0,0.0,0.0,0.0,0.0,0.0,0.0,0.0,0.0,0.0,0.0,0.0,0.0,0.0,0.0,0.0,0.0,0.0,0.0,0.0
865,Corn Chips,Happytos,1.0,bungkus (25 g),130.0,,,16.0,,2.0,6.0,2.5,,,,,1.0,,,1.0,,,,,,,,,,,,,,,,,,,,,,100.0,,,,,,,,,,,,,
866,Corn Flakes,Kellogg's,3.0,sendok (30 g),110.0,,,26.0,,2.0,0.0,0.0,0.0,0.0,,0.0,1.0,,,2.0,,,,,,,,,,,,,,,,,,,,,,140.0,,,,,,,,,,,,,
867,Corn Flakes,Roti & Sereal,1.0,mangkok (1 porsi),101.0,,,24.28,,1.88,0.03,0.0,0.014,0.008,,0.0,1.3,,,1.82,,,,,,,,,,,,,,,,,,,,,,266.0,33.0,,,,,,,,,,,,
868,Corn Flakes Honey Crunch with Nuts,Kellogg's,1.0,porsi (27 g),110.0,,,23.0,,2.0,1.0,0.0,,,,0.0,,,,8.0,,,,,,,,,,,,,,,,,,,,,,,,,,,,,,,,,,,
869,Corn Oil,CCO,1.0,sdm (11 ml),100.0,,,0.0,,0.0,10.0,1.5,,,,0.0,,,,,,,,,,,,,,,,,,,,,,,,,,0.0,,,,,,,,,,,,,
870,Corn Shorts Coklat,Cem-Cem,55.0,g),50.0,,,7.0,,1.0,2.5,,,,,,,,,,,,,,,,,,,,,,,,,,,,,,,,,,,,,,,,,,,,
871,Corn Stick,Cem-Cem,1.0,porsi (10 g),50.0,,,6.0,,1.0,3.0,1.5,,,,,,,,1.0,,,,,,,,,,,,,,,,,,,,,,110.0,,,,,,,,,,,,,
872,Corned Tuna,Vinisi,1.0,porsi (45 g),60.0,,,7.0,,6.0,1.0,,,,,,1.0,,,,,,,,,,,,,,,,,,,,,,,,,230.0,,,,,,,,,,,,,
873,Cornetto Black & White,Wall's,1.0,cone (80 ml),140.0,,,20.0,,2.0,5.0,4.5,,0.5,,,1.0,,,13.0,,,,,,,,,,,,,,,,,,,,,,40.0,,,,,,,,,,,,,
874,Cornetto Oreo,Wall's,1.0,cone (110 ml),230.0,,,28.0,,3.0,12.0,10.0,0.5,1.5,,,2.0,,,20.0,,,,,,,,,,,,,,,,,,,,,,85.0,,,,,,,,,,,,,
875,Cornetto Silverqueen,Wall's,0.0,0,0.0,0.0,0.0,0.0,0.0,0.0,0.0,0.0,0.0,0.0,0.0,0.0,0.0,0.0,0.0,0.0,0.0,0.0,0.0,0.0,0.0,0.0,0.0,0.0,0.0,0.0,0.0,0.0,0.0,0.0,0.0,0.0,0.0,0.0,0.0,0.0,0.0,0.0,0.0,0.0,0.0,0.0,0.0,0.0,0.0,0.0,0.0,0.0,0.0,0.0,0.0
876,Couscous,San Remo,100.0,g,366.0,,,72.0,,12.0,2.0,0.5,,,,,4.0,,,2.0,,,,,,,,,,,,,,,,,,,,,,40.0,,,,,,,,,,,,,
877,Crab Flavored Stick,Edo,1.0,porsi (15 g),20.0,,,3.0,,1.0,0.0,,,,,,,,,1.0,,,,,,,,,,,,,,,,,,,,,,115.0,,,,,,,,,,,,,
878,Crab Stick,Cedea,1.0,stick (16 g),15.0,,,3.0,,1.0,0.0,0.0,,,,,,,,1.0,,,,,,,,,,,,,,,,,,,,,,115.0,,,,,,,,,,,,,
879,Crab With Fried Rice Seasoning,Vinisi,1.0,porsi (60 g),120.0,,,5.0,,12.0,6.0,1.0,,,,0.0,,,,3.0,,,,,,,,,,,,,,,,,,,,,,660.0,,,,,,,,,,,,,
880,Cranberry & Almond 100% Natural Granola,Oat Morning,1.0,porsi (50 g),230.0,,,35.0,,5.0,8.0,,,,,,,,,11.0,,,,,,,,,,,,,,,,,,,,,,,,,,,,,,,,,,,
881,Cranberry Cheese,First Wish Bakery,1.0,porsi (85 g),280.0,,,40.0,,11.0,14.0,,,,,,,,,,,,,,,,,,,,,,,,,,,,,,,,,,,,,,,,,,,,
882,Cranberry Kering,Buah,100.0,gram (g),308.0,,,82.36,,0.07,1.37,0.103,0.658,0.198,,0.0,5.7,,,65.0,,,,,,,,,,,,,,,,,,,,,,3.0,40.0,,,,,,,,,,,,
883,Creaflex,Fitlife,1.0,scoop (5 g),20.0,,,0.0,,5.0,0.0,0.0,,,,0.0,,,,0.0,,,,,,,,,,,,,,,,,,,,,,0.0,,,,,,,,,,,,,
884,Cream Cake Chocolate,Padimas,1.0,bungkus (9 g),40.0,,,5.0,,0.0,2.5,1.0,,,,,,,,2.0,,,,,,,,,,,,,,,,,,,,,,25.0,,,,,,,,,,,,,
885,Cream Cake Pandan,Padimas,1.0,bungkus (8 g),30.0,,,6.0,,0.0,1.0,0.0,,,,,,,,2.0,,,,,,,,,,,,,,,,,,,,,,30.0,,,,,,,,,,,,,
886,Cream Cake Strawberry,Padimas,1.0,bungkus (8 g),35.0,,,5.0,,0.0,1.5,1.0,,,,,,,,2.0,,,,,,,,,,,,,,,,,,,,,,25.0,,,,,,,,,,,,,
887,Cream Cheese,EMBORG,20.0,g),54.0,,,0.6,,1.1,5.2,3.4,,,,14.0,0.0,,,0.6,,,,,,,,,,,,,,,,,,,,,,64.0,,,,,,,,,,,,,
888,Cream Cheese,Yummy,1.0,porsi (30 g),40.0,,,1.0,,3.0,2.5,2.5,,,,5.0,,,,1.0,,,,,,,,,,,,,,,,,,,,,,40.0,,,,,,,,,,,,,
889,Cream Cheese Light,Yummy,1.0,porsi (50 g),90.0,,,1.0,,5.0,7.0,,,,,,,,,1.0,,,,,,,,,,,,,,,,,,,,,,20.0,,,,,,,,,,,,,
890,Cream Crackers,Aim Biscuits,3.0,keping (25 g),120.0,,,17.0,,2.0,4.5,2.0,,,,,,,,1.0,,,,,,,,,,,,,,,,,,,,,,70.0,80.0,,,,,,,,,,,,
"891,Cream Crackers,Hatari,1.0,""keping (7,5 g)"",35.0,,,5.0,,0.5,1.25,0.5,,,,,0.0,,,0.0,,,,,,,,,,,,,,,,,,,,,,50.0,,,,,,,,,,,,,"
892,Cream Crackers,Unibis,3.0,keping (27 g),130.0,,,19.0,,2.0,4.0,,,,,,,,,,,,,,,,,,,,,,,,,,,,,,,200.0,,,,,,,,,,,,,
893,Cream Meses Jumbo,Paroti,1.0,buah (60 g),240.0,,,34.0,,4.0,9.0,6.0,,,,,16.0,,,13.0,,,,,,,,,,,,,,,,,,,,,,65.0,,,,,,,,,,,,,
894,Cream Puffs,Beard Papa's,1.0,porsi (80 g),220.0,,,22.0,,4.0,13.0,6.0,,,,80.0,1.0,,,7.0,,,,,,,,,,,,,,,,,,,,,,140.0,,,,,,,,,,,,,
895,Cream of Corn,Campbell's,1.0,serving (22 g),93.0,,,15.2,,0.8,3.1,,,,,,,,,,,,,,,,,,,,,,,,,,,,,,,,,,,,,,,,,,,,
896,Creamix,Yoseo,1.0,serving (90 g),110.0,,,12.0,,3.0,5.0,3.0,,,,10.0,1.0,,,10.0,,,,,,,,,,,,,,,,,,,,,,35.0,,,,,,,,,,,,,
897,Creamix Thick Yogurt Blueberry,Yoseo,1.0,cup (110 g),100.0,,,15.0,,3.0,3.5,2.0,,,,0.0,1.0,,,10.0,,,,,,,,,,,,,,,,,,,,,,60.0,,,,,,,,,,,,,
898,Creamix Thick Yogurt Choco Granola,Yoseo,1.0,serving (90 g),110.0,,,12.0,,3.0,5.0,3.0,,,,10.0,1.0,,,10.0,,,,,,,,,,,,,,,,,,,,,,35.0,,,,,,,,,,,,,
899,Creamix Thick Yogurt Cookies & Cream,Yoseo,1.0,porsi (90 g),110.0,,,12.0,,3.0,5.0,3.0,,,,10.0,1.0,,,10.0,,,,,,,,,,,,,,,,,,,,,,35.0,,,,,,,,,,,,,
900,Creamix Thick Yogurt Strawberry Cheesecake,Yoseo,1.0,cup (110 g),110.0,,,15.0,,3.0,3.5,2.0,,,,0.0,1.0,,,10.0,,,,,,,,,,,,,,,,,,,,,,65.0,,,,,,,,,,,,,
901,Creamy Carbonara,Wow Spageti,1.0,bungkus (88 g),360.0,,,56.0,,11.0,11.0,6.0,,,,,4.0,,,8.0,,,,,,,,,,,,,,,,,,,,,,,1250.0,,,,,,,,,,,,
902,Creamy Mushroom Chicken Spaghetti,Mad About Protein,0.0,0,0.0,0.0,0.0,0.0,0.0,0.0,0.0,0.0,0.0,0.0,0.0,0.0,0.0,0.0,0.0,0.0,0.0,0.0,0.0,0.0,0.0,0.0,0.0,0.0,0.0,0.0,0.0,0.0,0.0,0.0,0.0,0.0,0.0,0.0,0.0,0.0,0.0,0.0,0.0,0.0,0.0,0.0,0.0,0.0,0.0,0.0,0.0,0.0,0.0,0.0,0.0
903,Creamy Peanut Butter,Dale's Farm,1.0,takaran saji (30 g),190.0,,,7.0,,7.0,15.0,2.5,,,,,,,,4.0,,,,,,,,,,,,,,,,,,,,,,90.0,,,,,,,,,,,,,
904,Creamy Peanut Butter,Jif,2.0,tbsp (32 g),190.0,,,8.0,,7.0,16.0,2.5,,,,0.0,2.0,,,3.0,,,,,,,,,,,,,,,,,,,,,,135.0,,,,,,,,,,,,,
905,Creamy Yogurt Series Choco Granola,Yoforia,1.0,serving (90 g),120.0,,,15.0,,3.0,5.0,3.5,,,,15.0,2.0,,,10.0,,,,,,,,,,,,,,,,,,,,,,40.0,,,,,,,,,,,,,
906,Creamy Yogurt Series Honey Granola,Yoforia,1.0,cup (90 g),120.0,,,15.0,,3.0,5.0,3.5,,,,15.0,2.0,,,10.0,,,,,,,,,,,,,,,,,,,,,,40.0,,,,,,,,,,,,,
907,Creatine Monohydrate,Ultimate Nutrition,1.0,sendok teh (5 g),20.0,,,0.4,,0.0,0.0,0.0,,,,0.0,,,,,,,,,,,,,,,,,,,,,,,,,,,,,,,,,,,,,,,
908,Creatine Powder,Optimum Nutrition,1.0,serving (5 g),0.0,,,0.0,,0.0,0.0,,,,,,,,,,,,,,,,,,,,,,,,,,,,,,,,,,,,,,,,,,,,
909,Creatine Strawberry,Rimbalife,0.0,0,0.0,0.0,0.0,0.0,0.0,0.0,0.0,0.0,0.0,0.0,0.0,0.0,0.0,0.0,0.0,0.0,0.0,0.0,0.0,0.0,0.0,0.0,0.0,0.0,0.0,0.0,0.0,0.0,0.0,0.0,0.0,0.0,0.0,0.0,0.0,0.0,0.0,0.0,0.0,0.0,0.0,0.0,0.0,0.0,0.0,0.0,0.0,0.0,0.0,0.0,0.0
910,Creme Dessert Chocolat,Elle & Vire,100.0,g,100.0,,,16.0,,3.0,3.0,2.0,,,,,1.0,,,14.0,,,,,,,,,,,,,,,,,,,,,,70.0,,,,,,,,,,,,,
911,Creme Pudding (120g),Elle & Vire,1.0,cup (120 g),124.0,,,21.0,,3.0,3.0,2.0,,,,,,,,21.0,,,,,,,,,,,,,,,,,,,,,,,,,,,,,,,,,,,
912,Crepes Chocobanana,Deka,1.0,serving (10 g),45.0,,,8.0,,0.0,1.5,1.0,,,,,,,,3.0,,,,,,,,,,,,,,,,,,,,,,20.0,,,,,,,,,,,,,
913,Crisp Crepes Matcha,Deka,1.0,takaran saji (30 g),130.0,,,24.0,,2.0,3.5,2.0,,,,0.0,1.0,,,10.0,,,,,,,,,,,,,,,,,,,,,,250.0,,,,,,,,,,,,,
914,Crispy Balls And Chocolate Malt,Aice,1.0,porsi (65 ml),80.0,,,10.0,,1.0,4.0,3.0,,,,0.0,1.0,,,7.0,,,,,,,,,,,,,,,,,,,,,,15.0,,,,,,,,,,,,,
915,Crispy Balls Cookies N’ Cream,Aice,1.0,porsi (65 ml),90.0,,,10.0,,1.0,5.0,,4.0,,,0.0,1.0,,,6.0,,,,,,,,,,,,,,,,,,,,,,20.0,,,,,,,,,,,,,
916,Crispy Cereal Bar,Bella,1.0,bar (16 g),80.0,,,10.0,,1.0,5.0,5.0,,,,0.0,1.0,,,6.0,,,,,,,,,,,,,,,,,,,,,,40.0,,,,,,,,,,,,,
917,Crispy Chicken Mentai,Janji Jiwa,1.0,porsi (300 g),731.0,,,76.72,,23.39,37.0,15.0,,,,7.0,4.0,,,5.0,,,,,,,,,,,,,,,,,,,,,,1862.0,54.0,,,,,,,,,,,,
918,Crispy Chicken Nugget,Kanzler,1.0,buah (57 g),150.0,,,10.0,,8.0,9.0,4.0,,,,,,,,0.0,,,,,,,,,,,,,,,,,,,,,,250.0,,,,,,,,,,,,,
919,Crispy Chicken Nugget,Yona,100.0,g,210.0,,,16.0,,16.0,9.0,3.5,,,,,,,,0.0,,,,,,,,,,,,,,,,,,,,,,600.0,,,,,,,,,,,,,
920,Crispy Chicken Nugget Spicy,Kanzler,1.0,porsi (75 g),200.0,,,8.0,,12.0,13.0,6.0,,,,,,,,0.0,,,,,,,,,,,,,,,,,,,,,,540.0,,,,,,,,,,,,,
921,Crispy Chicken Nugget Stick,Kanzler,1.0,sajian (75 g),210.0,,,10.0,,12.0,14.0,6.0,,,,,,,,0.0,,,,,,,,,,,,,,,,,,,,,,340.0,,,,,,,,,,,,,
922,Crispy Chocolate,Bella,1.0,bar (25 g),140.0,,,14.0,,2.0,9.0,,,,,,,,,,,,,,,,,,,,,,,,,,,,,,,,,,,,,,,,,,,,
923,Crispy Crackers,Aim Biscuits,8.0,keping (20 g),90.0,,,14.0,,2.0,3.5,,,,,,,,,2.0,,,,,,,,,,,,,,,,,,,,,,55.0,25.0,,,,,,,,,,,,
924,Crispy Crackers,Nissin,3.0,keping (30 g),150.0,,,21.0,,2.0,6.0,5.0,,,,,,,,3.0,,,,,,,,,,,,,,,,,,,,,,190.0,,,,,,,,,,,,,
925,Crispy Crackers,Oops,1.0,porsi (14 g),70.0,,,10.0,,1.0,2.5,1.0,,,,,,,,1.0,,,,,,,,,,,,,,,,,,,,,,135.0,40.0,,,,,,,,,,,,
926,Crispy Fish Skin,Woh,1.0,sajian (25 g),120.0,,,5.0,,12.0,6.0,2.5,,,,0.0,,,,0.0,,,,,,,,,,,,,,,,,,,,,,180.0,,,,,,,,,,,,,
927,Crispy Noodle Snack,Baby Star,1.0,serving (15 g),80.0,,,9.0,,1.0,4.0,,,,,,,,,1.0,,,,,,,,,,,,,,,,,,,,,,130.0,,,,,,,,,,,,,
928,Crispy Seafood Saus Padang,Healthy Go,1.0,porsi,466.0,,,48.0,,32.0,16.0,,,,,,,,,,,,,,,,,,,,,,,,,,,,,,,,,,,,,,,,,,,,
929,Crispy Seaweed,Tao Kae Noi,100.0,g,25.0,,,1.0,,1.0,2.5,1.5,,,,0.0,0.0,,,0.0,,,,,,,,,,,,,,,,,,,,,,15.0,0.0,,,,,,,,,,,,
930,Crispy Seaweed Big Sheet Classic Flavor,Tao Kae Noi,1.0,bungkus (4 g),25.0,,,1.0,,1.0,2.5,1.5,,,,0.0,0.0,,,0.0,,,,,,,,,,,,,,,,,,,,,,25.0,,,,,,,,,,,,,
931,Crispy Seaweed Big Sheet Japanese Sauce Flavor,Tao Kae Noi,1.0,bungkus (4 g),15.0,,,1.0,,1.0,1.0,,,,,0.0,1.0,,,,,,,,,,,,,,,,,,,,,,,,,15.0,,,,,,,,,,,,,
932,Crispy Seaweed Big Sheet Spicy Flavor,Tao Kae Noi,1.0,pack (4 g),25.0,,,1.0,,1.0,2.5,1.0,,,,0.0,0.0,,,0.0,,,,,,,,,,,,,,,,,,,,,,20.0,,,,,,,,,,,,,
933,Crispy Seaweed Original,Tao Kae Noi,1.0,medium pack (4 g),25.0,,,1.0,,1.0,2.5,1.0,,,,0.0,1.0,,,0.0,,,,,,,,,,,,,,,,,,,,,,15.0,20.0,,,,,,,,,,,,
934,Crispy Seaweed Spicy Flavor,Tao Kae Noi,1.0,bungkus (4 g),20.0,,,2.0,,1.0,1.0,1.0,1.5,0.5,,0.0,1.0,,,0.0,,,,,,,,,,,,,,,,,,,,,,20.0,20.0,,,,,,,,,,,,
935,Crispy Toast,Kartika Sari,0.0,0,0.0,0.0,0.0,0.0,0.0,0.0,0.0,0.0,0.0,0.0,0.0,0.0,0.0,0.0,0.0,0.0,0.0,0.0,0.0,0.0,0.0,0.0,0.0,0.0,0.0,0.0,0.0,0.0,0.0,0.0,0.0,0.0,0.0,0.0,0.0,0.0,0.0,0.0,0.0,0.0,0.0,0.0,0.0,0.0,0.0,0.0,0.0,0.0,0.0,0.0,0.0
936,Crispy Toast Cream Vanilla,Kartika Sari,1.0,serving (15 g),80.0,,,9.0,,1.0,3.5,2.0,,,,,1.0,,,3.0,,,,,,,,,,,,,,,,,,,,,,70.0,,,,,,,,,,,,,
937,Croffle,Dear Butter,1.0,potong (67 g),272.0,,,31.0,,5.5,14.0,,,,,,1.7,,,7.5,,,,,,,,,,,,,,,,,,,,,,,,,,,,,,,,,,,
938,Croissant,Jetz,0.0,0,0.0,0.0,0.0,0.0,0.0,0.0,0.0,0.0,0.0,0.0,0.0,0.0,0.0,0.0,0.0,0.0,0.0,0.0,0.0,0.0,0.0,0.0,0.0,0.0,0.0,0.0,0.0,0.0,0.0,0.0,0.0,0.0,0.0,0.0,0.0,0.0,0.0,0.0,0.0,0.0,0.0,0.0,0.0,0.0,0.0,0.0,0.0,0.0,0.0,0.0,0.0
939,Crunch & Creamy,Yoforia,1.0,porsi (90 g),120.0,,,15.0,,3.0,5.0,3.5,0.0,0.0,,15.0,2.0,,,10.0,,,,,,,,,,,,,,,,,,,,,,40.0,0.0,,,,,,,,,,,,
940,Crunchie,Cadbury,1.0,unit (15 g),70.0,,,12.1,,1.0,2.2,1.4,,,,,,,,10.3,,,,,,,,,,,,,,,,,,,,,,56.0,,,,,,,,,,,,,
941,Crunchy Bubble Crumb Nugget,Richeese,100.0,g,310.0,,,20.0,,15.0,18.0,9.0,,,,25.0,,,,0.0,,,,,,,,,,,,,,,,,,,,,,990.0,,,,,,,,,,,,,
942,Crunchy Choco Cheese,Janji Jiwa,1.0,porsi (285 g),1110.0,,,146.0,,20.0,50.0,21.0,,,,42.0,8.0,,,33.21,,,,,,,,,,,,,,,,,,,,,,1136.0,39.0,,,,,,,,,,,,
943,Crunchy Choco Lava,Joyday,1.0,bungkus (65 ml),180.0,,,18.0,,2.0,12.0,8.0,,,,,,,,11.0,,,,,,,,,,,,,,,,,,,,,,35.0,,,,,,,,,,,,,
944,Crunchy Chocolate Blueberry,Joyday,1.0,bungkus (65 g),180.0,,,16.0,,1.0,12.0,7.0,,,,,,,,11.0,,,,,,,,,,,,,,,,,,,,,,30.0,,,,,,,,,,,,,
945,Crunchy Chocolate Malt,Joyday,1.0,bungkus (75 g),200.0,,,14.0,,1.0,15.0,9.5,,,,,,,,12.0,,,,,,,,,,,,,,,,,,,,,,30.0,,,,,,,,,,,,,
946,Crunchy Cookies Cream,Joyday,1.0,bungkus (70 ml),190.0,,,19.0,,1.0,12.0,8.0,,,,,,,,12.0,,,,,,,,,,,,,,,,,,,,,,55.0,,,,,,,,,,,,,
947,Crunchy Double Chocolate,Joyday,1.0,bungkus  (70 g),120.0,,,19.0,,2.0,4.5,3.5,,,,,,,,11.0,,,,,,,,,,,,,,,,,,,,,,40.0,,,,,,,,,,,,,
948,Crunchy Gluten Free Cookies Blackthins,Ladang Lima,0.0,0,0.0,0.0,0.0,0.0,0.0,0.0,0.0,0.0,0.0,0.0,0.0,0.0,0.0,0.0,0.0,0.0,0.0,0.0,0.0,0.0,0.0,0.0,0.0,0.0,0.0,0.0,0.0,0.0,0.0,0.0,0.0,0.0,0.0,0.0,0.0,0.0,0.0,0.0,0.0,0.0,0.0,0.0,0.0,0.0,0.0,0.0,0.0,0.0,0.0,0.0,0.0
949,Crunchy Malt Spread,Bella,1.0,porsi (30 g),170.0,,,17.0,,2.0,10.0,,,,,0.0,4.0,,,12.0,,,,,,,,,,,,,,,,,,,,,,20.0,,,,,,,,,,,,,
950,Crunchy Nugget,Champ,100.0,g,300.0,,,20.0,,11.0,20.0,9.0,,,,,,,,1.0,,,,,,,,,,,,,,,,,,,,,,550.0,,,,,,,,,,,,,
951,Crunchy Peanut Butter,Dale's Farm,1.0,porsi (30 g),170.0,,,7.0,,7.0,13.0,1.5,,,,0.0,,,,3.0,,,,,,,,,,,,,,,,,,,,,,10.0,,,,,,,,,,,,,
952,Crunchy Peanut Butter,Sanitarium,1.0,sdm (20 g),122.0,,,1.4,,6.0,10.2,1.7,1.5,7.0,,0.0,1.2,,,1.1,,,,,,,,,,,,,,,,,,,,,,80.0,112.0,,,,,,,,,,,,
953,Crunchy Peanut Butter,Y-Nut,1.0,porsi (20 g),130.0,,,4.0,,5.0,10.0,2.0,,,,,,,,1.0,,,,,,,,,,,,,,,,,,,,,,90.0,,,,,,,,,,,,,
954,Crunchy Tasty Stick,Cem-Cem,1.0,porsi (10 g),60.0,,,5.0,,1.0,3.5,1.5,,,,0.0,,,,0.0,,,,,,,,,,,,,,,,,,,,,,95.0,70.0,,,,,,,,,,,,
955,Crush Watermelon,Rejuve,1.0,porsi (250 ml),80.0,,,19.0,,2.0,0.0,0.0,0.0,0.0,,0.0,5.0,,,12.0,,,,,,,,,,,,,,,,,,,,,,0.0,,,,,,,,,,,,,
956,Crushed Fruits Blueberry Yogurt,Pocky,1.0,porsi (38 g),190.0,,,26.0,,3.0,8.0,7.0,,,,0.0,1.0,,,13.0,,,,,,,,,,,,,,,,,,,,,,65.0,,,,,,,,,,,,,
957,Crushed Nuts,Pocky,1.0,porsi (25 g),130.0,,,14.0,,3.0,7.0,4.0,,,,0.0,1.0,,,8.0,,,,,,,,,,,,,,,,,,,,,,35.0,,,,,,,,,,,,,
958,Crème Dessert Vanille Bourbon,Elle & Vire,100.0,g,106.0,,,17.9,,2.5,2.7,,,,,,,,,,,,,,,,,,,,,,,,,,,,,,,,,,,,,,,,,,,,
959,Cuka,Saus & Bumbu,1.0,sdm,3.0,,,0.01,,0.0,0.0,0.0,0.0,0.0,,0.0,0.0,,,0.01,,,,,,,,,,,,,,,,,,,,,,0.0,0.0,,,,,,,,,,,,
960,Cuka (Sari Apel),Saus & Bumbu,1.0,sdm,3.0,,,0.14,,0.0,0.0,0.0,0.0,0.0,,0.0,0.0,,,0.06,,,,,,,,,,,,,,,,,,,,,,1.0,11.0,,,,,,,,,,,,
961,Cuka Apel,Finega,2.0,sendok makan (30 ml),0.0,,,1.0,,0.0,0.0,0.0,0.0,0.0,,0.0,0.0,,,0.0,,,,,,,,,,,,,,,,,,,,,,0.0,0.0,,,,,,,,,,,,
962,Cumi Goreng,Ikan & Seafood,100.0,gram (g),125.0,,,9.9,,15.13,2.17,0.569,0.715,0.372,,217.0,0.5,,,0.66,,,,,,,,,,,,,,,,,,,,,,335.0,234.0,,,,,,,,,,,,
963,Cumi Kukus atau Rebus,Ikan & Seafood,100.0,gram (g),91.0,,,3.05,,15.45,1.37,0.355,0.52,0.106,,231.0,0.0,,,0.0,,,,,,,,,,,,,,,,,,,,,,367.0,244.0,,,,,,,,,,,,
964,Cumi-cumi,Ikan & Seafood,100.0,gram (g),92.0,,,3.08,,15.58,1.38,0.358,0.524,0.107,,233.0,0.0,,,0.0,,,,,,,,,,,,,,,,,,,,,,44.0,246.0,,,,,,,,,,,,
965,Cup Cake,Padimas,1.0,porsi (40 g),170.0,,,25.0,,2.0,7.0,3.5,,,,,,,,11.0,,,,,,,,,,,,,,,,,,,,,,120.0,,,,,,,,,,,,,
966,Cup Cup,Ngetop,1.0,(10 g),60.0,,,6.0,,0.0,3.5,1.5,,,,,,,,1.0,,,,,,,,,,,,,,,,,,,,,,65.0,,,,,,,,,,,,,
967,Curry,Samyang,1.0,bungkus (140 g),550.0,,,85.0,,13.0,18.0,9.0,,,,4.0,4.0,,,7.0,,,,,,,,,,,,,,,,,,,,,,1510.0,300.0,,,,,,,,,,,,
968,Custard Cake,Go Day,1.0,porsi (28 g),130.0,,,17.0,,2.0,7.0,3.0,,,,5.0,,,,5.0,,,,,,,,,,,,,,,,,,,,,,75.0,,,,,,,,,,,,,
969,Dada Ayam,Daging,100.0,gram (g),195.0,,,0.0,,29.55,7.72,2.172,1.646,3.005,,83.0,0.0,,,0.0,,,,,,,,,,,,,,,,,,,,,,393.0,243.0,,,,,,,,,,,,
970,Dada Ayam (Kulit tidak Dimakan),Daging,100.0,gram (g),164.0,,,0.0,,30.76,3.54,1.002,0.764,1.23,,84.0,0.0,,,0.0,,,,,,,,,,,,,,,,,,,,,,396.0,254.0,,,,,,,,,,,,
971,Dada Ayam Goreng tanpa Pelapis (Kulit Dimakan),Daging,100.0,gram (g),216.0,,,0.0,,31.67,9.1,2.414,2.091,3.583,,92.0,0.0,,,0.0,,,,,,,,,,,,,,,,,,,,,,430.0,267.0,,,,,,,,,,,,
972,Dada Ayam Masak,Daging,100.0,gram (g),110.0,,,0.0,,23.09,1.24,0.33,0.28,0.3,,58.0,0.0,,,0.0,,,,,,,,,,,,,,,,,,,,,,65.0,255.0,,,,,,,,,,,,
973,Daging,Makanan,0.0,0,0.0,0.0,0.0,0.0,0.0,0.0,0.0,0.0,0.0,0.0,0.0,0.0,0.0,0.0,0.0,0.0,0.0,0.0,0.0,0.0,0.0,0.0,0.0,0.0,0.0,0.0,0.0,0.0,0.0,0.0,0.0,0.0,0.0,0.0,0.0,0.0,0.0,0.0,0.0,0.0,0.0,0.0,0.0,0.0,0.0,0.0,0.0,0.0,0.0,0.0,0.0
974,Daging Ayam (Panggang),Daging,100.0,gram (g),111.0,,,0.0,,20.33,2.7,0.67,0.67,0.83,,65.0,0.0,,,0.0,,,,,,,,,,,,,,,,,,,,,,75.0,238.0,,,,,,,,,,,,
975,Daging Babi,Daging,100.0,gram (g),271.0,,,0.0,,27.34,17.04,6.168,1.438,7.576,,90.0,0.0,,,0.0,,,,,,,,,,,,,,,,,,,,,,384.0,351.0,,,,,,,,,,,,
976,Daging Babi Giling,Daging,100.0,gram (g),263.0,,,0.0,,16.88,21.19,7.87,1.91,9.44,,72.0,0.0,,,,,,,,,,,,,,,,,,,,,,,,,56.0,287.0,,,,,,,,,,,,
977,Daging Babi Panggang,Daging,100.0,gram (g),247.0,,,0.0,,26.98,14.59,5.348,1.205,6.483,,82.0,0.0,,,0.0,,,,,,,,,,,,,,,,,,,,,,221.0,406.0,,,,,,,,,,,,
978,Daging Bebek,Daging,100.0,gram (g),132.0,,,0.0,,18.28,5.95,2.32,0.75,1.54,,77.0,0.0,,,0.0,,,,,,,,,,,,,,,,,,,,,,74.0,271.0,,,,,,,,,,,,
"979,""Daging Dada  dan Kulit Kalkun (Dimasak, Dipanggang)"",Daging,100.0,gram (g),189.0,,,0.0,,28.71,7.41,2.1,1.8,2.45,,74.0,0.0,,,,,,,,,,,,,,,,,,,,,,,,,63.0,288.0,,,,,,,,,,,,"
980,Daging Dada Kalkun,Daging,100.0,gram (g),104.0,,,4.21,,17.07,1.66,0.48,0.274,0.54,,43.0,0.5,,,3.51,,,,,,,,,,,,,,,,,,,,,,1015.0,302.0,,,,,,,,,,,,
"981,""Daging Dada Kalkun (Digoreng, Dimasak, Dipanggang)"",Daging,100.0,gram (g),135.0,,,0.0,,30.06,0.74,0.24,0.2,0.13,,83.0,0.0,,,0.0,,,,,,,,,,,,,,,,,,,,,,52.0,292.0,,,,,,,,,,,,"
982,Daging Dada dan Kulit Kalkun,Daging,100.0,gram (g),157.0,,,0.0,,21.89,7.02,1.91,1.66,2.66,,65.0,0.0,,,,,,,,,,,,,,,,,,,,,,,,,59.0,275.0,,,,,,,,,,,,
983,Daging Domba,Daging,100.0,gram (g),292.0,,,0.0,,24.32,20.77,8.756,1.497,8.747,,96.0,0.0,,,0.0,,,,,,,,,,,,,,,,,,,,,,394.0,307.0,,,,,,,,,,,,
984,Daging Domba Panggang,Daging,100.0,gram (g),266.0,,,0.0,,23.93,18.15,7.633,1.394,7.533,,92.0,0.0,,,0.0,,,,,,,,,,,,,,,,,,,,,,228.0,281.0,,,,,,,,,,,,
"985,Daging Kornet,Daging,1.0,""irisan tipis (sekitar 11 cm x 6,5 cm x 0,3 cm)"",53.0,,,0.1,,3.82,3.99,1.331,0.141,1.936,,21.0,0.0,,,0.0,,,,,,,,,,,,,,,,,,,,,,238.0,30.0,,,,,,,,,,,,"
986,Daging Lada Hitam,Finna,1.0,porsi (13 g),35.0,,,5.0,,1.0,1.5,0.0,,,,0.0,1.0,,,4.0,,,,,,,,,,,,,,,,,,,,,,420.0,,,,,,,,,,,,,
987,Daging Paha Ayam (Ayam Pedaging),Daging,100.0,gram (g),119.0,,,0.0,,19.65,3.91,1.0,0.97,1.21,,83.0,0.0,,,0.0,,,,,,,,,,,,,,,,,,,,,,86.0,231.0,,,,,,,,,,,,
988,Daging Punggung Sapi (Hanya Bagian tanpa Lemak yang Dimakan),Daging,100.0,gram (g),230.0,,,0.0,,29.63,11.53,4.133,0.349,5.311,,93.0,0.0,,,0.0,,,,,,,,,,,,,,,,,,,,,,232.0,284.0,,,,,,,,,,,,
989,Daging Sapi,Daging,100.0,gram (g),288.0,,,0.0,,26.33,19.54,7.731,0.708,8.353,,87.0,0.0,,,0.0,,,,,,,,,,,,,,,,,,,,,,384.0,315.0,,,,,,,,,,,,
990,Daging Sapi (70% tidak Berlemak / 30% Lemak),Daging,100.0,gram (g),332.0,,,0.0,,14.35,30.0,11.289,0.696,13.161,,78.0,0.0,,,0.0,,,,,,,,,,,,,,,,,,,,,,67.0,218.0,,,,,,,,,,,,
991,Daging Sapi (85% tanpa Lemak / 15% Lemak),Daging,100.0,gram (g),215.0,,,0.0,,18.59,15.0,5.865,0.433,6.555,,68.0,0.0,,,0.0,,,,,,,,,,,,,,,,,,,,,,66.0,295.0,,,,,,,,,,,,
992,Daging Sapi (95% tanpa Lemak / 5% Lemak),Daging,100.0,gram (g),137.0,,,0.0,,21.41,5.0,2.25,0.257,2.151,,62.0,0.0,,,0.0,,,,,,,,,,,,,,,,,,,,,,66.0,346.0,,,,,,,,,,,,
993,Daging Sapi Ekstra tanpa Lemak,Daging,100.0,gram (g),248.0,,,0.0,,25.71,15.35,5.843,0.48,6.615,,89.0,0.0,,,0.0,,,,,,,,,,,,,,,,,,,,,,394.0,315.0,,,,,,,,,,,,
994,Daging Sapi Gaya Oriental dan Sup Beras ( Pho Bo Vietnam),Sup,1.0,mangkok,176.0,,,16.81,,17.35,3.86,1.403,0.239,1.584,,39.0,1.0,,,1.05,,,,,,,,,,,,,,,,,,,,,,669.0,305.0,,,,,,,,,,,,
995,Daging Sapi Giling,Daging,100.0,gram (g),276.0,,,0.0,,25.35,18.58,7.192,0.516,8.557,,88.0,0.0,,,0.0,,,,,,,,,,,,,,,,,,,,,,400.0,287.0,,,,,,,,,,,,
996,Daging Sapi Giling tanpa Lemak,Daging,100.0,gram (g),269.0,,,0.0,,25.54,17.67,6.71,0.513,7.833,,90.0,0.0,,,0.0,,,,,,,,,,,,,,,,,,,,,,397.0,302.0,,,,,,,,,,,,
997,Daging Sapi Panggang,Daging,100.0,gram (g),267.0,,,0.0,,25.91,17.32,6.813,0.627,7.355,,76.0,0.0,,,0.0,,,,,,,,,,,,,,,,,,,,,,217.0,292.0,,,,,,,,,,,,
998,Daging Sapi Panggang (Hanya Bagian tanpa Lemak yang Dimakan),Daging,100.0,gram (g),198.0,,,0.0,,28.32,8.52,3.228,0.281,3.531,,75.0,0.0,,,0.0,,,,,,,,,,,,,,,,,,,,,,217.0,306.0,,,,,,,,,,,,
999,Daging Sapi Rebus dengan Kentang dan Sayuran dalam Saus Tomat,Sup,1.0,mangkok,207.0,,,21.9,,16.63,5.75,1.502,1.444,2.142,,33.0,3.0,,,2.77,,,,,,,,,,,,,,,,,,,,,,547.0,630.0,,,,,,,,,,,,
1000,Daging Tuna dalam Minyak,Vinisi,1.0,takaran saji (57 g),70.0,,,0.0,,16.0,1.0,,,,,38.0,,,,,,,,,,,,,,,,,,,,,,,,,,,135.0,,,,,,,,,,,,
1001,Daging dan Kulit Ayam (Panggang),Daging,100.0,gram (g),216.0,,,0.0,,17.14,15.85,4.53,3.4,6.64,,73.0,0.0,,,0.0,,,,,,,,,,,,,,,,,,,,,,68.0,196.0,,,,,,,,,,,,
"1002,Daging dan Kulit Sayap Ayam (Ayam Pedaging),Daging,1.0,""sayap, tulang dihilangkan (hasil dari 450 g - ayam siap dimasak)"",64.0,,,0.0,,5.32,4.63,1.299,0.983,1.842,,22.0,0.0,,,0.0,,,,,,,,,,,,,,,,,,,,,,21.0,45.0,,,,,,,,,,,,"
1003,Daily Greens,Mama Roz,0.0,0,0.0,0.0,0.0,0.0,0.0,0.0,0.0,0.0,0.0,0.0,0.0,0.0,0.0,0.0,0.0,0.0,0.0,0.0,0.0,0.0,0.0,0.0,0.0,0.0,0.0,0.0,0.0,0.0,0.0,0.0,0.0,0.0,0.0,0.0,0.0,0.0,0.0,0.0,0.0,0.0,0.0,0.0,0.0,0.0,0.0,0.0,0.0,0.0,0.0,0.0,0.0
1004,Dairy Milk Black Forest,Cadbury,1.0,porsi (25 g),130.0,,,19.0,,2.0,8.0,4.5,,,,3.0,3.0,,,16.0,,,,,,,,,,,,,,,,,,,,,,25.0,,,,,,,,,,,,,
1005,Dairy Milk Cashew Nut,Cadbury,1.0,batang (30 g),160.0,,,16.0,,3.0,10.0,5.0,,,,5.0,,,,14.0,,,,,,,,,,,,,,,,,,,,,,20.0,,,,,,,,,,,,,
1006,Dairy Milk Chocholate,Cadbury,1.0,slice (30 g),160.0,,,18.0,,2.0,9.0,5.0,,,,9.0,3.0,,,15.0,,,,,,,,,,,,,,,,,,,,,,20.0,,,,,,,,,,,,,
"1007,Dairy Milk Chocolate,Cadbury,1.0,""serving (4,5 g)"",25.0,,,3.0,,0.0,1.5,1.0,0.0,0.0,,0.0,0.0,,,2.0,,,,,,,,,,,,,,,,,,,,,,0.0,,,,,,,,,,,,,"
"1008,Dairy Milk Chunks,Cadbury,1.0,""porsi  (4,5 g)"",22.0,,,2.4,,0.3,1.3,0.8,0.1,0.4,,0.0,0.2,,,2.3,,,,,,,,,,,,,,,,,,,,,,5.0,0.0,,,,,,,,,,,,"
"1009,Dairy Milk Coffee,Cadbury,1.0,""porsi (20,6 g)"",110.0,,,13.0,,1.0,6.0,4.0,,,,0.0,1.0,,,12.0,,,,,,,,,,,,,,,,,,,,,,20.0,,,,,,,,,,,,,"
1010,Dairy Milk Fruit & Nut,Cadbury,1.0,potong (25 g),130.0,,,14.0,,2.0,8.0,3.0,,,,5.0,1.0,,,12.0,,,,,,,,,,,,,,,,,,,,,,15.0,,,,,,,,,,,,,
1011,Dairy Milk Hazelnut,Cadbury,1.0,porsi (30 g),170.0,,,15.0,,3.0,11.0,5.0,,,,3.0,0.0,,,13.0,,,,,,,,,,,,,,,,,,,,,,25.0,,,,,,,,,,,,,
1012,Dairy Milk Lickables,Cadbury,1.0,takaran saji. (1 kemasan) (20 g),100.0,,,12.0,,1.0,5.0,2.0,,,,3.0,1.0,,,9.0,,,,,,,,,,,,,,,,,,,,,,45.0,,,,,,,,,,,,,
1013,Dairy Milk Oreo,Cadbury,1.0,batang (29 g),160.0,,,17.0,,2.0,10.0,,,,,4.0,,,,14.0,,,,,,,,,,,,,,,,,,,,,,,,,,,,,,,,,,,
1014,Dancing Tuna,Salad Point,0.0,0,0.0,0.0,0.0,0.0,0.0,0.0,0.0,0.0,0.0,0.0,0.0,0.0,0.0,0.0,0.0,0.0,0.0,0.0,0.0,0.0,0.0,0.0,0.0,0.0,0.0,0.0,0.0,0.0,0.0,0.0,0.0,0.0,0.0,0.0,0.0,0.0,0.0,0.0,0.0,0.0,0.0,0.0,0.0,0.0,0.0,0.0,0.0,0.0,0.0,0.0,0.0
1015,Dancing Tuna Wrap,Salad Point,1.0,porsi,301.0,,,37.0,,15.0,19.0,,,,,18000.0,3.0,,,9.0,,,,,,,,,,,,,,,,,,,,,,385.0,,,,,,,,,,,,,
1016,Dancow Fortigro (Instant Cokelat),Nestle,0.0,0,0.0,0.0,0.0,0.0,0.0,0.0,0.0,0.0,0.0,0.0,0.0,0.0,0.0,0.0,0.0,0.0,0.0,0.0,0.0,0.0,0.0,0.0,0.0,0.0,0.0,0.0,0.0,0.0,0.0,0.0,0.0,0.0,0.0,0.0,0.0,0.0,0.0,0.0,0.0,0.0,0.0,0.0,0.0,0.0,0.0,0.0,0.0,0.0,0.0,0.0,0.0
1017,Dancow Fortigro Cokelat,Dancow,1.0,box (180 ml),120.0,,,17.0,,4.0,4.0,2.0,,,,10.0,,,,16.0,,,,,,,,,,,,,,,,,,,,,,125.0,,,,,,,,,,,,,
1018,Dancow Fortigro Instant,Nestle,0.0,0,0.0,0.0,0.0,0.0,0.0,0.0,0.0,0.0,0.0,0.0,0.0,0.0,0.0,0.0,0.0,0.0,0.0,0.0,0.0,0.0,0.0,0.0,0.0,0.0,0.0,0.0,0.0,0.0,0.0,0.0,0.0,0.0,0.0,0.0,0.0,0.0,0.0,0.0,0.0,0.0,0.0,0.0,0.0,0.0,0.0,0.0,0.0,0.0,0.0,0.0,0.0
1019,Dancow Fortigro Vanilla,Dancow,100.0,ml,70.0,,,10.0,,2.0,2.0,,,,,3.0,,,,10.0,,,,,,,,,,,,,,,,,,,,,,,,,,,,,,,,,,,
1020,Dancow Full Cream,Nestle,0.0,0,0.0,0.0,0.0,0.0,0.0,0.0,0.0,0.0,0.0,0.0,0.0,0.0,0.0,0.0,0.0,0.0,0.0,0.0,0.0,0.0,0.0,0.0,0.0,0.0,0.0,0.0,0.0,0.0,0.0,0.0,0.0,0.0,0.0,0.0,0.0,0.0,0.0,0.0,0.0,0.0,0.0,0.0,0.0,0.0,0.0,0.0,0.0,0.0,0.0,0.0,0.0
1021,Dancow Instant Coklat,Nestle,0.0,0,0.0,0.0,0.0,0.0,0.0,0.0,0.0,0.0,0.0,0.0,0.0,0.0,0.0,0.0,0.0,0.0,0.0,0.0,0.0,0.0,0.0,0.0,0.0,0.0,0.0,0.0,0.0,0.0,0.0,0.0,0.0,0.0,0.0,0.0,0.0,0.0,0.0,0.0,0.0,0.0,0.0,0.0,0.0,0.0,0.0,0.0,0.0,0.0,0.0,0.0,0.0
1022,Danish Pastry,Edo,1.0,porsi (50 g),200.0,,,25.0,,6.0,8.0,4.5,,,,,,,,2.0,,,,,,,,,,,,,,,,,,,,,,220.0,,,,,,,,,,,,,
1023,Danish Roll Triple Cheese,Yamazaki,1.0,bungkus (50 g),170.0,,,23.0,,4.0,7.0,3.0,0.0,0.0,,0.0,3.0,,,3.0,,,,,,,,,,,,,,,,,,,,,,300.0,,,,,,,,,,,,,
1024,Dark Cappucino,Caffino,1.0,bungkus  (25 g),110.0,,,20.0,,1.0,3.0,3.0,,,,,1.0,,,13.0,,,,,,,,,,,,,,,,,,,,,,60.0,,,,,,,,,,,,,
1025,Dark Choco,Fitbreak,1.0,jar (70 g),324.0,,,42.0,,10.0,13.0,,,,,,8.0,,,,,,,,,,,,,,,,,,,,,,,,,,,,,,,,,,,,,,
1026,Dark Choco,Go Milky Go,1.0,sachet (14 g),50.0,,,11.0,,1.0,0.5,,,,,,,,,6.0,,,,,,,,,,,,,,,,,,,,,,100.0,,,,,,,,,,,,,
1027,Dark Choco Almond Cheese Cookies,Namaste Organic,0.0,0,0.0,0.0,0.0,0.0,0.0,0.0,0.0,0.0,0.0,0.0,0.0,0.0,0.0,0.0,0.0,0.0,0.0,0.0,0.0,0.0,0.0,0.0,0.0,0.0,0.0,0.0,0.0,0.0,0.0,0.0,0.0,0.0,0.0,0.0,0.0,0.0,0.0,0.0,0.0,0.0,0.0,0.0,0.0,0.0,0.0,0.0,0.0,0.0,0.0,0.0,0.0
1028,Dark Chocolate,Ikea,1.0,serving (25 g),140.0,,,14.0,,2.0,8.0,5.0,,,,,3.0,,,8.0,,,,,,,,,,,,,,,,,,,,,,5.0,,,,,,,,,,,,,
1029,Dark Chocolate,The RR Chocolate,1.0,porsi (25 g),150.0,,,13.0,,2.0,10.0,6.0,,,,,,,,7.0,,,,,,,,,,,,,,,,,,,,,,10.0,,,,,,,,,,,,,
1030,Dark Chocolate Blueberry,The RR Chocolate,1.0,serving (25 g),130.0,,,16.0,,1.0,6.0,4.0,,,,,,,,11.0,,,,,,,,,,,,,,,,,,,,,,10.0,,,,,,,,,,,,,
1031,Dark Chocolate Chips,Ceres,1.0,porsi (20 g),100.0,,,13.0,,1.0,4.5,3.0,,,,,,,,10.0,,,,,,,,,,,,,,,,,,,,,,0.0,,,,,,,,,,,,,
1032,Dark Chocolate Coffee,The RR Chocolate,1.0,serving (9 g),50.0,,,5.0,,0.0,3.5,2.0,,,,,,,,3.0,,,,,,,,,,,,,,,,,,,,,,,,,,,,,,,,,,,
1033,Dark Chocolate Muffin,Fit Solution,1.0,porsi (250 g),168.0,,,14.0,,5.5,10.0,,,,,,,,,,,,,,,,,,,,,,,,,,,,,,,,,,,,,,,,,,,,
1034,Dark Chocolate Orange,The RR Chocolate,1.0,porsi (9 g),50.0,,,6.0,,0.0,2.5,1.5,,,,,,,,3.0,,,,,,,,,,,,,,,,,,,,,,0.0,,,,,,,,,,,,,
1035,Dark Chocolate Whole Almond,The RR Chocolate,1.0,serving (25 g),150.0,,,11.0,,3.0,10.0,4.5,,,,,,,,7.0,,,,,,,,,,,,,,,,,,,,,,0.0,,,,,,,,,,,,,
1036,Dark Milk Almonds,Van Houten,1.0,serving (20 g),114.0,,,9.6,,2.3,7.4,4.0,,,,0.0,1.0,,,8.0,,,,,,,,,,,,,,,,,,,,,,15000.0,,,,,,,,,,,,,
1037,Dark Milk Chocolate,Van Houten,1.0,porsi (20 g),110.0,,,11.0,,2.0,7.0,4.0,,,,0.0,1.0,,,9.0,,,,,,,,,,,,,,,,,,,,,,10.0,,,,,,,,,,,,,
1038,Dark Milk Fruit & Nut,Van Houten,1.0,serving (20 g),110.0,,,10.0,,2.0,7.0,3.5,,,,0.0,1.0,,,8.0,,,,,,,,,,,,,,,,,,,,,,15.0,,,,,,,,,,,,,
1039,Dark Soy Sauce,Lee Kum Kee,1.0,serving (15 ml),25.0,,,5.0,,1.0,0.0,0.0,,,,,,,,2.0,,,,,,,,,,,,,,,,,,,,,,1110.0,,,,,,,,,,,,,
1040,Daun Bawang,Sayuran,100.0,gram (g),61.0,,,14.15,,1.5,0.3,0.04,0.166,0.004,,0.0,1.8,,,3.9,,,,,,,,,,,,,,,,,,,,,,20.0,180.0,,,,,,,,,,,,
1041,Daun Bawang (Loncang),Sayuran,100.0,gram (g),32.0,,,7.34,,1.83,0.19,0.032,0.074,0.027,,0.0,2.6,,,2.33,,,,,,,,,,,,,,,,,,,,,,16.0,276.0,,,,,,,,,,,,
1042,Daun Kelor,dari BUMI,1.0,porsi (15 g),50.0,,,8.0,,3.0,1.0,,,,,0.0,5.0,,,2.0,,,,,,,,,,,,,,,,,,,,,,30.0,,,,,,,,,,,,,
1043,Daun Kelor Bubuk,dari BUMI,1.0,sdm (15 g),50.0,,,8.0,,3.0,1.0,0.0,,,,0.0,5.0,,,2.0,,,,,,,,,,,,,,,,,,,,,,,,,,,,,,,,,,,
1044,Deep Roast Oolong Milk Tea,Teazzi,100.0,ml,90.0,,,13.0,,0.0,4.0,,,,,,,,,7.0,,,,,,,,,,,,,,,,,,,,,,,,,,,,,,,,,,,
1045,Deka Crepes Choconut,Deka,1.0,porsi (10 g),45.0,,,8.0,,0.0,1.5,0.5,,,,,,,,4.0,,,,,,,,,,,,,,,,,,,,,,15.0,,,,,,,,,,,,,
1046,Delbis Special Gandum,Kapal Api,0.0,0,0.0,0.0,0.0,0.0,0.0,0.0,0.0,0.0,0.0,0.0,0.0,0.0,0.0,0.0,0.0,0.0,0.0,0.0,0.0,0.0,0.0,0.0,0.0,0.0,0.0,0.0,0.0,0.0,0.0,0.0,0.0,0.0,0.0,0.0,0.0,0.0,0.0,0.0,0.0,0.0,0.0,0.0,0.0,0.0,0.0,0.0,0.0,0.0,0.0,0.0,0.0
1047,Delbis Special Sandwich Pinkberry,Kapal Api,1.0,kemasan (18 g),90.0,,,12.0,,1.0,4.0,2.0,,,,4.0,,,,4.0,,,,,,,,,,,,,,,,,,,,,,45.0,,,,,,,,,,,,,
1048,Deli Chips,WRP,0.0,0,0.0,0.0,0.0,0.0,0.0,0.0,0.0,0.0,0.0,0.0,0.0,0.0,0.0,0.0,0.0,0.0,0.0,0.0,0.0,0.0,0.0,0.0,0.0,0.0,0.0,0.0,0.0,0.0,0.0,0.0,0.0,0.0,0.0,0.0,0.0,0.0,0.0,0.0,0.0,0.0,0.0,0.0,0.0,0.0,0.0,0.0,0.0,0.0,0.0,0.0,0.0
1049,Deli Chips Mix Fruit,WRP,0.0,0,0.0,0.0,0.0,0.0,0.0,0.0,0.0,0.0,0.0,0.0,0.0,0.0,0.0,0.0,0.0,0.0,0.0,0.0,0.0,0.0,0.0,0.0,0.0,0.0,0.0,0.0,0.0,0.0,0.0,0.0,0.0,0.0,0.0,0.0,0.0,0.0,0.0,0.0,0.0,0.0,0.0,0.0,0.0,0.0,0.0,0.0,0.0,0.0,0.0,0.0,0.0
1050,Delisaos Hot Lava Korean Chicken Sauce,Mama Suka,0.0,0,0.0,0.0,0.0,0.0,0.0,0.0,0.0,0.0,0.0,0.0,0.0,0.0,0.0,0.0,0.0,0.0,0.0,0.0,0.0,0.0,0.0,0.0,0.0,0.0,0.0,0.0,0.0,0.0,0.0,0.0,0.0,0.0,0.0,0.0,0.0,0.0,0.0,0.0,0.0,0.0,0.0,0.0,0.0,0.0,0.0,0.0,0.0,0.0,0.0,0.0,0.0
1051,Delisaos Hot Lava Korean Chicken Sauce Honey Garlic,Mama Suka,1.0,porsi (10 g),25.0,,,6.0,,0.0,0.0,0.0,,,,0.0,,,,4.0,,,,,,,,,,,,,,,,,,,,,,40.0,,,,,,,,,,,,,
1052,Delisaos Hot Lava Volcano,Mama Suka,0.0,0,0.0,0.0,0.0,0.0,0.0,0.0,0.0,0.0,0.0,0.0,0.0,0.0,0.0,0.0,0.0,0.0,0.0,0.0,0.0,0.0,0.0,0.0,0.0,0.0,0.0,0.0,0.0,0.0,0.0,0.0,0.0,0.0,0.0,0.0,0.0,0.0,0.0,0.0,0.0,0.0,0.0,0.0,0.0,0.0,0.0,0.0,0.0,0.0,0.0,0.0,0.0
"1053,Dendeng Sapi,Makanan Ringan,1.0,""buah, besar"",82.0,,,2.2,,6.64,5.12,2.17,0.202,2.261,,10.0,0.4,,,1.8,,,,,,,,,,,,,,,,,,,,,,443.0,119.0,,,,,,,,,,,,"
1054,Detox Shot,Acaii Tea,1.0,serving,75.0,,,15.0,,0.0,0.0,,,,,0.0,,,,,,,,,,,,,,,,,,,,,,,,,,,,,,,,,,,,,,,
1055,Diet Bolognese,Health's Kitchen,1.0,porsi,487.0,,,71.3,,36.3,3.8,,,,,,4.2,,,,,,,,,,,,,,,,,,,,,,,,,,,,,,,,,,,,,,
1056,Diet Nutrition,Entrasol,1.0,bedak wangi (50 g),200.0,,,35.0,,10.0,3.0,0.0,,,,,,,,0.0,,,,,,,,,,,,,,,,,,,,,,,,,,,,,,,,,,,
1057,Diet Soda,Minuman,1.0,kaleng (350 ml),4.0,,,0.84,,0.39,0.07,0.0,0.0,0.0,,0.0,0.0,,,0.0,,,,,,,,,,,,,,,,,,,,,,28.0,25.0,,,,,,,,,,,,
1058,Diet Sugar,Thermolyte,1.0,sachet (1 g),0.0,,,1.0,,0.0,0.0,0.0,0.0,0.0,,0.0,0.0,,,0.0,,,,,,,,,,,,,,,,,,,,,,0.0,0.0,,,,,,,,,,,,
"1059,Diet Tea,WRP,1.0,""cangkir (2,5 g)"",10.0,,,2.0,,0.0,0.0,0.0,,,,0.0,0.0,,,0.0,,,,,,,,,,,,,,,,,,,,,,10.0,2.0,,,,,,,,,,,,"
1060,Diet Whey Protein Isolate 90,The Protein Works,1.0,scoop (25 g),91.0,,,1.1,,22.0,0.2,0.1,,,,,,,,0.9,,,,,,,,,,,,,,,,,,,,,,0.0,,,,,,,,,,,,,
1061,Dilan Chocolate Crunchy Caramel,Garuda,1.0,pcs (15 g),70.0,,,10.0,,1.0,3.5,2.5,,,,0.0,2.0,,,5.0,,,,,,,,,,,,,,,,,,,,,,10.0,,,,,,,,,,,,,
1062,Dilan Oat Crunch Chocolate,Garuda,1.0,bungkus  (10 g),50.0,,,9.0,,1.0,2.5,2.0,,,,,1.0,,,2.0,,,,,,,,,,,,,,,,,,,,,,15.0,,,,,,,,,,,,,
1063,Dilan Sandwich,Garuda,1.0,bungkus (16 g),80.0,,,9.0,,1.0,4.0,2.5,,,,,1.0,,,5.0,,,,,,,,,,,,,,,,,,,,,,45.0,,,,,,,,,,,,,
1064,Dimasak Hidup-hidup,Ikan & Seafood,100.0,gram (g),133.0,,,0.41,,22.0,4.24,0.867,1.222,1.621,,56.0,0.0,,,0.09,,,,,,,,,,,,,,,,,,,,,,417.0,427.0,,,,,,,,,,,,
1065,Dimsum,Indoprima,1.0,potong (17 g),20.0,,,2.0,,2.0,0.5,0.0,0.0,0.0,,0.0,0.0,,,0.0,,,,,,,,,,,,,,,,,,,,,,0.0,0.0,,,,,,,,,,,,
1066,Dimsum,Lainnya,100.0,gram (g),112.0,,,9.56,,11.55,2.64,0.74,0.542,0.971,,48.0,0.5,,,0.57,,,,,,,,,,,,,,,,,,,,,,435.0,188.0,,,,,,,,,,,,
1067,Dinner Roll,Rious,1.0,buah (50 g),210.0,,,25.0,,3.0,11.0,6.0,,,,10.0,1.0,,,10.0,,,,,,,,,,,,,,,,,,,,,,140.0,,,,,,,,,,,,,
1068,Dipanggang Hidup-hidup,Ikan & Seafood,100.0,gram (g),133.0,,,0.41,,22.0,4.24,0.867,1.222,1.621,,56.0,0.0,,,0.09,,,,,,,,,,,,,,,,,,,,,,417.0,427.0,,,,,,,,,,,,
1069,Disco Original,Kacang Ayam,1.0,takaran saji (30 g),120.0,,,4.0,,3.0,10.0,0.0,,,,0.0,1.0,,,4.0,,,,,,,,,,,,,,,,,,,,,,75.0,,,,,,,,,,,,,
1070,Domba Giling,Daging,100.0,gram (g),282.0,,,0.0,,16.56,23.41,10.19,1.85,9.6,,73.0,0.0,,,0.0,,,,,,,,,,,,,,,,,,,,,,59.0,222.0,,,,,,,,,,,,
1071,Donat (Tawar),Makanan Penutup,100.0,gram (g),421.0,,,49.7,,5.0,22.9,3.625,7.881,9.297,,37.0,1.5,,,22.5,,,,,,,,,,,,,,,,,,,,,,546.0,127.0,,,,,,,,,,,,
1072,Donat Dilapisi Coklat,Makanan Penutup,1.0,donat (diameter 5 cm ),133.0,,,13.44,,1.4,8.68,2.27,1.06,4.901,,17.0,0.6,,,6.54,,,,,,,,,,,,,,,,,,,,,,120.0,55.0,,,,,,,,,,,,
1073,Donat Dilapisi Gula,Makanan Penutup,1.0,sedang (berdiameter sekitar 7 cm),192.0,,,22.86,,2.34,10.3,2.667,1.309,5.714,,14.0,0.7,,,,,,,,,,,,,,,,,,,,,,,,,181.0,46.0,,,,,,,,,,,,
"1074,Donat Dilapisi Gula atau Coklat Mengkilat,Makanan Penutup,1.0,""donat (diameter 9,5 cm)"",250.0,,,34.44,,2.7,11.94,3.079,1.486,6.767,,34.0,1.3,,,19.15,,,,,,,,,,,,,,,,,,,,,,204.0,64.0,,,,,,,,,,,,"
1075,Donat Jeli,Makanan Penutup,1.0,donat,221.0,,,25.35,,3.84,12.16,3.148,1.545,6.647,,17.0,0.6,,,13.72,,,,,,,,,,,,,,,,,,,,,,190.0,51.0,,,,,,,,,,,,
1076,Doritos Barbeque,Indofood,1.0,porsi (20 g),100.0,,,13.0,,2.0,4.5,2.0,,,,,,,,1.0,,,,,,,,,,,,,,,,,,,,,,75.0,,,,,,,,,,,,,
1077,Dosie Coklat,Wei Wang,3.0,biji (72 g),220.0,,,42.0,,5.0,3.5,1.5,,,,,2.0,,,13.0,,,,,,,,,,,,,,,,,,,,,,95.0,,,,,,,,,,,,,
1078,Double Cheese Hamburg,Janji Jiwa,300.0,(300 g),677.0,,,66.94,,27.53,33.87,14.0,,,,220.0,4.5,,,6.97,,,,,,,,,,,,,,,,,,,,,,1693.0,145.0,,,,,,,,,,,,
1079,Double Choco,Pocky,1.0,bungkus (47 g),120.0,,,16.0,,1.0,5.0,4.5,,,,,2.0,,,7.0,,,,,,,,,,,,,,,,,,,,,,35.0,,,,,,,,,,,,,
1080,Double Chocolate Sabborro Bun,First Wish Bakery,100.0,g,360.0,,,46.0,,8.0,15.0,,,,,,,,,6.0,,,,,,,,,,,,,,,,,,,,,,,,,,,,,,,,,,,
"1081,Double Chocolate Sandwich,Julie's,1.0,""porsi (21,5 g)"",100.0,,,16.0,,2.0,2.5,1.5,,,,,1.0,,,2.0,,,,,,,,,,,,,,,,,,,,,,,,,,,,,,,,,,,"
1082,Double Decker Chocolate Cookies,The Harvest,1.0,porsi (63 g),350.0,,,36.0,,4.0,21.0,,,,,45.0,4.0,,,12.0,,,,,,,,,,,,,,,,,,,,,,25.0,,,,,,,,,,,,,
1083,Double Hazelnut Spread,Ceres,1.0,takaran saji (20 g),120.0,,,11.0,,1.0,7.0,2.0,,,,0.0,1.0,,,9.0,,,,,,,,,,,,,,,,,,,,,,10.0,,,,,,,,,,,,,
1084,Double Scoop Strawberry & Vanilla,Joyday,0.0,0,0.0,0.0,0.0,0.0,0.0,0.0,0.0,0.0,0.0,0.0,0.0,0.0,0.0,0.0,0.0,0.0,0.0,0.0,0.0,0.0,0.0,0.0,0.0,0.0,0.0,0.0,0.0,0.0,0.0,0.0,0.0,0.0,0.0,0.0,0.0,0.0,0.0,0.0,0.0,0.0,0.0,0.0,0.0,0.0,0.0,0.0,0.0,0.0,0.0,0.0,0.0
1085,Dried Fish Fillet,Dahfa,1.0,porsi (12 g),39.0,,,6.29,,2.88,0.0,0.0,,,,0.0,0.0,,,0.0,,,,,,,,,,,,,,,,,,,,,,260.0,0.0,,,,,,,,,,,,
1086,Dried Wakame Cut,Daikichi,1.0,sajian (5 g),15.0,,,2.0,,1.0,0.0,0.0,,,,,,,,0.0,,,,,,,,,,,,,,,,,,,,,,320.0,,,,,,,,,,,,,
1087,Dry Rub (Classic),Healthy Republic,0.0,0,0.0,0.0,0.0,0.0,0.0,0.0,0.0,0.0,0.0,0.0,0.0,0.0,0.0,0.0,0.0,0.0,0.0,0.0,0.0,0.0,0.0,0.0,0.0,0.0,0.0,0.0,0.0,0.0,0.0,0.0,0.0,0.0,0.0,0.0,0.0,0.0,0.0,0.0,0.0,0.0,0.0,0.0,0.0,0.0,0.0,0.0,0.0,0.0,0.0,0.0,0.0
1088,Dry Rub Cajun,Lean Lab,1.0,sendok teh (5 g),14.0,,,3.0,,1.0,0.0,0.0,0.0,0.0,,0.0,0.0,,,1.0,,,,,,,,,,,,,,,,,,,,,,476.0,0.0,,,,,,,,,,,,
1089,Dry Rub La Marine,Healthy Republic,1.0,sendok makan (4 g),14.0,,,2.1,,0.0,0.0,0.0,0.0,0.0,,0.0,0.0,,,1.6,,,,,,,,,,,,,,,,,,,,,,248.0,0.0,,,,,,,,,,,,
1090,Dry Rub Roasted Curry,Healthy Republic,0.0,0,0.0,0.0,0.0,0.0,0.0,0.0,0.0,0.0,0.0,0.0,0.0,0.0,0.0,0.0,0.0,0.0,0.0,0.0,0.0,0.0,0.0,0.0,0.0,0.0,0.0,0.0,0.0,0.0,0.0,0.0,0.0,0.0,0.0,0.0,0.0,0.0,0.0,0.0,0.0,0.0,0.0,0.0,0.0,0.0,0.0,0.0,0.0,0.0,0.0,0.0,0.0
1091,Dugan Slice,Wong Coco,1.0,cup (235 g),200.0,,,49.0,,2.0,0.0,0.0,0.0,0.0,,0.0,7.0,,,36.0,,,,,,,,,,,,,,,,,,,,,,140.0,,,,,,,,,,,,,
1092,Dunia Satwa,Inafood,1.0,bungkus (17 g),80.0,,,13.0,,1.0,2.0,1.0,,,,0.0,0.0,,,4.0,,,,,,,,,,,,,,,,,,,,,,65.0,25.0,,,,,,,,,,,,
1093,EJ SPORT,EJ SPORT,1.0,sachet (50 ml),120.0,,,30.0,,0.0,0.0,0.0,0.0,0.0,,0.0,0.0,,,18.0,,,,,,,,,,,,,,,,,,,,,,25.0,,,,,,,,,,,,,
1094,EJ Sport Gel,EJ SPORT,1.0,porsi (50 g),140.0,,,35.0,,0.0,0.0,0.0,0.0,0.0,,,,,,,,,,,,,,,,,,,,,,,,,,,,,,,,,,,,,,,,,
1095,Ebi Furai,Edo,2.0,buah (50 g),80.0,,,12.0,,5.0,1.0,0.5,,,,,,,,0.0,,,,,,,,,,,,,,,,,,,,,,220.0,,,,,,,,,,,,,
1096,Ebi Katsu,Edo,1.0,porsi (75 g),90.0,,,9.0,,9.0,2.0,1.0,,,,,,,,,,,,,,,,,,,,,,,,,,,,,,430.0,,,,,,,,,,,,,
1097,Edam Cheese Cookies,WRP,1.0,serving (30 g),140.0,,,19.0,,2.0,7.0,4.0,,,,,2.0,,,0.0,,,,,,,,,,,,,,,,,,,,,,150.0,,,,,,,,,,,,,
1098,Edamame Salted,Daitsabu,100.0,g,120.0,,,12.0,,8.0,4.0,1.0,,,,,5.2,,,2.0,,,,,,,,,,,,,,,,,,,,,,85.0,,,,,,,,,,,,,
1099,Egg Roll,Gery,1.0,porsi (20 g),90.0,,,16.0,,2.0,1.5,0.5,,,,15.0,1.0,,,3.0,,,,,,,,,,,,,,,,,,,,,,30.0,,,,,,,,,,,,,
1100,Egg Tofu,Sakura,100.0,g,77.0,,,1.0,,7.0,4.0,1.0,,,,12.0,2.0,,,,,,,,,,,,,,,,,,,,,,,,,66.0,0.0,,,,,,,,,,,,
1101,Egg White,Xpose,1.0,cup (250 ml),176.0,,,3.0,,32.0,2.0,,,,,,,,,,,,,,,,,,,,,,,,,,,,,,,,,,,,,,,,,,,,
1102,Egg and Cheese,Janji Jiwa,1.0,serving (260 g),550.0,,,49.87,,21.23,29.21,,,,,,,,,,,,,,,,,,,,,,,,,,,,,,,,,,,,,,,,,,,,
1103,Ekomie,Wings Food,1.0,porsi (60 g),280.0,,,37.0,,7.0,12.0,5.0,,,,0.0,4.0,,,4.0,,,,,,,,,,,,,,,,,,,,,,280.0,,,,,,,,,,,,,
1104,Elbow Macaroni,La Fonte,1.0,porsi (60 g),220.0,,,43.0,,9.0,1.0,0.5,,,,0.0,2.0,,,3.0,,,,,,,,,,,,,,,,,,,,,,10.0,0.0,,,,,,,,,,,,
1105,Elbows,San Remo,100.0,g,366.0,,,72.0,,12.5,2.0,1.0,1.0,1.0,,0.0,3.0,,,2.5,,,,,,,,,,,,,,,,,,,,,,30.0,,,,,,,,,,,,,
1106,Empal Goreng Sambal Bawang,Healthy Go,1.0,porsi,473.0,,,47.0,,31.0,17.0,,,,,,,,,,,,,,,,,,,,,,,,,,,,,,,,,,,,,,,,,,,,
1107,Energen Beng-Beng Balls,Energen,1.0,bungkus (38 g),170.0,,,30.0,,2.0,4.0,4.0,0.0,0.0,,3.0,2.0,,,15.0,,,,,,,,,,,,,,,,,,,,,,120.0,0.0,,,,,,,,,,,,
1108,Energen Kurma,Energen,1.0,gelas (30 g),130.0,,,24.0,,1.0,3.5,3.5,,,,0.0,2.0,,,15.0,,,,,,,,,,,,,,,,,,,,,,0.0,0.0,,,,,,,,,,,,
1109,Energen Rasa Jahe,Energen,1.0,sachet (32 g),140.0,,,26.0,,1.0,3.5,3.5,,,,0.0,1.0,,,15.0,,,,,,,,,,,,,,,,,,,,,,160.0,,,,,,,,,,,,,
1110,Energen Rasa Kacang Hijau,Energen,1.0,porsi (30 g),130.0,,,23.0,,2.0,3.0,3.0,,,,0.0,1.0,,,15.0,,,,,,,,,,,,,,,,,,,,,,150.0,,,,,,,,,,,,,
1111,Energen Rasa Vanila,Energen,1.0,gelas (29 g),170.0,,,23.0,,2.0,3.5,1.5,,,,0.0,1.0,,,17.0,,,,,,,,,,,,,,,,,,,,,,65.0,,,,,,,,,,,,,
1112,Energy Gel,EJ SPORT,1.0,serving (56 g),140.0,,,35.0,,0.0,0.0,,,,,0.0,,,,,,,,,,,,,,,,,,,,,,,,,,,,,,,,,,,,,,,
1113,English Muffin,De Bakker,1.0,serving (52 g),145.0,,,28.0,,5.0,1.0,0.0,,,,0.0,1.0,,,0.0,,,,,,,,,,,,,,,,,,,,,,156.0,,,,,,,,,,,,,
1114,Ensure Gold,Ensure,1.0,serving (45 g),200.0,,,28.0,,7.0,6.0,0.5,4.0,1.5,,5.0,1.0,,,8.0,,,,,,,,,,,,,,,,,,,,,,140.0,,,,,,,,,,,,,
1115,Entrasol Active Vanilla Latte,Entrasol,3.0,sendok makan (32 g),130.0,,,21.0,,7.0,2.0,0.5,,,,0.0,1.0,,,10.0,,,,,,,,,,,,,,,,,,,,,,150.0,,,,,,,,,,,,,
1116,Entrasol Chocolate,Kalbe,1.0,sachet (20 g),70.0,,,13.0,,4.0,0.5,0.0,,,,4.0,,,,4.0,,,,,,,,,,,,,,,,,,,,,,60.0,240.0,,,,,,,,,,,,
1117,Entrasol Multigrain Oatmeal,Entrasol,1.0,takaran saji. (35 g),150.0,,,25.0,,4.0,3.5,0.5,,,,0.0,3.0,,,1.0,,,,,,,,,,,,,,,,,,,,,,10.0,,,,,,,,,,,,,
1118,Entrasol Platinum,Entrasol,1.0,gelas (57 g),250.0,,,34.0,,12.0,7.0,2.5,1.5,2.5,,4.0,3.0,,,5.0,,,,,,,,,,,,,,,,,,,,,,240.0,,,,,,,,,,,,,
1119,Eomuk Bar,Cedea,1.0,porsi (65 g),90.0,,,10.0,,7.0,2.0,1.0,,,,,,,,4.0,,,,,,,,,,,,,,,,,,,,,,,,,,,,,,,,,,,
"1120,Erha,Youvit,2.0,""gummy (8,4 g)"",30.0,,,6.0,,1.0,0.0,0.0,,,,0.0,0.0,,,4.0,,,,,,,,,,,,,,,,,,,,,,,,,,,,,,,,,,,"
1121,Es Kopi,Minuman,1.0,cangkir kopi (180 ml),4.0,,,0.67,,0.19,0.01,0.003,0.003,0.001,,0.0,0.0,,,0.0,,,,,,,,,,,,,,,,,,,,,,4.0,57.0,,,,,,,,,,,,
1122,Es Kopi Susu,Janji Jiwa,100.0,ml,75.0,,,11.5,,2.5,2.25,,,,,,,,,9.5,,,,,,,,,,,,,,,,,,,,,,,,,,,,,,,,,,,
1123,Es Kopi dengan Krim,Minuman,1.0,cangkir kopi (180 ml),26.0,,,2.91,,0.39,1.47,1.343,0.004,0.041,,0.0,0.0,,,2.26,,,,,,,,,,,,,,,,,,,,,,12.0,89.0,,,,,,,,,,,,
1124,Es Kopi dengan Krim dan Gula,Minuman,1.0,cangkir kopi (180 ml),50.0,,,9.14,,0.38,1.42,1.295,0.004,0.04,,0.0,0.0,,,8.51,,,,,,,,,,,,,,,,,,,,,,11.0,86.0,,,,,,,,,,,,
1125,Es Kopi dengan Susu,Minuman,1.0,cangkir kopi (180 ml),6.0,,,0.84,,0.33,0.15,0.082,0.012,0.035,,0.0,0.0,,,0.22,,,,,,,,,,,,,,,,,,,,,,6.0,62.0,,,,,,,,,,,,
1126,Es Kopi dengan Susu dan Gula,Minuman,1.0,cangkir kopi (180 ml),30.0,,,7.14,,0.31,0.14,0.079,0.011,0.033,,0.0,0.0,,,6.54,,,,,,,,,,,,,,,,,,,,,,6.0,60.0,,,,,,,,,,,,
1127,Es Krim,Lainnya,1.0,mangkok,267.0,,,32.45,,4.68,14.26,8.801,0.575,3.897,,53.0,0.9,,,29.66,,,,,,,,,,,,,,,,,,,,,,98.0,269.0,,,,,,,,,,,,
1128,Es Krim,Makanan Penutup,1.0,mangkok,267.0,,,32.45,,4.68,14.26,8.801,0.575,3.897,,53.0,0.9,,,29.66,,,,,,,,,,,,,,,,,,,,,,98.0,269.0,,,,,,,,,,,,
1129,Es Krim,Aice,100.0,ml,50.0,,,5.0,,1.0,3.5,,,,,,,,,4.0,,,,,,,,,,,,,,,,,,,,,,20.0,,,,,,,,,,,,,
1130,Es Krim,Kaluli,1.0,serving (130 ml),100.0,,,12.0,,2.0,5.0,,,,,20.0,1.0,,,6.0,,,,,,,,,,,,,,,,,,,,,,45.0,,,,,,,,,,,,,
1131,Es Krim Cokelat dan Vanila,Wall's,1.0,porsi (90 ml),80.0,,,14.0,,1.0,2.5,1.0,0.0,0.0,,0.0,1.0,,,11.0,,,,,,,,,,,,,,,,,,,,,,20.0,15.0,,,,,,,,,,,,
1132,Es Krim Durian,Aice,1.0,cangkir (85 g),140.0,,,21.0,,2.0,6.0,5.0,,,,0.0,3.0,,,17.0,,,,,,,,,,,,,,,,,,,,,,20.0,,,,,,,,,,,,,
1133,Es Krim Hula Hula Tape Ketan Hitam,Campina,1.0,bungkus (45 ml),110.0,,,13.0,,1.0,6.0,3.5,,,,0.0,0.0,,,9.0,,,,,,,,,,,,,,,,,,,,,,0.0,0.0,,,,,,,,,,,,
1134,Es Krim Jagung,Aice,1.0,porsi (52 g),100.0,,,14.0,,1.0,4.5,2.5,,,,0.0,1.0,,,10.0,,,,,,,,,,,,,,,,,,,,,,25.0,0.0,,,,,,,,,,,,
1135,Es Krim Mochi,Aice,1.0,porsi (30 g),70.0,,,15.0,,1.0,1.0,,,,,,,,,5.0,,,,,,,,,,,,,,,,,,,,,,,15.0,,,,,,,,,,,,
1136,Es Krim Stroberi,Makanan Penutup,1.0,individu (105 ml),111.0,,,16.01,,1.86,4.87,3.01,,,,17.0,0.5,,,,,,,,,,,,,,,,,,,,,,,,,35.0,109.0,,,,,,,,,,,,
1137,Es Krim Vanila,Makanan Penutup,2.0,mangkok,145.0,,,16.99,,2.52,7.92,4.889,0.325,2.138,,32.0,0.5,,,15.28,,,,,,,,,,,,,,,,,,,,,,58.0,143.0,,,,,,,,,,,,
1138,Es Krim Vanila Ringan,Makanan Penutup,1.0,porsi setengah mangkok,125.0,,,19.61,,3.63,3.67,2.225,0.166,0.974,,21.0,0.2,,,16.81,,,,,,,,,,,,,,,,,,,,,,56.0,158.0,,,,,,,,,,,,
1139,Es Teh,Minuman,1.0,gelas (240 ml),90.0,,,23.44,,0.02,0.0,0.004,0.007,0.002,,0.0,0.0,,,22.83,,,,,,,,,,,,,,,,,,,,,,6.0,74.0,,,,,,,,,,,,
1140,Es Teh Tawar,Minuman,1.0,gelas (240 ml),2.0,,,0.67,,0.02,0.0,0.004,0.008,0.002,,0.0,0.0,,,0.01,,,,,,,,,,,,,,,,,,,,,,7.0,81.0,,,,,,,,,,,,
1141,Es Teler,Joyday,1.0,porsi (58 ml),90.0,,,15.0,,1.0,3.0,1.5,,,,,,,,11.0,,,,,,,,,,,,,,,,,,,,,,30.0,,,,,,,,,,,,,
1142,Espresso Mug Cake,Namaste Organic,0.0,0,0.0,0.0,0.0,0.0,0.0,0.0,0.0,0.0,0.0,0.0,0.0,0.0,0.0,0.0,0.0,0.0,0.0,0.0,0.0,0.0,0.0,0.0,0.0,0.0,0.0,0.0,0.0,0.0,0.0,0.0,0.0,0.0,0.0,0.0,0.0,0.0,0.0,0.0,0.0,0.0,0.0,0.0,0.0,0.0,0.0,0.0,0.0,0.0,0.0,0.0,0.0
1143,Extra Crunchy Peanut Butter,Jif,2.0,tbsp (32 g),190.0,,,8.0,,7.0,16.0,2.5,5.0,8.0,,0.0,2.0,,,3.0,,,,,,,,,,,,,,,,,,,,,,125.0,,,,,,,,,,,,,
1144,Extra Dark Compound Chocolate,L'Agie,0.0,0,0.0,0.0,0.0,0.0,0.0,0.0,0.0,0.0,0.0,0.0,0.0,0.0,0.0,0.0,0.0,0.0,0.0,0.0,0.0,0.0,0.0,0.0,0.0,0.0,0.0,0.0,0.0,0.0,0.0,0.0,0.0,0.0,0.0,0.0,0.0,0.0,0.0,0.0,0.0,0.0,0.0,0.0,0.0,0.0,0.0,0.0,0.0,0.0,0.0,0.0,0.0
1145,Extra Hot Chilli Sauce,Del Monte,1.0,porsi (15 g),15.0,,,4.0,,0.0,0.0,0.0,0.0,0.0,,,0.0,,,2.0,,,,,,,,,,,,,,,,,,,,,,310.0,0.0,,,,,,,,,,,,
1146,Extra Light Olive Oil,Filippo Berio,1.0,sendok makan (15 ml),120.0,,,0.0,,0.0,14.0,2.0,2.0,10.0,,0.0,,,,,,,,,,,,,,,,,,,,,,,,,,0.0,0.0,,,,,,,,,,,,
1147,Extra Light Tasting Olive Oil,Filippo Berio,1.0,sdm (15 ml),120.0,,,0.0,,0.0,14.0,2.0,,,,0.0,,,,,,,,,,,,,,,,,,,,,,,,,,,,,,,,,,,,,,,
1148,Extra Pedas Goreng Jalapeno,GaGa,1.0,bungkus (85 g),380.0,,,54.0,,8.0,14.0,,,,,,,,,7.0,,,,,,,,,,,,,,,,,,,,,,950.0,,,,,,,,,,,,,
1149,Extra Tasty,Bega,100.0,g,410.0,,,0.9,,24.8,34.7,23.8,,,,,,,,0.9,,,,,,,,,,,,,,,,,,,,,,650.0,,,,,,,,,,,,,
1150,Extra Virgin Olive Oil,Filippo Berio,1.0,sdm (15 ml),120.0,,,0.0,,0.0,14.0,2.0,2.0,0.0,,0.0,,,,,,,,,,,,,,,,,,,,,,,,,,0.0,,,,,,,,,,,,,
1151,Extrajoss Ultimate,Kalbe,1.0,porsi (250 ml),70.0,,,17.0,,0.0,0.0,0.0,0.0,0.0,,0.0,0.0,,,14.0,,,,,,,,,,,,,,,,,,,,,,95.0,,,,,,,,,,,,,
1152,Fanta,Fanta,1.0,gelas (250 ml),50.0,,,12.0,,0.0,0.0,0.0,0.0,0.0,,0.0,0.0,,,11.0,,,,,,,,,,,,,,,,,,,,,,0.0,0.0,,,,,,,,,,,,
1153,Fanta Anggur,Fanta,1.0,botol (250 ml),45.0,,,12.0,,0.0,0.0,0.0,,,,,,,,12.0,,,,,,,,,,,,,,,,,,,,,,20.0,,,,,,,,,,,,,
1154,Fanta Orange,Fanta,1.0,botol (250 ml),50.0,,,11.0,,0.0,0.0,0.0,,,,,,,,11.0,,,,,,,,,,,,,,,,,,,,,,50.0,,,,,,,,,,,,,
1155,Fanta Rasa Stroberi,Fanta,1.0,botol (250 g),50.0,,,12.0,,0.0,0.0,0.0,,,,0.0,,,,11.0,,,,,,,,,,,,,,,,,,,,,,25.0,,,,,,,,,,,,,
1156,Fanta Zero Sugar,Fanta,1.0,serving (250 ml),0.0,,,0.0,,0.0,0.0,,,,,0.0,,,,,,,,,,,,,,,,,,,,,,,,,,10.0,,,,,,,,,,,,,
1157,Fantazee Choco Milk,Campina,1.0,bungkus (55 ml),60.0,,,12.0,,0.0,1.0,1.0,,,,,,,,11.0,,,,,,,,,,,,,,,,,,,,,,5.0,,,,,,,,,,,,,
1158,Feast Coklat,Wall's,1.0,buah (65 ml),160.0,,,14.0,,2.0,10.0,7.0,0.5,2.0,,0.0,1.0,,,10.0,,,,,,,,,,,,,,,,,,,,,,20.0,,,,,,,,,,,,,
1159,Feast Vanilla,Wall's,1.0,batang (65 ml),130.0,,,12.0,,2.0,9.0,4.0,0.5,3.0,,0.0,1.0,,,9.0,,,,,,,,,,,,,,,,,,,,,,25.0,,,,,,,,,,,,,
1160,Femmy Fyber,Kalbe,1.0,stickpack (15 g),60.0,,,14.0,,0.0,0.0,0.0,,,,0.0,4.0,,,2.0,,,,,,,,,,,,,,,,,,,,,,0.0,0.0,,,,,,,,,,,,
1161,Festive Sprinkles,Ceres,100.0,g,511.0,,,66.42,,1.99,30.04,,,,,,,,,,,,,,,,,,,,,,,,,,,,,,,,,,,,,,,,,,,,
1162,Feta Cheese,Yummy,1.0,porsi (50 g),130.0,,,3.0,,8.0,9.0,,,,,,,,,,,,,,,,,,,,,,,,,,,,,,,,,,,,,,,,,,,,
1163,Fettuccine,San Remo,1.0,porsi (125 g),457.0,,,90.0,,15.6,2.5,0.6,1.5,1.0,,,3.8,,,3.1,,,,,,,,,,,,,,,,,,,,,,38.0,,,,,,,,,,,,,
1164,Fettuccine-30,La Fonte,1.0,porsi (60 g),210.0,,,40.0,,8.0,1.0,0.0,,,,0.0,2.0,,,3.0,,,,,,,,,,,,,,,,,,,,,,40.0,0.0,,,,,,,,,,,,
1165,Fettuccine-31,La Fonte,0.0,0,0.0,0.0,0.0,0.0,0.0,0.0,0.0,0.0,0.0,0.0,0.0,0.0,0.0,0.0,0.0,0.0,0.0,0.0,0.0,0.0,0.0,0.0,0.0,0.0,0.0,0.0,0.0,0.0,0.0,0.0,0.0,0.0,0.0,0.0,0.0,0.0,0.0,0.0,0.0,0.0,0.0,0.0,0.0,0.0,0.0,0.0,0.0,0.0,0.0,0.0,0.0
1166,Fibby,WRP,1.0,porsi (15 g),60.0,,,14.0,,0.0,0.0,0.0,,,,,6.0,,,0.0,,,,,,,,,,,,,,,,,,,,,,20.0,,,,,,,,,,,,,
1167,Fiber Chlorophyll,Jele,1.0,porsi (17 g),60.0,,,16.0,,0.0,0.0,0.0,,,,,5.0,,,1.0,,,,,,,,,,,,,,,,,,,,,,10.0,,,,,,,,,,,,,
1168,Fiber Creme,Ellenka,1.0,sendok teh (3 g),15.0,,,2.0,,0.0,1.0,1.0,,,,0.0,1.0,,,0.0,,,,,,,,,,,,,,,,,,,,,,0.0,0.0,,,,,,,,,,,,
1169,Fiber Drink,Balans,1.0,bungkus (15 g),60.0,,,14.0,,0.0,0.0,,,,,,3.0,,,4.0,,,,,,,,,,,,,,,,,,,,,,,,,,,,,,,,,,,
1170,Fibercream,Ellenka,1.0,sendok teh (3 g),15.0,,,2.0,,0.0,1.0,1.0,0.0,0.0,,0.0,1.0,,,0.0,,,,,,,,,,,,,,,,,,,,,,5.0,0.0,,,,,,,,,,,,
1171,Fibrefix,Youvit,1.0,serving (15 g),60.0,,,15.0,,0.0,0.0,0.0,0.0,0.0,,0.0,3.0,,,0.0,,,,,,,,,,,,,,,,,,,,,,0.0,0.0,,,,,,,,,,,,
1172,Fiforlif,FIFORLIF,1.0,sachet (15 g),60.0,,,14.0,,0.0,0.0,0.0,,,,0.0,3.0,,,5.0,,,,,,,,,,,,,,,,,,,,,,5.0,,,,,,,,,,,,,
1173,Fig Bar Apple Cinnamon,Nature's Bakery,0.0,0,0.0,0.0,0.0,0.0,0.0,0.0,0.0,0.0,0.0,0.0,0.0,0.0,0.0,0.0,0.0,0.0,0.0,0.0,0.0,0.0,0.0,0.0,0.0,0.0,0.0,0.0,0.0,0.0,0.0,0.0,0.0,0.0,0.0,0.0,0.0,0.0,0.0,0.0,0.0,0.0,0.0,0.0,0.0,0.0,0.0,0.0,0.0,0.0,0.0,0.0,0.0
1174,Fig Bar Blueberry,Nature's Bakery,0.0,0,0.0,0.0,0.0,0.0,0.0,0.0,0.0,0.0,0.0,0.0,0.0,0.0,0.0,0.0,0.0,0.0,0.0,0.0,0.0,0.0,0.0,0.0,0.0,0.0,0.0,0.0,0.0,0.0,0.0,0.0,0.0,0.0,0.0,0.0,0.0,0.0,0.0,0.0,0.0,0.0,0.0,0.0,0.0,0.0,0.0,0.0,0.0,0.0,0.0,0.0,0.0
1175,Fig Bar Original Fig,Nature's Bakery,1.0,porsi (57 g),200.0,,,37.0,,3.0,5.0,0.0,,,,0.0,4.0,,,19.0,,,,,,,,,,,,,,,,,,,,,,80.0,,,,,,,,,,,,,
1176,Filled Evaporated Milk,Carnation,100.0,g,120.0,,,12.2,,4.2,6.0,2.7,,,,,,,,6.7,,,,,,,,,,,,,,,,,,,,,,65.0,,,,,,,,,,,,,
1177,Fine Choco,Fastana,1.0,porsi (27 g),100.0,,,21.0,,1.0,1.5,1.5,,,,0.0,,,,14.0,,,,,,,,,,,,,,,,,,,,,,,,,,,,,,,,,,,
1178,Fire Chicken,Richeese,1.0,buah (140 g),380.0,,,21.75,,32.5,18.25,,,,,,,,,,,,,,,,,,,,,,,,,,,,,,,1418.0,,,,,,,,,,,,,
1179,Fire Wings,Richeese,2.0,pcs,200.0,,,36.0,,35.0,36.0,,,,,,,,,2.0,,,,,,,,,,,,,,,,,,,,,,1000.0,,,,,,,,,,,,,
1180,First Kiss,Nakedpress,0.0,0,0.0,0.0,0.0,0.0,0.0,0.0,0.0,0.0,0.0,0.0,0.0,0.0,0.0,0.0,0.0,0.0,0.0,0.0,0.0,0.0,0.0,0.0,0.0,0.0,0.0,0.0,0.0,0.0,0.0,0.0,0.0,0.0,0.0,0.0,0.0,0.0,0.0,0.0,0.0,0.0,0.0,0.0,0.0,0.0,0.0,0.0,0.0,0.0,0.0,0.0,0.0
1181,Fish & Chips,Ikea,1.0,porsi (200 g),680.0,,,49.0,,18.0,45.0,10.0,,,,40.0,3.0,,,,,,,,,,,,,,,,,,,,,,,,,990.0,,,,,,,,,,,,,
1182,Fish Ball,Cedea,1.0,bakso  (20 g),25.0,,,3.0,,2.0,1.0,0.0,,,,,,,,,,,,,,,,,,,,,,,,,,,,,,190.0,,,,,,,,,,,,,
1183,Fish Ball,Edo,1.0,porsi (20 g),25.0,,,3.0,,1.0,1.0,,,,,,,,,0.0,,,,,,,,,,,,,,,,,,,,,,180.0,,,,,,,,,,,,,
1184,Fish Cake,Edo,1.0,porsi (50 g),20.0,,,3.0,,2.0,0.0,0.0,,,,,,,,0.0,,,,,,,,,,,,,,,,,,,,,,135.0,,,,,,,,,,,,,
1185,Fish Dumpling Cheese,Cedea,1.0,buah (20 g),25.0,,,2.0,,2.0,1.0,0.5,,,,,,,,1.0,,,,,,,,,,,,,,,,,,,,,,210.0,,,,,,,,,,,,,
1186,Fish Dumpling Chicken,Cedea,1.0,buah (20 g),35.0,,,4.0,,2.0,1.0,,,,,,,,,,,,,,,,,,,,,,,,,,,,,,,200.0,,,,,,,,,,,,,
1187,Fish Muruku Snack Otak-Ku,Naraya,0.0,0,0.0,0.0,0.0,0.0,0.0,0.0,0.0,0.0,0.0,0.0,0.0,0.0,0.0,0.0,0.0,0.0,0.0,0.0,0.0,0.0,0.0,0.0,0.0,0.0,0.0,0.0,0.0,0.0,0.0,0.0,0.0,0.0,0.0,0.0,0.0,0.0,0.0,0.0,0.0,0.0,0.0,0.0,0.0,0.0,0.0,0.0,0.0,0.0,0.0,0.0,0.0
1188,Fish Roll,Cedea,1.0,buah (25 g),40.0,,,6.0,,3.0,0.5,,,,,,,,,,,,,,,,,,,,,,,,,,,,,,,210.0,0.0,,,,,,,,,,,,
1189,Fish Scallop,Teman Laut,1.0,porsi (12 g),25.0,,,4.0,,1.0,1.0,,,,,,,,,,,,,,,,,,,,,,,,,,,,,,,,120.0,,,,,,,,,,,,
1190,Fish Skin,Raftels,1.0,serving (25 g),120.0,,,5.0,,12.0,6.0,,,,,,,,,,,,,,,,,,,,,,,,,,,,,,,270.0,,,,,,,,,,,,,
1191,Fish Skin (Original),Raftels,1.0,porsi (25 g),150.0,,,1.0,,13.0,10.0,,,,,,,,,1.0,,,,,,,,,,,,,,,,,,,,,,250.0,,,,,,,,,,,,,
1192,Fish Skin Original,Raftels,1.0,porsi (25 g),150.0,,,1.0,,13.0,10.0,,,,,,,,,1.0,,,,,,,,,,,,,,,,,,,,,,250.0,,,,,,,,,,,,,
1193,Fish Skin Spicy,Raftels,1.0,porsi (25 g),120.0,,,5.0,,12.0,6.0,,,,,0.0,,,,1.0,,,,,,,,,,,,,,,,,,,,,,270.0,,,,,,,,,,,,,
1194,Fish Snack,IKA'S,1.0,takaran saji (30 g),100.0,,,18.0,,7.0,0.5,0.0,0.0,0.0,,,,,,6.0,,,,,,,,,,,,,,,,,,,,,,420.0,,,,,,,,,,,,,
1195,Fish Snack,WANFA,1.0,porsi (8 g),25.0,,,4.0,,2.0,0.0,0.0,0.0,0.0,,0.0,0.0,,,0.0,,,,,,,,,,,,,,,,,,,,,,170.0,0.0,,,,,,,,,,,,
1196,Fit Curry,Health's Kitchen,0.0,0,0.0,0.0,0.0,0.0,0.0,0.0,0.0,0.0,0.0,0.0,0.0,0.0,0.0,0.0,0.0,0.0,0.0,0.0,0.0,0.0,0.0,0.0,0.0,0.0,0.0,0.0,0.0,0.0,0.0,0.0,0.0,0.0,0.0,0.0,0.0,0.0,0.0,0.0,0.0,0.0,0.0,0.0,0.0,0.0,0.0,0.0,0.0,0.0,0.0,0.0,0.0
1197,Fitbar Cheese Delight,Fitbar,1.0,bar (20 g),90.0,,,15.0,,2.0,3.5,2.0,,,,0.0,1.0,,,5.0,,,,,,,,,,,,,,,,,,,,,,40.0,,,,,,,,,,,,,
1198,Fitbar Choco Delight,Fitbar,1.0,bar (20 g),90.0,,,15.0,,2.0,3.5,2.0,,,,0.0,1.0,,,5.0,,,,,,,,,,,,,,,,,,,,,,40.0,,,,,,,,,,,,,
1199,Fitbar Fruits Delight,Fitbar,1.0,bungkus (22 g),90.0,,,15.0,,2.0,3.5,2.0,0.0,0.0,,0.0,1.0,,,6.0,,,,,,,,,,,,,,,,,,,,,,50.0,0.0,,,,,,,,,,,,
1200,Fitbar Fruits Delight,Kalbe,1.0,porsi (20 g),90.0,,,15.0,,2.0,3.5,2.0,,,,0.0,1.0,,,6.0,,,,,,,,,,,,,,,,,,,,,,40.0,,,,,,,,,,,,,
1201,Fitbar Nuts Delight,Fitbar,1.0,bar (22 g),90.0,,,15.0,,3.0,4.0,2.0,,,,0.0,1.0,,,4.0,,,,,,,,,,,,,,,,,,,,,,50.0,,,,,,,,,,,,,
1202,Fitbar Tiramisu Delight,Fitbar,1.0,bar (22 g),90.0,,,15.0,,2.0,3.5,2.0,,,,0.0,1.0,,,5.0,,,,,,,,,,,,,,,,,,,,,,40.0,,,,,,,,,,,,,
1203,Fitchips,Fitbar,9.0,keping (15 g),70.0,,,10.0,,1.0,3.0,1.5,,,,0.0,1.0,,,1.0,,,,,,,,,,,,,,,,,,,,,,130.0,,,,,,,,,,,,,
1204,Fitmee Ayam Bawang,Fitmee,1.0,porsi (71 g),30.0,,,7.0,,0.0,0.0,0.0,0.0,0.0,,0.0,1.0,,,1.0,,,,,,,,,,,,,,,,,,,,,,1150.0,0.0,,,,,,,,,,,,
1205,Fitmee Rasa Soto,Fitmee,1.0,porsi (92 g),60.0,,,10.0,,0.0,2.0,1.0,,,,0.0,2.0,,,2.0,,,,,,,,,,,,,,,,,,,,,,430.0,,,,,,,,,,,,,
1206,Fitmee Soto,Fitmee,1.0,porsi (92 g),60.0,,,10.0,,0.0,2.0,1.0,,,,0.0,2.0,,,2.0,,,,,,,,,,,,,,,,,,,,,,430.0,,,,,,,,,,,,,
1207,Five Grain Loaf Bread,De Bakker,1.0,slice (31 g),90.0,,,16.0,,3.0,1.0,0.0,0.0,0.0,,0.0,2.0,,,0.0,,,,,,,,,,,,,,,,,,,,,,115.0,,,,,,,,,,,,,
1208,Floaty,Wonhae,20.0,gram (20 g),90.0,,,15.0,,1.0,2.5,1.0,,,,,,,,3.0,,,,,,,,,,,,,,,,,,,,,,90.0,,,,,,,,,,,,,
1209,Floridina,Wings Food,1.0,botol (350 ml),160.0,,,42.0,,0.0,0.0,0.0,,,,,,,,38.0,,,,,,,,,,,,,,,,,,,,,,50.0,,,,,,,,,,,,,
1210,Flurry,Okky,1.0,porsi (21 g),90.0,,,17.0,,2.0,1.5,,,,,,,,,14.0,,,,,,,,,,,,,,,,,,,,,,70.0,,,,,,,,,,,,,
1211,Forever Bright,Realfood,1.0,takaran saji (70 ml),15.0,,,2.0,,2.0,0.0,0.0,,,,0.0,,,,0.0,,,,,,,,,,,,,,,,,,,,,,10.0,,,,,,,,,,,,,
1212,Forever Glow,Realfood,1.0,gelas (70 ml),30.0,,,6.0,,2.0,0.0,0.0,,,,,,,,3.0,,,,,,,,,,,,,,,,,,,,,,,,,,,,,,,,,,,
1213,Forever Young,Realfood,1.0,kemasan (70 ml),25.0,,,4.0,,2.0,0.0,,,,,,,,,1.0,,,,,,,,,,,,,,,,,,,,,,10.0,,,,,,,,,,,,,
1214,Fortigro,Dancow,1.0,bungkus (26 g),120.0,,,13.0,,5.0,5.0,3.5,,,,20.0,,,,11.0,,,,,,,,,,,,,,,,,,,,,,90.0,,,,,,,,,,,,,
1215,Fortigro Coklat,Dancow,1.0,bedak wangi (40 ml),160.0,,,23.0,,5.0,5.0,3.5,,,,20.0,0.0,,,18.0,,,,,,,,,,,,,,,,,,,,,,0.0,0.0,,,,,,,,,,,,
1216,Fortigro Full Cream,Dancow,3.0,sendok makan (25 g),120.0,,,10.0,,6.0,7.0,4.0,,,,20.0,,,,10.0,,,,,,,,,,,,,,,,,,,,,,90.0,,,,,,,,,,,,,
1217,Fortigro Stroberi,Dancow,1.0,porsi (110 ml),70.0,,,10.0,,2.0,2.5,1.0,,,,3.0,,,,10.0,,,,,,,,,,,,,,,,,,,,,,115.0,,,,,,,,,,,,,
1218,Fortigro Vanilla,Dancow,2.0,sendok makan (27 ml),120.0,,,13.0,,5.0,5.0,3.5,,,,20.0,0.0,,,11.0,,,,,,,,,,,,,,,,,,,,,,90.0,0.0,,,,,,,,,,,,
1219,Fortius Chocolate Blueberry,Inafood,1.0,porsi (24 g),110.0,,,18.0,,1.0,4.0,2.0,,,,0.0,,,,7.0,,,,,,,,,,,,,,,,,,,,,,35.0,,,,,,,,,,,,,
1220,Four Seasons Oolong Milk Tea,Teazzi,1.0,cup regular (407 g),360.0,,,55.0,,2.0,15.0,,,,,,,,,28.0,,,,,,,,,,,,,,,,,,,,,,,,,,,,,,,,,,,
1221,Frankfurter Mozzarella Cheese,Hanzel,0.0,0,0.0,0.0,0.0,0.0,0.0,0.0,0.0,0.0,0.0,0.0,0.0,0.0,0.0,0.0,0.0,0.0,0.0,0.0,0.0,0.0,0.0,0.0,0.0,0.0,0.0,0.0,0.0,0.0,0.0,0.0,0.0,0.0,0.0,0.0,0.0,0.0,0.0,0.0,0.0,0.0,0.0,0.0,0.0,0.0,0.0,0.0,0.0,0.0,0.0,0.0,0.0
1222,Frankfurter Original,Hanzel,0.0,0,0.0,0.0,0.0,0.0,0.0,0.0,0.0,0.0,0.0,0.0,0.0,0.0,0.0,0.0,0.0,0.0,0.0,0.0,0.0,0.0,0.0,0.0,0.0,0.0,0.0,0.0,0.0,0.0,0.0,0.0,0.0,0.0,0.0,0.0,0.0,0.0,0.0,0.0,0.0,0.0,0.0,0.0,0.0,0.0,0.0,0.0,0.0,0.0,0.0,0.0,0.0
"1223,Freezy Blue,Relaxa,1.0,""porsi (1,1 g)"",0.0,,,1.0,,0.0,0.0,,,,,,,,,,,,,,,,,,,,,,,,,,,,,,,,,,,,,,,,,,,,"
1224,French Dressing,Remia,0.0,0,0.0,0.0,0.0,0.0,0.0,0.0,0.0,0.0,0.0,0.0,0.0,0.0,0.0,0.0,0.0,0.0,0.0,0.0,0.0,0.0,0.0,0.0,0.0,0.0,0.0,0.0,0.0,0.0,0.0,0.0,0.0,0.0,0.0,0.0,0.0,0.0,0.0,0.0,0.0,0.0,0.0,0.0,0.0,0.0,0.0,0.0,0.0,0.0,0.0,0.0,0.0
1225,French Fries,Belfoods,100.0,g,150.0,,,22.0,,3.0,5.0,,,,,,,,,,,,,,,,,,,,,,,,,,,,,,,,60.0,,,,,,,,,,,,
1226,French Fries,Fiesta,100.0,g,140.0,,,25.0,,2.0,4.0,0.0,,,,0.0,0.0,,,0.0,,,,,,,,,,,,,,,,,,,,,,30.0,0.0,,,,,,,,,,,,
1227,French Fries,Larisst,0.0,0,0.0,0.0,0.0,0.0,0.0,0.0,0.0,0.0,0.0,0.0,0.0,0.0,0.0,0.0,0.0,0.0,0.0,0.0,0.0,0.0,0.0,0.0,0.0,0.0,0.0,0.0,0.0,0.0,0.0,0.0,0.0,0.0,0.0,0.0,0.0,0.0,0.0,0.0,0.0,0.0,0.0,0.0,0.0,0.0,0.0,0.0,0.0,0.0,0.0,0.0,0.0
1228,French Fries Original,Larisst,0.0,0,0.0,0.0,0.0,0.0,0.0,0.0,0.0,0.0,0.0,0.0,0.0,0.0,0.0,0.0,0.0,0.0,0.0,0.0,0.0,0.0,0.0,0.0,0.0,0.0,0.0,0.0,0.0,0.0,0.0,0.0,0.0,0.0,0.0,0.0,0.0,0.0,0.0,0.0,0.0,0.0,0.0,0.0,0.0,0.0,0.0,0.0,0.0,0.0,0.0,0.0,0.0
1229,French Fries Paprika Flavour,Jetz,0.0,0,0.0,0.0,0.0,0.0,0.0,0.0,0.0,0.0,0.0,0.0,0.0,0.0,0.0,0.0,0.0,0.0,0.0,0.0,0.0,0.0,0.0,0.0,0.0,0.0,0.0,0.0,0.0,0.0,0.0,0.0,0.0,0.0,0.0,0.0,0.0,0.0,0.0,0.0,0.0,0.0,0.0,0.0,0.0,0.0,0.0,0.0,0.0,0.0,0.0,0.0,0.0
1230,French Fries Shoestring,Vitalia,100.0,g,150.0,,,25.0,,3.0,6.0,2.5,,,,,,,,0.0,,,,,,,,,,,,,,,,,,,,,,10.0,,,,,,,,,,,,,
1231,Fresco Cappuccino,Kapal Api,1.0,gelas (25 g),110.0,,,22.0,,1.0,2.0,2.0,,,,,2.0,,,16.0,,,,,,,,,,,,,,,,,,,,,,25.0,,,,,,,,,,,,,
1232,Fresco Kopi Moka,Kapal Api,1.0,sachet  (28 g),120.0,,,24.0,,1.0,2.5,2.5,,,,,2.0,,,16.0,,,,,,,,,,,,,,,,,,,,,,20.0,,,,,,,,,,,,,
1233,Fresco Kopi Susu,Kapal Api,1.0,sachet (28 g),120.0,,,25.0,,1.0,1.5,1.5,,,,,2.0,,,19.0,,,,,,,,,,,,,,,,,,,,,,10.0,,,,,,,,,,,,,
1234,Fresh Egg White Drink,Xpose,1.0,porsi (450 ml),130.0,,,5.0,,28.0,1.0,0.0,0.0,0.0,,0.0,0.0,,,0.0,,,,,,,,,,,,,,,,,,,,,,0.0,0.0,,,,,,,,,,,,
1235,Fried Chicken,Fiesta,100.0,g,220.0,,,15.0,,18.0,10.0,5.0,,,,92.0,0.0,,,0.0,,,,,,,,,,,,,,,,,,,,,,640.0,,,,,,,,,,,,,
1236,Fried Fish Cake,Cedea,1.0,porsi (50 g),100.0,,,8.0,,4.0,6.0,2.5,,,,,,,,2.0,,,,,,,,,,,,,,,,,,,,,,600.0,,,,,,,,,,,,,
1237,Fried Rose Ramyun,Wonhae,1.0,porsi (40 g),170.0,,,29.0,,3.0,4.5,2.5,,,,,,,,,,,,,,,,,,,,,,,,,,,,,,250.0,,,,,,,,,,,,,
1238,Froot Loops,Kellogg's,1.0,gelas (27 g),110.0,,,23.0,,2.0,0.5,0.0,0.0,0.0,,0.0,1.0,,,10.0,,,,,,,,,,,,,,,,,,,,,,65.0,,,,,,,,,,,,,
1239,Frost Bite,Glico,1.0,batang (65 ml),160.0,,,15.0,,2.0,10.0,,,,,,,,,10.0,,,,,,,,,,,,,,,,,,,,,,25.0,,,,,,,,,,,,,
1240,Frost Bite,Glico Wings,1.0,pack (46 ml),120.0,,,28.0,,1.0,1.5,1.5,,,,0.0,,,,10.0,,,,,,,,,,,,,,,,,,,,,,10.0,,,,,,,,,,,,,
1241,Frost Bite Boba Milk Tea with Brown Sugar,Glico Wings,1.0,porsi (60 g),110.0,,,21.0,,1.0,3.0,2.5,,,,,,,,13.0,,,,,,,,,,,,,,,,,,,,,,35.0,,,,,,,,,,,,,
1242,Frost Bite Choco Lava Mochi,Glico,1.0,bungkus (46 ml),120.0,,,27.0,,1.0,1.0,1.0,,,,,,,,10.0,,,,,,,,,,,,,,,,,,,,,,25.0,,,,,,,,,,,,,
1243,Frost Bite Choco Nut & Cashew,Glico Wings,1.0,bungkus (65 ml),160.0,,,16.0,,3.0,9.0,4.5,,,,,,,,9.0,,,,,,,,,,,,,,,,,,,,,,20.0,,,,,,,,,,,,,
1244,Frost Bite Chocolate Vanilla,Glico Wings,1.0,porsi (90 ml),140.0,,,23.0,,2.0,5.0,4.0,,,,,,,,16.0,,,,,,,,,,,,,,,,,,,,,,20.0,,,,,,,,,,,,,
1245,Frost Bite Cookies & Cream,Glico Wings,1.0,package (60 ml),190.0,,,27.0,,2.0,8.0,7.0,,,,,,,,14.0,,,,,,,,,,,,,,,,,,,,,,60.0,,,,,,,,,,,,,
1246,Frost Bite Cookies & Cream Mochi,Glico Wings,1.0,bungkus (46 ml),120.0,,,24.0,,1.0,1.5,1.0,,,,,,,,8.0,,,,,,,,,,,,,,,,,,,,,,20.0,,,,,,,,,,,,,
1247,Frost Bite Crunchy Double Choco,Glico Wings,1.0,bungkus (70 g),200.0,,,21.0,,2.0,11.0,8.0,,,,,,,,14.0,,,,,,,,,,,,,,,,,,,,,,35.0,,,,,,,,,,,,,
1248,Frost Bite Double Choco,Glico Wings,1.0,porsi (65 g),200.0,,,19.0,,2.0,13.0,10.0,,,,,,,,10.0,,,,,,,,,,,,,,,,,,,,,,20.0,,,,,,,,,,,,,
1249,Frost Bite Kopi Jelly,Glico Wings,1.0,porsi (60 ml),150.0,,,31.0,,1.0,2.0,2.0,,,,,,,,12.0,,,,,,,,,,,,,,,,,,,,,,10.0,,,,,,,,,,,,,
1250,Frost Bite Mochi,Glico,1.0,porsi (46 ml),120.0,,,27.0,,1.0,1.0,1.0,,,,,,,,10.0,,,,,,,,,,,,,,,,,,,,,,,,,,,,,,,,,,,
1251,Frost Bite Mochi Pandan Srikaya,Glico Wings,1.0,serving (46 ml),130.0,,,28.0,,1.0,2.0,2.0,,,,,,,,11.0,,,,,,,,,,,,,,,,,,,,,,15.0,,,,,,,,,,,,,
1252,Frost Bite Strawberry Sakura Mochi,Glico,1.0,kemasan (46 ml),120.0,,,27.0,,0.0,1.5,1.0,,,,,,,,18.0,,,,,,,,,,,,,,,,,,,,,,20.0,,,,,,,,,,,,,
1253,Frost Bite Strawberry Sundae,Glico,1.0,gelas (90 g),140.0,,,24.0,,2.0,4.0,3.5,,,,0.0,,,,15.0,,,,,,,,,,,,,,,,,,,,,,20.0,,,,,,,,,,,,,
1254,Frost Bite Yakoo,Glico Wings,1.0,porsi (60 ml),80.0,,,17.0,,0.0,1.0,0.5,0.0,0.0,,0.0,0.0,,,9.0,,,,,,,,,,,,,,,,,,,,,,10.0,0.0,,,,,,,,,,,,
1255,Frosties,Kellogg's,0.0,0,0.0,0.0,0.0,0.0,0.0,0.0,0.0,0.0,0.0,0.0,0.0,0.0,0.0,0.0,0.0,0.0,0.0,0.0,0.0,0.0,0.0,0.0,0.0,0.0,0.0,0.0,0.0,0.0,0.0,0.0,0.0,0.0,0.0,0.0,0.0,0.0,0.0,0.0,0.0,0.0,0.0,0.0,0.0,0.0,0.0,0.0,0.0,0.0,0.0,0.0,0.0
1256,Fruit & Nut,POD,1.0,porsi (40 g),220.0,,,19.0,,3.0,15.0,9.0,,,,0.0,3.0,,,11.0,,,,,,,,,,,,,,,,,,,,,,0.0,,,,,,,,,,,,,
1257,Fruits Fraise Strawberry,Elle & Vire,100.0,g,97.0,,,17.0,,2.1,2.3,1.6,,,,,0.6,,,13.6,,,,,,,,,,,,,,,,,,,,,,0.0,,,,,,,,,,,,,
1258,Fugu & Friends,Oops,1.0,bungkus (10 g),45.0,,,7.0,,1.0,2.0,1.5,,,,0.0,1.0,,,1.0,,,,,,,,,,,,,,,,,,,,,,135.0,,,,,,,,,,,,,
1259,Fugu Puff Crackers,Oops,1.0,bungkus (8 g),35.0,,,6.0,,1.0,1.5,,,,,0.0,0.0,,,,,,,,,,,,,,,,,,,,,,,,,,15.0,,,,,,,,,,,,
1260,Full Cream Milk,Oldenburger,1.0,sajian (200 g),130.0,,,9.0,,7.0,7.0,5.0,,,,,,,,,,,,,,,,,,,,,,,,,,,,,,75.0,,,,,,,,,,,,,
1261,Full Cream Plain,Indomilk,1.0,gelas (250 ml),150.0,,,12.0,,8.0,8.0,4.0,2.0,2.0,,25.0,4.0,,,0.0,,,,,,,,,,,,,,,,,,,,,,130.0,380.0,,,,,,,,,,,,
1262,Fully Yummy,ELORA,1.0,sachet (50 g),190.0,,,26.0,,22.0,0.0,0.0,0.0,0.0,,0.0,1.0,,,1.0,,,,,,,,,,,,,,,,,,,,,,0.0,0.0,,,,,,,,,,,,
1263,Fun Mania Popcorn,Jolly Time,1.0,porsi,495.0,,,48.0,,6.0,36.0,,,,,,,,,,,,,,,,,,,,,,,,,,,,,,,,,,,,,,,,,,,,
1264,Funmania,Jolly Time,2.0,sdm (30 g),161.0,,,16.0,,2.0,11.0,6.0,1.0,4.0,,0.0,3.0,,,0.0,,,,,,,,,,,,,,,,,,,,,,148.0,,,,,,,,,,,,,
1265,Fusilli-202,La Fonte,1.0,porsi (60 g),200.0,,,40.0,,8.0,1.0,,,,,,2.0,,,,,,,,,,,,,,,,,,,,,,,,,0.0,,,,,,,,,,,,,
1266,Fusillini,San Remo,1.0,porsi (125 g),456.0,,,90.0,,15.0,2.5,0.6,,,,,3.8,,,3.1,,,,,,,,,,,,,,,,,,,,,,38.0,,,,,,,,,,,,,
1267,GALANTINE BEEF with BAKED POTATO,Fit Solution,1.0,serving,372.0,,,35.0,,40.0,8.0,,,,,,,,,,,,,,,,,,,,,,,,,,,,,,,,,,,,,,,,,,,,
1268,GF Instant Oatmeal,Oatsy,0.0,0,0.0,0.0,0.0,0.0,0.0,0.0,0.0,0.0,0.0,0.0,0.0,0.0,0.0,0.0,0.0,0.0,0.0,0.0,0.0,0.0,0.0,0.0,0.0,0.0,0.0,0.0,0.0,0.0,0.0,0.0,0.0,0.0,0.0,0.0,0.0,0.0,0.0,0.0,0.0,0.0,0.0,0.0,0.0,0.0,0.0,0.0,0.0,0.0,0.0,0.0,0.0
1269,Gabin Coklat,Aim Biscuits,4.0,keping (50 g),230.0,,,35.0,,4.0,8.0,6.0,,,,,,,,11.0,,,,,,,,,,,,,,,,,,,,,,150.0,480.0,,,,,,,,,,,,
1270,Gabin Milk,Nissin,0.0,0,0.0,0.0,0.0,0.0,0.0,0.0,0.0,0.0,0.0,0.0,0.0,0.0,0.0,0.0,0.0,0.0,0.0,0.0,0.0,0.0,0.0,0.0,0.0,0.0,0.0,0.0,0.0,0.0,0.0,0.0,0.0,0.0,0.0,0.0,0.0,0.0,0.0,0.0,0.0,0.0,0.0,0.0,0.0,0.0,0.0,0.0,0.0,0.0,0.0,0.0,0.0
1271,Gainer,Elite Labs USA,4.0,scoops (255 g),1000.0,,,174.0,,60.0,7.0,2.5,,,,4.0,2.0,,,34.0,,,,,,,,,,,,,,,,,,,,,,175.0,,,,,,,,,,,,,
1272,Gainer,Kevin Levrone,0.0,0,0.0,0.0,0.0,0.0,0.0,0.0,0.0,0.0,0.0,0.0,0.0,0.0,0.0,0.0,0.0,0.0,0.0,0.0,0.0,0.0,0.0,0.0,0.0,0.0,0.0,0.0,0.0,0.0,0.0,0.0,0.0,0.0,0.0,0.0,0.0,0.0,0.0,0.0,0.0,0.0,0.0,0.0,0.0,0.0,0.0,0.0,0.0,0.0,0.0,0.0,0.0
1273,Gainer Maxx,Natlab,0.0,0,0.0,0.0,0.0,0.0,0.0,0.0,0.0,0.0,0.0,0.0,0.0,0.0,0.0,0.0,0.0,0.0,0.0,0.0,0.0,0.0,0.0,0.0,0.0,0.0,0.0,0.0,0.0,0.0,0.0,0.0,0.0,0.0,0.0,0.0,0.0,0.0,0.0,0.0,0.0,0.0,0.0,0.0,0.0,0.0,0.0,0.0,0.0,0.0,0.0,0.0,0.0
1274,Gandum Tortilla,Roti & Sereal,1.0,tortilla,92.0,,,19.54,,3.36,0.45,0.08,0.193,0.055,,0.0,2.5,,,0.1,,,,,,,,,,,,,,,,,,,,,,170.0,84.0,,,,,,,,,,,,
1275,Garam,Saus & Bumbu,1.0,sdt,0.0,,,0.0,,0.0,0.0,0.0,0.0,0.0,,0.0,0.0,,,0.0,,,,,,,,,,,,,,,,,,,,,,2325.0,0.0,,,,,,,,,,,,
1276,Garam Laut,Saus & Bumbu,1.0,sejumput,0.0,,,0.0,,0.0,0.0,0.0,0.0,0.0,,0.0,0.0,,,0.0,,,,,,,,,,,,,,,,,,,,,,155.0,0.0,,,,,,,,,,,,
1277,Garlic & Parsley Mashed Potato,Jay's Kitchen,1.0,serving (15 g),50.0,,,12.0,,1.0,0.0,0.0,,,,,,,,1.0,,,,,,,,,,,,,,,,,,,,,,180.0,,,,,,,,,,,,,
1278,Garlic Bread Seasoning,Jay's Kitchen,1.0,porsi (10 g),30.0,,,7.0,,1.0,0.0,0.0,,,,,,,,1.0,,,,,,,,,,,,,,,,,,,,,,530.0,,,,,,,,,,,,,
1279,Garlic Cheese Spread,Yummy,1.0,porsi (30 g),80.0,,,2.0,,2.0,8.0,,,,,,,,,,,,,,,,,,,,,,,,,,,,,,,115.0,,,,,,,,,,,,,
1280,Garlic Cream Cheese,First Wish Bakery,1.0,porsi (65 g),240.0,,,27.0,,8.0,12.0,,,,,,1.0,,,9.0,,,,,,,,,,,,,,,,,,,,,,,,,,,,,,,,,,,
1281,Garlic Salad Dressing,Remia,1.0,porsi (20 ml),56.0,,,2.2,,0.1,5.2,0.4,,,,,0.0,,,1.5,,,,,,,,,,,,,,,,,,,,,,0.0,,,,,,,,,,,,,
1282,Garuda Rosta Kacang Panggang Rasa Bawang,Garuda,1.0,bungkus (11 g),60.0,,,6.0,,2.0,3.0,0.5,,,,,1.0,,,1.0,,,,,,,,,,,,,,,,,,,,,,60.0,,,,,,,,,,,,,
1283,Gekikara Curry,WARASA,1.0,porsi (20 g),90.0,,,10.0,,1.0,5.0,2.0,,,,,,,,4.0,,,,,,,,,,,,,,,,,,,,,,730.0,,,,,,,,,,,,,
1284,Gekikara Ramen,Nissin,0.0,0,0.0,0.0,0.0,0.0,0.0,0.0,0.0,0.0,0.0,0.0,0.0,0.0,0.0,0.0,0.0,0.0,0.0,0.0,0.0,0.0,0.0,0.0,0.0,0.0,0.0,0.0,0.0,0.0,0.0,0.0,0.0,0.0,0.0,0.0,0.0,0.0,0.0,0.0,0.0,0.0,0.0,0.0,0.0,0.0,0.0,0.0,0.0,0.0,0.0,0.0,0.0
1285,Gekikara Ramen Hot Carbonara,Nissin,0.0,0,0.0,0.0,0.0,0.0,0.0,0.0,0.0,0.0,0.0,0.0,0.0,0.0,0.0,0.0,0.0,0.0,0.0,0.0,0.0,0.0,0.0,0.0,0.0,0.0,0.0,0.0,0.0,0.0,0.0,0.0,0.0,0.0,0.0,0.0,0.0,0.0,0.0,0.0,0.0,0.0,0.0,0.0,0.0,0.0,0.0,0.0,0.0,0.0,0.0,0.0,0.0
1286,Gekikara Ramen Hot Chicken,Nissin,0.0,0,0.0,0.0,0.0,0.0,0.0,0.0,0.0,0.0,0.0,0.0,0.0,0.0,0.0,0.0,0.0,0.0,0.0,0.0,0.0,0.0,0.0,0.0,0.0,0.0,0.0,0.0,0.0,0.0,0.0,0.0,0.0,0.0,0.0,0.0,0.0,0.0,0.0,0.0,0.0,0.0,0.0,0.0,0.0,0.0,0.0,0.0,0.0,0.0,0.0,0.0,0.0
1287,Gelas Baso Sapi,Sarimi,1.0,gelas (30 g),150.0,,,18.0,,2.0,8.0,4.0,,,,0.0,1.0,,,1.0,,,,,,,,,,,,,,,,,,,,,,820.0,,,,,,,,,,,,,
1288,Gem Bunga,Hatari,100.0,g,70.0,,,14.0,,1.0,1.0,0.0,,,,,,,,6.0,,,,,,,,,,,,,,,,,,,,,,55.0,,,,,,,,,,,,,
1289,Gem Bunga,Inafood,1.0,porsi (24 g),100.0,,,20.0,,1.0,2.0,1.0,0.0,0.0,,0.0,1.0,,,10.0,,,,,,,,,,,,,,,,,,,,,,65.0,0.0,,,,,,,,,,,,
1290,Gery Salut Malkist Sweet Cheese,Gery,2.0,keping (15 g),70.0,,,10.0,,1.0,3.5,2.0,,,,0.0,1.0,,,3.0,,,,,,,,,,,,,,,,,,,,,,135.0,45.0,,,,,,,,,,,,
1291,Gery Saluut Malkist Cheese,Gery,2.0,keping (22 g),110.0,,,14.0,,2.0,5.0,4.0,,,,0.0,1.0,,,4.0,,,,,,,,,,,,,,,,,,,,,,,,,,,,,,,,,,,
1292,Gery Saluut Malkist Chocolate,Gery,1.0,porsi (20 g),100.0,,,13.0,,1.0,5.0,2.5,,,,,1.0,,,4.0,,,,,,,,,,,,,,,,,,,,,,25.0,,,,,,,,,,,,,
1293,Gin dan Tonik,Minuman,1.0,koktail,171.0,,,15.77,,0.04,0.04,0.005,0.009,0.005,,0.0,0.0,,,14.96,,,,,,,,,,,,,,,,,,,,,,23.0,11.0,,,,,,,,,,,,
1294,Ginger Butter Cookies,The Harvest,1.0,porsi (42 g),230.0,,,26.0,,3.0,13.0,,,,,35.0,3.0,,,10.0,,,,,,,,,,,,,,,,,,,,,,110.0,,,,,,,,,,,,,
1295,Ginger Love,Mama Roz,0.0,0,0.0,0.0,0.0,0.0,0.0,0.0,0.0,0.0,0.0,0.0,0.0,0.0,0.0,0.0,0.0,0.0,0.0,0.0,0.0,0.0,0.0,0.0,0.0,0.0,0.0,0.0,0.0,0.0,0.0,0.0,0.0,0.0,0.0,0.0,0.0,0.0,0.0,0.0,0.0,0.0,0.0,0.0,0.0,0.0,0.0,0.0,0.0,0.0,0.0,0.0,0.0
1296,Gingerbon,Agel,1.0,buah (4 g),15.0,,,4.0,,0.0,0.0,0.0,,,,,,,,3.0,,,,,,,,,,,,,,,,,,,,,,0.0,,,,,,,,,,,,,
1297,Ginseng Cereal,Indocafe,1.0,bks (35 g),160.0,,,30.0,,0.0,4.0,4.0,,,,,1.0,,,12.0,,,,,,,,,,,,,,,,,,,,,,75.0,,,,,,,,,,,,,
"1298,Glacier Fresh Mint,Ricola,1.0,""butir (2,5 g)"",10.0,,,3.0,,0.0,0.0,,,,,0.0,,,,0.0,,,,,,,,,,,,,,,,,,,,,,,,,,,,,,,,,,,"
1299,Glazin Butter Coconut,Unibis,3.0,keping (15 g),70.0,,,10.0,,1.0,3.0,,,,,,,,,,,,,,,,,,,,,,,,,,,,,,,,,,,,,,,,,,,,
1300,Glow Recipe,Acaii Tea,1.0,bottle (500 ml),100.0,,,20.0,,1.0,0.0,,,,,,,,,,,,,,,,,,,,,,,,,,,,,,,,,,,,,,,,,,,,
1301,Gluten Free Beet Noodle,Ladang Lima,1.0,porsi (76 g),280.0,,,64.0,,1.0,2.0,0.5,0.0,1.0,,0.0,5.0,,,1.0,,,,,,,,,,,,,,,,,,,,,,560.0,0.0,,,,,,,,,,,,
1302,Gluten Free Cookies Blackmond,Ladang Lima,1.0,porsi (33 g),180.0,,,19.0,,2.0,10.0,6.0,,,,0.0,2.0,,,7.0,,,,,,,,,,,,,,,,,,,,,,75.0,,,,,,,,,,,,,
1303,Gluten Free Kale Noodle,Ladang Lima,1.0,porsi (76 g),290.0,,,64.0,,1.0,3.0,1.5,0.0,1.5,,0.0,5.0,,,1.0,,,,,,,,,,,,,,,,,,,,,,410.0,0.0,,,,,,,,,,,,
1304,Gluten Free Noodle Soup Rasa Ayam Bawang,Ladang Lima,0.0,0,0.0,0.0,0.0,0.0,0.0,0.0,0.0,0.0,0.0,0.0,0.0,0.0,0.0,0.0,0.0,0.0,0.0,0.0,0.0,0.0,0.0,0.0,0.0,0.0,0.0,0.0,0.0,0.0,0.0,0.0,0.0,0.0,0.0,0.0,0.0,0.0,0.0,0.0,0.0,0.0,0.0,0.0,0.0,0.0,0.0,0.0,0.0,0.0,0.0,0.0,0.0
1305,Gluten Free Tepung Bumbu,Ladang Lima,0.0,0,0.0,0.0,0.0,0.0,0.0,0.0,0.0,0.0,0.0,0.0,0.0,0.0,0.0,0.0,0.0,0.0,0.0,0.0,0.0,0.0,0.0,0.0,0.0,0.0,0.0,0.0,0.0,0.0,0.0,0.0,0.0,0.0,0.0,0.0,0.0,0.0,0.0,0.0,0.0,0.0,0.0,0.0,0.0,0.0,0.0,0.0,0.0,0.0,0.0,0.0,0.0
1306,Gluten-Free Rolled Oats,Oatsy,0.0,0,0.0,0.0,0.0,0.0,0.0,0.0,0.0,0.0,0.0,0.0,0.0,0.0,0.0,0.0,0.0,0.0,0.0,0.0,0.0,0.0,0.0,0.0,0.0,0.0,0.0,0.0,0.0,0.0,0.0,0.0,0.0,0.0,0.0,0.0,0.0,0.0,0.0,0.0,0.0,0.0,0.0,0.0,0.0,0.0,0.0,0.0,0.0,0.0,0.0,0.0,0.0
1307,Go Bread Roti Guling Cheese,Go Day,1.0,porsi (33 g),130.0,,,18.0,,3.0,5.0,3.5,,,,,,,,5.0,,,,,,,,,,,,,,,,,,,,,,65.0,,,,,,,,,,,,,
1308,Go Fast,Fastana,1.0,bungkus (41 g),180.0,,,33.0,,2.0,4.5,1.0,,,,3000.0,,,,18.0,,,,,,,,,,,,,,,,,,,,,,85.0,,,,,,,,,,,,,
1309,Go Pie Cake Coklat,Go Day,1.0,porsi,100.0,,,14.0,,2.0,4.0,2.0,,,,,,,,7.0,,,,,,,,,,,,,,,,,,,,,,,,,,,,,,,,,,,
1310,Go'nola Triple Berry,Yava,1.0,porsi (30 g),140.0,,,18.0,,3.0,6.0,3.5,,,,0.0,4.0,,,4.0,,,,,,,,,,,,,,,,,,,,,,90.0,,,,,,,,,,,,,
1311,Go-Fruit Banana,Energen,1.0,bedak wangi (33 g),150.0,,,26.0,,2.0,4.0,,,,,0.0,1.0,,,19.0,,,,,,,,,,,,,,,,,,,,,,,,,,,,,,,,,,,
1312,Go-Pie Cake (Cokelat),Go Day,1.0,porsi (35 g),100.0,,,14.0,,2.0,4.0,1.5,,,,,,,,7.0,,,,,,,,,,,,,,,,,,,,,,70.0,,,,,,,,,,,,,
1313,Gochujang,Haechandle,0.0,0,0.0,0.0,0.0,0.0,0.0,0.0,0.0,0.0,0.0,0.0,0.0,0.0,0.0,0.0,0.0,0.0,0.0,0.0,0.0,0.0,0.0,0.0,0.0,0.0,0.0,0.0,0.0,0.0,0.0,0.0,0.0,0.0,0.0,0.0,0.0,0.0,0.0,0.0,0.0,0.0,0.0,0.0,0.0,0.0,0.0,0.0,0.0,0.0,0.0,0.0,0.0
1314,Gochujang Original,O'food,0.0,0,0.0,0.0,0.0,0.0,0.0,0.0,0.0,0.0,0.0,0.0,0.0,0.0,0.0,0.0,0.0,0.0,0.0,0.0,0.0,0.0,0.0,0.0,0.0,0.0,0.0,0.0,0.0,0.0,0.0,0.0,0.0,0.0,0.0,0.0,0.0,0.0,0.0,0.0,0.0,0.0,0.0,0.0,0.0,0.0,0.0,0.0,0.0,0.0,0.0,0.0,0.0
1315,Gochujang Red Pepper Paste (Korean Rice),Haechandle,1.0,serving (50 g),120.0,,,26.0,,2.0,0.5,0.0,,,,,,,,10.0,,,,,,,,,,,,,,,,,,,,,,1290.0,,,,,,,,,,,,,
1316,Gojiberry,Jele,0.0,0,0.0,0.0,0.0,0.0,0.0,0.0,0.0,0.0,0.0,0.0,0.0,0.0,0.0,0.0,0.0,0.0,0.0,0.0,0.0,0.0,0.0,0.0,0.0,0.0,0.0,0.0,0.0,0.0,0.0,0.0,0.0,0.0,0.0,0.0,0.0,0.0,0.0,0.0,0.0,0.0,0.0,0.0,0.0,0.0,0.0,0.0,0.0,0.0,0.0,0.0,0.0
1317,Gold,Entrasol,3.0,sendok makan (35 g),130.0,,,20.0,,9.0,2.0,1.5,,,,10.0,3.0,,,7.0,,,,,,,,,,,,,,,,,,,,,,115.0,280.0,,,,,,,,,,,,
1318,Gold Blend,Nescafe,0.0,0,0.0,0.0,0.0,0.0,0.0,0.0,0.0,0.0,0.0,0.0,0.0,0.0,0.0,0.0,0.0,0.0,0.0,0.0,0.0,0.0,0.0,0.0,0.0,0.0,0.0,0.0,0.0,0.0,0.0,0.0,0.0,0.0,0.0,0.0,0.0,0.0,0.0,0.0,0.0,0.0,0.0,0.0,0.0,0.0,0.0,0.0,0.0,0.0,0.0,0.0,0.0
1319,Gold Cake Choco Cheese Cake,Rious,1.0,porsi (33 g),100.0,,,10.0,,3.0,6.0,3.0,,,,68.0,,,,6.0,,,,,,,,,,,,,,,,,,,,,,75.0,70.0,,,,,,,,,,,,
1320,Gold Cake Double Chocolate,Rious,1.0,porsi (22 g),70.0,,,8.0,,1.0,3.5,2.5,,,,44.0,1.0,,,4.0,,,,,,,,,,,,,,,,,,,,,,45.0,95.0,,,,,,,,,,,,
1321,Gold Cake Green Tea,Rious,1.0,potong (22 g),70.0,,,7.0,,2.0,4.5,2.0,,,,50.0,1.0,,,3.0,,,,,,,,,,,,,,,,,,,,,,25.0,40.0,,,,,,,,,,,,
1322,Gold Cake Lemon Cheese Cake,Rious,1.0,porsi (33 g),100.0,,,10.0,,3.0,6.0,3.5,,,,35.0,1.0,,,7.0,,,,,,,,,,,,,,,,,,,,,,50.0,45.0,,,,,,,,,,,,
1323,Gold Cake Original Japanese Cake,Rious,1.0,porsi (32 g),90.0,,,10.0,,3.0,4.0,2.0,,,,,2.0,,,4.0,,,,,,,,,,,,,,,,,,,,,,50.0,30.0,,,,,,,,,,,,
1324,Gold Cheddar Cheese,Wincheez,0.0,0,0.0,0.0,0.0,0.0,0.0,0.0,0.0,0.0,0.0,0.0,0.0,0.0,0.0,0.0,0.0,0.0,0.0,0.0,0.0,0.0,0.0,0.0,0.0,0.0,0.0,0.0,0.0,0.0,0.0,0.0,0.0,0.0,0.0,0.0,0.0,0.0,0.0,0.0,0.0,0.0,0.0,0.0,0.0,0.0,0.0,0.0,0.0,0.0,0.0,0.0,0.0
1325,Gold Creatine,Kevin Levrone,0.0,0,0.0,0.0,0.0,0.0,0.0,0.0,0.0,0.0,0.0,0.0,0.0,0.0,0.0,0.0,0.0,0.0,0.0,0.0,0.0,0.0,0.0,0.0,0.0,0.0,0.0,0.0,0.0,0.0,0.0,0.0,0.0,0.0,0.0,0.0,0.0,0.0,0.0,0.0,0.0,0.0,0.0,0.0,0.0,0.0,0.0,0.0,0.0,0.0,0.0,0.0,0.0
1326,Gold Iso,Kevin Levrone,1.0,serving (30 g),110.0,,,0.45,,27.0,0.0,0.0,,,,,,,,0.0,,,,,,,,,,,,,,,,,,,,,,0.0,,,,,,,,,,,,,
1327,Gold Standard 100% Casein,Optimum Nutrition,1.0,scoop (34 g),120.0,,,4.0,,24.0,1.0,0.5,,,,15.0,1.0,,,1.0,,,,,,,,,,,,,,,,,,,,,,290.0,220.0,,,,,,,,,,,,
1328,Gold Standard 100% Whey,Optimum Nutrition,1.0,skop (33 g),130.0,,,4.0,,24.0,2.0,1.0,,,,35.0,1.0,,,1.0,,,,,,,,,,,,,,,,,,,,,,50.0,210.0,,,,,,,,,,,,
1329,Gold Standard Isolate,Optimum Nutrition,1.0,scoop (31 g),110.0,,,1.0,,25.0,0.0,0.0,0.0,0.0,,0.0,,,,0.0,,,,,,,,,,,,,,,,,,,,,,190.0,,,,,,,,,,,,,
1330,Gold Whey,Kevin Levrone,1.0,scoop (30 g),113.0,,,4.2,,21.0,1.3,0.8,,,,,,,,1.3,,,,,,,,,,,,,,,,,,,,,,390.0,,,,,,,,,,,,,
1331,Golda Coffee,Wings Food,1.0,botol (200 ml),180.0,,,31.0,,2.0,5.0,5.0,0.0,0.0,,0.0,0.0,,,19.0,,,,,,,,,,,,,,,,,,,,,,80.0,0.0,,,,,,,,,,,,
1332,Golda Coffee Dolce Latte,Wings Food,1.0,botol (200 ml),120.0,,,22.0,,2.0,2.5,5.0,,,,,,,,19.0,,,,,,,,,,,,,,,,,,,,,,105.0,,,,,,,,,,,,,
1333,Goldbears,Haribo,1.0,porsi (30 g),110.0,,,26.0,,2.0,0.0,0.0,,,,,1.0,,,14.0,,,,,,,,,,,,,,,,,,,,,,5.0,,,,,,,,,,,,,
1334,Golden City Chocolate Balls,L'Agie,1.0,takaran saji (25 g),120.0,,,18.0,,2.0,5.0,4.5,,,,,,,,11.0,,,,,,,,,,,,,,,,,,,,,,35.0,,,,,,,,,,,,,
1335,Golden Curry Hot,S&B,1.0,porsi (18 g),90.0,,,9.0,,1.0,5.0,3.0,,,,0.0,1.0,,,2.0,,,,,,,,,,,,,,,,,,,,,,720.0,,,,,,,,,,,,,
1336,Golden Curry Mild,S&B,1.0,porsi (18 g),90.0,,,9.0,,1.0,5.0,3.0,0.0,0.0,,0.0,1.0,,,2.0,,,,,,,,,,,,,,,,,,,,,,800.0,46.0,,,,,,,,,,,,
1337,Golden Grain,V-Soy,100.0,g,63.0,,,9.5,,2.7,1.6,0.3,0.3,0.8,,0.0,0.5,,,5.0,,,,,,,,,,,,,,,,,,,,,,40.0,0.0,,,,,,,,,,,,
1338,Golden Orange,Rejuve,1.0,buah (250 ml),120.0,,,27.0,,2.0,0.0,0.0,,,,0.0,8.0,,,19.0,,,,,,,,,,,,,,,,,,,,,,30.0,,,,,,,,,,,,,
1339,Golden Veggie Puffs,Alamii,1.0,porsi (13 g),70.0,,,8.0,,1.0,3.5,0.0,0.0,0.0,,0.0,,,,1.0,,,,,,,,,,,,,,,,,,,,,,50.0,,,,,,,,,,,,,
1340,Gompaghetti,Paldo,1.0,serving (110 g),460.0,,,76.0,,10.0,13.0,6.0,,,,0.0,5.0,,,4.0,,,,,,,,,,,,,,,,,,,,,,1110.0,,,,,,,,,,,,,
1341,Good Milk Full Cream Plain,Indomilk,1.0,serving (250 ml),150.0,,,13.0,,8.0,8.0,3.5,0.0,4.0,,25.0,1.0,,,12.0,,,,,,,,,,,,,,,,,,,,,,140.0,,,,,,,,,,,,,
1342,Goodbis Peanut Cream Biscuit,Inafood,4.0,keping (19 g),90.0,,,13.0,,1.0,4.0,2.0,,,,0.0,1.0,,,5.0,,,,,,,,,,,,,,,,,,,,,,115.0,,,,,,,,,,,,,
1343,Goodbis Square Puff,Inafood,0.0,0,0.0,0.0,0.0,0.0,0.0,0.0,0.0,0.0,0.0,0.0,0.0,0.0,0.0,0.0,0.0,0.0,0.0,0.0,0.0,0.0,0.0,0.0,0.0,0.0,0.0,0.0,0.0,0.0,0.0,0.0,0.0,0.0,0.0,0.0,0.0,0.0,0.0,0.0,0.0,0.0,0.0,0.0,0.0,0.0,0.0,0.0,0.0,0.0,0.0,0.0,0.0
1344,Gouda Cheese,Lactima,100.0,g,224.0,,,5.0,,15.0,16.0,,,,,,,,,,,,,,,,,,,,,,,,,,,,,,,,,,,,,,,,,,,,
"1345,Gourmet Slices,Bega,1.0,""slice (16,7 g)"",52.0,,,0.5,,2.9,4.2,2.9,,,,,,,,0.5,,,,,,,,,,,,,,,,,,,,,,233.0,,,,,,,,,,,,,"
1346,Grainnola Dark Chocolate,Timur Tengah,1.0,porsi (30 g),100.0,,,16.0,,3.0,3.0,,,,,,4.0,,,3.0,,,,,,,,,,,,,,,,,,,,,,0.0,,,,,,,,,,,,,
1347,Granola,Kellogg's,0.0,0,0.0,0.0,0.0,0.0,0.0,0.0,0.0,0.0,0.0,0.0,0.0,0.0,0.0,0.0,0.0,0.0,0.0,0.0,0.0,0.0,0.0,0.0,0.0,0.0,0.0,0.0,0.0,0.0,0.0,0.0,0.0,0.0,0.0,0.0,0.0,0.0,0.0,0.0,0.0,0.0,0.0,0.0,0.0,0.0,0.0,0.0,0.0,0.0,0.0,0.0,0.0
1348,Granola,Lean Lab,1.0,serving (30 ml),140.0,,,22.0,,2.0,5.0,1.0,,,,,2.0,,,4.0,,,,,,,,,,,,,,,,,,,,,,,,,,,,,,,,,,,
1349,Granola Bites Chocolate Banana,East Bali Cashews,1.0,porsi (30 g),120.0,,,17.0,,3.0,5.0,2.5,,,,,2.0,,,4.0,,,,,,,,,,,,,,,,,,,,,,135.0,,,,,,,,,,,,,
1350,Granola Bites Chocolate Vanilla,East Bali Cashews,1.0,porsi (30 g),140.0,,,20.0,,3.0,6.0,4.0,,,,0.0,2.0,,,6.0,,,,,,,,,,,,,,,,,,,,,,135.0,,,,,,,,,,,,,
1351,Granola Bites Coconut Banana,East Bali Cashews,2.0,butir (30 g),145.0,,,19.0,,2.0,7.5,5.5,,,,0.0,4.5,,,5.5,,,,,,,,,,,,,,,,,,,,,,150.0,,,,,,,,,,,,,
1352,Granola Bites Coconut Banana,Yava,1.0,serving (30 g),150.0,,,19.0,,3.0,7.0,4.5,,,,0.0,3.0,,,6.0,,,,,,,,,,,,,,,,,,,,,,140.0,,,,,,,,,,,,,
1353,Granola Bites Tropical Fruits,East Bali Cashews,1.0,porsi (30 g),129.0,,,15.5,,2.5,7.0,4.0,,,,,2.0,,,4.5,,,,,,,,,,,,,,,,,,,,,,94.0,,,,,,,,,,,,,
1354,Granola Blueberry,Timur Tengah,2.0,sendok makan (30 g),130.0,,,22.0,,2.0,4.0,1.0,,,,,4.0,,,9.0,,,,,,,,,,,,,,,,,,,,,,0.0,,,,,,,,,,,,,
1355,Granola Caramel,Mako,0.0,0,0.0,0.0,0.0,0.0,0.0,0.0,0.0,0.0,0.0,0.0,0.0,0.0,0.0,0.0,0.0,0.0,0.0,0.0,0.0,0.0,0.0,0.0,0.0,0.0,0.0,0.0,0.0,0.0,0.0,0.0,0.0,0.0,0.0,0.0,0.0,0.0,0.0,0.0,0.0,0.0,0.0,0.0,0.0,0.0,0.0,0.0,0.0,0.0,0.0,0.0,0.0
1356,Granola Cheese & Cream,Timur Tengah,1.0,porsi (30 g),130.0,,,20.0,,4.0,3.5,1.0,,,,,3.0,,,3.0,,,,,,,,,,,,,,,,,,,,,,25.0,,,,,,,,,,,,,
1357,Granola Chocolate Banana,Yava,0.0,0,0.0,0.0,0.0,0.0,0.0,0.0,0.0,0.0,0.0,0.0,0.0,0.0,0.0,0.0,0.0,0.0,0.0,0.0,0.0,0.0,0.0,0.0,0.0,0.0,0.0,0.0,0.0,0.0,0.0,0.0,0.0,0.0,0.0,0.0,0.0,0.0,0.0,0.0,0.0,0.0,0.0,0.0,0.0,0.0,0.0,0.0,0.0,0.0,0.0,0.0,0.0
1358,Granola Chocolate Vanilla,East Bali Cashews,1.0,porsi (30 g),130.0,,,17.0,,3.0,6.0,3.0,,,,0.0,2.0,,,3.0,,,,,,,,,,,,,,,,,,,,,,100.0,,,,,,,,,,,,,
1359,Granola Chocolate Vanilla,Yava,1.0,serving (30 g),140.0,,,20.0,,3.0,6.0,3.0,,,,0.0,2.0,,,6.0,,,,,,,,,,,,,,,,,,,,,,135.0,,,,,,,,,,,,,
1360,Granola Coconut Banana,East Bali Cashews,1.0,takaran saji (30 g),145.0,,,19.0,,2.0,7.5,5.5,,,,0.0,4.5,,,5.5,,,,,,,,,,,,,,,,,,,,,,150.0,,,,,,,,,,,,,
1361,Granola Dark Chocolate,Kellogg's,1.0,pouch (40 g),180.0,,,29.0,,3.0,6.0,3.0,1.0,2.5,,,3.0,,,10.0,,,,,,,,,,,,,,,,,,,,,,65.0,,,,,,,,,,,,,
1362,Granola Dark Chocolate,Timur Tengah,1.0,sendok makan (30 g),140.0,,,19.0,,3.0,5.0,1.0,,,,0.0,4.0,,,3.0,,,,,,,,,,,,,,,,,,,,,,20.0,0.0,,,,,,,,,,,,
1363,Granola Honey & Vanilla,Timur Tengah,2.0,sendok makan (30 g),140.0,,,22.0,,3.0,4.5,1.0,,,,,5.0,,,9.0,,,,,,,,,,,,,,,,,,,,,,5.0,,,,,,,,,,,,,
1364,Granola Mango Yogurt,Timur Tengah,1.0,serving (30 g),130.0,,,22.0,,3.0,3.0,,,,,,3.0,,,3.0,,,,,,,,,,,,,,,,,,,,,,,,,,,,,,,,,,,
1365,Granola Milky Milk,Timur Tengah,1.0,serving  (30 g),130.0,,,18.0,,4.0,5.0,2.0,,,,,4.0,,,3.0,,,,,,,,,,,,,,,,,,,,,,5.0,,,,,,,,,,,,,
1366,Granola Mixed Berries,Kellogg's,1.0,serving (40 g),190.0,,,28.0,,4.0,7.0,2.5,1.0,2.0,,0.0,2.0,,,10.0,,,,,,,,,,,,,,,,,,,,,,70.0,,,,,,,,,,,,,
1367,Granola Puffs Chocolate Vanilla,Yava,1.0,takaran saji (30 g),140.0,,,21.0,,3.0,4.5,3.0,,,,0.0,2.0,,,4.0,,,,,,,,,,,,,,,,,,,,,,125.0,,,,,,,,,,,,,
1368,Granola Tropical Fruits,East Bali Cashews,100.0,g,429.0,,,51.5,,7.5,23.5,14.0,,,,0.0,7.8,,,15.0,,,,,,,,,,,,,,,,,,,,,,314.0,,,,,,,,,,,,,
1369,Granola Vanila,Timur Tengah,1.0,porsi (30 g),140.0,,,22.0,,3.0,4.5,1.0,,,,,5.0,,,9.0,,,,,,,,,,,,,,,,,,,,,,,,,,,,,,,,,,,
1370,Granola with Cashews Chocolate Vanilla,Yava,0.0,0,0.0,0.0,0.0,0.0,0.0,0.0,0.0,0.0,0.0,0.0,0.0,0.0,0.0,0.0,0.0,0.0,0.0,0.0,0.0,0.0,0.0,0.0,0.0,0.0,0.0,0.0,0.0,0.0,0.0,0.0,0.0,0.0,0.0,0.0,0.0,0.0,0.0,0.0,0.0,0.0,0.0,0.0,0.0,0.0,0.0,0.0,0.0,0.0,0.0,0.0,0.0
1371,Granola with Cashews Rosella Cinnamon,East Bali Cashews,1.0,porsi (30 g),126.0,,,18.5,,2.5,4.0,2.0,,,,0.0,2.5,,,5.0,,,,,,,,,,,,,,,,,,,,,,118.0,,,,,,,,,,,,,
1372,Grass Jelly Drink,Yeo's,1.0,kaleng (300 ml),110.0,,,28.0,,0.0,0.0,,,,,,,,,27.0,,,,,,,,,,,,,,,,,,,,,,30.0,,,,,,,,,,,,,
1373,Grass Jelly Drinks,Cap Panda,1.0,can (310 ml),100.0,,,25.0,,0.0,0.0,0.0,,,,0.0,,,,23.0,,,,,,,,,,,,,,,,,,,,,,55.0,0.0,,,,,,,,,,,,
1374,Greek Affair Chicken Salad,Easy Peasy,1.0,porsi,347.0,,,18.6,,24.1,18.4,,,,,,,,,,,,,,,,,,,,,,,,,,,,,,,,,,,,,,,,,,,,
1375,Greek Style Yogurt,Heavenly Blush,1.0,cangkir (125 ml),110.0,,,15.0,,4.0,4.0,4.0,,,,10.0,5.0,,,9.0,,,,,,,,,,,,,,,,,,,,,,40.0,260.0,,,,,,,,,,,,
1376,Greek Style Yogurt with  Granola,Heavenly Blush,100.0,g,170.0,,,16.0,,8.0,9.0,2.5,,,,20.0,3.0,,,9.0,,,,,,,,,,,,,,,,,,,,,,50.0,125.0,,,,,,,,,,,,
1377,Greek Style Yogurt with Honey,Heavenly Blush,100.0,g,180.0,,,18.0,,5.0,10.0,2.5,,,,20.0,2.0,,,9.0,,,,,,,,,,,,,,,,,,,,,,40.0,12.0,,,,,,,,,,,,
1378,Greek Style Yogurt with Strawberry,Heavenly Blush,100.0,g,150.0,,,15.0,,4.0,9.0,6.0,,,,30.0,3.0,,,12.0,,,,,,,,,,,,,,,,,,,,,,50.0,130.0,,,,,,,,,,,,
1379,Greek Yoghurt Blueberry,Yummy,100.0,g,140.0,,,19.0,,8.0,3.5,2.5,,,,10.0,,,,10.0,,,,,,,,,,,,,,,,,,,,,,65.0,,,,,,,,,,,,,
1380,Greek Yoghurt Lychee,Heavenly Blush,100.0,g,130.0,,,8.0,,4.0,9.0,6.0,,,,15.0,2.0,,,6.0,,,,,,,,,,,,,,,,,,,,,,55.0,,,,,,,,,,,,,
1381,Greek Yoghurt Original,Yummy,100.0,g,140.0,,,17.0,,7.0,4.0,3.0,,,,4.0,,,,8.0,,,,,,,,,,,,,,,,,,,,,,60.0,,,,,,,,,,,,,
1382,Greek Yoghurt Plain,Heavenly Blush,1.0,serving (80 g),90.0,,,5.0,,4.0,6.0,3.5,0.0,0.0,,15.0,3.0,,,3.0,,,,,,,,,,,,,,,,,,,,,,40.0,4.0,,,,,,,,,,,,
1383,Greek Yoghurt Plain,Elle & Vire,100.0,g,114.0,,,5.2,,4.0,8.5,5.8,,,,,1.0,,,3.4,,,,,,,,,,,,,,,,,,,,,,68.0,,,,,,,,,,,,,
1384,Greek Yoghurt Strawberry,Yummy,100.0,g,170.0,,,18.0,,5.0,9.0,2.5,,,,20.0,4.0,,,10.0,,,,,,,,,,,,,,,,,,,,,,45.0,,,,,,,,,,,,,
1385,Greek Yogurt Blueberry,Heavenly Blush,100.0,g,150.0,,,16.0,,4.0,8.0,5.0,,,,30.0,5.0,,,12.0,,,,,,,,,,,,,,,,,,,,,,50.0,4.0,,,,,,,,,,,,
1386,Greek Yogurt Classic,Heavenly Blush,1.0,kotak (200 ml),110.0,,,15.0,,4.0,4.0,2.0,,,,15.0,5.0,,,9.0,,,,,,,,,,,,,,,,,,,,,,40.0,260.0,,,,,,,,,,,,
1387,Greek Yogurt Original,Heavenly Blush,100.0,g,110.0,,,6.0,,5.0,8.0,4.5,,,,20.0,2.0,,,3.0,,,,,,,,,,,,,,,,,,,,,,50.0,150.0,,,,,,,,,,,,
1388,Greek Yogurt Peach,Heavenly Blush,100.0,g,170.0,,,17.0,,5.0,9.0,2.5,,,,20.0,4.0,,,11.0,,,,,,,,,,,,,,,,,,,,,,40.0,120.0,,,,,,,,,,,,
1389,Greek Yogurt Plain No Added Sugar,Heavenly Blush,1.0,porsi (80 g),90.0,,,5.0,,4.0,6.0,3.5,0.0,0.0,,15.0,3.0,,,3.0,,,,,,,,,,,,,,,,,,,,,,40.0,0.0,,,,,,,,,,,,
1390,Greek Yogurt Strawberry,Heavenly Blush,1.0,porsi (150 ml),120.0,,,19.0,,4.0,3.0,2.0,,,,10.0,5.0,,,14.0,,,,,,,,,,,,,,,,,,,,,,85.0,,,,,,,,,,,,,
1391,Greek Yogurt Style Honey,Heavenly Blush,100.0,g,150.0,,,16.0,,4.0,8.0,6.0,,,,30.0,4.0,,,12.0,,,,,,,,,,,,,,,,,,,,,,50.0,,,,,,,,,,,,,
1392,Greek Yogurt with Granola,Heavenly Blush,100.0,g,170.0,,,16.0,,8.0,9.0,2.5,,,,20.0,3.0,,,9.0,,,,,,,,,,,,,,,,,,,,,,50.0,125.0,,,,,,,,,,,,
1393,Green Barley Noodle Dry Base,Healtimie,1.0,bungkus (78 g),310.0,,,57.0,,10.0,3.0,1.5,,,,0.0,7.0,,,2.0,,,,,,,,,,,,,,,,,,,,,,0.0,320.0,,,,,,,,,,,,
1394,Green Barley Noodle Vegetable SOUP,Healtimie,1.0,bungkus (75 g),270.0,,,49.0,,14.0,2.0,1.0,,,,0.0,10.0,,,2.0,,,,,,,,,,,,,,,,,,,,,,250.0,271.0,,,,,,,,,,,,
1395,Green Celery,Mama Roz,0.0,0,0.0,0.0,0.0,0.0,0.0,0.0,0.0,0.0,0.0,0.0,0.0,0.0,0.0,0.0,0.0,0.0,0.0,0.0,0.0,0.0,0.0,0.0,0.0,0.0,0.0,0.0,0.0,0.0,0.0,0.0,0.0,0.0,0.0,0.0,0.0,0.0,0.0,0.0,0.0,0.0,0.0,0.0,0.0,0.0,0.0,0.0,0.0,0.0,0.0,0.0,0.0
1396,Green Delight,Mama Roz,0.0,0,0.0,0.0,0.0,0.0,0.0,0.0,0.0,0.0,0.0,0.0,0.0,0.0,0.0,0.0,0.0,0.0,0.0,0.0,0.0,0.0,0.0,0.0,0.0,0.0,0.0,0.0,0.0,0.0,0.0,0.0,0.0,0.0,0.0,0.0,0.0,0.0,0.0,0.0,0.0,0.0,0.0,0.0,0.0,0.0,0.0,0.0,0.0,0.0,0.0,0.0,0.0
1397,Green Essentials,Mama Roz,1.0,serving (250 g),75.0,,,18.0,,0.0,0.0,0.0,,,,,4.0,,,12.0,,,,,,,,,,,,,,,,,,,,,,,,,,,,,,,,,,,
1398,Green Fairy Juice,Nakedpress,0.0,0,0.0,0.0,0.0,0.0,0.0,0.0,0.0,0.0,0.0,0.0,0.0,0.0,0.0,0.0,0.0,0.0,0.0,0.0,0.0,0.0,0.0,0.0,0.0,0.0,0.0,0.0,0.0,0.0,0.0,0.0,0.0,0.0,0.0,0.0,0.0,0.0,0.0,0.0,0.0,0.0,0.0,0.0,0.0,0.0,0.0,0.0,0.0,0.0,0.0,0.0,0.0
1399,Green Glory,Rejuve,1.0,porsi (250 ml),100.0,,,23.0,,2.0,0.0,0.0,0.0,0.0,,0.0,6.0,,,10.0,,,,,,,,,,,,,,,,,,,,,,55.0,100.0,,,,,,,,,,,,
1400,Green Grenade,Nakedpress,1.0,serving (330 ml),76.0,,,17.0,,2.0,0.0,,,,,,,,,,,,,,,,,,,,,,,,,,,,,,,,,,,,,,,,,,,,
1401,Green Meal Smoothie,Mama Roz,0.0,0,0.0,0.0,0.0,0.0,0.0,0.0,0.0,0.0,0.0,0.0,0.0,0.0,0.0,0.0,0.0,0.0,0.0,0.0,0.0,0.0,0.0,0.0,0.0,0.0,0.0,0.0,0.0,0.0,0.0,0.0,0.0,0.0,0.0,0.0,0.0,0.0,0.0,0.0,0.0,0.0,0.0,0.0,0.0,0.0,0.0,0.0,0.0,0.0,0.0,0.0,0.0
1402,Green Peas,Camel,1.0,bungkus (40 g),147.0,,,23.9,,7.8,2.2,0.2,,,,0.0,,,,6.0,,,,,,,,,,,,,,,,,,,,,,125.0,,,,,,,,,,,,,
1403,Green Supreme,Mama Roz,1.0,porsi (250 ml),100.0,,,24.0,,0.0,0.0,0.0,,,,,3.0,,,21.0,,,,,,,,,,,,,,,,,,,,,,0.0,,,,,,,,,,,,,
1404,Green Tea Almond,Ina Cookies,100.0,g,406.0,,,16.0,,12.0,4.0,,,,,,,,,,,,,,,,,,,,,,,,,,,,,,,,,,,,,,,,,,,,
1405,Green Tea Honey Lemon,Ichitan,0.0,0,0.0,0.0,0.0,0.0,0.0,0.0,0.0,0.0,0.0,0.0,0.0,0.0,0.0,0.0,0.0,0.0,0.0,0.0,0.0,0.0,0.0,0.0,0.0,0.0,0.0,0.0,0.0,0.0,0.0,0.0,0.0,0.0,0.0,0.0,0.0,0.0,0.0,0.0,0.0,0.0,0.0,0.0,0.0,0.0,0.0,0.0,0.0,0.0,0.0,0.0,0.0
1406,Green Tea Jasmine,Yeo's,1.0,kaleng (300 ml),60.0,,,15.0,,0.0,0.0,,,,,,,,,13.0,,,,,,,,,,,,,,,,,,,,,,35.0,,,,,,,,,,,,,
1407,Greentea Soymilk,Lactasoy,1.0,glass (250 ml),170.0,,,21.0,,6.0,7.0,3.5,,,,,,,,17.0,,,,,,,,,,,,,,,,,,,,,,125.0,,,,,,,,,,,,,
1408,Guacamole,Buah,1.0,sdm,23.0,,,1.24,,0.29,2.08,0.302,0.258,1.393,,0.0,1.0,,,0.1,,,,,,,,,,,,,,,,,,,,,,22.0,69.0,,,,,,,,,,,,
1409,Guacamole dengan Tomat,Buah,100.0,gram (g),116.0,,,7.64,,1.62,9.94,1.446,1.258,6.625,,0.0,4.9,,,1.37,,,,,,,,,,,,,,,,,,,,,,201.0,393.0,,,,,,,,,,,,
1410,Guacamole dengan Tomat dan Cabe Paprika,Buah,1.0,mangkok,266.0,,,17.75,,3.77,22.72,3.304,2.882,15.129,,0.0,11.4,,,3.31,,,,,,,,,,,,,,,,,,,,,,459.0,913.0,,,,,,,,,,,,
1411,Guava,Real Good,1.0,porsi  (50 g),30.0,,,6.0,,0.0,0.0,,,,,0.0,,,,5.0,,,,,,,,,,,,,,,,,,,,,,20.0,,,,,,,,,,,,,
1412,Gudeg Ala Jogja,Yellow Fit,0.0,0,0.0,0.0,0.0,0.0,0.0,0.0,0.0,0.0,0.0,0.0,0.0,0.0,0.0,0.0,0.0,0.0,0.0,0.0,0.0,0.0,0.0,0.0,0.0,0.0,0.0,0.0,0.0,0.0,0.0,0.0,0.0,0.0,0.0,0.0,0.0,0.0,0.0,0.0,0.0,0.0,0.0,0.0,0.0,0.0,0.0,0.0,0.0,0.0,0.0,0.0,0.0
1413,Gudeg Ala Jogja,Yellow Fit Kitchen,1.0,serving,543.0,,,70.0,,32.0,15.0,,,,,,6.0,,,,,,,,,,,,,,,,,,,,,,,,,,,,,,,,,,,,,,
1414,Gula,Thermolyte,1.0,sachet (1 g),0.0,,,1.0,,0.0,0.0,0.0,,,,0.0,0.0,,,0.0,,,,,,,,,,,,,,,,,,,,,,0.0,0.0,,,,,,,,,,,,
1415,Gula,Saus & Bumbu,1.0,sdt,16.0,,,4.2,,0.0,0.0,0.0,0.0,0.0,,0.0,0.0,,,4.2,,,,,,,,,,,,,,,,,,,,,,0.0,0.0,,,,,,,,,,,,
1416,Gula Aren,Pikopi,1.0,bungkus (20 g),90.0,,,16.0,,1.0,2.5,2.5,,,,,1.0,,,12.0,,,,,,,,,,,,,,,,,,,,,,,5.0,,,,,,,,,,,,
1417,Gula Aren,Nescafe,1.0,porsi (220 ml),130.0,,,24.0,,3.0,3.0,3.0,,,,,0.0,,,17.0,,,,,,,,,,,,,,,,,,,,,,135.0,0.0,,,,,,,,,,,,
1418,Gula Aren,Kapal Api,1.0,sajian (23 g),90.0,,,21.0,,1.0,0.5,0.0,,,,,2.0,,,18.0,,,,,,,,,,,,,,,,,,,,,,0.0,,,,,,,,,,,,,
1419,Gula Aren Bubuk Murni,Mahorahora,0.0,0,0.0,0.0,0.0,0.0,0.0,0.0,0.0,0.0,0.0,0.0,0.0,0.0,0.0,0.0,0.0,0.0,0.0,0.0,0.0,0.0,0.0,0.0,0.0,0.0,0.0,0.0,0.0,0.0,0.0,0.0,0.0,0.0,0.0,0.0,0.0,0.0,0.0,0.0,0.0,0.0,0.0,0.0,0.0,0.0,0.0,0.0,0.0,0.0,0.0,0.0,0.0
1420,Gula Aren Bubuk Organik,Mahorahora,0.0,0,0.0,0.0,0.0,0.0,0.0,0.0,0.0,0.0,0.0,0.0,0.0,0.0,0.0,0.0,0.0,0.0,0.0,0.0,0.0,0.0,0.0,0.0,0.0,0.0,0.0,0.0,0.0,0.0,0.0,0.0,0.0,0.0,0.0,0.0,0.0,0.0,0.0,0.0,0.0,0.0,0.0,0.0,0.0,0.0,0.0,0.0,0.0,0.0,0.0,0.0,0.0
1421,Gula Aren Cair,Mahorahora,1.0,porsi (20 ml),82.0,,,20.0,,0.0,0.0,0.0,,,,,,,,20.0,,,,,,,,,,,,,,,,,,,,,,,,,,,,,,,,,,,
1422,Gula Aren Cair (Palm Sugar),Mahorahora,0.0,0,0.0,0.0,0.0,0.0,0.0,0.0,0.0,0.0,0.0,0.0,0.0,0.0,0.0,0.0,0.0,0.0,0.0,0.0,0.0,0.0,0.0,0.0,0.0,0.0,0.0,0.0,0.0,0.0,0.0,0.0,0.0,0.0,0.0,0.0,0.0,0.0,0.0,0.0,0.0,0.0,0.0,0.0,0.0,0.0,0.0,0.0,0.0,0.0,0.0,0.0,0.0
1423,Gula Bubuk,Saus & Bumbu,1.0,sdt,10.0,,,2.49,,0.0,0.0,0.0,0.001,0.001,,0.0,0.0,,,2.45,,,,,,,,,,,,,,,,,,,,,,0.0,0.0,,,,,,,,,,,,
1424,Gula Merah,Saus & Bumbu,100.0,gram (g),377.0,,,97.33,,0.0,0.0,0.0,0.0,0.0,,0.0,0.0,,,96.21,,,,,,,,,,,,,,,,,,,,,,39.0,346.0,,,,,,,,,,,,
1425,Gula Pasir,Saus & Bumbu,1.0,sdt,16.0,,,4.2,,0.0,0.0,0.0,0.0,0.0,,0.0,0.0,,,4.2,,,,,,,,,,,,,,,,,,,,,,0.0,0.0,,,,,,,,,,,,
1426,Gula Putih (Butiran atau Gumpalan),Saus & Bumbu,1.0,sdt,16.0,,,4.2,,0.0,0.0,0.0,0.0,0.0,,0.0,0.0,,,4.2,,,,,,,,,,,,,,,,,,,,,,0.0,0.0,,,,,,,,,,,,
1427,Gulai Ayam with Nasi Gurih + Perkedel Panggang,Yellow Fit Kitchen,1.0,serving,507.0,,,59.0,,34.0,15.0,,,,,,6.0,,,,,,,,,,,,,,,,,,,,,,,,,,,,,,,,,,,,,,
1428,Gulai Ikan Padang with Nasi Goreng Cabe Ijo and Telur Dadar Padang,Healthy Go,1.0,serving,417.0,,,44.0,,32.0,12.0,,,,,,,,,,,,,,,,,,,,,,,,,,,,,,,,,,,,,,,,,,,,
"1429,Gule,Bamboe,1.0,""porsi (8,8 g)"",20.0,,,2.0,,1.0,1.0,0.0,,,,0.0,1.0,,,,,,,,,,,,,,,,,,,,,,,,,620.0,,,,,,,,,,,,,"
1430,Gummy Candy,Relaxa,2.0,pieces (10 g),35.0,,,8.0,,1.0,0.0,0.0,,,,,,,,5.0,,,,,,,,,,,,,,,,,,,,,,10.0,,,,,,,,,,,,,
1431,Gummy Choco Truffle,Wonhae,1.0,porsi (30 g),140.0,,,21.0,,2.0,6.0,3.5,,,,2.0,4.0,,,14.0,,,,,,,,,,,,,,,,,,,,,,15.0,,,,,,,,,,,,,
1432,Gungjung Gochujang,Javasuperfood,0.0,0,0.0,0.0,0.0,0.0,0.0,0.0,0.0,0.0,0.0,0.0,0.0,0.0,0.0,0.0,0.0,0.0,0.0,0.0,0.0,0.0,0.0,0.0,0.0,0.0,0.0,0.0,0.0,0.0,0.0,0.0,0.0,0.0,0.0,0.0,0.0,0.0,0.0,0.0,0.0,0.0,0.0,0.0,0.0,0.0,0.0,0.0,0.0,0.0,0.0,0.0,0.0
1433,Guribee Layers,Calbee Wings,1.0,porsi (20 g),80.0,,,10.0,,1.0,4.0,2.0,,,,,1.0,,,1.0,,,,,,,,,,,,,,,,,,,,,,140.0,,,,,,,,,,,,,
1434,Guribee Layers BBQ Balado,Calbee Wings,5.0,sendok makan (15 g),80.0,,,9.0,,1.0,4.5,2.0,,,,,1.0,,,1.0,,,,,,,,,,,,,,,,,,,,,,125.0,,,,,,,,,,,,,
1435,Guribee Layers Keju Krispi,Calbee Wings,1.0,package (15 g),90.0,,,8.0,,1.0,6.0,2.5,,,,,1.0,,,1.0,,,,,,,,,,,,,,,,,,,,,,120.0,,,,,,,,,,,,,
1436,Guribee Layers Rumput Laut,Calbee Wings,1.0,sajian (15 g),80.0,,,10.0,,1.0,4.0,2.0,,,,,1.0,,,1.0,,,,,,,,,,,,,,,,,,,,,,120.0,,,,,,,,,,,,,
1437,Gurilem,Maicih,0.0,0,0.0,0.0,0.0,0.0,0.0,0.0,0.0,0.0,0.0,0.0,0.0,0.0,0.0,0.0,0.0,0.0,0.0,0.0,0.0,0.0,0.0,0.0,0.0,0.0,0.0,0.0,0.0,0.0,0.0,0.0,0.0,0.0,0.0,0.0,0.0,0.0,0.0,0.0,0.0,0.0,0.0,0.0,0.0,0.0,0.0,0.0,0.0,0.0,0.0,0.0,0.0
1438,Gurita,Ikan & Seafood,100.0,gram (g),82.0,,,2.2,,14.91,1.04,0.227,0.239,0.162,,48.0,0.0,,,0.0,,,,,,,,,,,,,,,,,,,,,,230.0,350.0,,,,,,,,,,,,
1439,Gyoza,Ajinomoto,100.0,g,150.0,,,20.0,,9.0,3.5,1.0,,,,4.0,3.0,,,0.0,,,,,,,,,,,,,,,,,,,,,,430.0,,,,,,,,,,,,,
1440,Gyoza,Fiesta,100.0,g,170.0,,,23.0,,9.0,4.5,1.0,,,,,,,,0.0,,,,,,,,,,,,,,,,,,,,,,490.0,,,,,,,,,,,,,
1441,Gyoza Skin,Happy Belly,1.0,porsi (8 g),22.0,,,4.3,,0.8,0.1,0.0,0.0,0.0,,0.0,,,,0.1,,,,,,,,,,,,,,,,,,,,,,0.0,0.0,,,,,,,,,,,,
1442,Gyudon,Mad About Protein,1.0,serving,468.0,,,59.0,,40.0,8.0,,,,,,,,,,,,,,,,,,,,,,,,,,,,,,,,,,,,,,,,,,,,
1443,HWI,WMP,1.0,gelas  (150 ml),60.0,,,13.0,,2.0,0.0,0.0,,,,0.0,0.0,,,8.0,,,,,,,,,,,,,,,,,,,,,,20.0,0.0,,,,,,,,,,,,
1444,Ha-Ha Mies,Happy Island,0.0,0,0.0,0.0,0.0,0.0,0.0,0.0,0.0,0.0,0.0,0.0,0.0,0.0,0.0,0.0,0.0,0.0,0.0,0.0,0.0,0.0,0.0,0.0,0.0,0.0,0.0,0.0,0.0,0.0,0.0,0.0,0.0,0.0,0.0,0.0,0.0,0.0,0.0,0.0,0.0,0.0,0.0,0.0,0.0,0.0,0.0,0.0,0.0,0.0,0.0,0.0,0.0
1445,Haha Mie,Happy Island,0.0,0,0.0,0.0,0.0,0.0,0.0,0.0,0.0,0.0,0.0,0.0,0.0,0.0,0.0,0.0,0.0,0.0,0.0,0.0,0.0,0.0,0.0,0.0,0.0,0.0,0.0,0.0,0.0,0.0,0.0,0.0,0.0,0.0,0.0,0.0,0.0,0.0,0.0,0.0,0.0,0.0,0.0,0.0,0.0,0.0,0.0,0.0,0.0,0.0,0.0,0.0,0.0
1446,Hair Power,Realfood,1.0,botol (70 ml),30.0,,,5.0,,2.0,0.0,0.0,0.0,0.0,,0.0,0.0,,,3.0,,,,,,,,,,,,,,,,,,,,,,5.0,0.0,,,,,,,,,,,,
1447,Haku Blueberry Cheesecake,Glico Wings,100.0,ml,130.0,,,23.0,,1.0,3.5,2.5,,,,,,,,11.0,,,,,,,,,,,,,,,,,,,,,,40.0,,,,,,,,,,,,,
1448,Haku Blueberry Cheesecake Ice Cream,Glico,100.0,ml,130.0,,,23.0,,1.0,3.5,2.5,,,,,,,,9.0,,,,,,,,,,,,,,,,,,,,,,45.0,,,,,,,,,,,,,
1449,Haku Double Crispy Choco Monaka,Glico Wings,100.0,ml,130.0,,,16.0,,1.0,6.0,5.0,,,,,,,,8.0,,,,,,,,,,,,,,,,,,,,,,30.0,,,,,,,,,,,,,
1450,Haku Matcha,Glico,1.0,porsi (90 ml),230.0,,,23.0,,2.0,14.0,,,,,,,,,18.0,,,,,,,,,,,,,,,,,,,,,,30.0,,,,,,,,,,,,,
1451,Haku Matcha Monaka,Glico Wings,1.0,piece (90 ml),80.0,,,12.0,,1.0,3.0,2.5,,,,16.0,,,,4.0,,,,,,,,,,,,,,,,,,,,,,15.0,,,,,,,,,,,,,
1452,Haku Matcha Monaka,Glico,1.0,porsi (90 ml),80.0,,,12.0,,1.0,3.0,2.5,,,,,,,,4.0,,,,,,,,,,,,,,,,,,,,,,15.0,,,,,,,,,,,,,
1453,Haku Monaka Choco,Glico,100.0,g,130.0,,,16.0,,2.0,6.0,,,,,,,,,5.0,,,,,,,,,,,,,,,,,,,,,,,,,,,,,,,,,,,
1454,Haku Monaka Vanilla,Glico,1.0,porsi (90 ml),140.0,,,16.0,,2.0,7.0,6.0,,,,,,,,11.0,,,,,,,,,,,,,,,,,,,,,,20.0,,,,,,,,,,,,,
1455,Haku Strawberry & Crispy Choco Monaka,Glico,100.0,ml,140.0,,,16.0,,1.0,7.0,6.0,,,,,,,,8.0,,,,,,,,,,,,,,,,,,,,,,25.0,,,,,,,,,,,,,
1456,Haku Strawberry & Crispy Choco Monaka,Glico Wings,100.0,ml,140.0,,,16.0,,1.0,7.0,6.0,,,,,,,,8.0,,,,,,,,,,,,,,,,,,,,,,25.0,,,,,,,,,,,,,
1457,Haku Vanilla & Crispy Choco Monaka,Glico,100.0,ml,100.0,,,17.0,,2.0,2.5,2.0,,,,0.0,,,,10.0,,,,,,,,,,,,,,,,,,,,,,50.0,0.0,,,,,,,,,,,,
1458,Haku Vanilla & Crispy Choco Monaka,Glico Wings,100.0,ml,100.0,,,17.0,,2.0,2.5,2.0,,,,,,,,10.0,,,,,,,,,,,,,,,,,,,,,,50.0,,,,,,,,,,,,,
"1459,Hanuta Mini,Ferrero Rocher,1.0,""porsi (10,7 g)"",57.0,,,5.6,,1.0,3.5,,,,,,,,,,,,,,,,,,,,,,,,,,,,,,,,,,,,,,,,,,,,"
1460,Happy Belly,ELORA,1.0,serving (15 g),60.0,,,14.0,,1.0,0.0,0.0,0.0,0.0,,0.0,4.0,,,1.0,,,,,,,,,,,,,,,,,,,,,,0.0,0.0,,,,,,,,,,,,
1461,Happy Cola,Haribo,1.0,porsi (30 g),99.0,,,22.0,,2.0,0.0,0.0,0.0,0.0,,0.0,1.0,,,14.0,,,,,,,,,,,,,,,,,,,,,,0.0,0.0,,,,,,,,,,,,
1462,Havermix Instant Oats & Choco Chips,Haverjoy,4.0,sendok makan (35 g),140.0,,,25.0,,4.0,3.0,1.5,,,,0.0,5.0,,,0.0,,,,,,,,,,,,,,,,,,,,,,10.0,,,,,,,,,,,,,
1463,Havermix Rolled Oats & Barley Flakes,Haverjoy,4.0,sendok makan (35 g),130.0,,,26.0,,4.0,1.5,0.0,0.0,0.0,,0.0,3.0,,,0.0,,,,,,,,,,,,,,,,,,,,,,0.0,0.0,,,,,,,,,,,,
1464,Havermout Biscuit,Oatbits,0.0,0,0.0,0.0,0.0,0.0,0.0,0.0,0.0,0.0,0.0,0.0,0.0,0.0,0.0,0.0,0.0,0.0,0.0,0.0,0.0,0.0,0.0,0.0,0.0,0.0,0.0,0.0,0.0,0.0,0.0,0.0,0.0,0.0,0.0,0.0,0.0,0.0,0.0,0.0,0.0,0.0,0.0,0.0,0.0,0.0,0.0,0.0,0.0,0.0,0.0,0.0,0.0
1465,Havermout Instant,Haverjoy,2.0,sendok makan (35 g),140.0,,,24.0,,4.0,3.5,0.5,,,,0.0,10.0,,,0.0,,,,,,,,,,,,,,,,,,,,,,15.0,0.0,,,,,,,,,,,,
1466,Havermout Oatmeal Instan,Oatsy,4.0,sendok makan (35 g),150.0,,,24.0,,4.0,4.0,0.5,1.5,2.0,,,8.0,,,0.0,,,,,,,,,,,,,,,,,,,,,,,,,,,,,,,,,,,
1467,Havermout Quick Cook Oatmeal,Oatsy,0.0,0,0.0,0.0,0.0,0.0,0.0,0.0,0.0,0.0,0.0,0.0,0.0,0.0,0.0,0.0,0.0,0.0,0.0,0.0,0.0,0.0,0.0,0.0,0.0,0.0,0.0,0.0,0.0,0.0,0.0,0.0,0.0,0.0,0.0,0.0,0.0,0.0,0.0,0.0,0.0,0.0,0.0,0.0,0.0,0.0,0.0,0.0,0.0,0.0,0.0,0.0,0.0
1468,Havermout Quick Cooking,Haverjoy,2.0,gelas (35 g),140.0,,,25.0,,3.0,3.5,,,,,,8.0,,,,,,,,,,,,,,,,,,,,,,,,,,,,,,,,,,,,,,
1469,Havermout Rolled Oat,Haverjoy,1.0,cangkir (35 g),140.0,,,24.0,,4.0,3.5,0.5,1.0,2.0,,,7.0,,,0.0,,,,,,,,,,,,,,,,,,,,,,5.0,,,,,,,,,,,,,
1470,Hazelnut Almond Drink,Mama Roz,0.0,0,0.0,0.0,0.0,0.0,0.0,0.0,0.0,0.0,0.0,0.0,0.0,0.0,0.0,0.0,0.0,0.0,0.0,0.0,0.0,0.0,0.0,0.0,0.0,0.0,0.0,0.0,0.0,0.0,0.0,0.0,0.0,0.0,0.0,0.0,0.0,0.0,0.0,0.0,0.0,0.0,0.0,0.0,0.0,0.0,0.0,0.0,0.0,0.0,0.0,0.0,0.0
1471,Healthy Cookies Blackmond,Ladang Lima,3.0,cookies (30 g),160.0,,,17.0,,1.0,10.0,7.0,4.0,,,0.0,2.0,,,6.0,,,,,,,,,,,,,,,,,,,,,,75.0,,,,,,,,,,,,,
1472,Healthy Nutritious Chocolate Cereal,Ceremix,1.0,porsi (30 g),140.0,,,26.0,,1.0,4.0,3.0,,,,,2.0,,,5.0,,,,,,,,,,,,,,,,,,,,,,70.0,,,,,,,,,,,,,
1473,Heart,Campina,1.0,porsi (85 g),160.0,,,14.0,,2.0,11.0,8.0,,,,,,,,11.0,,,,,,,,,,,,,,,,,,,,,,40.0,,,,,,,,,,,,,
1474,Heart Beet,Nakedpress,0.0,0,0.0,0.0,0.0,0.0,0.0,0.0,0.0,0.0,0.0,0.0,0.0,0.0,0.0,0.0,0.0,0.0,0.0,0.0,0.0,0.0,0.0,0.0,0.0,0.0,0.0,0.0,0.0,0.0,0.0,0.0,0.0,0.0,0.0,0.0,0.0,0.0,0.0,0.0,0.0,0.0,0.0,0.0,0.0,0.0,0.0,0.0,0.0,0.0,0.0,0.0,0.0
1475,Herbal Lemon,Adem Sari,1.0,botol (250 ml),80.0,,,21.0,,0.0,0.0,,,,,,,,,16.0,,,,,,,,,,,,,,,,,,,,,,,,,,,,,,,,,,,
1476,Herbal Lemon Ching Ku,Adem Sari,1.0,bottle (175 ml),60.0,,,16.0,,0.0,0.0,0.0,0.0,,,0.0,0.0,,,14.0,,,,,,,,,,,,,,,,,,,,,,80.0,0.0,,,,,,,,,,,,
1477,Hershey's Chocolate Waffles,Julie's,0.0,0,0.0,0.0,0.0,0.0,0.0,0.0,0.0,0.0,0.0,0.0,0.0,0.0,0.0,0.0,0.0,0.0,0.0,0.0,0.0,0.0,0.0,0.0,0.0,0.0,0.0,0.0,0.0,0.0,0.0,0.0,0.0,0.0,0.0,0.0,0.0,0.0,0.0,0.0,0.0,0.0,0.0,0.0,0.0,0.0,0.0,0.0,0.0,0.0,0.0,0.0,0.0
1478,Hey Stay Tuna,Hadi Kitchen,0.0,0,0.0,0.0,0.0,0.0,0.0,0.0,0.0,0.0,0.0,0.0,0.0,0.0,0.0,0.0,0.0,0.0,0.0,0.0,0.0,0.0,0.0,0.0,0.0,0.0,0.0,0.0,0.0,0.0,0.0,0.0,0.0,0.0,0.0,0.0,0.0,0.0,0.0,0.0,0.0,0.0,0.0,0.0,0.0,0.0,0.0,0.0,0.0,0.0,0.0,0.0,0.0
1479,Hi Tempura Spicy,Tao Kae Noi,1.0,porsi (5 g),30.0,,,2.0,,0.0,2.5,0.0,,,,0.0,,,,0.0,,,,,,,,,,,,,,,,,,,,,,40.0,,,,,,,,,,,,,
1480,Hi-Cal Raisin,Oatbits,0.0,0,0.0,0.0,0.0,0.0,0.0,0.0,0.0,0.0,0.0,0.0,0.0,0.0,0.0,0.0,0.0,0.0,0.0,0.0,0.0,0.0,0.0,0.0,0.0,0.0,0.0,0.0,0.0,0.0,0.0,0.0,0.0,0.0,0.0,0.0,0.0,0.0,0.0,0.0,0.0,0.0,0.0,0.0,0.0,0.0,0.0,0.0,0.0,0.0,0.0,0.0,0.0
1481,Hi-Protein Cakalang,Health's Kitchen,0.0,0,0.0,0.0,0.0,0.0,0.0,0.0,0.0,0.0,0.0,0.0,0.0,0.0,0.0,0.0,0.0,0.0,0.0,0.0,0.0,0.0,0.0,0.0,0.0,0.0,0.0,0.0,0.0,0.0,0.0,0.0,0.0,0.0,0.0,0.0,0.0,0.0,0.0,0.0,0.0,0.0,0.0,0.0,0.0,0.0,0.0,0.0,0.0,0.0,0.0,0.0,0.0
1482,Histeria,Aice,1.0,porsi (70 ml),70.0,,,8.0,,1.0,3.5,3.5,0.0,0.0,,4.0,0.0,,,7.0,,,,,,,,,,,,,,,,,,,,,,15.0,0.0,,,,,,,,,,,,
1483,Histeria Matcha,Aice,1.0,porsi (70 g),90.0,,,9.0,,1.0,5.0,3.5,,,,0.0,1.0,,,6.0,,,,,,,,,,,,,,,,,,,,,,20.0,,,,,,,,,,,,,
1484,Hoisin Sauce,Lee Kum Kee,1.0,porsi (15 g),50.0,,,12.5,,0.5,0.0,,,,,0.0,,,,10.0,,,,,,,,,,,,,,,,,,,,,,530.0,5.0,,,,,,,,,,,,
1485,Hokkaido Milk,Oh Ma Grain,1.0,porsi (25 g),110.0,,,20.0,,2.0,2.0,,,,,0.0,3.0,,,1.0,,,,,,,,,,,,,,,,,,,,,,20.0,,,,,,,,,,,,,
1486,Hola Ensalada,Easy Peasy,1.0,serving,265.0,,,25.7,,18.4,8.9,,,,,,,,,,,,,,,,,,,,,,,,,,,,,,,,,,,,,,,,,,,,
1487,Hollow,Jetz,0.0,0,0.0,0.0,0.0,0.0,0.0,0.0,0.0,0.0,0.0,0.0,0.0,0.0,0.0,0.0,0.0,0.0,0.0,0.0,0.0,0.0,0.0,0.0,0.0,0.0,0.0,0.0,0.0,0.0,0.0,0.0,0.0,0.0,0.0,0.0,0.0,0.0,0.0,0.0,0.0,0.0,0.0,0.0,0.0,0.0,0.0,0.0,0.0,0.0,0.0,0.0,0.0
1488,Hollow Fried Chili,Jetz,0.0,0,0.0,0.0,0.0,0.0,0.0,0.0,0.0,0.0,0.0,0.0,0.0,0.0,0.0,0.0,0.0,0.0,0.0,0.0,0.0,0.0,0.0,0.0,0.0,0.0,0.0,0.0,0.0,0.0,0.0,0.0,0.0,0.0,0.0,0.0,0.0,0.0,0.0,0.0,0.0,0.0,0.0,0.0,0.0,0.0,0.0,0.0,0.0,0.0,0.0,0.0,0.0
1489,Homemade Siomay Bandung Tinggi Protein,Healthy Go,1.0,serving,437.0,,,44.0,,34.0,13.0,,,,,,,,,,,,,,,,,,,,,,,,,,,,,,,,,,,,,,,,,,,,
1490,Honey Almond,Camel,100.0,g,574.0,,,15.7,,21.4,47.3,9.2,,,,0.0,10.5,,,12.6,,,,,,,,,,,,,,,,,,,,,,12.0,,,,,,,,,,,,,
1491,Honey Crunch,Kellogg's,0.0,0,0.0,0.0,0.0,0.0,0.0,0.0,0.0,0.0,0.0,0.0,0.0,0.0,0.0,0.0,0.0,0.0,0.0,0.0,0.0,0.0,0.0,0.0,0.0,0.0,0.0,0.0,0.0,0.0,0.0,0.0,0.0,0.0,0.0,0.0,0.0,0.0,0.0,0.0,0.0,0.0,0.0,0.0,0.0,0.0,0.0,0.0,0.0,0.0,0.0,0.0,0.0
1492,Honey Granola,Familia,100.0,g,450.0,,,73.0,,9.0,14.0,1.5,,,,,11.0,,,19.0,,,,,,,,,,,,,,,,,,,,,,45.0,,,,,,,,,,,,,
1493,Honey Granola,Yoseo,1.0,porsi (90 g),110.0,,,12.0,,3.0,5.0,3.0,,,,10.0,1.0,,,10.0,,,,,,,,,,,,,,,,,,,,,,35.0,,,,,,,,,,,,,
1494,Honey Gummy,Alamii,1.0,porsi (10 g),35.0,,,8.0,,1.0,0.0,0.0,0.0,0.0,,0.0,0.0,,,4.0,,,,,,,,,,,,,,,,,,,,,,0.0,0.0,,,,,,,,,,,,
1495,Honey Lemon Jelly,Acaii Tea,1.0,bottle (500 ml),130.0,,,26.0,,1.0,0.0,0.0,,,,0.0,6.0,,,,,,,,,,,,,,,,,,,,,,,,,,,,,,,,,,,,,,
1496,Honey Madu Asli,Quick Fresh,1.0,serving (10 g),30.0,,,8.0,,0.0,0.0,0.0,0.0,0.0,,0.0,0.0,,,7.0,,,,,,,,,,,,,,,,,,,,,,0.0,0.0,,,,,,,,,,,,
1497,Honey Milk,Madu Nusantara,0.0,0,0.0,0.0,0.0,0.0,0.0,0.0,0.0,0.0,0.0,0.0,0.0,0.0,0.0,0.0,0.0,0.0,0.0,0.0,0.0,0.0,0.0,0.0,0.0,0.0,0.0,0.0,0.0,0.0,0.0,0.0,0.0,0.0,0.0,0.0,0.0,0.0,0.0,0.0,0.0,0.0,0.0,0.0,0.0,0.0,0.0,0.0,0.0,0.0,0.0,0.0,0.0
1498,Honey Mustard Dressing,Remia,100.0,ml,304.0,,,16.0,,1.0,26.0,1.9,,,,0.0,0.0,,,14.0,,,,,,,,,,,,,,,,,,,,,,1600.0,0.0,,,,,,,,,,,,
1499,Honey Oat Loops,Kellogg's,1.0,porsi (30 g),120.0,,,25.0,,2.0,1.5,0.0,,,,0.0,3.0,,,9.0,,,,,,,,,,,,,,,,,,,,,,115.0,,,,,,,,,,,,,
1500,Honey Roasted Peanuts,KayaKing,1.0,pack (20 g),110.0,,,6.0,,4.0,8.0,1.5,,,,0.0,1.0,,,4.0,,,,,,,,,,,,,,,,,,,,,,,,,,,,,,,,,,,
1501,Honey Stars,Nestle,0.0,0,0.0,0.0,0.0,0.0,0.0,0.0,0.0,0.0,0.0,0.0,0.0,0.0,0.0,0.0,0.0,0.0,0.0,0.0,0.0,0.0,0.0,0.0,0.0,0.0,0.0,0.0,0.0,0.0,0.0,0.0,0.0,0.0,0.0,0.0,0.0,0.0,0.0,0.0,0.0,0.0,0.0,0.0,0.0,0.0,0.0,0.0,0.0,0.0,0.0,0.0,0.0
1502,Honey Stars Sereal,Nestle,0.0,0,0.0,0.0,0.0,0.0,0.0,0.0,0.0,0.0,0.0,0.0,0.0,0.0,0.0,0.0,0.0,0.0,0.0,0.0,0.0,0.0,0.0,0.0,0.0,0.0,0.0,0.0,0.0,0.0,0.0,0.0,0.0,0.0,0.0,0.0,0.0,0.0,0.0,0.0,0.0,0.0,0.0,0.0,0.0,0.0,0.0,0.0,0.0,0.0,0.0,0.0,0.0
1503,Honeyed Chrysanthemum Tea,Gold Roast,1.0,gelas (18 g),60.0,,,18.0,,0.0,0.0,,,,,,,,,16.0,,,,,,,,,,,,,,,,,,,,,,1.0,,,,,,,,,,,,,
1504,Honeymon,Madu Nusantara,0.0,0,0.0,0.0,0.0,0.0,0.0,0.0,0.0,0.0,0.0,0.0,0.0,0.0,0.0,0.0,0.0,0.0,0.0,0.0,0.0,0.0,0.0,0.0,0.0,0.0,0.0,0.0,0.0,0.0,0.0,0.0,0.0,0.0,0.0,0.0,0.0,0.0,0.0,0.0,0.0,0.0,0.0,0.0,0.0,0.0,0.0,0.0,0.0,0.0,0.0,0.0,0.0
1505,Hot & Spicy Chicken,Richeese,1.0,porsi,380.0,,,13.5,,43.0,21.25,,,,,,,,,,,,,,,,,,,,,,,,,,,,,,,1285.0,,,,,,,,,,,,,
1506,Hot Brew Vanilla Latte,Paldo,1.0,porsi (270 ml),170.0,,,14.0,,5.0,10.0,8.0,,,,,,,,13.0,,,,,,,,,,,,,,,,,,,,,,90.0,,,,,,,,,,,,,
1507,Hot Chicken Flavor Ramen,Samyang,1.0,porsi (145 g),600.0,,,96.0,,10.0,20.0,10.0,,,,,,,,11.0,,,,,,,,,,,,,,,,,,,,,,1330.0,,,,,,,,,,,,,
1508,Hot Chicken Flavor Ramen 2X Spicy,Samyang,1.0,porsi (140 g),600.0,,,85.0,,13.0,17.0,8.0,,,,0.0,1.0,,,7.0,,,,,,,,,,,,,,,,,,,,,,1360.0,,,,,,,,,,,,,
1509,Hot Chicken Flavor Ramen Snack,Samyang,1.0,serving  (90 g),370.0,,,69.0,,8.0,6.0,3.0,,,,,,,,3.0,,,,,,,,,,,,,,,,,,,,,,800.0,,,,,,,,,,,,,
1510,Hot Chicken Flavor Ramen Stew,Samyang,1.0,serving (145 g),600.0,,,96.0,,10.0,20.0,10.0,,,,,,,,11.0,,,,,,,,,,,,,,,,,,,,,,1330.0,60.0,,,,,,,,,,,,
1511,Hot Chicken Flavor Sauce,Samyang,1.0,porsi (6 g),15.0,,,3.0,,0.0,0.0,0.0,0.0,0.0,,0.0,0.0,,,1.0,,,,,,,,,,,,,,,,,,,,,,115.0,0.0,,,,,,,,,,,,
1512,Hot Chocolate Milk,Cadbury,1.0,gelas (30 g),130.0,,,22.0,,2.0,4.0,4.0,,,,,,,,14.0,,,,,,,,,,,,,,,,,,,,,,55.0,,,,,,,,,,,,,
1513,Hot Cocoa,Delfi,1.0,porsi (25 g),110.0,,,21.0,,1.0,2.5,2.0,,,,,,,,17.0,,,,,,,,,,,,,,,,,,,,,,25.0,,,,,,,,,,,,,
1514,Hula Hula Ais Krim Pulut Hitam Tapai,Campina,1.0,porsi (50 ml),90.0,,,15.0,,1.0,3.5,,,,,,,,,10.0,,,,,,,,,,,,,,,,,,,,,,20.0,,,,,,,,,,,,,
1515,Hula Hula Alpukat,Campina,1.0,bungkus (45 ml),110.0,,,15.0,,1.0,6.0,4.0,,,,,,,,11.0,,,,,,,,,,,,,,,,,,,,,,17.0,,,,,,,,,,,,,
1516,Hula Hula Durian,Campina,100.0,ml,130.0,,,20.0,,2.0,5.0,4.0,,,,,,,,16.0,,,,,,,,,,,,,,,,,,,,,,50.0,,,,,,,,,,,,,
1517,Hula Hula Kacang Hijau,Campina,1.0,porsi (45 ml),120.0,,,17.0,,1.0,5.0,3.5,,,,0.0,0.0,,,10.0,,,,,,,,,,,,,,,,,,,,,,15.0,,,,,,,,,,,,,
1518,Hula Hula Maxx Kacang Hijau,Campina,1.0,sajian (65 g),170.0,,,19.0,,2.0,10.0,7.0,,,,,,,,13.0,,,,,,,,,,,,,,,,,,,,,,45.0,,,,,,,,,,,,,
1519,Hula Hula Tape Ketan,Campina,1.0,porsi (50 ml),90.0,,,15.0,,1.0,4.0,,,,,,,,,10.0,,,,,,,,,,,,,,,,,,,,,,,,,,,,,,,,,,,
1520,Hula-Hula Tape Ketan Hitam,Campina,1.0,porsi (45 ml),100.0,,,11.0,,1.0,5.0,4.0,,,,0.0,,,,9.0,,,,,,,,,,,,,,,,,,,,,,40.0,0.0,,,,,,,,,,,,
1521,Hydro Coco,Kalbe,1.0,serving (330 ml),80.0,,,20.0,,0.0,0.0,,,,,,10.0,,,9.0,,,,,,,,,,,,,,,,,,,,,,,,,,,,,,,,,,,
1522,Hydro Coco Bits,Kalbe,0.0,0,0.0,0.0,0.0,0.0,0.0,0.0,0.0,0.0,0.0,0.0,0.0,0.0,0.0,0.0,0.0,0.0,0.0,0.0,0.0,0.0,0.0,0.0,0.0,0.0,0.0,0.0,0.0,0.0,0.0,0.0,0.0,0.0,0.0,0.0,0.0,0.0,0.0,0.0,0.0,0.0,0.0,0.0,0.0,0.0,0.0,0.0,0.0,0.0,0.0,0.0,0.0
1523,Hydro Coco Original,Kalbe,1.0,pak (250 ml),60.0,,,15.0,,0.0,0.0,0.0,,,,0.0,8.0,,,7.0,,,,,,,,,,,,,,,,,,,,,,105.0,400.0,,,,,,,,,,,,
1524,Hydrococo Vita-D,Kalbe,1.0,sajian (330 ml),80.0,,,20.0,,0.0,0.0,0.0,,,,0.0,10.0,,,9.0,,,,,,,,,,,,,,,,,,,,,,150.0,500.0,,,,,,,,,,,,
1525,Hype Abis Ayam Geprek,Indomie,1.0,porsi (85 g),410.0,,,49.0,,9.0,20.0,9.0,,,,0.0,3.0,,,6.0,,,,,,,,,,,,,,,,,,,,,,900.0,,,,,,,,,,,,,
1526,Hype Abis Mi Nyemek Ala Jogja Rasa Rendang,Indomie,1.0,bungkus  (84 g),390.0,,,53.0,,9.0,15.0,7.0,,,,4.0,3.0,,,8.0,,,,,,,,,,,,,,,,,,,,,,1030.0,,,,,,,,,,,,,
1527,I Glow,Rejuve,100.0,ml,38.0,,,9.0,,0.4,0.0,0.0,0.0,0.0,,0.0,,,,,,,,,,,,,,,,,,,,,,,,,,9.0,,,,,,,,,,,,,
1528,I Meat You,Hadi Kitchen,1.0,porsi,431.0,,,36.0,,29.0,19.0,,,,,,,,,,,,,,,,,,,,,,,,,,,,,,,,,,,,,,,,,,,,
1529,I'm Coco,Inaco,1.0,botol (350 ml),180.0,,,45.0,,1.0,0.0,0.0,,,,0.0,1.0,,,43.0,,,,,,,,,,,,,,,,,,,,,,65.0,0.0,,,,,,,,,,,,
1530,Ice Bon Bon,Wong Coco,1.0,potong (85 g),80.0,,,18.0,,1.0,0.0,0.0,,,,0.0,,,,15.0,,,,,,,,,,,,,,,,,,,,,,65.0,,,,,,,,,,,,,
1531,Ice Cream,Aice,1.0,serving (70 ml),60.0,,,10.0,,1.0,2.0,1.5,,,,0.0,1.0,,,7.0,,,,,,,,,,,,,,,,,,,,,,15.0,,,,,,,,,,,,,
1532,Ice Cream,Wall's,1.0,stik eskrim (65 g),70.0,,,18.0,,0.0,0.0,0.0,0.0,0.0,,0.0,,,,13.0,,,,,,,,,,,,,,,,,,,,,,,,,,,,,,,,,,,
1533,Ice Cream Cone,Ikea,1.0,cone,135.0,,,28.0,,9.0,0.0,,,,,,,,,18.0,,,,,,,,,,,,,,,,,,,,,,75.0,,,,,,,,,,,,,
1534,Ice Cream Mix Chocolate,Haan,1.0,porsi (11 g),50.0,,,8.0,,1.0,1.5,0.0,,,,0.0,1.0,,,5.0,,,,,,,,,,,,,,,,,,,,,,0.0,0.0,,,,,,,,,,,,
1535,Ice Cream Mix Strawberry,Haan,1.0,takaran saji (18 g),80.0,,,12.0,,1.0,3.0,3.0,,,,,1.0,,,11.0,,,,,,,,,,,,,,,,,,,,,,40.0,,,,,,,,,,,,,
1536,Ice Roast,Nescafe,1.0,sachet (2 g),5.0,,,0.0,,0.0,0.0,0.0,0.0,0.0,,0.0,0.0,,,0.0,,,,,,,,,,,,,,,,,,,,,,0.0,0.0,,,,,,,,,,,,
1537,Ichi Ocha Teh Hijau,Indofood,1.0,porsi (250 g),80.0,,,21.0,,0.0,0.0,0.0,,,,,,,,20.0,,,,,,,,,,,,,,,,,,,,,,30.0,,,,,,,,,,,,,
1538,Iga Babi,Daging,100.0,gram (g),395.0,,,0.0,,28.94,30.17,11.073,2.719,13.424,,120.0,0.0,,,0.0,,,,,,,,,,,,,,,,,,,,,,255.0,319.0,,,,,,,,,,,,
1539,Iga Babi Panggang dengan Saus,Daging,100.0,gram (g),310.0,,,4.2,,21.44,22.33,8.068,2.182,9.926,,87.0,0.4,,,1.29,,,,,,,,,,,,,,,,,,,,,,334.0,287.0,,,,,,,,,,,,
1540,Iga Sapi,Sarimi,1.0,serving (70 g),320.0,,,44.0,,6.0,13.0,7.0,,,,0.0,2.0,,,2.0,,,,,,,,,,,,,,,,,,,,,,1060.0,,,,,,,,,,,,,
1541,Ikan,Ikan & Seafood,100.0,gram (g),84.0,,,0.0,,17.76,0.92,0.195,0.364,0.16,,58.0,0.0,,,0.0,,,,,,,,,,,,,,,,,,,,,,81.0,351.0,,,,,,,,,,,,
1542,Ikan & Seafood,Makanan,0.0,0,0.0,0.0,0.0,0.0,0.0,0.0,0.0,0.0,0.0,0.0,0.0,0.0,0.0,0.0,0.0,0.0,0.0,0.0,0.0,0.0,0.0,0.0,0.0,0.0,0.0,0.0,0.0,0.0,0.0,0.0,0.0,0.0,0.0,0.0,0.0,0.0,0.0,0.0,0.0,0.0,0.0,0.0,0.0,0.0,0.0,0.0,0.0,0.0,0.0,0.0,0.0
1543,Ikan Bakar Parape,Healthy Go,0.0,0,0.0,0.0,0.0,0.0,0.0,0.0,0.0,0.0,0.0,0.0,0.0,0.0,0.0,0.0,0.0,0.0,0.0,0.0,0.0,0.0,0.0,0.0,0.0,0.0,0.0,0.0,0.0,0.0,0.0,0.0,0.0,0.0,0.0,0.0,0.0,0.0,0.0,0.0,0.0,0.0,0.0,0.0,0.0,0.0,0.0,0.0,0.0,0.0,0.0,0.0,0.0
1544,Ikan Kembung,Ikan & Seafood,100.0,gram (g),167.0,,,0.0,,19.32,9.36,2.444,2.343,3.205,,64.0,0.0,,,0.0,,,,,,,,,,,,,,,,,,,,,,78.0,389.0,,,,,,,,,,,,
1545,Ikan Kembung Atlantik,Ikan & Seafood,100.0,gram (g),205.0,,,0.0,,18.6,13.89,3.257,3.35,5.456,,70.0,0.0,,,0.0,,,,,,,,,,,,,,,,,,,,,,90.0,314.0,,,,,,,,,,,,
1546,Ikan Lele,Ikan & Seafood,1.0,porsi (85 g),204.0,,,7.26,,14.93,12.35,2.759,3.122,5.51,,59.0,0.4,,,0.72,,,,,,,,,,,,,,,,,,,,,,338.0,277.0,,,,,,,,,,,,
1547,Ikan Lele Panggang,Ikan & Seafood,100.0,gram (g),184.0,,,0.41,,18.16,11.71,2.599,2.667,5.533,,55.0,0.0,,,0.09,,,,,,,,,,,,,,,,,,,,,,385.0,354.0,,,,,,,,,,,,
1548,Ikan Panggang,Ikan & Seafood,100.0,gram (g),126.0,,,0.33,,21.94,3.44,0.68,1.141,1.288,,73.0,0.0,,,0.08,,,,,,,,,,,,,,,,,,,,,,356.0,341.0,,,,,,,,,,,,
1549,Ikan Salmon,Ikan & Seafood,100.0,gram (g),146.0,,,0.0,,21.62,5.93,1.26,1.992,2.134,,45.0,0.0,,,0.0,,,,,,,,,,,,,,,,,,,,,,46.0,423.0,,,,,,,,,,,,
1550,Ikan Salmon Atlantik (Ditambak),Ikan & Seafood,100.0,gram (g),183.0,,,0.0,,19.9,10.85,2.183,3.931,3.868,,59.0,0.0,,,,,,,,,,,,,,,,,,,,,,,,,59.0,362.0,,,,,,,,,,,,
1551,Ikan Salmon Liar Atlantik,Ikan & Seafood,100.0,gram (g),142.0,,,0.0,,19.84,6.34,0.981,2.539,2.103,,55.0,0.0,,,,,,,,,,,,,,,,,,,,,,,,,44.0,490.0,,,,,,,,,,,,
1552,Ikan Salmon Panggang,Ikan & Seafood,100.0,gram (g),171.0,,,0.49,,23.97,7.56,1.312,2.627,2.736,,62.0,0.0,,,0.11,,,,,,,,,,,,,,,,,,,,,,467.0,395.0,,,,,,,,,,,,
1553,Ikan Sarden Di dalam Air,Ikan & Seafood,100.0,gram (g),217.0,,,0.0,,24.58,12.37,2.791,2.919,5.112,,82.0,0.0,,,0.0,,,,,,,,,,,,,,,,,,,,,,918.0,447.0,,,,,,,,,,,,
1554,Ikan Sarden dalam Minyak (Kalengan),Ikan & Seafood,1.0,ikan sarden,25.0,,,0.0,,2.95,1.37,0.183,0.618,0.464,,17.0,0.0,,,0.0,,,,,,,,,,,,,,,,,,,,,,61.0,48.0,,,,,,,,,,,,
1555,Ikan Sarden dalam Saus Tomat,Bantan,1.0,porsi (70 g),60.0,,,2.0,,12.0,0.5,,,,,30.0,0.0,,,0.0,,,,,,,,,,,,,,,,,,,,,,180.0,,,,,,,,,,,,,
"1556,""Ikan Teri (Kering Padat dalam Minyak, Kalengan)"",Ikan & Seafood,5.0,ikan teri,42.0,,,0.0,,5.78,1.94,0.441,0.512,0.754,,17.0,0.0,,,0.0,,,,,,,,,,,,,,,,,,,,,,734.0,109.0,,,,,,,,,,,,"
1557,Ikan Tuna Panggang,Ikan & Seafood,100.0,gram (g),153.0,,,0.41,,27.3,3.96,0.811,1.169,1.529,,53.0,0.0,,,0.09,,,,,,,,,,,,,,,,,,,,,,366.0,524.0,,,,,,,,,,,,
1558,Imukal,Imukal,1.0,gelas (30 g),140.0,,,21.0,,3.0,5.0,4.0,,,,0.0,0.0,,,12.0,,,,,,,,,,,,,,,,,,,,,,0.0,220.0,,,,,,,,,,,,
1559,Inaco Jelly Boi,Inaco,1.0,porsi (33 g),10.0,,,2.0,,0.0,0.0,0.0,,,,,0.0,,,2.0,,,,,,,,,,,,,,,,,,,,,,,,,,,,,,,,,,,
1560,Inafood,Okebis,4.0,keping (14 g),70.0,,,10.0,,1.0,2.5,1.5,,,,0.0,1.0,,,3.0,,,,,,,,,,,,,,,,,,,,,,45.0,20.0,,,,,,,,,,,,
1561,Indian Curry Powder,Jay's Kitchen,1.0,serving (2 g),10.0,,,1.0,,0.0,0.0,0.0,,,,,,,,0.0,,,,,,,,,,,,,,,,,,,,,,0.0,,,,,,,,,,,,,
1562,Indo Creamer,Indocafe,1.0,porsi (3 g),15.0,,,2.0,,0.0,1.0,1.0,,,,0.0,1.0,,,1.0,,,,,,,,,,,,,,,,,,,,,,0.0,,,,,,,,,,,,,
1563,Indocafe White,Indocafe,1.0,stickpack (12 g),60.0,,,7.0,,1.0,3.5,3.5,,,,0.0,1.0,,,0.0,,,,,,,,,,,,,,,,,,,,,,5.0,,,,,,,,,,,,,
1564,Indomie Goreng,Indomie,1.0,serving (85 g),380.0,,,54.0,,8.0,14.0,7.0,,,,0.0,2.0,,,8.0,,,,,,,,,,,,,,,,,,,,,,1070.0,0.0,,,,,,,,,,,,
1565,Indomilk Kids Rasa Vanila,Indomilk,1.0,kotak (115 ml),80.0,,,12.0,,3.0,2.5,1.0,0.0,1.0,,10.0,,,,10.0,,,,,,,,,,,,,,,,,,,,,,50.0,,,,,,,,,,,,,
1566,Indomilk Kids Stroberi,Indomilk,1.0,bungkus (70 g),60.0,,,9.0,,2.0,2.0,1.5,0.0,0.5,,10.0,,,,8.0,,,,,,,,,,,,,,,,,,,,,,30.0,,,,,,,,,,,,,
1567,Instant Kua Chap,Papa,1.0,porsi (50 g),180.0,,,36.0,,2.0,2.0,,,,,,,,,,,,,,,,,,,,,,,,,,,,,,,,,,,,,,,,,,,,
1568,Instant Nutritious Cereal Mix,Gold Roast,1.0,porsi (30 g),120.0,,,25.0,,2.0,2.0,,,,,5.0,1.0,,,12.0,,,,,,,,,,,,,,,,,,,,,,50.0,,,,,,,,,,,,,
1569,Instant Oatmeal,Quaker,4.0,sendok makan (35 g),140.0,,,24.0,,5.0,3.5,0.5,1.0,1.5,,0.0,3.0,,,0.0,,,,,,,,,,,,,,,,,,,,,,0.0,0.0,,,,,,,,,,,,
1570,Instant Oatmeal,Captain Oats,4.0,sendok makan (40 g),170.0,,,27.0,,5.0,4.5,1.0,0.8,1.5,,0.0,8.0,,,0.0,,,,,,,,,,,,,,,,,,,,,,11.0,42.0,,,,,,,,,,,,
1571,Instant Oatmeal Grain,Quaker,4.0,sdm (35 g),150.0,,,23.0,,4.0,4.0,0.5,1.0,1.5,,0.0,3.0,,,0.0,,,,,,,,,,,,,,,,,,,,,,0.0,,,,,,,,,,,,,
1572,Instant Oatmeal Merah,Quaker,1.0,sajian (35 g),150.0,,,23.0,,4.0,4.0,0.5,1.0,1.5,,0.0,3.0,,,0.0,,,,,,,,,,,,,,,,,,,,,,0.0,,,,,,,,,,,,,
1573,Instant Oats,Haverjoy,4.0,sendok makan (35 g),140.0,,,26.0,,3.0,3.0,0.5,,,,0.0,8.0,,,0.0,,,,,,,,,,,,,,,,,,,,,,5.0,,,,,,,,,,,,,
1574,Instant Rice Noodles Chicken Flavour,Papa,1.0,porsi (405 g),200.0,,,39.0,,4.0,3.0,,,,,,,,,,,,,,,,,,,,,,,,,,,,,,,,,,,,,,,,,,,,
"1575,Instant Whole Oats,Quaker,3.0,""sendok (37,5 g)"",140.0,,,25.3,,4.9,3.0,0.6,,,,,3.7,,,0.5,,,,,,,,,,,,,,,,,,,,,,2.0,,,,,,,,,,,,,"
1576,Ion Supply Drink (250ml),Pocari Sweat,1.0,botol (250 ml),60.0,,,15.0,,0.0,0.0,0.0,,,,,,,,14.0,,,,,,,,,,,,,,,,,,,,,,120.0,,,,,,,,,,,,,
1577,Ion Supply Drink (350ml),Pocari Sweat,1.0,botol (350 ml),60.0,,,15.0,,0.0,0.0,0.0,,,,0.0,0.0,,,14.0,,,,,,,,,,,,,,,,,,,,,,120.0,0.0,,,,,,,,,,,,
1578,Ion Supply Drink Sachet,Pocari Sweat,1.0,sachet (13 g),50.0,,,13.0,,0.0,0.0,0.0,,,,,,,,11.0,,,,,,,,,,,,,,,,,,,,,,100.0,20.0,,,,,,,,,,,,
1579,Ion Water Low Calorie,Pocari Sweat,1.0,botol (250 ml),35.0,,,9.0,,0.0,0.0,0.0,,,,0.0,,,,9.0,,,,,,,,,,,,,,,,,,,,,,130.0,,,,,,,,,,,,,
1580,Ionessence,Pocari Sweat,1.0,botol (250 ml),25.0,,,6.0,,0.0,0.0,0.0,,,,0.0,0.0,,,4.0,,,,,,,,,,,,,,,,,,,,,,0.0,0.0,,,,,,,,,,,,
1581,Isi 2 Mi Goreng Rasa Ayam Kecap,Sarimi,1.0,porsi (126 g),570.0,,,77.0,,9.0,24.0,12.0,,,,,5.0,,,9.0,,,,,,,,,,,,,,,,,,,,,,1410.0,,,,,,,,,,,,,
1582,Isi 2 Mi Goreng Rasa Ayam Kremes,Sarimi,1.0,bungkus (125 g),560.0,,,79.0,,10.0,23.0,11.0,,,,0.0,4.0,,,9.0,,,,,,,,,,,,,,,,,,,,,,1440.0,,,,,,,,,,,,,
1583,Isi 2 Rasa Tongseng Ayam,Sarimi,1.0,bungkus (120 g),560.0,,,76.0,,11.0,23.0,11.0,,,,,6.0,,,5.0,,,,,,,,,,,,,,,,,,,,,,1340.0,,,,,,,,,,,,,
1584,Iso Cool,Ultimate Nutrition,1.0,skop (26 g),90.0,,,0.0,,23.0,0.0,0.0,,,,20.0,0.0,,,0.0,,,,,,,,,,,,,,,,,,,,,,40.0,0.0,,,,,,,,,,,,
1585,Iso Sensation 93,Ultimate Nutrition,1.0,skop (32 g),130.0,,,1.0,,30.0,0.0,0.0,,,,2.0,0.0,,,0.0,,,,,,,,,,,,,,,,,,,,,,50.0,0.0,,,,,,,,,,,,
1586,Isoblend 100%,Elite Labs USA,1.0,scoop (28 g),110.0,,,2.0,,24.0,0.5,,,,,2.0,,,,,,,,,,,,,,,,,,,,,,,,,,70.0,200.0,,,,,,,,,,,,
1587,Isolate Whey,GALLANT NUTRITION,1.0,scoop (25 g),95.0,,,0.5,,23.5,0.0,,,,,,0.5,,,0.0,,,,,,,,,,,,,,,,,,,,,,,,,,,,,,,,,,,
1588,Isomass Xtreme Gainer,Ultimate Nutrition,3.0,skop (153 g),650.0,,,80.0,,65.0,7.0,4.0,,,,30.0,6.0,,,5.0,,,,,,,,,,,,,,,,,,,,,,200.0,,,,,,,,,,,,,
1589,Isomatrix,GENETICA,1.0,scoop (33 g),140.0,,,12.0,,20.0,1.5,0.5,,,,0.0,2.0,,,1.0,,,,,,,,,,,,,,,,,,,,,,290.0,,,,,,,,,,,,,
1590,Isoplus,Wings Food,1.0,botol (350 ml),80.0,,,20.0,,0.0,0.0,0.0,,,,0.0,0.0,,,20.0,,,,,,,,,,,,,,,,,,,,,,170.0,150.0,,,,,,,,,,,,
1591,Isoplus Coco,Wings Food,1.0,botol (175 ml),45.0,,,12.0,,0.0,0.0,0.0,0.0,0.0,,0.0,95.0,,,12.0,,,,,,,,,,,,,,,,,,,,,,85.0,35.0,,,,,,,,,,,,
1592,Itaewon Chick,Hadi Kitchen,1.0,porsi,440.0,,,39.0,,35.0,16.0,,,,,,,,,,,,,,,,,,,,,,,,,,,,,,,,,,,,,,,,,,,,
1593,Italian Dressing,Remia,100.0,g,32.0,,,7.0,,0.2,0.0,0.0,,,,,,,,6.5,,,,,,,,,,,,,,,,,,,,,,2.0,,,,,,,,,,,,,
1594,Italian Dressing Salad,Remia,1.0,porsi (25 g),5.0,,,2.0,,0.0,0.0,0.0,,,,,,,,1.0,,,,,,,,,,,,,,,,,,,,,,160.0,,,,,,,,,,,,,
1595,Italian Grill Marinade Mix,Jay's Kitchen,1.0,porsi (10 g),30.0,,,7.0,,1.0,0.0,0.0,,,,,,,,5.0,,,,,,,,,,,,,,,,,,,,,,1120.0,,,,,,,,,,,,,
1596,Italian Herb Seasoning,Jay's Kitchen,1.0,(5 g),35.0,,,7.0,,1.0,0.0,,,,,,,,,,,,,,,,,,,,,,,,,,,,,,,560.0,,,,,,,,,,,,,
1597,Italian Herbs Sourdough Cracker,Namaste Organic,0.0,0,0.0,0.0,0.0,0.0,0.0,0.0,0.0,0.0,0.0,0.0,0.0,0.0,0.0,0.0,0.0,0.0,0.0,0.0,0.0,0.0,0.0,0.0,0.0,0.0,0.0,0.0,0.0,0.0,0.0,0.0,0.0,0.0,0.0,0.0,0.0,0.0,0.0,0.0,0.0,0.0,0.0,0.0,0.0,0.0,0.0,0.0,0.0,0.0,0.0,0.0,0.0
1598,Italian Pizza,Taro,1.0,porsi (10 g),45.0,,,7.0,,1.0,1.5,0.0,,,,0.0,0.0,,,,,,,,,,,,,,,,,,,,,,,,,100.0,0.0,,,,,,,,,,,,
1599,Italian Sandwich,Easy Peasy,1.0,serving,374.0,,,10.2,,16.4,30.9,,,,,,,,,,,,,,,,,,,,,,,,,,,,,,,,,,,,,,,,,,,,
1600,Jagoan Neon Lollipop,Unifam,1.0,bungkus (9 g),35.0,,,9.0,,0.0,0.0,0.0,0.0,0.0,,0.0,0.0,,,,,,,,,,,,,,,,,,,,,,,,,10.0,0.0,,,,,,,,,,,,
1601,Jagung,Sayuran,100.0,gram (g),86.0,,,19.02,,3.22,1.18,0.182,0.559,0.347,,0.0,2.7,,,3.22,,,,,,,,,,,,,,,,,,,,,,15.0,270.0,,,,,,,,,,,,
1602,Jagung Kecil/Tunas Jagung,Sayuran,100.0,gram (g),81.0,,,18.59,,2.62,1.0,0.154,0.471,0.292,,0.0,2.0,,,3.5,,,,,,,,,,,,,,,,,,,,,,214.0,195.0,,,,,,,,,,,,
1603,Jagung Manis Kuning,Sayuran,100.0,gram (g),86.0,,,19.02,,3.22,1.18,0.182,0.559,0.347,,0.0,2.7,,,3.22,,,,,,,,,,,,,,,,,,,,,,15.0,270.0,,,,,,,,,,,,
"1604,""Jagung Manis Kuning (Kernel Utuh, Padat Dikeringkan, Kalengan)"",Sayuran,100.0,gram (g),81.0,,,18.59,,2.62,1.0,0.154,0.471,0.292,,0.0,2.0,,,3.5,,,,,,,,,,,,,,,,,,,,,,214.0,195.0,,,,,,,,,,,,"
1605,Jagung dengan Mentega,Sayuran,100.0,gram (g),106.0,,,21.88,,3.06,2.35,1.125,0.419,0.688,,4.0,,,,,,,,,,,,,,,,,,,,,,,,,,20.0,246.0,,,,,,,,,,,,
1606,Jahe Coklat,Intrafood,0.0,0,0.0,0.0,0.0,0.0,0.0,0.0,0.0,0.0,0.0,0.0,0.0,0.0,0.0,0.0,0.0,0.0,0.0,0.0,0.0,0.0,0.0,0.0,0.0,0.0,0.0,0.0,0.0,0.0,0.0,0.0,0.0,0.0,0.0,0.0,0.0,0.0,0.0,0.0,0.0,0.0,0.0,0.0,0.0,0.0,0.0,0.0,0.0,0.0,0.0,0.0,0.0
1607,Jahe Kopi Susu,Intrafood,0.0,0,0.0,0.0,0.0,0.0,0.0,0.0,0.0,0.0,0.0,0.0,0.0,0.0,0.0,0.0,0.0,0.0,0.0,0.0,0.0,0.0,0.0,0.0,0.0,0.0,0.0,0.0,0.0,0.0,0.0,0.0,0.0,0.0,0.0,0.0,0.0,0.0,0.0,0.0,0.0,0.0,0.0,0.0,0.0,0.0,0.0,0.0,0.0,0.0,0.0,0.0,0.0
1608,Jahe Merah,Intrafood,0.0,0,0.0,0.0,0.0,0.0,0.0,0.0,0.0,0.0,0.0,0.0,0.0,0.0,0.0,0.0,0.0,0.0,0.0,0.0,0.0,0.0,0.0,0.0,0.0,0.0,0.0,0.0,0.0,0.0,0.0,0.0,0.0,0.0,0.0,0.0,0.0,0.0,0.0,0.0,0.0,0.0,0.0,0.0,0.0,0.0,0.0,0.0,0.0,0.0,0.0,0.0,0.0
1609,Jahe Wangi,Intrafood,1.0,sachet (15 g),70.0,,,17.0,,0.0,0.0,,,,,,,,,16.0,,,,,,,,,,,,,,,,,,,,,,35.0,,,,,,,,,,,,,
"1610,Jaipongmix,Jaipongmix,1.0,""porsi (12,5 g)"",70.0,,,8.0,,1.0,3.5,1.5,,,,,,,,1.0,,,,,,,,,,,,,,,,,,,,,,100.0,,,,,,,,,,,,,"
1611,Jamur,Lainnya,100.0,gram (g),22.0,,,3.28,,3.09,0.34,0.05,0.16,0.0,,0.0,1.0,,,1.65,,,,,,,,,,,,,,,,,,,,,,5.0,318.0,,,,,,,,,,,,
1612,Jamur,Sayuran,100.0,gram (g),22.0,,,3.28,,3.09,0.34,0.05,0.16,0.0,,0.0,1.0,,,1.65,,,,,,,,,,,,,,,,,,,,,,5.0,318.0,,,,,,,,,,,,
"1613,""Jamur (Kering Padat, Kaleng)"",Sayuran,100.0,gram (g),25.0,,,5.09,,1.87,0.29,0.038,0.113,0.005,,0.0,2.4,,,2.2,,,,,,,,,,,,,,,,,,,,,,425.0,129.0,,,,,,,,,,,,"
1614,Jamur Portabella,Sayuran,100.0,gram (g),26.0,,,5.07,,2.5,0.2,0.026,0.078,0.003,,0.0,1.5,,,1.8,,,,,,,,,,,,,,,,,,,,,,6.0,484.0,,,,,,,,,,,,
1615,Jamur Tiram,Sayuran,100.0,gram (g),35.0,,,6.43,,3.34,0.44,0.02,0.04,0.01,,0.0,2.4,,,1.11,,,,,,,,,,,,,,,,,,,,,,18.0,420.0,,,,,,,,,,,,
1616,Japanese Beef,Healthi,0.0,0,0.0,0.0,0.0,0.0,0.0,0.0,0.0,0.0,0.0,0.0,0.0,0.0,0.0,0.0,0.0,0.0,0.0,0.0,0.0,0.0,0.0,0.0,0.0,0.0,0.0,0.0,0.0,0.0,0.0,0.0,0.0,0.0,0.0,0.0,0.0,0.0,0.0,0.0,0.0,0.0,0.0,0.0,0.0,0.0,0.0,0.0,0.0,0.0,0.0,0.0,0.0
1617,Japanese Cheese Cake,Rious,1.0,porsi (33 g),100.0,,,10.0,,3.0,5.0,2.5,,,,75.0,1.0,,,7.0,,,,,,,,,,,,,,,,,,,,,,95.0,50.0,,,,,,,,,,,,
1618,Japanese Chicken Curry,Mad About Protein,0.0,0,0.0,0.0,0.0,0.0,0.0,0.0,0.0,0.0,0.0,0.0,0.0,0.0,0.0,0.0,0.0,0.0,0.0,0.0,0.0,0.0,0.0,0.0,0.0,0.0,0.0,0.0,0.0,0.0,0.0,0.0,0.0,0.0,0.0,0.0,0.0,0.0,0.0,0.0,0.0,0.0,0.0,0.0,0.0,0.0,0.0,0.0,0.0,0.0,0.0,0.0,0.0
1619,Japanese Curry Paste,WARASA,1.0,serving  (20 g),70.0,,,13.0,,1.0,2.0,1.0,,,,,,,,5.0,,,,,,,,,,,,,,,,,,,,,,460.0,,,,,,,,,,,,,
1620,Japanese Mayonnaise,Kewpie,0.0,0,0.0,0.0,0.0,0.0,0.0,0.0,0.0,0.0,0.0,0.0,0.0,0.0,0.0,0.0,0.0,0.0,0.0,0.0,0.0,0.0,0.0,0.0,0.0,0.0,0.0,0.0,0.0,0.0,0.0,0.0,0.0,0.0,0.0,0.0,0.0,0.0,0.0,0.0,0.0,0.0,0.0,0.0,0.0,0.0,0.0,0.0,0.0,0.0,0.0,0.0,0.0
1621,Japanese Silken Tofu,Sakura,100.0,g,115.0,,,2.0,,9.0,8.0,1.5,,,,,,,,0.0,,,,,,,,,,,,,,,,,,,,,,65.0,,,,,,,,,,,,,
1622,Japota Honey Butter,Calbee Wings,1.0,takaran saji (28 g),150.0,,,15.0,,2.0,9.0,4.5,,,,,2.0,,,2.0,,,,,,,,,,,,,,,,,,,,,,160.0,,,,,,,,,,,,,
1623,Japota Nipis Pedas,Calbee Wings,1.0,porsi (28 g),150.0,,,16.0,,2.0,8.0,6.0,,,,,2.0,,,1.0,,,,,,,,,,,,,,,,,,,,,,170.0,,,,,,,,,,,,,
1624,Japota Potato Chips (Umami Japanese Seaweed),Calbee Wings,1.0,porsi (14 g),70.0,,,8.0,,1.0,4.0,2.0,,,,,2.0,,,1.0,,,,,,,,,,,,,,,,,,,,,,70.0,,,,,,,,,,,,,
1625,Japota Potato Chips Original,Calbee Wings,1.0,porsi (28 g),160.0,,,14.0,,2.0,11.0,5.0,,,,,3.0,,,,,,,,,,,,,,,,,,,,,,,,,100.0,,,,,,,,,,,,,
1626,Japota Sapi Panggang,Calbee Wings,2.0,sajian (28 g),160.0,,,14.0,,2.0,10.0,4.5,,,,,2.0,,,1.0,,,,,,,,,,,,,,,,,,,,,,170.0,170.0,,,,,,,,,,,,
1627,Jas Jus Mangga,Jas Jus,1.0,porsi (7 g),25.0,,,6.0,,0.0,0.0,0.0,0.0,0.0,,,,,,5.0,,,,,,,,,,,,,,,,,,,,,,15.0,,,,,,,,,,,,,
1628,Jasjus Lemon,Jas Jus,1.0,sachet (8 g),30.0,,,8.0,,0.0,0.0,,,,,,,,,7.0,,,,,,,,,,,,,,,,,,,,,,10.0,,,,,,,,,,,,,
1629,Jasmine Green Milk Tea,Teazzi,1.0,gelas (421 g),350.0,,,52.0,,2.0,15.0,,,,,,,,,31.0,,,,,,,,,,,,,,,,,,,,,,,,,,,,,,,,,,,
1630,Jasmine Green Tea,ITO EN,1.0,botol (250 ml),0.0,,,1.0,,0.0,0.0,0.0,0.0,0.0,,0.0,0.0,,,0.0,,,,,,,,,,,,,,,,,,,,,,35.0,0.0,,,,,,,,,,,,
1631,Jasmine Tea,Teh Kotak,100.0,ml,35.0,,,8.5,,0.0,0.0,0.0,,,,0.0,0.0,,,8.5,,,,,,,,,,,,,,,,,,,,,,5.0,0.0,,,,,,,,,,,,
1632,Jcone Black & Pink,Glico,1.0,bungkus (90 ml),220.0,,,37.0,,2.0,7.0,4.5,,,,,,,,14.0,,,,,,,,,,,,,,,,,,,,,,15.0,,,,,,,,,,,,,
1633,Jeli (Semua Rasa),Saus & Bumbu,1.0,sdm,51.0,,,13.29,,0.03,0.0,0.001,0.001,0.0,,0.0,0.2,,,9.73,,,,,,,,,,,,,,,,,,,,,,6.0,10.0,,,,,,,,,,,,
1634,Jeli yang Kadar Gulanya sudah Dikurangi,Saus & Bumbu,1.0,sdm,34.0,,,8.67,,0.06,0.01,0.002,0.002,0.0,,0.0,0.2,,,8.52,,,,,,,,,,,,,,,,,,,,,,0.0,13.0,,,,,,,,,,,,
1635,Jelly,Realfood,1.0,kemasan (20 g),5.0,,,1.0,,0.0,0.0,,0.0,0.0,,0.0,0.0,,,1.0,,,,,,,,,,,,,,,,,,,,,,0.0,,,,,,,,,,,,,
1636,Jelly,Inaco,4.0,mini cups (75 g),70.0,,,19.6,,0.2,0.0,,,,,,0.9,,,18.4,,,,,,,,,,,,,,,,,,,,,,27.0,,,,,,,,,,,,,
1637,Jelly Appletox,Realfood,1.0,takaran saji. (1 kemasan) (20 g),10.0,,,1.0,,1.0,0.0,0.0,0.0,0.0,,0.0,0.0,,,0.0,,,,,,,,,,,,,,,,,,,,,,0.0,0.0,,,,,,,,,,,,
1638,Jelly Drink,Inaco,1.0,porsi (120 g),50.0,,,13.0,,0.0,0.0,,,,,,2.0,,,12.0,,,,,,,,,,,,,,,,,,,,,,25.0,,,,,,,,,,,,,
1639,Jelly Drink,WRP,1.0,porsi (200 ml),35.0,,,12.0,,0.0,0.0,,,,,,5.0,,,3.0,,,,,,,,,,,,,,,,,,,,,,,,,,,,,,,,,,,
1640,Jelly Drink Big,Okky,1.0,gelas (220 ml),50.0,,,13.0,,0.0,0.0,0.0,,,,0.0,0.0,,,10.0,,,,,,,,,,,,,,,,,,,,,,60.0,0.0,,,,,,,,,,,,
1641,Jelly Lychee Glutabright,Realfood,1.0,kemasan (20 g),8.0,,,1.0,,1.0,0.0,0.0,0.0,0.0,,0.0,0.0,,,0.0,,,,,,,,,,,,,,,,,,,,,,10.0,,,,,,,,,,,,,
1642,Jelly Shake,Okky,1.0,gelas (320 ml),70.0,,,17.0,,0.0,0.0,0.0,,,,,,,,15.0,,,,,,,,,,,,,,,,,,,,,,50.0,,,,,,,,,,,,,
"1643,Jeruk,Lainnya,1.0,""buah (diameter 6,5 cm)"",62.0,,,15.39,,1.23,0.16,0.02,0.033,0.03,,0.0,3.1,,,12.25,,,,,,,,,,,,,,,,,,,,,,0.0,237.0,,,,,,,,,,,,"
"1644,Jeruk,Buah,1.0,""buah (diameter 6,5 cm)"",62.0,,,15.39,,1.23,0.16,0.02,0.033,0.03,,0.0,3.1,,,12.25,,,,,,,,,,,,,,,,,,,,,,0.0,237.0,,,,,,,,,,,,"
1645,Jeruk (dengan Kulit),Buah,100.0,gram (g),63.0,,,15.5,,1.3,0.3,0.035,0.06,0.055,,0.0,4.5,,,,,,,,,,,,,,,,,,,,,,,,,2.0,196.0,,,,,,,,,,,,
1646,Jeruk Bali,Buah,100.0,gram (g),32.0,,,8.08,,0.63,0.1,0.014,0.024,0.013,,0.0,1.1,,,6.98,,,,,,,,,,,,,,,,,,,,,,0.0,139.0,,,,,,,,,,,,
1647,Jeruk Bali (Merah dan Merah Muda),Buah,100.0,gram (g),42.0,,,10.66,,0.77,0.14,0.02,0.036,0.02,,0.0,1.6,,,6.89,,,,,,,,,,,,,,,,,,,,,,0.0,135.0,,,,,,,,,,,,
"1648,Jeruk Keprok (Jeruk Mandarin),Buah,1.0,""kecil (diameter 5,5 cm)"",37.0,,,9.34,,0.57,0.22,0.027,0.046,0.042,,0.0,1.3,,,7.41,,,,,,,,,,,,,,,,,,,,,,1.0,116.0,,,,,,,,,,,,"
"1649,""Jeruk Keprok (Jeruk Mandarin,  Sirup Ringan Kemasan, Kalengan)"",Buah,1.0,gelas,154.0,,,40.8,,1.13,0.25,0.03,0.05,0.045,,0.0,1.8,,,39.03,,,,,,,,,,,,,,,,,,,,,,15.0,197.0,,,,,,,,,,,,"
"1650,""Jeruk Keprok (Jeruk Mandarin, Jus Kemasan, Kalengan)"",Buah,1.0,gelas,92.0,,,23.83,,1.54,0.07,0.007,0.012,0.012,,0.0,1.7,,,22.09,,,,,,,,,,,,,,,,,,,,,,12.0,331.0,,,,,,,,,,,,"
1651,Jeruk Mandarin (Kaleng atau Beku),Buah,100.0,gram (g),61.0,,,16.19,,0.45,0.1,0.012,0.02,0.018,,0.0,0.7,,,15.49,,,,,,,,,,,,,,,,,,,,,,6.0,78.0,,,,,,,,,,,,
1652,Jeruk Peras,Jas Jus,1.0,serving (7 g),25.0,,,7.0,,0.0,0.0,0.0,,,,,,,,6.0,,,,,,,,,,,,,,,,,,,,,,15.0,,,,,,,,,,,,,
1653,Jjajang,Samyang,0.0,0,0.0,0.0,0.0,0.0,0.0,0.0,0.0,0.0,0.0,0.0,0.0,0.0,0.0,0.0,0.0,0.0,0.0,0.0,0.0,0.0,0.0,0.0,0.0,0.0,0.0,0.0,0.0,0.0,0.0,0.0,0.0,0.0,0.0,0.0,0.0,0.0,0.0,0.0,0.0,0.0,0.0,0.0,0.0,0.0,0.0,0.0,0.0,0.0,0.0,0.0,0.0
1654,Jjajang Topokki,Yopokki,1.0,porsi (140 g),310.0,,,69.0,,5.0,1.5,0.5,,,,,,,,5.0,,,,,,,,,,,,,,,,,,,,,,490.0,,,,,,,,,,,,,
1655,Jjajangmen,Paldo,1.0,porsi (100 g),410.0,,,74.0,,7.0,10.0,3.0,,,,,,,,5.0,,,,,,,,,,,,,,,,,,,,,,700.0,,,,,,,,,,,,,
1656,Juice Moonlight,Nakedpress,0.0,0,0.0,0.0,0.0,0.0,0.0,0.0,0.0,0.0,0.0,0.0,0.0,0.0,0.0,0.0,0.0,0.0,0.0,0.0,0.0,0.0,0.0,0.0,0.0,0.0,0.0,0.0,0.0,0.0,0.0,0.0,0.0,0.0,0.0,0.0,0.0,0.0,0.0,0.0,0.0,0.0,0.0,0.0,0.0,0.0,0.0,0.0,0.0,0.0,0.0,0.0,0.0
1657,Jumbo Sausage,Champ,100.0,g,130.0,,,12.0,,13.0,3.0,,,,,,,,,,,,,,,,,,,,,,,,,,,,,,,650.0,,,,,,,,,,,,,
1658,Jus Anggur,Lainnya,1.0,gelas,154.0,,,37.85,,1.42,0.2,0.063,0.056,0.008,,0.0,0.3,,,37.6,,,,,,,,,,,,,,,,,,,,,,8.0,334.0,,,,,,,,,,,,
1659,Jus Anggur,Minuman,1.0,gelas,154.0,,,37.85,,1.42,0.2,0.063,0.056,0.008,,0.0,0.3,,,37.6,,,,,,,,,,,,,,,,,,,,,,8.0,334.0,,,,,,,,,,,,
1660,Jus Apel,Minuman,1.0,gelas,117.0,,,28.97,,0.15,0.27,0.047,0.082,0.012,,0.0,0.2,,,27.03,,,,,,,,,,,,,,,,,,,,,,7.0,295.0,,,,,,,,,,,,
"1661,""Jus Apel (Berkonsentrasi Beku, Diencerkan dengan Air)"",Minuman,1.0,gelas,112.0,,,27.58,,0.33,0.24,0.043,0.074,0.005,,0.0,0.2,,,26.12,,,,,,,,,,,,,,,,,,,,,,17.0,301.0,,,,,,,,,,,,"
1662,Jus Apel (Kaleng atau Botol),Minuman,1.0,gelas,117.0,,,28.97,,0.15,0.27,0.047,0.082,0.012,,0.0,0.2,,,27.03,,,,,,,,,,,,,,,,,,,,,,7.0,295.0,,,,,,,,,,,,
1663,Jus Campuran Sayuran (Sayuran Lain Selain Tomat),Minuman,1.0,gelas,71.0,,,14.93,,3.67,0.59,0.109,0.192,0.135,,0.0,3.9,,,7.18,,,,,,,,,,,,,,,,,,,,,,133.0,790.0,,,,,,,,,,,,
1664,Jus Cranberry,Minuman,1.0,gelas (240 ml),137.0,,,34.21,,0.0,0.25,0.023,0.149,0.048,,0.0,0.0,,,30.03,,,,,,,,,,,,,,,,,,,,,,5.0,35.0,,,,,,,,,,,,
1665,Jus Cranberry-Anggur (Botol),Lainnya,1.0,gelas (240 ml),137.0,,,34.3,,0.49,0.24,0.081,0.056,0.01,,0.0,0.2,,,,,,,,,,,,,,,,,,,,,,,,,7.0,59.0,,,,,,,,,,,,
1666,Jus Cranberry-Apel (Botol),Minuman,1.0,gelas (240 ml),154.0,,,38.83,,0.0,0.27,0.032,0.127,0.034,,0.0,0.0,,,35.52,,,,,,,,,,,,,,,,,,,,,,5.0,42.0,,,,,,,,,,,,
1667,Jus Jeruk,Lainnya,1.0,gelas,112.0,,,25.79,,1.74,0.5,0.06,0.099,0.089,,0.0,0.5,,,20.83,,,,,,,,,,,,,,,,,,,,,,2.0,496.0,,,,,,,,,,,,
1668,Jus Jeruk,Minuman,1.0,gelas,112.0,,,25.79,,1.74,0.5,0.06,0.099,0.089,,0.0,0.5,,,20.83,,,,,,,,,,,,,,,,,,,,,,2.0,496.0,,,,,,,,,,,,
"1669,""Jus Jeruk (Dingin, Termasuk dari Konsentrat)"",Minuman,1.0,gelas,110.0,,,25.05,,1.99,0.67,0.072,0.159,0.115,,0.0,0.5,,,,,,,,,,,,,,,,,,,,,,,,,2.0,473.0,,,,,,,,,,,,"
1670,Jus Jeruk Bali,Minuman,1.0,gelas,94.0,,,22.13,,1.28,0.25,0.032,0.057,0.032,,0.0,0.2,,,21.88,,,,,,,,,,,,,,,,,,,,,,2.0,378.0,,,,,,,,,,,,
1671,Jus Jeruk Bali,Lainnya,1.0,gelas,94.0,,,22.13,,1.28,0.25,0.032,0.057,0.032,,0.0,0.2,,,21.88,,,,,,,,,,,,,,,,,,,,,,2.0,378.0,,,,,,,,,,,,
1672,Jus Jeruk Bali Merah Muda,Lainnya,1.0,gelas,96.0,,,22.72,,1.24,0.25,0.035,0.059,0.032,,0.0,,,,,,,,,,,,,,,,,,,,,,,,,,2.0,400.0,,,,,,,,,,,,
1673,Jus Jeruk Bali Putih,Lainnya,1.0,gelas,96.0,,,22.72,,1.24,0.25,0.035,0.059,0.032,,0.0,0.2,,,22.48,,,,,,,,,,,,,,,,,,,,,,2.0,400.0,,,,,,,,,,,,
1674,Jus Jeruk Bali Segar,Lainnya,1.0,gelas,96.0,,,22.72,,1.24,0.25,0.035,0.059,0.032,,0.0,0.2,,,22.48,,,,,,,,,,,,,,,,,,,,,,2.0,400.0,,,,,,,,,,,,
1675,Jus Jeruk Beku (Dilarutkan dengan Air),Minuman,1.0,gelas,112.0,,,27.14,,1.69,0.15,0.017,0.03,0.027,,0.0,0.5,,,26.57,,,,,,,,,,,,,,,,,,,,,,5.0,478.0,,,,,,,,,,,,
1676,Jus Jeruk Peras Segar,Minuman,1.0,gelas,112.0,,,25.79,,1.74,0.5,0.06,0.099,0.089,,0.0,0.5,,,20.83,,,,,,,,,,,,,,,,,,,,,,2.0,496.0,,,,,,,,,,,,
1677,Jus Kacang Ijo,Jukajo,1.0,botol (350 ml),240.0,,,48.0,,4.0,3.0,,,,,,8.0,,,15.0,,,,,,,,,,,,,,,,,,,,,,,,,,,,,,,,,,,
1678,Jus Kacang Kedelai,Jukajo,1.0,botol (350 ml),220.0,,,45.0,,4.0,3.0,,,,,,11.0,,,11.0,,,,,,,,,,,,,,,,,,,,,,,,,,,,,,,,,,,
1679,Jus Kacang Merah,Jukajo,1.0,botol (350 ml),220.0,,,43.0,,3.0,4.0,,,,,,12.0,,,24.0,,,,,,,,,,,,,,,,,,,,,,,,,,,,,,,,,,,
1680,Jus Madu,Madu Nusantara,0.0,0,0.0,0.0,0.0,0.0,0.0,0.0,0.0,0.0,0.0,0.0,0.0,0.0,0.0,0.0,0.0,0.0,0.0,0.0,0.0,0.0,0.0,0.0,0.0,0.0,0.0,0.0,0.0,0.0,0.0,0.0,0.0,0.0,0.0,0.0,0.0,0.0,0.0,0.0,0.0,0.0,0.0,0.0,0.0,0.0,0.0,0.0,0.0,0.0,0.0,0.0,0.0
1681,Jus Pepaya,Buah,100.0,ml,60.0,,,15.16,,0.18,0.16,0.049,0.037,0.043,,0.0,0.6,,,14.53,,,,,,,,,,,,,,,,,,,,,,5.0,32.0,,,,,,,,,,,,
1682,Jus Sayur Koktail (Kalengan),Minuman,1.0,gelas,46.0,,,11.01,,1.52,0.22,0.031,0.092,0.034,,0.0,1.9,,,7.99,,,,,,,,,,,,,,,,,,,,,,653.0,467.0,,,,,,,,,,,,
1683,Jus Semangka,Buah,100.0,ml,30.0,,,7.61,,0.61,0.15,0.016,0.05,0.037,,0.0,0.4,,,6.25,,,,,,,,,,,,,,,,,,,,,,1.0,113.0,,,,,,,,,,,,
1684,Jus Tomat,Minuman,1.0,gelas,41.0,,,10.3,,1.85,0.12,0.019,0.058,0.022,,0.0,1.0,,,8.65,,,,,,,,,,,,,,,,,,,,,,654.0,556.0,,,,,,,,,,,,
1685,Jus Tomat dan Sayuran (Sodium Rendah),Minuman,100.0,ml,22.0,,,4.69,,0.61,0.1,0.014,0.043,0.016,,0.0,0.8,,,3.88,,,,,,,,,,,,,,,,,,,,,,71.0,197.0,,,,,,,,,,,,
1686,Jus Wortel,Minuman,1.0,mangkok,94.0,,,21.92,,2.24,0.35,0.064,0.168,0.017,,0.0,1.9,,,9.23,,,,,,,,,,,,,,,,,,,,,,68.0,689.0,,,,,,,,,,,,
1687,K Rice,DelfiOrion,1.0,serving (20 g),90.0,,,15.0,,1.0,3.0,,,,,,,,,1.0,,,,,,,,,,,,,,,,,,,,,,,,,,,,,,,,,,,
1688,K Rice Seaweed Flavor,DelfiOrion,1.0,porsi (20 g),100.0,,,14.0,,1.0,4.5,2.0,0.0,0.0,,0.0,1.0,,,1.0,,,,,,,,,,,,,,,,,,,,,,140.0,0.0,,,,,,,,,,,,
1689,KRICE Cheese Potato,DelfiOrion,1.0,serving (20 g),100.0,,,14.0,,1.0,5.0,2.0,,,,,1.0,,,2.0,,,,,,,,,,,,,,,,,,,,,,105.0,,,,,,,,,,,,,
1690,Kaasstengels,Namaste Organic,0.0,0,0.0,0.0,0.0,0.0,0.0,0.0,0.0,0.0,0.0,0.0,0.0,0.0,0.0,0.0,0.0,0.0,0.0,0.0,0.0,0.0,0.0,0.0,0.0,0.0,0.0,0.0,0.0,0.0,0.0,0.0,0.0,0.0,0.0,0.0,0.0,0.0,0.0,0.0,0.0,0.0,0.0,0.0,0.0,0.0,0.0,0.0,0.0,0.0,0.0,0.0,0.0
1691,Kacang Ala Bangkok Original,Gangsar,25.0,g),150.0,,,7.0,,5.0,11.0,3.0,,,,,,,,,,,,,,,,,,,,,,,,,,,,,,,,,,,,,,,,,,,
1692,Kacang Almond,Biji-Bijian,1.0,kacang almond,7.0,,,0.24,,0.26,0.61,0.047,0.147,0.386,,0.0,0.1,,,0.06,,,,,,,,,,,,,,,,,,,,,,0.0,9.0,,,,,,,,,,,,
1693,Kacang Almond Panggang Kering (tanpa Tambahan Garam),Biji-Bijian,100.0,gram (g),597.0,,,19.29,,22.09,52.83,4.047,12.649,33.658,,0.0,11.8,,,4.9,,,,,,,,,,,,,,,,,,,,,,1.0,746.0,,,,,,,,,,,,
1694,Kacang Almond Sangrai Madu,Biji-Bijian,1.0,ons (20 kacang-kacangan),162.0,,,7.2,,5.31,13.78,1.051,3.377,8.691,,0.0,2.6,,,3.9,,,,,,,,,,,,,,,,,,,,,,85.0,176.0,,,,,,,,,,,,
1695,Kacang Asin Sangrai Kering,Biji-Bijian,100.0,gram (g),585.0,,,21.51,,23.68,49.66,6.893,15.694,24.64,,0.0,8.0,,,4.18,,,,,,,,,,,,,,,,,,,,,,813.0,658.0,,,,,,,,,,,,
1696,Kacang Atom,Garuda,100.0,g,533.0,,,28.8,,27.8,38.1,0.0,,,,0.0,0.0,,,0.0,,,,,,,,,,,,,,,,,,,,,,0.0,0.0,,,,,,,,,,,,
1697,Kacang Atom,Gangsar,1.0,porsi (25 g),130.0,,,14.0,,3.0,7.0,,,,,,1.0,,,2.0,,,,,,,,,,,,,,,,,,,,,,135.0,,,,,,,,,,,,,
1698,Kacang Belang (Biji Matang),Kacang-Kacangan,100.0,gram (g),347.0,,,62.55,,21.42,1.23,0.235,0.407,0.229,,0.0,15.5,,,2.11,,,,,,,,,,,,,,,,,,,,,,12.0,1393.0,,,,,,,,,,,,
"1699,""Kacang Belang (Biji Matang, Kalengan)"",Kacang-Kacangan,100.0,gram (g),86.0,,,15.25,,4.86,0.81,0.167,0.289,0.162,,0.0,4.6,,,0.22,,,,,,,,,,,,,,,,,,,,,,294.0,243.0,,,,,,,,,,,,"
1700,Kacang Campuran,Biji-Bijian,100.0,gram (g),617.0,,,21.58,,16.51,56.3,8.797,12.929,31.983,,0.0,8.3,,,4.25,,,,,,,,,,,,,,,,,,,,,,396.0,574.0,,,,,,,,,,,,
1701,Kacang Campuran Sangrai,Biji-Bijian,100.0,gram (g),615.0,,,22.27,,15.52,56.17,9.087,11.449,33.137,,0.0,5.5,,,4.38,,,,,,,,,,,,,,,,,,,,,,306.0,544.0,,,,,,,,,,,,
1702,Kacang Campuran Sangrai Kering,Biji-Bijian,100.0,gram (g),594.0,,,25.35,,17.3,51.45,6.899,10.768,31.395,,0.0,9.0,,,4.64,,,,,,,,,,,,,,,,,,,,,,669.0,597.0,,,,,,,,,,,,
"1703,""Kacang Campuran Sangrai Kering (dengan Kacang Tanah, dengan Tambahan Garam)"",Biji-Bijian,100.0,gram (g),594.0,,,25.35,,17.3,51.45,6.899,10.768,31.395,,0.0,9.0,,,4.64,,,,,,,,,,,,,,,,,,,,,,669.0,597.0,,,,,,,,,,,,"
1704,Kacang Hijau,Sayuran,100.0,gram (g),81.0,,,14.46,,5.42,0.4,0.071,0.187,0.035,,0.0,5.1,,,5.67,,,,,,,,,,,,,,,,,,,,,,5.0,244.0,,,,,,,,,,,,
1705,Kacang Hijau,Joyday,1.0,porsi  (38 g),90.0,,,10.0,,1.0,6.0,3.5,,,,,,,,6.0,,,,,,,,,,,,,,,,,,,,,,30.0,,,,,,,,,,,,,
1706,Kacang Hijau,Energen,1.0,sachet (32 g),140.0,,,25.0,,2.0,3.0,3.0,,,,0.0,1.0,,,14.0,,,,,,,,,,,,,,,,,,,,,,170.0,,,,,,,,,,,,,
1707,Kacang Hijau,Javara,100.0,g,370.0,,,63.0,,25.0,2.0,0.0,0.4,0.9,,0.0,16.0,,,7.0,,,,,,,,,,,,,,,,,,,,,,15.0,,,,,,,,,,,,,
1708,Kacang Hijau (Beku),Sayuran,2.0,mangkok,55.0,,,9.87,,3.75,0.27,0.048,0.126,0.024,,0.0,3.0,,,3.87,,,,,,,,,,,,,,,,,,,,,,81.0,107.0,,,,,,,,,,,,
1709,Kacang Hijau Dimasak (Kalengan),Sayuran,1.0,mangkok,150.0,,,21.51,,7.54,4.31,0.801,1.365,1.804,,0.0,7.0,,,7.09,,,,,,,,,,,,,,,,,,,,,,460.0,296.0,,,,,,,,,,,,
1710,Kacang Hitam,Kacang-Kacangan,100.0,gram (g),91.0,,,16.56,,6.03,0.29,0.075,0.125,0.025,,0.0,6.9,,,,,,,,,,,,,,,,,,,,,,,,,384.0,308.0,,,,,,,,,,,,
1711,Kacang Kedelai,Biji-Bijian,100.0,gram (g),471.0,,,33.55,,35.22,25.4,3.674,14.339,5.61,,0.0,17.7,,,4.2,,,,,,,,,,,,,,,,,,,,,,163.0,1470.0,,,,,,,,,,,,
1712,Kacang Kedelai Bubuk,Alamina,1.0,porsi (20 g),90.0,,,6.0,,8.0,4.5,,,,,,,,,1.0,,,,,,,,,,,,,,,,,,,,,,25.0,5000.0,,,,,,,,,,,,
1713,Kacang Kemiri,Biji-Bijian,100.0,gram (g),691.0,,,13.86,,9.17,71.97,6.18,21.614,40.801,,0.0,9.6,,,3.97,,,,,,,,,,,,,,,,,,,,,,0.0,410.0,,,,,,,,,,,,
1714,Kacang Kemiri Kering Sangrai (tanpa Tambahan Gula),Biji-Bijian,100.0,gram (g),710.0,,,13.55,,9.5,74.27,6.283,20.572,43.957,,0.0,9.4,,,4.06,,,,,,,,,,,,,,,,,,,,,,1.0,424.0,,,,,,,,,,,,
1715,Kacang Kemiri Sangrai Kering (dengan Tambahan Garam),Biji-Bijian,100.0,gram (g),710.0,,,13.55,,9.5,74.27,6.283,20.572,43.957,,0.0,9.4,,,4.06,,,,,,,,,,,,,,,,,,,,,,383.0,424.0,,,,,,,,,,,,
1716,Kacang Kulit,Garuda,1.0,kemasan (15 biji) (25 g),160.0,,,5.0,,6.0,13.0,2.0,,,,0.0,3.0,,,1.0,,,,,,,,,,,,,,,,,,,,,,70.0,85.0,,,,,,,,,,,,
1717,Kacang Merah (Kalengan),Kacang-Kacangan,100.0,gram (g),85.0,,,15.59,,5.25,0.34,0.05,0.189,0.027,,0.0,6.4,,,0.22,,,,,,,,,,,,,,,,,,,,,,341.0,257.0,,,,,,,,,,,,
"1718,""Kacang Merah (dengan Garam, Dimasak, Direbus)"",Kacang-Kacangan,100.0,gram (g),127.0,,,22.8,,8.67,0.5,0.072,0.275,0.039,,0.0,7.4,,,,,,,,,,,,,,,,,,,,,,,,,238.0,403.0,,,,,,,,,,,,"
"1719,""Kacang Merah (tanpa Garam, Dimasak, Direbus)"",Kacang-Kacangan,100.0,gram (g),127.0,,,22.8,,8.67,0.5,0.072,0.275,0.039,,0.0,6.4,,,0.32,,,,,,,,,,,,,,,,,,,,,,1.0,405.0,,,,,,,,,,,,"
1720,Kacang Mete,Biji-Bijian,100.0,gram (g),581.0,,,30.16,,16.84,47.77,8.478,8.546,25.923,,0.0,3.3,,,5.01,,,,,,,,,,,,,,,,,,,,,,308.0,632.0,,,,,,,,,,,,
1721,Kacang Mete Sangrai Asin,Biji-Bijian,100.0,gram (g),581.0,,,30.16,,16.84,47.77,8.478,8.546,25.923,,0.0,3.3,,,5.01,,,,,,,,,,,,,,,,,,,,,,308.0,632.0,,,,,,,,,,,,
1722,Kacang Mete Sangrai Kering,Biji-Bijian,100.0,gram (g),574.0,,,32.69,,15.31,46.35,9.157,7.836,27.317,,0.0,3.0,,,5.01,,,,,,,,,,,,,,,,,,,,,,640.0,565.0,,,,,,,,,,,,
1723,Kacang Mete Sangrai Madu,Biji-Bijian,1.0,10 porsi kacang utuh,87.0,,,6.0,,2.32,6.57,1.166,1.176,3.566,,0.0,0.5,,,2.53,,,,,,,,,,,,,,,,,,,,,,42.0,88.0,,,,,,,,,,,,
1724,Kacang Mete Sangrai Tawar,Biji-Bijian,100.0,gram (g),580.0,,,29.87,,16.84,47.77,8.478,8.546,25.923,,0.0,3.3,,,5.01,,,,,,,,,,,,,,,,,,,,,,13.0,632.0,,,,,,,,,,,,
1725,Kacang Panggang,Gangsar,100.0,g,240.0,,,10.0,,10.0,18.0,,,,,,,,,3.0,,,,,,,,,,,,,,,,,,,,,,,,,,,,,,,,,,,
1726,Kacang Panggang,Kacang-Kacangan,100.0,gram (g),151.0,,,21.39,,5.54,5.15,1.948,0.74,2.133,,5.0,5.5,,,,,,,,,,,,,,,,,,,,,,,,,422.0,358.0,,,,,,,,,,,,
1727,Kacang Panggang Boston,Kacang-Kacangan,100.0,gram (g),155.0,,,22.04,,6.04,5.06,1.792,0.671,2.325,,5.0,3.9,,,6.4,,,,,,,,,,,,,,,,,,,,,,454.0,422.0,,,,,,,,,,,,
1728,Kacang Panggang Vegetarian,Kacang-Kacangan,100.0,gram (g),94.0,,,21.14,,4.75,0.37,0.088,0.133,0.083,,0.0,4.1,,,9.04,,,,,,,,,,,,,,,,,,,,,,337.0,217.0,,,,,,,,,,,,
1729,Kacang Panggang dengan Daging Babi (Kalengan),Kacang-Kacangan,1.0,mangkok,268.0,,,50.55,,13.13,3.92,1.515,0.503,1.703,,18.0,13.9,,,,,,,,,,,,,,,,,,,,,,,,,1047.0,782.0,,,,,,,,,,,,
1730,Kacang Panjang Hijau,Kacang-Kacangan,100.0,gram (g),31.0,,,7.13,,1.82,0.12,0.026,0.059,0.005,,0.0,3.4,,,1.4,,,,,,,,,,,,,,,,,,,,,,6.0,209.0,,,,,,,,,,,,
1731,Kacang Pikan,Kaluli,0.0,0,0.0,0.0,0.0,0.0,0.0,0.0,0.0,0.0,0.0,0.0,0.0,0.0,0.0,0.0,0.0,0.0,0.0,0.0,0.0,0.0,0.0,0.0,0.0,0.0,0.0,0.0,0.0,0.0,0.0,0.0,0.0,0.0,0.0,0.0,0.0,0.0,0.0,0.0,0.0,0.0,0.0,0.0,0.0,0.0,0.0,0.0,0.0,0.0,0.0,0.0,0.0
1732,Kacang Polong,Sayuran,100.0,gram (g),42.0,,,7.55,,2.8,0.2,0.039,0.089,0.021,,0.0,2.6,,,4.0,,,,,,,,,,,,,,,,,,,,,,4.0,200.0,,,,,,,,,,,,
1733,Kacang Rebus,Biji-Bijian,100.0,gram (g),318.0,,,21.26,,13.5,22.01,3.055,6.956,10.921,,0.0,8.8,,,2.47,,,,,,,,,,,,,,,,,,,,,,751.0,180.0,,,,,,,,,,,,
1734,Kacang Sangrai Campuran dengan Kacang Tanah,Biji-Bijian,1.0,10 porsi kacang pilihan,86.0,,,3.0,,2.35,7.89,1.222,1.862,4.437,,0.0,1.3,,,0.59,,,,,,,,,,,,,,,,,,,,,,59.0,81.0,,,,,,,,,,,,
1735,Kacang Sangrai Madu,Biji-Bijian,100.0,gram (g),561.0,,,23.87,,24.47,45.77,7.561,13.311,22.609,,0.0,8.2,,,14.18,,,,,,,,,,,,,,,,,,,,,,279.0,640.0,,,,,,,,,,,,
1736,Kacang Tanah,Biji-Bijian,100.0,gram (g),567.0,,,16.13,,25.8,49.24,6.834,15.559,24.429,,0.0,8.5,,,3.97,,,,,,,,,,,,,,,,,,,,,,18.0,705.0,,,,,,,,,,,,
1737,Kacang Tawar Sangrai Kering,Biji-Bijian,100.0,gram (g),585.0,,,21.51,,23.68,49.66,6.893,15.694,24.64,,0.0,8.0,,,4.18,,,,,,,,,,,,,,,,,,,,,,6.0,658.0,,,,,,,,,,,,
1738,Kacang Telor,Kacang Ayam,2.0,sendok makan (30 g),100.0,,,7.0,,3.0,7.0,0.0,,,,0.0,1.0,,,7.0,,,,,,,,,,,,,,,,,,,,,,45.0,,,,,,,,,,,,,
1739,Kacang Telur,Garuda,1.0,bungkus (16 g),80.0,,,9.0,,1.0,4.5,1.0,,,,0.0,2.0,,,2.0,,,,,,,,,,,,,,,,,,,,,,50.0,,,,,,,,,,,,,
1740,Kacang-Kacangan,Makanan,0.0,0,0.0,0.0,0.0,0.0,0.0,0.0,0.0,0.0,0.0,0.0,0.0,0.0,0.0,0.0,0.0,0.0,0.0,0.0,0.0,0.0,0.0,0.0,0.0,0.0,0.0,0.0,0.0,0.0,0.0,0.0,0.0,0.0,0.0,0.0,0.0,0.0,0.0,0.0,0.0,0.0,0.0,0.0,0.0,0.0,0.0,0.0,0.0,0.0,0.0,0.0,0.0
1741,Kakao Bubuk,Van Houten,4.0,sdm (30 g),120.0,,,16.0,,7.0,3.0,2.0,0.0,0.0,,0.0,0.0,,,0.0,,,,,,,,,,,,,,,,,,,,,,10.0,,,,,,,,,,,,,
1742,Kakao Bubuk (tanpa Gula),Minuman,100.0,gram (g),229.0,,,54.3,,19.6,13.7,8.07,0.44,4.57,,0.0,33.2,,,1.75,,,,,,,,,,,,,,,,,,,,,,21.0,1524.0,,,,,,,,,,,,
1743,Kakao dan Campuran Gula (dengan Susu Rendah Lemak),Lainnya,1.0,cangkir,178.0,,,30.1,,8.6,2.75,1.9,0.085,0.688,,13.0,1.0,,,28.95,,,,,,,,,,,,,,,,,,,,,,133.0,418.0,,,,,,,,,,,,
1744,Kakao dan Campuran Gula (dengan Susu Rendah Lemak),Minuman,1.0,cangkir,178.0,,,30.1,,8.6,2.75,1.9,0.085,0.688,,13.0,1.0,,,28.95,,,,,,,,,,,,,,,,,,,,,,133.0,418.0,,,,,,,,,,,,
1745,Kakao dan Campuran Gula (dengan Susu Skim),Lainnya,1.0,gelas,158.0,,,29.97,,8.6,0.7,0.715,0.02,0.16,,5.0,1.0,,,28.65,,,,,,,,,,,,,,,,,,,,,,128.0,433.0,,,,,,,,,,,,
1746,Kakao dan Campuran Gula (dengan Susu Skim),Minuman,1.0,gelas,158.0,,,29.97,,8.6,0.7,0.715,0.02,0.16,,5.0,1.0,,,28.65,,,,,,,,,,,,,,,,,,,,,,128.0,433.0,,,,,,,,,,,,
1747,Kakap (Ikan) (Spesies Campuran),Ikan & Seafood,100.0,gram (g),100.0,,,0.0,,20.51,1.34,0.285,0.459,0.251,,37.0,0.0,,,0.0,,,,,,,,,,,,,,,,,,,,,,64.0,417.0,,,,,,,,,,,,
1748,Kaki Ayam Goreng tanpa Pelapis (Kulit Dimakan),Daging,100.0,gram (g),250.0,,,0.0,,27.31,14.78,3.803,3.562,5.803,,119.0,0.0,,,0.0,,,,,,,,,,,,,,,,,,,,,,422.0,238.0,,,,,,,,,,,,
1749,Kalbe,Fitbar,100.0,g,90.0,,,15.0,,2.0,3.5,2.0,,,,0.0,1.0,,,5.0,,,,,,,,,,,,,,,,,,,,,,,4.0,,,,,,,,,,,,
1750,Kaldu Ayam,Indomie,1.0,bungkus (75 g),340.0,,,50.0,,6.0,12.0,9.0,,,,0.0,4.0,,,0.0,,,,,,,,,,,,,,,,,,,,,,980.0,,,,,,,,,,,,,
1751,Kaldu Ayam,Sarimi,1.0,bungkus (70 g),300.0,,,46.0,,6.0,10.0,5.0,,,,0.0,4.0,,,11.0,,,,,,,,,,,,,,,,,,,,,,670.0,,,,,,,,,,,,,
1752,Kaldu Ayam,Sup,1.0,gelas (240 ml),12.0,,,1.51,,0.95,0.29,0.073,0.097,0.122,,0.0,,,,,,,,,,,,,,,,,,,,,,,,,,792.0,24.0,,,,,,,,,,,,
1753,Kaldu Jamur,Sup,100.0,gram (g),7.0,,,0.83,,0.87,0.01,0.0,0.0,0.0,,0.0,0.0,,,0.45,,,,,,,,,,,,,,,,,,,,,,1325.0,23.0,,,,,,,,,,,,
1754,Kaldu Sapi,Sup,1.0,gelas (240 ml),7.0,,,0.8,,0.84,0.19,0.096,0.0,0.072,,0.0,0.0,,,0.63,,,,,,,,,,,,,,,,,,,,,,1157.0,19.0,,,,,,,,,,,,
1755,Kaleng,Pocari Sweat,1.0,kaleng (330 ml),60.0,,,15.0,,0.0,0.0,,,,,,,,,14.0,,,,,,,,,,,,,,,,,,,,,,120.0,,,,,,,,,,,,,
1756,Kalkun,Daging,100.0,gram (g),187.0,,,0.0,,28.9,7.02,1.999,1.749,2.21,,77.0,0.0,,,0.0,,,,,,,,,,,,,,,,,,,,,,69.0,291.0,,,,,,,,,,,,
1757,Kapal Api Lampung,Kapal Api,0.0,0,0.0,0.0,0.0,0.0,0.0,0.0,0.0,0.0,0.0,0.0,0.0,0.0,0.0,0.0,0.0,0.0,0.0,0.0,0.0,0.0,0.0,0.0,0.0,0.0,0.0,0.0,0.0,0.0,0.0,0.0,0.0,0.0,0.0,0.0,0.0,0.0,0.0,0.0,0.0,0.0,0.0,0.0,0.0,0.0,0.0,0.0,0.0,0.0,0.0,0.0,0.0
1758,Kapal Api Special,Kapal Api,1.0,sendok teh (6 g),25.0,,,4.0,,1.0,0.5,0.0,0.0,0.5,,0.0,2.0,,,0.0,,,,,,,,,,,,,,,,,,,,,,0.0,0.0,,,,,,,,,,,,
1759,Kara Squid,IKA'S,1.0,porsi (5 g),17.0,,,3.2,,0.8,0.1,,,,,,,,,2.1,,,,,,,,,,,,,,,,,,,,,,44.0,,,,,,,,,,,,,
1760,Karage,Fiesta,100.0,g,260.0,,,11.0,,15.0,17.0,7.0,,,,,,,,0.0,,,,,,,,,,,,,,,,,,,,,,640.0,,,,,,,,,,,,,
1761,Kari,Maggi,0.0,0,0.0,0.0,0.0,0.0,0.0,0.0,0.0,0.0,0.0,0.0,0.0,0.0,0.0,0.0,0.0,0.0,0.0,0.0,0.0,0.0,0.0,0.0,0.0,0.0,0.0,0.0,0.0,0.0,0.0,0.0,0.0,0.0,0.0,0.0,0.0,0.0,0.0,0.0,0.0,0.0,0.0,0.0,0.0,0.0,0.0,0.0,0.0,0.0,0.0,0.0,0.0
1762,Kari Ayam,Indomie,1.0,bungkus (72 g),330.0,,,43.0,,7.0,14.0,7.0,,,,0.0,2.0,,,2.0,,,,,,,,,,,,,,,,,,,,,,1350.0,,,,,,,,,,,,,
1763,Kari Ayam,Makanan Cepat Saji,2.0,dada ayam dengan saus,160.0,,,6.11,,14.8,8.6,1.752,2.433,3.665,,45.0,1.2,,,2.67,,,,,,,,,,,,,,,,,,,,,,624.0,321.0,,,,,,,,,,,,
1764,Kari Daging Domba,Makanan Cepat Saji,100.0,gram (g),109.0,,,1.57,,11.96,5.86,1.671,1.35,2.142,,38.0,0.4,,,0.54,,,,,,,,,,,,,,,,,,,,,,210.0,209.0,,,,,,,,,,,,
1765,Kari Daging Sapi,Makanan Cepat Saji,100.0,gram (g),184.0,,,5.8,,11.69,12.96,2.883,3.192,5.947,,26.0,1.2,,,2.73,,,,,,,,,,,,,,,,,,,,,,551.0,384.0,,,,,,,,,,,,
1766,Kastangel Kukis Keju,Nissin,1.0,takaran saji (30 g),160.0,,,18.0,,3.0,9.0,,,,,,,,,5.0,,,,,,,,,,,,,,,,,,,,,,290.0,,,,,,,,,,,,,
1767,Katsuo Dashi,Daikichi,1.0,serving (5 g),10.0,,,2.0,,1.0,0.0,,,,,0.0,,,,1.0,,,,,,,,,,,,,,,,,,,,,,760.0,,,,,,,,,,,,,
1768,Kebab With Chicken Breast,Fit Solution,1.0,porsi,359.0,,,33.0,,32.0,11.0,,,,,,5.8,,,,,,,,,,,,,,,,,,,,,,,,,,,,,,,,,,,,,,
1769,Kecap Asin,ABC,1.0,sdm (15 ml),5.0,,,1.0,,1.0,0.0,0.0,,,,,,,,0.0,,,,,,,,,,,,,,,,,,,,,,830.0,,,,,,,,,,,,,
1770,Kecap Asin,Indofood,1.0,sdm (10 ml),15.0,,,4.0,,1.0,0.0,0.0,,,,,,,,2.0,,,,,,,,,,,,,,,,,,,,,,760.0,,,,,,,,,,,,,
1771,Kecap Asin (Kedelai),Saus & Bumbu,1.0,sdm,8.0,,,1.22,,1.0,0.01,0.001,0.003,0.001,,0.0,0.1,,,0.27,,,,,,,,,,,,,,,,,,,,,,902.0,35.0,,,,,,,,,,,,
1772,Kecap Asin (Kedelai) (Rendah Sodium),Saus & Bumbu,1.0,sdm,10.0,,,1.53,,0.93,0.01,0.002,0.006,0.002,,0.0,0.1,,,0.31,,,,,,,,,,,,,,,,,,,,,,600.0,32.0,,,,,,,,,,,,
1773,Kecap Asin (Tamari),Saus & Bumbu,1.0,sdm,11.0,,,1.0,,1.89,0.02,0.002,0.008,0.003,,0.0,0.1,,,0.31,,,,,,,,,,,,,,,,,,,,,,1005.0,38.0,,,,,,,,,,,,
1774,Kecap Asin Premium,Lee Kum Kee,1.0,tbsp (15 ml),15.0,,,3.0,,1.0,0.0,,,,,,0.0,,,2.0,,,,,,,,,,,,,,,,,,,,,,1080.0,,,,,,,,,,,,,
1775,Kecap Ikan,Finna,1.0,porsi (15 ml),25.0,,,5.0,,2.0,0.0,0.0,,,,,,,,0.0,,,,,,,,,,,,,,,,,,,,,,1400.0,,,,,,,,,,,,,
1776,Kecap Inggris,ABC,100.0,ml,77.0,,,19.0,,0.0,0.0,0.0,,,,0.0,0.0,,,10.0,,,,,,,,,,,,,,,,,,,,,,980.0,800.0,,,,,,,,,,,,
1777,Kecap Manis,ABC,1.0,sdm (15 ml),60.0,,,15.0,,0.0,0.0,0.0,,,,0.0,0.0,,,11.0,,,,,,,,,,,,,,,,,,,,,,330.0,0.0,,,,,,,,,,,,
1778,Kecap Manis,Bango,1.0,sdm (14 ml),60.0,,,15.0,,0.0,0.0,0.0,,,,,,,,13.0,,,,,,,,,,,,,,,,,,,,,,400.0,,,,,,,,,,,,,
1779,Kecap Manis,Indofood,1.0,sdm (14 g),45.0,,,11.0,,0.0,0.0,0.0,0.0,0.0,,0.0,,,,10.0,,,,,,,,,,,,,,,,,,,,,,230.0,,,,,,,,,,,,,
1780,Kecap Manis,Nasional,0.0,0,0.0,0.0,0.0,0.0,0.0,0.0,0.0,0.0,0.0,0.0,0.0,0.0,0.0,0.0,0.0,0.0,0.0,0.0,0.0,0.0,0.0,0.0,0.0,0.0,0.0,0.0,0.0,0.0,0.0,0.0,0.0,0.0,0.0,0.0,0.0,0.0,0.0,0.0,0.0,0.0,0.0,0.0,0.0,0.0,0.0,0.0,0.0,0.0,0.0,0.0,0.0
1781,Kecap Manis Less Sugar,Bango,1.0,sdm (20 g),45.0,,,11.0,,0.0,0.0,0.0,,,,,0.0,,,7.0,,,,,,,,,,,,,,,,,,,,,,200.0,,,,,,,,,,,,,
1782,Kecap Manis Light,Bango,1.0,sdm (20 ml),40.0,,,10.0,,0.0,0.0,0.0,0.0,0.0,,0.0,0.0,,,8.0,,,,,,,,,,,,,,,,,,,,,,140.0,0.0,,,,,,,,,,,,
1783,Kecap Manis Pedas Rawit,Bango,1.0,sdm (15 ml),40.0,,,10.0,,0.0,0.0,0.0,,,,,0.0,,,8.0,,,,,,,,,,,,,,,,,,,,,,280.0,,,,,,,,,,,,,
1784,Kecap Manis Sedaap,Wings Food,1.0,sdm (21 ml),70.0,,,17.0,,1.0,0.0,0.0,0.0,0.0,,,,,,13.0,,,,,,,,,,,,,,,,,,,,,,380.0,,,,,,,,,,,,,
1785,Kecap Pedas,ABC,1.0,porsi (15 ml),35.0,,,8.0,,0.0,0.0,0.0,0.0,0.0,,,,,,6.0,,,,,,,,,,,,,,,,,,,,,,340.0,,,,,,,,,,,,,
1786,Keju & Susu,Makanan,0.0,0,0.0,0.0,0.0,0.0,0.0,0.0,0.0,0.0,0.0,0.0,0.0,0.0,0.0,0.0,0.0,0.0,0.0,0.0,0.0,0.0,0.0,0.0,0.0,0.0,0.0,0.0,0.0,0.0,0.0,0.0,0.0,0.0,0.0,0.0,0.0,0.0,0.0,0.0,0.0,0.0,0.0,0.0,0.0,0.0,0.0,0.0,0.0,0.0,0.0,0.0,0.0
1787,Keju Amerika,Keju & Susu,1.0,iris (28 g),96.0,,,1.97,,5.37,7.39,4.417,0.31,2.115,,23.0,0.0,,,1.83,,,,,,,,,,,,,,,,,,,,,,368.0,77.0,,,,,,,,,,,,
1788,Keju Cheddar,Keju & Susu,100.0,gram (g),403.0,,,1.28,,24.9,33.14,21.092,0.942,9.391,,105.0,0.0,,,0.52,,,,,,,,,,,,,,,,,,,,,,621.0,98.0,,,,,,,,,,,,
1789,Keju Cheddar atau Colby Rendah Lemak,Keju & Susu,1.0,iris (28 g),49.0,,,0.54,,6.9,1.98,1.231,0.063,0.59,,6.0,0.0,,,0.15,,,,,,,,,,,,,,,,,,,,,,174.0,19.0,,,,,,,,,,,,
1790,Keju Colby Jack,Keju & Susu,1.0,iris (28 g),109.0,,,0.46,,6.84,8.85,5.569,0.263,2.556,,26.0,0.0,,,0.14,,,,,,,,,,,,,,,,,,,,,,162.0,29.0,,,,,,,,,,,,
1791,Keju Krim,Keju & Susu,1.0,sdm,51.0,,,0.39,,1.09,5.06,3.185,0.183,1.427,,16.0,0.0,,,0.03,,,,,,,,,,,,,,,,,,,,,,43.0,17.0,,,,,,,,,,,,
1792,Keju Krim (Rendah Lemak),Keju & Susu,1.0,sdm,35.0,,,1.05,,1.59,2.64,1.663,0.095,0.745,,8.0,0.0,,,0.03,,,,,,,,,,,,,,,,,,,,,,44.0,25.0,,,,,,,,,,,,
1793,Keju Krim Proses tanpa atau Bebas Lemak,Keju & Susu,1.0,sdm,15.0,,,0.9,,2.25,0.21,0.14,0.009,0.052,,1.0,0.0,,,0.06,,,,,,,,,,,,,,,,,,,,,,85.0,25.0,,,,,,,,,,,,
1794,Keju Mozzarella,Perfetto,1.0,sajian (25 g),80.0,,,1.0,,6.0,6.0,4.5,,,,,0.0,,,0.0,,,,,,,,,,,,,,,,,,,,,,120.0,,,,,,,,,,,,,
1795,Keju Oles Olahan,The Laughing Cow,1.0,sajian (15 g),36.0,,,1.0,,1.7,2.8,1.9,,,,0.0,,,,1.0,,,,,,,,,,,,,,,,,,,,,,105.0,,,,,,,,,,,,,
1796,Keju Parmesan (Diparut),Keju & Susu,1.0,sdm,21.0,,,0.17,,1.89,1.37,0.868,0.033,0.437,,4.0,0.0,,,,,,,,,,,,,,,,,,,,,,,,,85.0,5.0,,,,,,,,,,,,
1797,Keju Parmesan (Parut),Keju & Susu,1.0,sdm,22.0,,,0.2,,1.92,1.43,0.865,0.059,0.419,,4.0,0.0,,,0.04,,,,,,,,,,,,,,,,,,,,,,76.0,6.0,,,,,,,,,,,,
1798,Keju Parmesan Keras,Keju & Susu,100.0,gram (g),392.0,,,3.22,,35.75,25.83,16.41,0.569,7.515,,68.0,0.0,,,0.8,,,,,,,,,,,,,,,,,,,,,,1602.0,92.0,,,,,,,,,,,,
1799,Keju Parmesan Parut Kering,Keju & Susu,1.0,sdm,22.0,,,0.2,,1.92,1.43,0.865,0.059,0.419,,4.0,0.0,,,0.04,,,,,,,,,,,,,,,,,,,,,,76.0,6.0,,,,,,,,,,,,
1800,Keju Provolone,Keju & Susu,1.0,iris (28 g),98.0,,,0.6,,7.16,7.45,4.782,0.215,2.07,,19.0,0.0,,,0.16,,,,,,,,,,,,,,,,,,,,,,245.0,39.0,,,,,,,,,,,,
1801,Kelapa,Buah,100.0,gram (g),354.0,,,15.23,,3.33,33.49,29.698,0.366,1.425,,0.0,9.0,,,6.23,,,,,,,,,,,,,,,,,,,,,,20.0,356.0,,,,,,,,,,,,
1802,Kelapa Kering,Buah,100.0,gram (g),660.0,,,23.65,,6.88,64.53,57.218,0.706,2.745,,0.0,16.3,,,7.35,,,,,,,,,,,,,,,,,,,,,,37.0,543.0,,,,,,,,,,,,
1803,Kembang Kol,Sayuran,100.0,gram (g),25.0,,,5.3,,1.98,0.1,0.032,0.099,0.014,,0.0,2.5,,,2.4,,,,,,,,,,,,,,,,,,,,,,30.0,303.0,,,,,,,,,,,,
"1804,Kembang Kol (Beku),Sayuran,2.0,""mangkok  (potongan 2,5 cm)"",16.0,,,3.09,,1.33,0.18,0.027,0.084,0.013,,0.0,1.5,,,1.47,,,,,,,,,,,,,,,,,,,,,,16.0,127.0,,,,,,,,,,,,"
1805,Kembang Kol Dimasak (Lemak tidak Ditambahkan dalam Masakan),Sayuran,100.0,gram (g),22.0,,,3.96,,1.75,0.37,0.058,0.179,0.026,,0.0,2.7,,,1.28,,,,,,,,,,,,,,,,,,,,,,284.0,140.0,,,,,,,,,,,,
"1806,""Kembang Kol Dimasak (dari Beku, Lemak tidak Ditambahkan dalam Masakan)"",Sayuran,1.0,mangkok,34.0,,,6.71,,2.88,0.4,0.06,0.184,0.027,,0.0,4.9,,,1.87,,,,,,,,,,,,,,,,,,,,,,403.0,248.0,,,,,,,,,,,,"
"1807,""Kembang Kol Dimasak (dari Segar, Lemak tidak Ditambahkan dalam Masakan)"",Sayuran,100.0,gram (g),23.0,,,4.08,,1.83,0.45,0.069,0.215,0.032,,0.0,2.7,,,1.4,,,,,,,,,,,,,,,,,,,,,,313.0,141.0,,,,,,,,,,,,"
1808,Kenari,Biji-Bijian,100.0,gram (g),654.0,,,13.71,,15.23,65.21,6.126,47.174,8.933,,0.0,6.7,,,2.61,,,,,,,,,,,,,,,,,,,,,,2.0,441.0,,,,,,,,,,,,
1809,Kent Protein,Kent Protein,100.0,g,406.0,,,12.0,,42.34,3.8,,,,,,9.4,,,,,,,,,,,,,,,,,,,,,,,,,,,,,,,,,,,,,,
1810,Kent Protein Choco Pump,Kent Protein,0.0,0,0.0,0.0,0.0,0.0,0.0,0.0,0.0,0.0,0.0,0.0,0.0,0.0,0.0,0.0,0.0,0.0,0.0,0.0,0.0,0.0,0.0,0.0,0.0,0.0,0.0,0.0,0.0,0.0,0.0,0.0,0.0,0.0,0.0,0.0,0.0,0.0,0.0,0.0,0.0,0.0,0.0,0.0,0.0,0.0,0.0,0.0,0.0,0.0,0.0,0.0,0.0
1811,Kent Protein Vanilla,Kent Protein,100.0,g,454.0,,,34.4,,37.52,18.16,3.54,,,,,,,,15.74,,,,,,,,,,,,,,,,,,,,,,0.0,,,,,,,,,,,,,
1812,Kent Store,Kent Protein,5.0,sendok makan (50 g),203.0,,,6.0,,21.17,12.0,1.9,11.5,,,0.0,9.4,,,0.0,,,,,,,,,,,,,,,,,,,,,,0.0,0.0,,,,,,,,,,,,
1813,Kental Manis,Cap Enaak,1.0,sajian (30 g),100.0,,,17.0,,1.0,3.0,1.5,1.5,0.0,,,1.0,,,15.0,,,,,,,,,,,,,,,,,,,,,,25.0,,,,,,,,,,,,,
1814,Kental Manis,Indomilk,1.0,sachet (37 g),120.0,,,21.0,,1.0,3.5,1.5,0.0,1.5,,0.0,2.0,,,19.0,,,,,,,,,,,,,,,,,,,,,,30.0,95.0,,,,,,,,,,,,
1815,Kental Manis Coklat,Cap Enaak,1.0,porsi (37 g),120.0,,,21.0,,1.0,3.5,,0.0,1.5,,,2.0,,,19.0,,,,,,,,,,,,,,,,,,,,,,,,,,,,,,,,,,,
1816,Kentang,Fiesta,100.0,g,140.0,,,25.0,,2.0,4.0,0.0,,,,,,,,,,,,,,,,,,,,,,,,,,,,,,30.0,,,,,,,,,,,,,
"1817,""Kentang (Daging, dengan Garam, Direbus)"",Sayuran,100.0,gram (g),87.0,,,20.13,,1.87,0.1,0.026,0.043,0.002,,0.0,2.0,,,0.87,,,,,,,,,,,,,,,,,,,,,,240.0,379.0,,,,,,,,,,,,"
1818,Kentang Goreng,Lainnya,100.0,gram (g),274.0,,,35.66,,3.48,14.06,3.278,2.288,8.183,,0.0,3.3,,,0.58,,,,,,,,,,,,,,,,,,,,,,300.0,527.0,,,,,,,,,,,,
1819,Kentang Goreng,Makanan Cepat Saji,100.0,gram (g),274.0,,,35.66,,3.48,14.06,3.278,2.288,8.183,,0.0,3.3,,,0.58,,,,,,,,,,,,,,,,,,,,,,300.0,527.0,,,,,,,,,,,,
1820,Kentang Goreng Dilapisi Roti atau Mentega,Makanan Cepat Saji,100.0,gram (g),322.0,,,31.14,,5.83,19.6,3.573,7.22,7.795,,1.0,1.6,,,4.32,,,,,,,,,,,,,,,,,,,,,,409.0,321.0,,,,,,,,,,,,
1821,Kentang Panggang,Sayuran,100.0,gram (g),149.0,,,20.06,,2.32,7.0,0.9,3.442,2.329,,0.0,2.5,,,0.9,,,,,,,,,,,,,,,,,,,,,,101.0,483.0,,,,,,,,,,,,
1822,Kentang Panggang (Kulit Dimakan),Sayuran,100.0,gram (g),109.0,,,20.53,,2.43,2.2,0.423,0.664,0.982,,0.0,2.1,,,1.14,,,,,,,,,,,,,,,,,,,,,,235.0,519.0,,,,,,,,,,,,
1823,Kentang Panggang (Kulit Dimakan),Lainnya,100.0,gram (g),109.0,,,20.53,,2.43,2.2,0.423,0.664,0.982,,0.0,2.1,,,1.14,,,,,,,,,,,,,,,,,,,,,,235.0,519.0,,,,,,,,,,,,
1824,Kentang Panggang (Kulit tidak Dimakan),Sayuran,100.0,gram (g),92.0,,,21.39,,1.95,0.1,0.026,0.043,0.002,,0.0,1.5,,,1.69,,,,,,,,,,,,,,,,,,,,,,287.0,388.0,,,,,,,,,,,,
1825,Kentang Panggang Diisi dengan Keju (Kulit Dimakan),Sayuran,1.0,sedang,288.0,,,38.9,,9.54,11.09,4.982,1.507,3.809,,23.0,3.7,,,4.14,,,,,,,,,,,,,,,,,,,,,,778.0,1008.0,,,,,,,,,,,,
1826,Kentang Panggang Diisi dengan Krim Asam (Kulit Dimakan),Sayuran,1.0,sedang,316.0,,,39.11,,6.14,16.0,8.255,1.638,5.242,,26.0,3.8,,,2.12,,,,,,,,,,,,,,,,,,,,,,451.0,1008.0,,,,,,,,,,,,
1827,Kentang Panggang yang Diisi Daging Babi dan Keju (Kulit Dimakan),Sayuran,1.0,sedang,322.0,,,38.92,,11.86,13.72,5.843,1.804,4.973,,30.0,3.8,,,4.13,,,,,,,,,,,,,,,,,,,,,,924.0,1044.0,,,,,,,,,,,,
1828,Kentang Putih (Daging dan Kulit),Sayuran,100.0,gram (g),70.0,,,15.71,,1.68,0.1,0.026,0.042,0.002,,0.0,2.4,,,1.15,,,,,,,,,,,,,,,,,,,,,,6.0,407.0,,,,,,,,,,,,
"1829,""Kentang Putih (Daging dan Kulit, Dipanggang)"",Sayuran,100.0,gram (g),94.0,,,21.08,,2.1,0.15,0.022,0.037,0.002,,0.0,2.1,,,1.53,,,,,,,,,,,,,,,,,,,,,,7.0,544.0,,,,,,,,,,,,"
1830,Kentang Tumbuk,Sayuran,100.0,gram (g),100.0,,,15.72,,1.8,3.54,0.791,0.978,1.577,,1.0,1.3,,,1.38,,,,,,,,,,,,,,,,,,,,,,231.0,260.0,,,,,,,,,,,,
1831,Kentang Tumbuk (Ditambahkan Susu ),Sayuran,100.0,gram (g),83.0,,,17.53,,1.92,0.57,0.253,0.055,0.104,,2.0,1.5,,,1.51,,,,,,,,,,,,,,,,,,,,,,302.0,298.0,,,,,,,,,,,,
1832,Kentang Tumbuk (Ditambahkan Susu dan Mentega ),Sayuran,100.0,gram (g),113.0,,,16.77,,1.87,4.22,2.078,0.16,0.851,,11.0,1.5,,,1.43,,,,,,,,,,,,,,,,,,,,,,317.0,286.0,,,,,,,,,,,,
1833,Kentang Tumbuk (dari Kentang Kering),Sayuran,100.0,gram (g),105.0,,,12.22,,2.02,5.56,1.274,1.506,2.489,,2.0,0.9,,,1.87,,,,,,,,,,,,,,,,,,,,,,326.0,186.0,,,,,,,,,,,,
1834,Kentang Tumbuk (dari Kentang Segar),Sayuran,100.0,gram (g),122.0,,,13.22,,2.11,6.96,1.595,1.884,3.12,,3.0,1.0,,,2.24,,,,,,,,,,,,,,,,,,,,,,392.0,240.0,,,,,,,,,,,,
1835,Kepiting,Ikan & Seafood,100.0,gram (g),101.0,,,0.0,,20.03,1.76,0.226,0.674,0.278,,99.0,0.0,,,0.0,,,,,,,,,,,,,,,,,,,,,,600.0,321.0,,,,,,,,,,,,
1836,Kepiting Biru,Ikan & Seafood,100.0,gram (g),87.0,,,0.04,,18.06,1.08,0.222,0.387,0.192,,78.0,0.0,,,,,,,,,,,,,,,,,,,,,,,,,293.0,329.0,,,,,,,,,,,,
1837,Kepiting Kalengan,Ikan & Seafood,100.0,gram (g),99.0,,,0.0,,20.52,1.23,0.252,0.44,0.218,,89.0,0.0,,,0.0,,,,,,,,,,,,,,,,,,,,,,333.0,374.0,,,,,,,,,,,,
1838,Kepiting Panggang,Ikan & Seafood,100.0,gram (g),136.0,,,0.11,,18.91,6.24,1.073,1.98,2.426,,94.0,0.0,,,0.0,,,,,,,,,,,,,,,,,,,,,,539.0,304.0,,,,,,,,,,,,
1839,Kerang,Ikan & Seafood,100.0,gram (g),217.0,,,10.49,,18.14,10.96,2.216,3.36,4.415,,54.0,0.5,,,0.82,,,,,,,,,,,,,,,,,,,,,,487.0,337.0,,,,,,,,,,,,
1840,Kerang (Spesies Campuran),Ikan & Seafood,100.0,gram (g),88.0,,,2.36,,16.78,0.76,0.079,0.261,0.037,,33.0,0.0,,,0.0,,,,,,,,,,,,,,,,,,,,,,161.0,322.0,,,,,,,,,,,,
1841,Kerang Kukus atau Rebus,Ikan & Seafood,100.0,gram (g),106.0,,,2.33,,16.18,3.09,0.519,0.943,1.15,,32.0,0.0,,,0.0,,,,,,,,,,,,,,,,,,,,,,422.0,280.0,,,,,,,,,,,,
1842,Kerang Panggang,Ikan & Seafood,100.0,gram (g),132.0,,,2.92,,20.22,3.86,0.649,1.179,1.438,,40.0,0.0,,,0.0,,,,,,,,,,,,,,,,,,,,,,527.0,389.0,,,,,,,,,,,,
1843,Keripik,Maicih,0.0,0,0.0,0.0,0.0,0.0,0.0,0.0,0.0,0.0,0.0,0.0,0.0,0.0,0.0,0.0,0.0,0.0,0.0,0.0,0.0,0.0,0.0,0.0,0.0,0.0,0.0,0.0,0.0,0.0,0.0,0.0,0.0,0.0,0.0,0.0,0.0,0.0,0.0,0.0,0.0,0.0,0.0,0.0,0.0,0.0,0.0,0.0,0.0,0.0,0.0,0.0,0.0
1844,Keripik Jagung Tawar,Makanan Ringan,100.0,gram (g),518.0,,,63.01,,6.03,28.41,3.612,14.01,7.913,,0.0,5.3,,,1.16,,,,,,,,,,,,,,,,,,,,,,616.0,135.0,,,,,,,,,,,,
1845,Keripik Jagung Tortilla,Makanan Ringan,100.0,gram (g),488.0,,,65.32,,7.79,23.36,2.458,9.956,9.52,,0.0,5.3,,,1.0,,,,,,,,,,,,,,,,,,,,,,421.0,215.0,,,,,,,,,,,,
1846,Keripik Kentang,Lainnya,100.0,gram (g),547.0,,,49.74,,6.56,37.47,10.96,12.17,9.84,,0.0,4.4,,,4.12,,,,,,,,,,,,,,,,,,,,,,525.0,1642.0,,,,,,,,,,,,
1847,Keripik Kentang,Makanan Ringan,100.0,gram (g),547.0,,,49.74,,6.56,37.47,10.96,12.17,9.84,,0.0,4.4,,,4.12,,,,,,,,,,,,,,,,,,,,,,525.0,1642.0,,,,,,,,,,,,
1848,Keripik Kentang (Asin),Makanan Ringan,100.0,gram (g),547.0,,,49.74,,6.56,37.47,10.96,12.17,9.84,,0.0,4.4,,,4.12,,,,,,,,,,,,,,,,,,,,,,525.0,1642.0,,,,,,,,,,,,
1849,Keripik Kentang Bebas Lemak,Makanan Ringan,1.0,mangkok,76.0,,,16.75,,1.93,0.12,0.03,0.051,0.003,,0.0,1.5,,,0.74,,,,,,,,,,,,,,,,,,,,,,129.0,326.0,,,,,,,,,,,,
1850,Keripik Kentang Rasa Barbecue,Makanan Ringan,100.0,gram (g),491.0,,,52.8,,7.7,32.4,8.05,16.37,6.54,,0.0,4.4,,,,,,,,,,,,,,,,,,,,,,,,,750.0,1261.0,,,,,,,,,,,,
1851,Keripik Kentang dengan Lemak yang Dikurangi,Makanan Ringan,100.0,gram (g),471.0,,,66.9,,7.1,20.8,4.16,10.94,4.8,,0.0,5.9,,,0.22,,,,,,,,,,,,,,,,,,,,,,492.0,1744.0,,,,,,,,,,,,
1852,Keripik Singkong,Maicih,0.0,0,0.0,0.0,0.0,0.0,0.0,0.0,0.0,0.0,0.0,0.0,0.0,0.0,0.0,0.0,0.0,0.0,0.0,0.0,0.0,0.0,0.0,0.0,0.0,0.0,0.0,0.0,0.0,0.0,0.0,0.0,0.0,0.0,0.0,0.0,0.0,0.0,0.0,0.0,0.0,0.0,0.0,0.0,0.0,0.0,0.0,0.0,0.0,0.0,0.0,0.0,0.0
1853,Keripik Singkong BBQ,Qtela,1.0,bungkus (20 g),100.0,,,14.0,,0.0,5.0,3.0,,,,,,,,1.0,,,,,,,,,,,,,,,,,,,,,,50.0,,,,,,,,,,,,,
1854,Keripik Singkong Balado,Qtela,9.0,keping (20 g),100.0,,,13.0,,0.0,6.0,2.5,,,,,,,,1.0,,,,,,,,,,,,,,,,,,,,,,60.0,,,,,,,,,,,,,
1855,Keripik Singkong Original,Qtela,1.0,bungkus (185 g),320.0,,,38.0,,1.0,18.0,,,,,,,,,,,,,,,,,,,,,,,,,,,,,,,210.0,,,,,,,,,,,,,
1856,Keripik Tempe,Qtela,1.0,bungkus (60 g),320.0,,,21.0,,16.0,20.0,,,,,,,,,,,,,,,,,,,,,,,,,,,,,,,,,,,,,,,,,,,,
1857,Keripik Tempe Rasa Tempe Orek,Qtela,1.0,serving (20 g),110.0,,,7.0,,5.0,7.0,3.0,,,,5.0,2.0,,,,,,,,,,,,,,,,,,,,,,,,,180.0,,,,,,,,,,,,,
1858,Keripik Ubi Ungu,Qtela,1.0,kemasan (45 g),190.0,,,22.0,,1.0,10.0,,,,,,,,,10.0,,,,,,,,,,,,,,,,,,,,,,50.0,,,,,,,,,,,,,
"1859,Kerupuk / Biskuit,Lainnya,1.0,""kerupuk, segi empat"",20.0,,,2.44,,0.3,1.01,0.151,0.382,0.426,,0.0,0.1,,,0.07,,,,,,,,,,,,,,,,,,,,,,34.0,5.0,,,,,,,,,,,,"
"1860,Kerupuk / Biskuit,Makanan Ringan,1.0,""kerupuk, segi empat"",20.0,,,2.44,,0.3,1.01,0.151,0.382,0.426,,0.0,0.1,,,0.07,,,,,,,,,,,,,,,,,,,,,,34.0,5.0,,,,,,,,,,,,"
1861,Kerupuk Asin,Makanan Ringan,1.0,kerupuk,13.0,,,2.13,,0.28,0.34,0.05,0.037,0.21,,0.0,0.1,,,0.01,,,,,,,,,,,,,,,,,,,,,,32.0,5.0,,,,,,,,,,,,
1862,Kerupuk Gandum,Makanan Ringan,1.0,kerupuk,9.0,,,1.3,,0.17,0.41,0.104,0.056,0.229,,0.0,0.1,,,0.26,,,,,,,,,,,,,,,,,,,,,,16.0,4.0,,,,,,,,,,,,
1863,Kerupuk Keriting,Qtela,9.0,kerupuk (20 g),70.0,,,17.0,,0.0,0.0,0.0,0.0,0.0,,0.0,,,,1.0,,,,,,,,,,,,,,,,,,,,,,240.0,,,,,,,,,,,,,
1864,Kerupuk Rasa Bawang,Finna,1.0,keping (20 g),50.0,,,17.0,,0.0,0.0,0.0,,,,0.0,,,,2.0,,,,,,,,,,,,,,,,,,,,,,210.0,15.0,,,,,,,,,,,,
1865,Kerupuk Udang,Finna,100.0,g,350.0,,,84.0,,2.0,0.0,,,,,0.0,,,,13.0,,,,,,,,,,,,,,,,,,,,,,1090.0,,,,,,,,,,,,,
1866,Kerupuk Udang Goreng,Finna,1.0,sajian (10 g),50.0,,,7.0,,0.0,2.0,1.0,,,,,,,,0.0,,,,,,,,,,,,,,,,,,,,,,55.0,,,,,,,,,,,,,
1867,Kerupuk Udang Nusantara,Finna,1.0,porsi (10 g),50.0,,,7.0,,0.0,2.0,1.0,0.0,0.0,,0.0,0.0,,,1.0,,,,,,,,,,,,,,,,,,,,,,,,,,,,,,,,,,,
1868,Kerupuk Udang Rasa Kari,Finna,1.0,takaran saji (15 g),70.0,,,10.0,,0.0,3.0,1.5,,,,,,,,2.0,,,,,,,,,,,,,,,,,,,,,,250.0,10.0,,,,,,,,,,,,
1869,Kerupuk Udang Rasa Rumput Laut,Finna,1.0,porsi (20 g),100.0,,,14.0,,0.0,5.0,2.0,,,,0.0,0.0,,,1.0,,,,,,,,,,,,,,,,,,,,,,210.0,10.0,,,,,,,,,,,,
1870,Ketoprak Salad Bowl,Salad Point,1.0,porsi,400.0,,,23.0,,11.0,12.0,,,,,,7.0,,,11.0,,,,,,,,,,,,,,,,,,,,,,197.0,,,,,,,,,,,,,
1871,Ketupat Mini,Adabi,1.0,porsi (40 g),140.0,,,32.0,,3.0,0.0,0.0,,,,0.0,0.0,,,0.0,,,,,,,,,,,,,,,,,,,,,,0.0,0.0,,,,,,,,,,,,
1872,Ketupat Sayur Padang Rendang And Low Calorie Nata De Coco,Healthy Go,1.0,porsi,450.0,,,46.0,,31.0,15.0,,,,,,,,,,,,,,,,,,,,,,,,,,,,,,,,,,,,,,,,,,,,
1873,Kido,Tango,1.0,porsi (115 ml),60.0,,,12.0,,2.0,3.0,2.0,,,,10.0,1.0,,,9.0,,,,,,,,,,,,,,,,,,,,,,85.0,,,,,,,,,,,,,
1874,Kimchi,JONGGA,1.0,porsi (75 g),40.0,,,6.0,,2.0,1.0,0.0,,,,0.0,,,,4.0,,,,,,,,,,,,,,,,,,,,,,130.0,,,,,,,,,,,,,
1875,Kimchi,Javasuperfood,0.0,0,0.0,0.0,0.0,0.0,0.0,0.0,0.0,0.0,0.0,0.0,0.0,0.0,0.0,0.0,0.0,0.0,0.0,0.0,0.0,0.0,0.0,0.0,0.0,0.0,0.0,0.0,0.0,0.0,0.0,0.0,0.0,0.0,0.0,0.0,0.0,0.0,0.0,0.0,0.0,0.0,0.0,0.0,0.0,0.0,0.0,0.0,0.0,0.0,0.0,0.0,0.0
1876,Kimchi,Mama Suka,0.0,0,0.0,0.0,0.0,0.0,0.0,0.0,0.0,0.0,0.0,0.0,0.0,0.0,0.0,0.0,0.0,0.0,0.0,0.0,0.0,0.0,0.0,0.0,0.0,0.0,0.0,0.0,0.0,0.0,0.0,0.0,0.0,0.0,0.0,0.0,0.0,0.0,0.0,0.0,0.0,0.0,0.0,0.0,0.0,0.0,0.0,0.0,0.0,0.0,0.0,0.0,0.0
1877,Kimchi,Ommason,100.0,g,70.0,,,12.0,,4.0,0.0,0.14,,,,,2.0,,,,,,,,,,,,,,,,,,,,,,,,,1300.0,,,,,,,,,,,,,
1878,Kimchi Butter Stir Fried Noodle,JONGGA,1.0,serving (138 g),520.0,,,67.0,,10.0,24.0,10.0,,,,5.0,2.0,,,10.0,,,,,,,,,,,,,,,,,,,,,,1320.0,,,,,,,,,,,,,
1879,Kimchi Ramen,Samyang,1.0,serving (60 g),250.0,,,39.0,,5.0,8.0,4.0,,,,0.0,0.0,,,2.0,,,,,,,,,,,,,,,,,,,,,,,161.0,,,,,,,,,,,,
1880,King Beef BBQ,Jack N Jill,0.0,0,0.0,0.0,0.0,0.0,0.0,0.0,0.0,0.0,0.0,0.0,0.0,0.0,0.0,0.0,0.0,0.0,0.0,0.0,0.0,0.0,0.0,0.0,0.0,0.0,0.0,0.0,0.0,0.0,0.0,0.0,0.0,0.0,0.0,0.0,0.0,0.0,0.0,0.0,0.0,0.0,0.0,0.0,0.0,0.0,0.0,0.0,0.0,0.0,0.0,0.0,0.0
1881,Kismis,Buah,100.0,gram (g),299.0,,,79.18,,3.07,0.46,0.058,0.037,0.051,,0.0,3.7,,,59.19,,,,,,,,,,,,,,,,,,,,,,11.0,749.0,,,,,,,,,,,,
1882,Kismis (tanpa Biji),Buah,100.0,gram (g),299.0,,,79.18,,3.07,0.46,0.058,0.037,0.051,,0.0,3.7,,,59.19,,,,,,,,,,,,,,,,,,,,,,11.0,749.0,,,,,,,,,,,,
1883,Kismis Dilapisi Coklat,Buah,1.0,kismis,4.0,,,0.68,,0.04,0.15,0.088,0.005,0.047,,0.0,0.0,,,0.62,,,,,,,,,,,,,,,,,,,,,,0.0,5.0,,,,,,,,,,,,
1884,Kismis Dilapisi Coklat Susu,Buah,100.0,gram (g),390.0,,,68.3,,4.1,14.8,8.8,0.51,4.74,,3.0,4.2,,,62.22,,,,,,,,,,,,,,,,,,,,,,36.0,514.0,,,,,,,,,,,,
1885,Kismis Emas (tanpa Biji),Buah,100.0,gram (g),302.0,,,79.52,,3.39,0.46,0.151,0.135,0.019,,0.0,4.0,,,59.19,,,,,,,,,,,,,,,,,,,,,,12.0,746.0,,,,,,,,,,,,
1886,Kitkat,Nestle,0.0,0,0.0,0.0,0.0,0.0,0.0,0.0,0.0,0.0,0.0,0.0,0.0,0.0,0.0,0.0,0.0,0.0,0.0,0.0,0.0,0.0,0.0,0.0,0.0,0.0,0.0,0.0,0.0,0.0,0.0,0.0,0.0,0.0,0.0,0.0,0.0,0.0,0.0,0.0,0.0,0.0,0.0,0.0,0.0,0.0,0.0,0.0,0.0,0.0,0.0,0.0,0.0
1887,Kitkat Chocolate Drink,Nestle,0.0,0,0.0,0.0,0.0,0.0,0.0,0.0,0.0,0.0,0.0,0.0,0.0,0.0,0.0,0.0,0.0,0.0,0.0,0.0,0.0,0.0,0.0,0.0,0.0,0.0,0.0,0.0,0.0,0.0,0.0,0.0,0.0,0.0,0.0,0.0,0.0,0.0,0.0,0.0,0.0,0.0,0.0,0.0,0.0,0.0,0.0,0.0,0.0,0.0,0.0,0.0,0.0
1888,Kitkat Chunky,Nestle,0.0,0,0.0,0.0,0.0,0.0,0.0,0.0,0.0,0.0,0.0,0.0,0.0,0.0,0.0,0.0,0.0,0.0,0.0,0.0,0.0,0.0,0.0,0.0,0.0,0.0,0.0,0.0,0.0,0.0,0.0,0.0,0.0,0.0,0.0,0.0,0.0,0.0,0.0,0.0,0.0,0.0,0.0,0.0,0.0,0.0,0.0,0.0,0.0,0.0,0.0,0.0,0.0
1889,Kitkat Green Tea,Nestle,0.0,0,0.0,0.0,0.0,0.0,0.0,0.0,0.0,0.0,0.0,0.0,0.0,0.0,0.0,0.0,0.0,0.0,0.0,0.0,0.0,0.0,0.0,0.0,0.0,0.0,0.0,0.0,0.0,0.0,0.0,0.0,0.0,0.0,0.0,0.0,0.0,0.0,0.0,0.0,0.0,0.0,0.0,0.0,0.0,0.0,0.0,0.0,0.0,0.0,0.0,0.0,0.0
1890,Kitkat Matcha,Nestle,0.0,0,0.0,0.0,0.0,0.0,0.0,0.0,0.0,0.0,0.0,0.0,0.0,0.0,0.0,0.0,0.0,0.0,0.0,0.0,0.0,0.0,0.0,0.0,0.0,0.0,0.0,0.0,0.0,0.0,0.0,0.0,0.0,0.0,0.0,0.0,0.0,0.0,0.0,0.0,0.0,0.0,0.0,0.0,0.0,0.0,0.0,0.0,0.0,0.0,0.0,0.0,0.0
1891,Knusper Crunch,Familia,100.0,g,464.0,,,60.0,,8.0,20.0,4.0,0.0,0.0,,,,,,,,,,,,,,,,,,,,,,,,,,,,40.0,,,,,,,,,,,,,
1892,Knusper Granola Roasted Hazelnuts,Familia,100.0,g,471.0,,,61.0,,8.4,20.0,5.0,,,,,6.5,,,23.0,,,,,,,,,,,,,,,,,,,,,,100.0,,,,,,,,,,,,,
1893,Koko Krunch (15g),Nestle,0.0,0,0.0,0.0,0.0,0.0,0.0,0.0,0.0,0.0,0.0,0.0,0.0,0.0,0.0,0.0,0.0,0.0,0.0,0.0,0.0,0.0,0.0,0.0,0.0,0.0,0.0,0.0,0.0,0.0,0.0,0.0,0.0,0.0,0.0,0.0,0.0,0.0,0.0,0.0,0.0,0.0,0.0,0.0,0.0,0.0,0.0,0.0,0.0,0.0,0.0,0.0,0.0
1894,Koko Krunch (30g),Nestle,0.0,0,0.0,0.0,0.0,0.0,0.0,0.0,0.0,0.0,0.0,0.0,0.0,0.0,0.0,0.0,0.0,0.0,0.0,0.0,0.0,0.0,0.0,0.0,0.0,0.0,0.0,0.0,0.0,0.0,0.0,0.0,0.0,0.0,0.0,0.0,0.0,0.0,0.0,0.0,0.0,0.0,0.0,0.0,0.0,0.0,0.0,0.0,0.0,0.0,0.0,0.0,0.0
1895,Koko Krunch Double Choco,Nestle,1.0,porsi (30 g),110.0,,,23.0,,2.0,1.0,0.5,,,,2.0,2.0,,,10.0,,,,,,,,,,,,,,,,,,,,,,60.0,,,,,,,,,,,,,
1896,Kokokrunch,Nestle,0.0,0,0.0,0.0,0.0,0.0,0.0,0.0,0.0,0.0,0.0,0.0,0.0,0.0,0.0,0.0,0.0,0.0,0.0,0.0,0.0,0.0,0.0,0.0,0.0,0.0,0.0,0.0,0.0,0.0,0.0,0.0,0.0,0.0,0.0,0.0,0.0,0.0,0.0,0.0,0.0,0.0,0.0,0.0,0.0,0.0,0.0,0.0,0.0,0.0,0.0,0.0,0.0
1897,Koktail Buah atau Campuran,Lainnya,1.0,gelas,93.0,,,24.24,,1.02,0.3,0.07,0.079,0.023,,0.0,3.2,,,17.83,,,,,,,,,,,,,,,,,,,,,,2.0,296.0,,,,,,,,,,,,
1898,Koktail Buah tanpa Pemanis dalam Kemasan Air (Dimasak atau Kalengan),Lainnya,1.0,gelas,78.0,,,20.85,,1.03,0.12,0.015,0.049,0.022,,0.0,2.4,,,18.4,,,,,,,,,,,,,,,,,,,,,,10.0,230.0,,,,,,,,,,,,
1899,Kolang Kaling Mix,Inaco,1.0,porsi (180 ml),130.0,,,31.0,,0.0,0.0,0.0,,,,0.0,0.0,,,20.0,,,,,,,,,,,,,,,,,,,,,,10.0,,,,,,,,,,,,,
1900,Koloke Chicken Breast,Fit Solution,1.0,serving,297.0,,,31.0,,32.0,5.0,,,,,,,,,,,,,,,,,,,,,,,,,,,,,,,,,,,,,,,,,,,,
1901,Konbutsuyu,WARASA,0.0,0,0.0,0.0,0.0,0.0,0.0,0.0,0.0,0.0,0.0,0.0,0.0,0.0,0.0,0.0,0.0,0.0,0.0,0.0,0.0,0.0,0.0,0.0,0.0,0.0,0.0,0.0,0.0,0.0,0.0,0.0,0.0,0.0,0.0,0.0,0.0,0.0,0.0,0.0,0.0,0.0,0.0,0.0,0.0,0.0,0.0,0.0,0.0,0.0,0.0,0.0,0.0
1902,Konyaku Jelly Powder,Sakura,1.0,bungkus (10 g),40.0,,,10.0,,0.0,0.0,0.0,0.0,0.0,,0.0,8.0,,,0.0,,,,,,,,,,,,,,,,,,,,,,25.0,0.0,,,,,,,,,,,,
1903,Kopi,Nescafe,0.0,0,0.0,0.0,0.0,0.0,0.0,0.0,0.0,0.0,0.0,0.0,0.0,0.0,0.0,0.0,0.0,0.0,0.0,0.0,0.0,0.0,0.0,0.0,0.0,0.0,0.0,0.0,0.0,0.0,0.0,0.0,0.0,0.0,0.0,0.0,0.0,0.0,0.0,0.0,0.0,0.0,0.0,0.0,0.0,0.0,0.0,0.0,0.0,0.0,0.0,0.0,0.0
1904,Kopi,Minuman,1.0,cangkir (240 ml),2.0,,,0.09,,0.28,0.05,0.005,0.002,0.028,,0.0,0.0,,,0.0,,,,,,,,,,,,,,,,,,,,,,5.0,111.0,,,,,,,,,,,,
1905,Kopi,Neo Coffee,0.0,0,0.0,0.0,0.0,0.0,0.0,0.0,0.0,0.0,0.0,0.0,0.0,0.0,0.0,0.0,0.0,0.0,0.0,0.0,0.0,0.0,0.0,0.0,0.0,0.0,0.0,0.0,0.0,0.0,0.0,0.0,0.0,0.0,0.0,0.0,0.0,0.0,0.0,0.0,0.0,0.0,0.0,0.0,0.0,0.0,0.0,0.0,0.0,0.0,0.0,0.0,0.0
"1906,Kopi,Kapal Api,1.0,""cangkir (6,5 g)"",30.0,,,4.0,,1.0,0.5,,,,,,2.0,,,4.0,,,,,,,,,,,,,,,,,,,,,,,,,,,,,,,,,,,"
1907,Kopi,Lainnya,1.0,cangkir (240 ml),2.0,,,0.09,,0.28,0.05,0.005,0.002,0.028,,0.0,0.0,,,0.0,,,,,,,,,,,,,,,,,,,,,,5.0,111.0,,,,,,,,,,,,
1908,Kopi,Indocafe,1.0,cangkir (20 g),90.0,,,17.0,,1.0,2.0,2.0,0.0,0.0,,0.0,,,,13.0,,,,,,,,,,,,,,,,,,,,,,10.0,0.0,,,,,,,,,,,,
1909,Kopi (Diseduh dari Bubuk),Minuman,1.0,cangkir (240 ml),2.0,,,0.0,,0.28,0.05,0.005,0.002,0.036,,0.0,0.0,,,0.0,,,,,,,,,,,,,,,,,,,,,,5.0,116.0,,,,,,,,,,,,
1910,Kopi Bubuk,Nescafe,0.0,0,0.0,0.0,0.0,0.0,0.0,0.0,0.0,0.0,0.0,0.0,0.0,0.0,0.0,0.0,0.0,0.0,0.0,0.0,0.0,0.0,0.0,0.0,0.0,0.0,0.0,0.0,0.0,0.0,0.0,0.0,0.0,0.0,0.0,0.0,0.0,0.0,0.0,0.0,0.0,0.0,0.0,0.0,0.0,0.0,0.0,0.0,0.0,0.0,0.0,0.0,0.0
1911,Kopi Espresso,Minuman,1.0,cangkir espressoo (60 ml),1.0,,,0.0,,0.07,0.11,0.054,0.054,0.0,,0.0,0.0,,,0.0,,,,,,,,,,,,,,,,,,,,,,8.0,68.0,,,,,,,,,,,,
1912,Kopi Fine Blend,Indocafe,1.0,sdt (2 g),5.0,,,1.0,,0.0,0.0,,,,,0.0,,,,0.0,,,,,,,,,,,,,,,,,,,,,,0.0,0.0,,,,,,,,,,,,
1913,Kopi Instan (yang Terbuat dari Bubuk),Minuman,1.0,cangkir (240 ml),5.0,,,0.9,,0.26,0.0,0.004,0.004,0.0,,0.0,0.0,,,0.0,,,,,,,,,,,,,,,,,,,,,,5.0,76.0,,,,,,,,,,,,
1914,Kopi Kapal Api Special Mix,Kapal Api,1.0,serving (23 g),90.0,,,21.0,,1.0,0.5,0.0,,,,,2.0,,,7.0,,,,,,,,,,,,,,,,,,,,,,0.0,,,,,,,,,,,,,
1915,Kopi Klepon,ABC,1.0,bungkus (25 g),110.0,,,20.0,,1.0,3.5,3.5,,,,,1.0,,,15.0,,,,,,,,,,,,,,,,,,,,,,15.0,,,,,,,,,,,,,
1916,Kopi Latte,Minuman,1.0,sedang,135.0,,,12.36,,8.81,5.51,3.322,0.4,1.399,,20.0,0.0,,,13.55,,,,,,,,,,,,,,,,,,,,,,126.0,555.0,,,,,,,,,,,,
1917,Kopi Latte Choco Hazelnut,Caffino,1.0,bungkus (20 g),90.0,,,16.0,,1.0,2.0,1.5,,,,,,,,12.0,,,,,,,,,,,,,,,,,,,,,,25.0,,,,,,,,,,,,,
1918,Kopi Latte Mocca,Caffino,1.0,serving (20 g),90.0,,,16.0,,1.0,2.0,1.5,,,,,,,,12.0,,,,,,,,,,,,,,,,,,,,,,25.0,,,,,,,,,,,,,
1919,Kopi Latte Premium,Caffino,1.0,bungkus (30 g),130.0,,,24.0,,1.0,3.5,0.0,,,,,,,,16.0,,,,,,,,,,,,,,,,,,,,,,50.0,,,,,,,,,,,,,
1920,Kopi Latte Premium Bold,Caffino,1.0,sachet (30 g),130.0,,,24.0,,1.0,3.5,3.5,,,,,,,,16.0,,,,,,,,,,,,,,,,,,,,,,50.0,,,,,,,,,,,,,
1921,Kopi Mocha,Kapal Api,0.0,0,0.0,0.0,0.0,0.0,0.0,0.0,0.0,0.0,0.0,0.0,0.0,0.0,0.0,0.0,0.0,0.0,0.0,0.0,0.0,0.0,0.0,0.0,0.0,0.0,0.0,0.0,0.0,0.0,0.0,0.0,0.0,0.0,0.0,0.0,0.0,0.0,0.0,0.0,0.0,0.0,0.0,0.0,0.0,0.0,0.0,0.0,0.0,0.0,0.0,0.0,0.0
1922,Kopi Soda,F&N,1.0,kaleng (325 ml),180.0,,,46.0,,0.0,0.0,0.0,0.0,0.0,,0.0,,,,42.0,,,,,,,,,,,,,,,,,,,,,,60.0,,,,,,,,,,,,,
1923,Kopi Susu,Kapal Api,1.0,sachet (31 g),140.0,,,26.0,,1.0,3.5,2.5,,,,,2.0,,,18.0,,,,,,,,,,,,,,,,,,,,,,50.0,,,,,,,,,,,,,
1924,Kopi Susu,ABC,1.0,sachet (31 g),130.0,,,27.0,,1.0,2.5,2.0,,,,,2.0,,,20.0,,,,,,,,,,,,,,,,,,,,,,15.0,,,,,,,,,,,,,
1925,Kopi Susu Gula Aren,ABC,1.0,takaran saji (27 g),120.0,,,23.0,,1.0,3.0,3.0,,,,,1.0,,,17.0,,,,,,,,,,,,,,,,,,,,,,10.0,,,,,,,,,,,,,
1926,Korean BBQ Bulgogi Marinade For Beef,O'food,0.0,0,0.0,0.0,0.0,0.0,0.0,0.0,0.0,0.0,0.0,0.0,0.0,0.0,0.0,0.0,0.0,0.0,0.0,0.0,0.0,0.0,0.0,0.0,0.0,0.0,0.0,0.0,0.0,0.0,0.0,0.0,0.0,0.0,0.0,0.0,0.0,0.0,0.0,0.0,0.0,0.0,0.0,0.0,0.0,0.0,0.0,0.0,0.0,0.0,0.0,0.0,0.0
1927,Korean BBQ Sauce,Del Monte,1.0,porsi (25 g),70.0,,,14.0,,0.0,0.5,0.0,,,,0.0,,,,9.0,,,,,,,,,,,,,,,,,,,,,,880.0,,,,,,,,,,,,,
1928,Korean Banana Milk,Ichitan,0.0,0,0.0,0.0,0.0,0.0,0.0,0.0,0.0,0.0,0.0,0.0,0.0,0.0,0.0,0.0,0.0,0.0,0.0,0.0,0.0,0.0,0.0,0.0,0.0,0.0,0.0,0.0,0.0,0.0,0.0,0.0,0.0,0.0,0.0,0.0,0.0,0.0,0.0,0.0,0.0,0.0,0.0,0.0,0.0,0.0,0.0,0.0,0.0,0.0,0.0,0.0,0.0
1929,Korean Beef Mushroom,Ladang Lima,0.0,0,0.0,0.0,0.0,0.0,0.0,0.0,0.0,0.0,0.0,0.0,0.0,0.0,0.0,0.0,0.0,0.0,0.0,0.0,0.0,0.0,0.0,0.0,0.0,0.0,0.0,0.0,0.0,0.0,0.0,0.0,0.0,0.0,0.0,0.0,0.0,0.0,0.0,0.0,0.0,0.0,0.0,0.0,0.0,0.0,0.0,0.0,0.0,0.0,0.0,0.0,0.0
1930,Korean Goguma,Nextar,0.0,0,0.0,0.0,0.0,0.0,0.0,0.0,0.0,0.0,0.0,0.0,0.0,0.0,0.0,0.0,0.0,0.0,0.0,0.0,0.0,0.0,0.0,0.0,0.0,0.0,0.0,0.0,0.0,0.0,0.0,0.0,0.0,0.0,0.0,0.0,0.0,0.0,0.0,0.0,0.0,0.0,0.0,0.0,0.0,0.0,0.0,0.0,0.0,0.0,0.0,0.0,0.0
1931,Korean Shine Muscat,Campina,1.0,porsi (55 ml),50.0,,,12.0,,0.0,0.0,0.0,,,,,,,,10.0,,,,,,,,,,,,,,,,,,,,,,10.0,,,,,,,,,,,,,
1932,Korean Strawberry Milk,Ichitan,0.0,0,0.0,0.0,0.0,0.0,0.0,0.0,0.0,0.0,0.0,0.0,0.0,0.0,0.0,0.0,0.0,0.0,0.0,0.0,0.0,0.0,0.0,0.0,0.0,0.0,0.0,0.0,0.0,0.0,0.0,0.0,0.0,0.0,0.0,0.0,0.0,0.0,0.0,0.0,0.0,0.0,0.0,0.0,0.0,0.0,0.0,0.0,0.0,0.0,0.0,0.0,0.0
1933,Korean Style Odeng Spicy,Cedea,1.0,porsi (50 g),90.0,,,14.0,,6.0,1.5,0.5,,,,,,,,2.0,,,,,,,,,,,,,,,,,,,,,,650.0,,,,,,,,,,,,,
1934,Kornet Ayam,Ngetop,0.0,0,0.0,0.0,0.0,0.0,0.0,0.0,0.0,0.0,0.0,0.0,0.0,0.0,0.0,0.0,0.0,0.0,0.0,0.0,0.0,0.0,0.0,0.0,0.0,0.0,0.0,0.0,0.0,0.0,0.0,0.0,0.0,0.0,0.0,0.0,0.0,0.0,0.0,0.0,0.0,0.0,0.0,0.0,0.0,0.0,0.0,0.0,0.0,0.0,0.0,0.0,0.0
1935,Kornet Ayam,Salam,100.0,g,100.0,,,6.0,,16.0,1.0,,,,,,,,,2.0,,,,,,,,,,,,,,,,,,,,,,330.0,,,,,,,,,,,,,
1936,Kornet Ayam,Umia-Mi,1.0,porsi (120 g),160.0,,,18.0,,11.0,4.5,2.0,,,,15.0,2.0,,,3.0,,,,,,,,,,,,,,,,,,,,,,530.0,,,,,,,,,,,,,
1937,Kornet Ayam,Vigo,100.0,g,120.0,,,2.0,,22.0,4.0,2.0,,,,,,,,0.0,,,,,,,,,,,,,,,,,,,,,,560.0,,,,,,,,,,,,,
1938,Kornet Daging Punggung Sapi  (Diawetkan),Daging,100.0,gram (g),198.0,,,0.14,,14.68,14.9,4.73,0.53,7.18,,54.0,0.0,,,,,,,,,,,,,,,,,,,,,,,,,1217.0,297.0,,,,,,,,,,,,
1939,Kornet Daging Sapi,Umia-Mi,1.0,porsi (120 g),180.0,,,20.0,,20.0,2.0,1.0,,,,15.0,1.0,,,1.0,,,,,,,,,,,,,,,,,,,,,,450.0,,,,,,,,,,,,,
1940,Kornet Tuna,Vinisi,100.0,g,120.0,,,15.0,,14.0,0.5,0.0,0.2,0.15,,30.0,1.2,,,3.0,,,,,,,,,,,,,,,,,,,,,,380.0,250.0,,,,,,,,,,,,
"1941,Kororo,UHA,1.0,""pcs (4,5 g)"",15.0,,,4.0,,0.0,0.0,0.0,,,,,,,,2.0,,,,,,,,,,,,,,,,,,,,,,1.0,,,,,,,,,,,,,"
"1942,Krekers Beras Asin,Gery,1.0,""bungkus (5,6 g)"",30.0,,,4.0,,0.0,1.0,0.5,,,,,,,,1.0,,,,,,,,,,,,,,,,,,,,,,35.0,,,,,,,,,,,,,"
1943,Krekers Krim,Hatari,2.0,keping (15 g),70.0,,,10.0,,1.0,2.5,1.0,,,,,,,,0.0,,,,,,,,,,,,,,,,,,,,,,100.0,,,,,,,,,,,,,
1944,Krice,DelfiOrion,2.0,bungkus (20 g),100.0,,,14.0,,1.0,4.5,2.0,,,,,1.0,,,1.0,,,,,,,,,,,,,,,,,,,,,,140.0,,,,,,,,,,,,,
1945,Krice Sweet Flavor,DelfiOrion,1.0,pack (20 g),90.0,,,15.0,,1.0,3.0,1.5,0.0,0.0,,0.0,1.0,,,3.0,,,,,,,,,,,,,,,,,,,,,,45.0,0.0,,,,,,,,,,,,
1946,Krim Kafe non Dairy Creamer,Kapal Api,1.0,porsi (3 g),15.0,,,2.0,,0.0,1.0,1.0,,,,,,,,1.0,,,,,,,,,,,,,,,,,,,,,,0.0,0.0,,,,,,,,,,,,
1947,Krim Sup Tomat (Disiapkan dengan Susu),Sup,1.0,mangkok,136.0,,,22.62,,6.05,3.15,1.83,0.573,1.076,,10.0,1.5,,,16.49,,,,,,,,,,,,,,,,,,,,,,742.0,469.0,,,,,,,,,,,,
1948,Krimer Kental Manis,Cap Enaak,1.0,sdm (21 g),70.0,,,12.0,,0.5,2.0,1.0,,,,2.0,1.0,,,10.0,,,,,,,,,,,,,,,,,,,,,,18.0,,,,,,,,,,,,,
1949,Krimer Kental Manis,Carnation,3.0,sdm (30 g),100.0,,,17.0,,1.0,3.5,1.5,,,,,,,,17.0,,,,,,,,,,,,,,,,,,,,,,40.0,,,,,,,,,,,,,
1950,Krimer Kental Manis,Dairy Champ,1.0,sendok (42 g),160.0,,,30.0,,1.0,4.0,2.0,2.0,,,0.0,,,,22.0,,,,,,,,,,,,,,,,,,,,,,30.0,,,,,,,,,,,,,
1951,Krimero,Nextar,0.0,0,0.0,0.0,0.0,0.0,0.0,0.0,0.0,0.0,0.0,0.0,0.0,0.0,0.0,0.0,0.0,0.0,0.0,0.0,0.0,0.0,0.0,0.0,0.0,0.0,0.0,0.0,0.0,0.0,0.0,0.0,0.0,0.0,0.0,0.0,0.0,0.0,0.0,0.0,0.0,0.0,0.0,0.0,0.0,0.0,0.0,0.0,0.0,0.0,0.0,0.0,0.0
1952,Kripi Puffs Sweet & Spicy Balado,Yava,1.0,porsi (20 g),80.0,,,16.0,,1.0,1.0,0.5,,,,,1.0,,,6.0,,,,,,,,,,,,,,,,,,,,,,100.0,,,,,,,,,,,,,
1953,Kris Bee,Calbee Wings,1.0,porsi (10 g),45.0,,,8.0,,1.0,2.0,0.5,,,,,1.0,,,0.0,,,,,,,,,,,,,,,,,,,,,,85.0,0.0,,,,,,,,,,,,
1954,Kris Bee French Fries,Calbee Wings,1.0,porsi (10 g),45.0,,,7.0,,1.0,1.5,0.0,,,,,1.0,,,0.0,,,,,,,,,,,,,,,,,,,,,,95.0,,,,,,,,,,,,,
1955,Kris Bee Krunchy Rasa Jagung Bakar Mentega,Calbee Wings,1.0,bungkus (10 g),45.0,,,8.0,,1.0,1.0,1.0,,,,,1.0,,,1.0,,,,,,,,,,,,,,,,,,,,,,60.0,,,,,,,,,,,,,
1956,Kris Bee Pillow,Calbee Wings,1.0,porsi (12 g),60.0,,,8.0,,1.0,2.5,1.0,,,,,1.0,,,,,,,,,,,,,,,,,,,,,,,,,20.0,,,,,,,,,,,,,
1957,Krisbite,Nextar,0.0,0,0.0,0.0,0.0,0.0,0.0,0.0,0.0,0.0,0.0,0.0,0.0,0.0,0.0,0.0,0.0,0.0,0.0,0.0,0.0,0.0,0.0,0.0,0.0,0.0,0.0,0.0,0.0,0.0,0.0,0.0,0.0,0.0,0.0,0.0,0.0,0.0,0.0,0.0,0.0,0.0,0.0,0.0,0.0,0.0,0.0,0.0,0.0,0.0,0.0,0.0,0.0
1958,Krispi Puffs Cokelat,East Bali Cashews,1.0,porsi (20 g),102.0,,,14.0,,3.0,4.0,1.0,0.0,0.0,,0.0,2.0,,,3.5,,,,,,,,,,,,,,,,,,,,,,2.0,0.0,,,,,,,,,,,,
1959,Krispi Puffs Sweet Cashews,Yava,1.0,takaran saji (20 g),100.0,,,12.0,,3.0,4.0,0.5,0.0,0.0,,0.0,1.0,,,3.0,,,,,,,,,,,,,,,,,,,,,,60.0,0.0,,,,,,,,,,,,
1960,Kriuk Kriuk,Oishi,1.0,bungkus (22 g),110.0,,,14.0,,1.0,5.0,2.5,,,,,,,,2.0,,,,,,,,,,,,,,,,,,,,,,180.0,,,,,,,,,,,,,
1961,Krumpe,Qtela,1.0,porsi (20 g),100.0,,,11.0,,3.0,5.0,2.0,,,,,,,,1.0,,,,,,,,,,,,,,,,,,,,,,,,,,,,,,,,,,,
1962,Krunz Dark Chocolate,WoCA,1.0,porsi (13 g),70.0,,,8.0,,1.0,4.0,,,,,,,,,5.0,,,,,,,,,,,,,,,,,,,,,,,,,,,,,,,,,,,
1963,Krupuk Bawang,Kacang Ayam,6.0,keping (30 g),80.0,,,1.0,,3.0,7.0,1.0,,,,0.0,10.0,,,1.0,,,,,,,,,,,,,,,,,,,,,,105.0,,,,,,,,,,,,,
1964,Kua Chap Thai Tom Yum,Papa,1.0,porsi (50 g),170.0,,,40.0,,3.0,0.0,,,,,,2.0,,,3.0,,,,,,,,,,,,,,,,,,,,,,1640.0,,,,,,,,,,,,,
1965,Kuaci,Naraya,0.0,0,0.0,0.0,0.0,0.0,0.0,0.0,0.0,0.0,0.0,0.0,0.0,0.0,0.0,0.0,0.0,0.0,0.0,0.0,0.0,0.0,0.0,0.0,0.0,0.0,0.0,0.0,0.0,0.0,0.0,0.0,0.0,0.0,0.0,0.0,0.0,0.0,0.0,0.0,0.0,0.0,0.0,0.0,0.0,0.0,0.0,0.0,0.0,0.0,0.0,0.0,0.0
1966,Kuaci,Rebo,100.0,g,600.0,,,10.0,,30.0,50.0,0.0,,,,0.0,1.0,,,0.0,,,,,,,,,,,,,,,,,,,,,,125.0,,,,,,,,,,,,,
1967,Kuaci Coconut,Rebo,1.0,porsi (10 g),50.0,,,5.0,,3.0,2.0,,,,,,1.0,,,,,,,,,,,,,,,,,,,,,,,,,105.0,,,,,,,,,,,,,
1968,Kuaci Green Tea,Rebo,3.0,potong (6 g),35.0,,,1.0,,2.0,3.0,0.0,0.0,0.0,,0.0,1.0,,,0.0,,,,,,,,,,,,,,,,,,,,,,60.0,30.0,,,,,,,,,,,,
1969,Kuaci Milk Flavor,Rebo,2.0,porsi (6 g),60.0,,,1.0,,3.0,5.0,0.0,,,,0.0,1.0,,,0.0,,,,,,,,,,,,,,,,,,,,,,200.0,30.0,,,,,,,,,,,,
1970,Kuaci Milk Flavour,Rebo,10.0,potong (6 g),40.0,,,1.0,,2.0,3.0,0.0,,,,0.0,0.0,,,0.0,,,,,,,,,,,,,,,,,,,,,,120.0,30.0,,,,,,,,,,,,
1971,Kuaci Original,Rebo,1.0,sendok makan (6 g),35.0,,,1.0,,2.0,3.0,0.0,,,,0.0,0.0,,,0.0,,,,,,,,,,,,,,,,,,,,,,75.0,25.0,,,,,,,,,,,,
1972,Kuaci Salted Caramel,Rebo,1.0,porsi (10 g),60.0,,,22.0,,3.0,5.0,0.5,,,,,1.0,,,0.0,,,,,,,,,,,,,,,,,,,,,,105.0,3.0,,,,,,,,,,,,
1973,Kubis,Sayuran,100.0,gram (g),24.0,,,5.58,,1.44,0.12,0.016,0.06,0.009,,0.0,2.3,,,3.58,,,,,,,,,,,,,,,,,,,,,,18.0,246.0,,,,,,,,,,,,
1974,Kubis Cina,Sayuran,100.0,gram (g),13.0,,,2.18,,1.5,0.2,0.026,0.096,0.015,,0.0,1.0,,,1.18,,,,,,,,,,,,,,,,,,,,,,65.0,252.0,,,,,,,,,,,,
1975,Kubis Hijau,Sayuran,100.0,gram (g),24.0,,,5.58,,1.44,0.12,0.016,0.06,0.009,,0.0,2.3,,,3.58,,,,,,,,,,,,,,,,,,,,,,18.0,246.0,,,,,,,,,,,,
1976,Kubis Merah,Sayuran,100.0,gram (g),31.0,,,7.37,,1.43,0.16,0.034,0.125,0.019,,0.0,2.1,,,3.91,,,,,,,,,,,,,,,,,,,,,,27.0,243.0,,,,,,,,,,,,
"1977,Kubis Savoy,Sayuran,1.0,""mangkok, parut"",19.0,,,4.27,,1.4,0.07,0.009,0.034,0.005,,0.0,2.2,,,1.59,,,,,,,,,,,,,,,,,,,,,,20.0,161.0,,,,,,,,,,,,"
1978,Kue,Makanan Penutup,1.0,kecil,24.0,,,3.45,,0.27,1.07,0.238,0.232,0.531,,0.0,0.1,,,1.38,,,,,,,,,,,,,,,,,,,,,,16.0,5.0,,,,,,,,,,,,
1979,Kue Beras Merah,Makanan Ringan,1.0,kue,35.0,,,7.34,,0.74,0.25,0.051,0.089,0.093,,0.0,0.4,,,0.08,,,,,,,,,,,,,,,,,,,,,,29.0,26.0,,,,,,,,,,,,
1980,Kue Beras Merah Multigrain,Makanan Ringan,1.0,kue,35.0,,,7.21,,0.76,0.32,0.05,0.13,0.104,,0.0,0.3,,,,,,,,,,,,,,,,,,,,,,,,,23.0,26.0,,,,,,,,,,,,
1981,Kue Bolu,Makanan Penutup,100.0,gram (g),297.0,,,57.7,,7.3,4.3,1.301,0.649,1.576,,170.0,,,,,,,,,,,,,,,,,,,,,,,,,,228.0,141.0,,,,,,,,,,,,
1982,Kue Bolu Coklat,Lainnya,100.0,gram (g),297.0,,,54.68,,8.25,6.05,2.085,0.766,2.203,,208.0,1.6,,,39.95,,,,,,,,,,,,,,,,,,,,,,185.0,154.0,,,,,,,,,,,,
1983,Kue Coklat (dengan Campuran Coklat),Lainnya,100.0,gram (g),367.0,,,54.6,,4.1,16.4,4.771,1.845,8.76,,42.0,2.8,,,,,,,,,,,,,,,,,,,,,,,,,334.0,200.0,,,,,,,,,,,,
1984,Kue Coklat (dengan Campuran Coklat),Makanan Penutup,100.0,gram (g),367.0,,,54.6,,4.1,16.4,4.771,1.845,8.76,,42.0,2.8,,,,,,,,,,,,,,,,,,,,,,,,,334.0,200.0,,,,,,,,,,,,
1985,Kue Coklat (tanpa Campuran),Lainnya,100.0,gram (g),358.0,,,53.4,,5.3,15.1,5.43,2.761,6.039,,58.0,1.6,,,,,,,,,,,,,,,,,,,,,,,,,315.0,140.0,,,,,,,,,,,,
1986,Kue Coklat (tanpa Campuran),Makanan Penutup,100.0,gram (g),358.0,,,53.4,,5.3,15.1,5.43,2.761,6.039,,58.0,1.6,,,,,,,,,,,,,,,,,,,,,,,,,315.0,140.0,,,,,,,,,,,,
1987,Kue Coklat Keju,Makanan Penutup,100.0,gram (g),389.0,,,38.44,,6.6,24.75,11.991,2.849,8.508,,92.0,1.6,,,22.41,,,,,,,,,,,,,,,,,,,,,,300.0,146.0,,,,,,,,,,,,
"1988,Kue Denmark,Makanan Penutup,1.0,""sedang (diameter 10,5 cm)"",262.0,,,28.99,,4.55,14.56,3.693,1.906,8.135,,14.0,0.8,,,12.86,,,,,,,,,,,,,,,,,,,,,,241.0,81.0,,,,,,,,,,,,"
"1989,Kue Denmark dengan Buah,Makanan Penutup,1.0,""sedang (diameter 10,5 cm)"",263.0,,,33.94,,3.83,13.14,3.451,1.678,7.118,,81.0,1.3,,,19.55,,,,,,,,,,,,,,,,,,,,,,251.0,59.0,,,,,,,,,,,,"
1990,Kue Gandum,Makanan Penutup,1.0,besar (diameter 9 cm - 10 cm),112.0,,,17.18,,1.55,4.52,1.13,0.636,2.506,,0.0,0.7,,,6.16,,,,,,,,,,,,,,,,,,,,,,96.0,36.0,,,,,,,,,,,,
1991,Kue Gula (Termasuk Vanilla),Makanan Penutup,1.0,kue,72.0,,,10.18,,0.76,3.16,0.815,0.399,1.775,,8.0,0.1,,,5.66,,,,,,,,,,,,,,,,,,,,,,54.0,9.0,,,,,,,,,,,,
1992,Kue Keju,Makanan Penutup,100.0,gram (g),321.0,,,25.5,,5.5,22.5,9.921,1.602,8.634,,55.0,0.4,,,,,,,,,,,,,,,,,,,,,,,,,207.0,90.0,,,,,,,,,,,,
"1993,""Kue Keju (dari Campuran, tanpa Jenis Kue Panggang)"",Makanan Penutup,1.0,buah (diameter 1/12 23 cm),271.0,,,35.14,,5.44,12.57,6.624,0.8,4.474,,29.0,1.9,,,,,,,,,,,,,,,,,,,,,,,,,376.0,209.0,,,,,,,,,,,,"
1994,Kue Keju dengan Buah,Makanan Penutup,1.0,buah (diameter 1/12 23 cm),388.0,,,46.72,,8.88,19.1,7.631,3.242,7.15,,67.0,0.7,,,37.91,,,,,,,,,,,,,,,,,,,,,,378.0,124.0,,,,,,,,,,,,
1995,Kue Lapis Bogor Original,Sangkuriang,1.0,takaran saji (50 g),180.0,,,19.0,,3.0,10.0,,,,,,2.0,,,11.0,,,,,,,,,,,,,,,,,,,,,,160.0,60.0,,,,,,,,,,,,
1996,Kue Lapis Bogor Rasa Brownies,Sangkuriang,1.0,potong (50 g),190.0,,,21.0,,3.0,11.0,,,,,,2.0,,,12.0,,,,,,,,,,,,,,,,,,,,,,160.0,125.0,,,,,,,,,,,,
1997,Kue Lapis Kukus Original,Pahlawan,1.0,porsi (50 g),190.0,,,19.0,,3.0,12.0,6.0,,,,25.0,2.0,,,11.0,,,,,,,,,,,,,,,,,,,,,,130.0,,,,,,,,,,,,,
1998,Kue Lapis Kukus Rasa Blackforest,Pahlawan,1.0,potong (50 g),210.0,,,21.0,,3.0,11.0,,,,,,2.0,,,12.0,,,,,,,,,,,,,,,,,,,,,,160.0,125.0,,,,,,,,,,,,
1999,Kue Lapis Kukus Rasa Choco Pandan,Pahlawan,1.0,potong (50 g),220.0,,,23.0,,3.0,13.0,7.0,,,,25.0,2.0,,,12.0,,,,,,,,,,,,,,,,,,,,,,55.0,,,,,,,,,,,,,
2000,Kue Lapis Kukus Rasa Tiramisu,Pahlawan,1.0,potong (50 g),210.0,,,22.0,,3.0,12.0,6.0,,,,30.0,1.0,,,12.0,,,,,,,,,,,,,,,,,,,,,,45.0,,,,,,,,,,,,,
"2001,Kue Wortel dengan Lapisan (Gula),Lainnya,1.0,""buah (1/10 1-lapis, diameter 20 cm atau 23 cm)"",326.0,,,42.37,,3.09,16.7,3.081,7.146,5.554,,48.0,0.9,,,31.3,,,,,,,,,,,,,,,,,,,,,,147.0,80.0,,,,,,,,,,,,"
2002,Kue Wortel tanpa Lapisan (Gula),Lainnya,100.0,gram (g),416.0,,,49.09,,4.22,23.24,3.249,10.853,7.844,,66.0,1.4,,,32.56,,,,,,,,,,,,,,,,,,,,,,205.0,114.0,,,,,,,,,,,,
2003,Kukis Almond Oat,Mama Bear,0.0,0,0.0,0.0,0.0,0.0,0.0,0.0,0.0,0.0,0.0,0.0,0.0,0.0,0.0,0.0,0.0,0.0,0.0,0.0,0.0,0.0,0.0,0.0,0.0,0.0,0.0,0.0,0.0,0.0,0.0,0.0,0.0,0.0,0.0,0.0,0.0,0.0,0.0,0.0,0.0,0.0,0.0,0.0,0.0,0.0,0.0,0.0,0.0,0.0,0.0,0.0,0.0
2004,Kulit Ayam Goreng,Fiesta,100.0,g,550.0,,,37.0,,12.0,39.0,,,,,,,,,2.0,,,,,,,,,,,,,,,,,,,,,,1020.0,,,,,,,,,,,,,
2005,Kulit Lumpia,Finna,3.0,potong (28 g),90.0,,,17.0,,2.0,1.5,0.5,,,,,,,,1.0,,,,,,,,,,,,,,,,,,,,,,50.0,,,,,,,,,,,,,
2006,Kung Pao Chicken,Mad About Protein,0.0,0,0.0,0.0,0.0,0.0,0.0,0.0,0.0,0.0,0.0,0.0,0.0,0.0,0.0,0.0,0.0,0.0,0.0,0.0,0.0,0.0,0.0,0.0,0.0,0.0,0.0,0.0,0.0,0.0,0.0,0.0,0.0,0.0,0.0,0.0,0.0,0.0,0.0,0.0,0.0,0.0,0.0,0.0,0.0,0.0,0.0,0.0,0.0,0.0,0.0,0.0,0.0
2007,Kungpao Chicken with Coriander Hokkian Noodle + Chinese Wonton,Yellow Fit Kitchen,1.0,serving,543.0,,,68.0,,34.0,15.0,,,,,,6.0,,,,,,,,,,,,,,,,,,,,,,,,,,,,,,,,,,,,,,
2008,Kuning Telur,Telur,100.0,gram (g),322.0,,,3.59,,15.86,26.54,9.551,4.204,11.738,,1234.0,0.0,,,0.56,,,,,,,,,,,,,,,,,,,,,,48.0,109.0,,,,,,,,,,,,
2009,Kuning Telur Matang,Telur,1.0,besar,55.0,,,0.61,,2.69,4.49,1.617,0.712,1.988,,209.0,0.0,,,0.1,,,,,,,,,,,,,,,,,,,,,,34.0,19.0,,,,,,,,,,,,
2010,Kurma,Barari,1.0,porsi (40 g),120.0,,,31.0,,1.0,0.0,,,,,,3.0,,,26.0,,,,,,,,,,,,,,,,,,,,,,0.0,,,,,,,,,,,,,
2011,Kurma,Buah,1.0,kurma,23.0,,,6.23,,0.2,0.03,0.003,0.002,0.003,,0.0,0.7,,,5.26,,,,,,,,,,,,,,,,,,,,,,0.0,54.0,,,,,,,,,,,,
2012,Kurma,Palm'frutt,1.0,biji (40 g),110.0,,,29.0,,0.8,0.2,,,,,,3.0,,,29.0,,,,,,,,,,,,,,,,,,,,,,1.0,261.0,,,,,,,,,,,,
2013,Kurma Barari,Barari,1.0,porsi (40 g),120.0,,,31.0,,1.0,0.0,0.0,0.0,0.0,,0.0,3.0,,,28.0,,,,,,,,,,,,,,,,,,,,,,0.0,240.0,,,,,,,,,,,,
2014,Kurma Khalas,Date Crown,100.0,g,325.0,,,76.0,,4.4,0.4,0.0,,,,0.0,6.8,,,66.4,,,,,,,,,,,,,,,,,,,,,,,555.0,,,,,,,,,,,,
2015,Kurma Khenaizi,Date Crown,3.0,cup (55 g),182.0,,,44.0,,1.5,0.24,0.24,0.0,0.0,,0.0,3.8,,,40.0,,,,,,,,,,,,,,,,,,,,,,19.0,,,,,,,,,,,,,
2016,Kurma Lulu,Date Crown,100.0,g,325.0,,,76.0,,4.4,0.4,,,,,0.0,6.8,,,66.4,,,,,,,,,,,,,,,,,,,,,,10.0,,,,,,,,,,,,,
"2017,Kurma Medjool,Buah,1.0,""kurma, berbintik-bintik"",66.0,,,17.99,,0.43,0.04,,,,,,1.6,,,15.95,,,,,,,,,,,,,,,,,,,,,,0.0,167.0,,,,,,,,,,,,"
2018,Kurma Water,Nafoura,1.0,botol (330 ml),130.0,,,33.0,,0.0,0.0,,,,,,11.0,,,29.0,,,,,,,,,,,,,,,,,,,,,,,90.0,,,,,,,,,,,,
2019,Kwetiau Goreng,Healthy Go,1.0,porsi,489.0,,,48.0,,35.0,17.0,,,,,,,,,,,,,,,,,,,,,,,,,,,,,,,,,,,,,,,,,,,,
2020,Kyoto Matcha,Whey To Go,0.0,0,0.0,0.0,0.0,0.0,0.0,0.0,0.0,0.0,0.0,0.0,0.0,0.0,0.0,0.0,0.0,0.0,0.0,0.0,0.0,0.0,0.0,0.0,0.0,0.0,0.0,0.0,0.0,0.0,0.0,0.0,0.0,0.0,0.0,0.0,0.0,0.0,0.0,0.0,0.0,0.0,0.0,0.0,0.0,0.0,0.0,0.0,0.0,0.0,0.0,0.0,0.0
2021,L-Carnitine+Vitamin C,Jele,0.0,0,0.0,0.0,0.0,0.0,0.0,0.0,0.0,0.0,0.0,0.0,0.0,0.0,0.0,0.0,0.0,0.0,0.0,0.0,0.0,0.0,0.0,0.0,0.0,0.0,0.0,0.0,0.0,0.0,0.0,0.0,0.0,0.0,0.0,0.0,0.0,0.0,0.0,0.0,0.0,0.0,0.0,0.0,0.0,0.0,0.0,0.0,0.0,0.0,0.0,0.0,0.0
2022,Labu,Sayuran,100.0,gram (g),26.0,,,6.5,,1.0,0.1,0.052,0.005,0.013,,0.0,0.5,,,1.36,,,,,,,,,,,,,,,,,,,,,,1.0,340.0,,,,,,,,,,,,
"2023,""Labu (tanpa Garam, Kaleng)"",Sayuran,1.0,mangkok,83.0,,,19.82,,2.7,0.69,0.358,0.037,0.091,,0.0,7.1,,,8.08,,,,,,,,,,,,,,,,,,,,,,12.0,505.0,,,,,,,,,,,,"
2024,Labu Dimasak,Sayuran,100.0,gram (g),46.0,,,7.94,,1.08,1.75,0.42,0.448,0.734,,0.0,2.8,,,3.22,,,,,,,,,,,,,,,,,,,,,,166.0,202.0,,,,,,,,,,,,
2025,Lada Hitam,Saus & Bumbu,1.0,sejumput,0.0,,,0.06,,0.01,0.0,0.001,0.001,0.001,,0.0,0.0,,,0.0,,,,,,,,,,,,,,,,,,,,,,0.0,1.0,,,,,,,,,,,,
2026,Lafero Chocolate Wafer Roll,Aim Biscuits,8.0,pieces (25 g),130.0,,,15.0,,1.0,8.0,5.0,0.0,0.0,,0.0,0.0,,,5.0,,,,,,,,,,,,,,,,,,,,,,45.0,0.0,,,,,,,,,,,,
2027,Lainnya,Makanan,0.0,0,0.0,0.0,0.0,0.0,0.0,0.0,0.0,0.0,0.0,0.0,0.0,0.0,0.0,0.0,0.0,0.0,0.0,0.0,0.0,0.0,0.0,0.0,0.0,0.0,0.0,0.0,0.0,0.0,0.0,0.0,0.0,0.0,0.0,0.0,0.0,0.0,0.0,0.0,0.0,0.0,0.0,0.0,0.0,0.0,0.0,0.0,0.0,0.0,0.0,0.0,0.0
2028,Laksa Paste,Lee Kum Kee,0.0,0,0.0,0.0,0.0,0.0,0.0,0.0,0.0,0.0,0.0,0.0,0.0,0.0,0.0,0.0,0.0,0.0,0.0,0.0,0.0,0.0,0.0,0.0,0.0,0.0,0.0,0.0,0.0,0.0,0.0,0.0,0.0,0.0,0.0,0.0,0.0,0.0,0.0,0.0,0.0,0.0,0.0,0.0,0.0,0.0,0.0,0.0,0.0,0.0,0.0,0.0,0.0
2029,Lapis Bogor Blackforest,Sangkuriang,1.0,takaran saji (50 g),210.0,,,22.0,,3.0,12.0,6.0,,,,,2.0,,,14.0,,,,,,,,,,,,,,,,,,,,,,65.0,,,,,,,,,,,,,
2030,Lapis Bogor Full Talas,Sangkuriang,1.0,porsi (50 g),180.0,,,20.0,,3.0,9.0,,,,,,,,,11.0,,,,,,,,,,,,,,,,,,,,,,120.0,70.0,,,,,,,,,,,,
2031,Lapis Bogor Pisang Coklat,Sangkuriang,1.0,potong (50 g),170.0,,,19.0,,3.0,9.0,,,,,,2.0,,,11.0,,,,,,,,,,,,,,,,,,,,,,125.0,115.0,,,,,,,,,,,,
2032,Lapis Bogor Rasa Cocopandan,Sangkuriang,1.0,porsi (50 g),190.0,,,19.0,,3.0,11.0,,,,,,2.0,,,10.0,,,,,,,,,,,,,,,,,,,,,,130.0,60.0,,,,,,,,,,,,
2033,Lapis Bunder Rasa Talas Keju,Sangkuriang,1.0,serving (50 g),170.0,,,17.0,,4.0,10.0,5.0,,,,35.0,2.0,,,9.0,,,,,,,,,,,,,,,,,,,,,,180.0,,,,,,,,,,,,,
2034,Lapis Legit,Beeru,100.0,g,389.0,,,55.5,,6.6,15.7,,,,,,,,,,,,,,,,,,,,,,,,,,,,,,,,,,,,,,,,,,,,
2035,Lapis Surabaya,Sari Roti,1.0,porsi (40 g),150.0,,,16.0,,3.0,9.0,4.5,,,,115.0,,,,8.0,,,,,,,,,,,,,,,,,,,,,,70.0,,,,,,,,,,,,,
2036,Lasagna,La Fonte,0.0,0,0.0,0.0,0.0,0.0,0.0,0.0,0.0,0.0,0.0,0.0,0.0,0.0,0.0,0.0,0.0,0.0,0.0,0.0,0.0,0.0,0.0,0.0,0.0,0.0,0.0,0.0,0.0,0.0,0.0,0.0,0.0,0.0,0.0,0.0,0.0,0.0,0.0,0.0,0.0,0.0,0.0,0.0,0.0,0.0,0.0,0.0,0.0,0.0,0.0,0.0,0.0
"2037,Lasagna Sheets,Balducci,1.0,""porsi (62,5 g)"",226.0,,,44.4,,7.2,1.3,0.15,0.8,0.15,,,2.5,,,1.9,,,,,,,,,,,,,,,,,,,,,,18.0,,,,,,,,,,,,,"
2038,Latte,Nescafe,0.0,0,0.0,0.0,0.0,0.0,0.0,0.0,0.0,0.0,0.0,0.0,0.0,0.0,0.0,0.0,0.0,0.0,0.0,0.0,0.0,0.0,0.0,0.0,0.0,0.0,0.0,0.0,0.0,0.0,0.0,0.0,0.0,0.0,0.0,0.0,0.0,0.0,0.0,0.0,0.0,0.0,0.0,0.0,0.0,0.0,0.0,0.0,0.0,0.0,0.0,0.0,0.0
2039,Latte Gayo,Indocafe,1.0,bottle (200 ml),120.0,,,22.0,,2.0,2.5,2.5,,,,,,,,20.0,,,,,,,,,,,,,,,,,,,,,,90.0,,,,,,,,,,,,,
2040,Latte Hazelnut,Nescafe,1.0,porsi (24 g),95.0,,,19.0,,0.5,2.0,,,,,,,,,12.0,,,,,,,,,,,,,,,,,,,,,,,,,,,,,,,,,,,
2041,Lauk (Makanan Sampingan/Tambahan) Salad Kentang,Salad,333.0,mangkok,108.0,,,12.85,,1.45,5.73,0.978,2.869,1.606,,57.0,,,,,,,,,,,,,,,,,,,,,,,,,,312.0,256.0,,,,,,,,,,,,
2042,Lay's Rumput Laut,Lay's,1.0,porsi (14 g),80.0,,,7.0,,1.0,5.0,,,,,,0.0,,,0.0,,,,,,,,,,,,,,,,,,,,,,50.0,0.0,,,,,,,,,,,,
2043,Le-Mond,Julie's,1.0,serving (17 g),90.0,,,11.0,,1.0,4.0,2.0,,,,,1.0,,,5.0,,,,,,,,,,,,,,,,,,,,,,15.0,,,,,,,,,,,,,
2044,Lean Beef Bellpepper,Health's Kitchen,0.0,0,0.0,0.0,0.0,0.0,0.0,0.0,0.0,0.0,0.0,0.0,0.0,0.0,0.0,0.0,0.0,0.0,0.0,0.0,0.0,0.0,0.0,0.0,0.0,0.0,0.0,0.0,0.0,0.0,0.0,0.0,0.0,0.0,0.0,0.0,0.0,0.0,0.0,0.0,0.0,0.0,0.0,0.0,0.0,0.0,0.0,0.0,0.0,0.0,0.0,0.0,0.0
2045,Lemon Lime,Regen,1.0,porsi (230 ml),0.0,,,1.0,,0.0,0.0,0.0,0.0,0.0,,0.0,0.0,,,0.0,,,,,,,,,,,,,,,,,,,,,,85.0,0.0,,,,,,,,,,,,
"2046,Lemon Mint,Ricola,1.0,""butir (2,5 g)"",10.0,,,2.0,,0.0,0.0,0.0,,,,,,,,0.0,,,,,,,,,,,,,,,,,,,,,,0.0,,,,,,,,,,,,,"
2047,Lemon Tea,Yeo's,1.0,kotak  (250 ml),50.0,,,12.0,,0.0,0.0,0.0,0.0,0.0,,,,,,10.0,,,,,,,,,,,,,,,,,,,,,,30.0,,,,,,,,,,,,,
2048,Lemon Water,You C1000,1.0,botol (500 ml),150.0,,,37.0,,0.0,0.0,,,,,,,,,37.0,,,,,,,,,,,,,,,,,,,,,,60.0,,,,,,,,,,,,,
2049,Lemonia,Nissin,0.0,0,0.0,0.0,0.0,0.0,0.0,0.0,0.0,0.0,0.0,0.0,0.0,0.0,0.0,0.0,0.0,0.0,0.0,0.0,0.0,0.0,0.0,0.0,0.0,0.0,0.0,0.0,0.0,0.0,0.0,0.0,0.0,0.0,0.0,0.0,0.0,0.0,0.0,0.0,0.0,0.0,0.0,0.0,0.0,0.0,0.0,0.0,0.0,0.0,0.0,0.0,0.0
2050,Lentil Cakes,Lestello,0.0,0,0.0,0.0,0.0,0.0,0.0,0.0,0.0,0.0,0.0,0.0,0.0,0.0,0.0,0.0,0.0,0.0,0.0,0.0,0.0,0.0,0.0,0.0,0.0,0.0,0.0,0.0,0.0,0.0,0.0,0.0,0.0,0.0,0.0,0.0,0.0,0.0,0.0,0.0,0.0,0.0,0.0,0.0,0.0,0.0,0.0,0.0,0.0,0.0,0.0,0.0,0.0
2051,Leo O'corn,Leo,1.0,porsi (20 g),100.0,,,10.0,,2.0,6.0,3.0,,,,,5.0,,,0.0,,,,,,,,,,,,,,,,,,,,,,,,,,,,,,,,,,,
2052,Less Sugar,Kapal Api,1.0,sachet (21 g),90.0,,,14.0,,1.0,4.5,2.0,,,,8.0,3.0,,,11.0,,,,,,,,,,,,,,,,,,,,,,0.0,150.0,,,,,,,,,,,,
2053,Less Sugar,Yakult,1.0,porsi (65 ml),25.0,,,6.0,,1.0,0.0,0.0,,,,,,,,3.0,,,,,,,,,,,,,,,,,,,,,,15.0,,,,,,,,,,,,,
2054,Less Sugar Matcha Latte,Namaste Organic,0.0,0,0.0,0.0,0.0,0.0,0.0,0.0,0.0,0.0,0.0,0.0,0.0,0.0,0.0,0.0,0.0,0.0,0.0,0.0,0.0,0.0,0.0,0.0,0.0,0.0,0.0,0.0,0.0,0.0,0.0,0.0,0.0,0.0,0.0,0.0,0.0,0.0,0.0,0.0,0.0,0.0,0.0,0.0,0.0,0.0,0.0,0.0,0.0,0.0,0.0,0.0,0.0
2055,Levite,Vit,1.0,botol (550 ml),50.0,,,20.0,,0.0,0.0,,,,,,,,,20.0,,,,,,,,,,,,,,,,,,,,,,30.0,,,,,,,,,,,,,
2056,Light,Yakult,1.0,porsi (65 ml),25.0,,,6.0,,1.0,0.0,0.0,,,,0.0,,,,3.0,,,,,,,,,,,,,,,,,,,,,,15.0,,,,,,,,,,,,,
2057,Light Mayonnaise,Maestro,0.0,0,0.0,0.0,0.0,0.0,0.0,0.0,0.0,0.0,0.0,0.0,0.0,0.0,0.0,0.0,0.0,0.0,0.0,0.0,0.0,0.0,0.0,0.0,0.0,0.0,0.0,0.0,0.0,0.0,0.0,0.0,0.0,0.0,0.0,0.0,0.0,0.0,0.0,0.0,0.0,0.0,0.0,0.0,0.0,0.0,0.0,0.0,0.0,0.0,0.0,0.0,0.0
2058,Lil Puffs Banana Milk,Alamii,1.0,serving (10 g),50.0,,,7.0,,1.0,2.0,0.0,,,,,1.0,,,1.0,,,,,,,,,,,,,,,,,,,,,,0.0,,,,,,,,,,,,,
2059,Limun,Lainnya,1.0,gelas (240 ml),99.0,,,25.87,,0.17,0.1,0.015,0.032,0.005,,0.0,0.0,,,24.73,,,,,,,,,,,,,,,,,,,,,,5.0,37.0,,,,,,,,,,,,
2060,Limun,Minuman,1.0,gelas (240 ml),99.0,,,25.87,,0.17,0.1,0.015,0.032,0.005,,0.0,0.0,,,24.73,,,,,,,,,,,,,,,,,,,,,,5.0,37.0,,,,,,,,,,,,
2061,Limun Beku Berkonsentrasi,Minuman,100.0,gram (g),181.0,,,47.1,,0.3,0.2,0.026,0.059,0.008,,0.0,0.2,,,45.03,,,,,,,,,,,,,,,,,,,,,,4.0,67.0,,,,,,,,,,,,
2062,Limun Rendah Kalori,Minuman,1.0,gelas (240 ml),5.0,,,1.25,,0.05,0.0,0.0,0.002,0.0,,0.0,0.0,,,0.0,,,,,,,,,,,,,,,,,,,,,,5.0,0.0,,,,,,,,,,,,
2063,Lingonberry Jam,Ikea,1.0,porsi (20 g),35.0,,,8.0,,0.0,0.0,0.0,,,,,0.0,,,4.0,,,,,,,,,,,,,,,,,,,,,,10.0,,,,,,,,,,,,,
2064,Lobak,Sayuran,100.0,gram (g),28.0,,,6.43,,0.9,0.1,0.011,0.053,0.006,,0.0,1.8,,,3.8,,,,,,,,,,,,,,,,,,,,,,67.0,191.0,,,,,,,,,,,,
2065,Lobak Dimasak,Sayuran,100.0,gram (g),42.0,,,4.94,,0.69,2.37,0.438,0.712,1.086,,0.0,1.9,,,2.88,,,,,,,,,,,,,,,,,,,,,,265.0,171.0,,,,,,,,,,,,
"2066,Lobster,Ikan & Seafood,1.0,""kecil (berat hidup 450 g) (hasil setelah dimasak, kulit dihilangkan)"",114.0,,,1.5,,23.99,0.68,0.125,0.106,0.187,,84.0,0.0,,,0.0,,,,,,,,,,,,,,,,,,,,,,826.0,412.0,,,,,,,,,,,,"
"2067,Lobster Kukus atau Rebus,Ikan & Seafood,1.0,""kecil (berat hidup 450 g) (hasil setelah dimasak, kulit dihilangkan)"",114.0,,,1.5,,23.99,0.68,0.125,0.106,0.187,,84.0,0.0,,,0.0,,,,,,,,,,,,,,,,,,,,,,826.0,412.0,,,,,,,,,,,,"
"2068,Lobster Panggang,Ikan & Seafood,1.0,""kecil (berat hidup 450 g) (hasil setelah dimasak, kulit dihilangkan)"",137.0,,,1.46,,23.34,3.55,1.947,0.211,0.929,,90.0,0.0,,,0.0,,,,,,,,,,,,,,,,,,,,,,743.0,401.0,,,,,,,,,,,,"
"2069,Lodeh,Bamboe,1.0,""porsi (13,5 g)"",15.0,,,0.0,,1.0,1.0,1.0,,,,0.0,0.0,,,0.0,,,,,,,,,,,,,,,,,,,,,,980.0,0.0,,,,,,,,,,,,"
2070,Long Wafer Chocolate,Tango,1.0,pak (20 g),100.0,,,14.0,,1.0,4.0,1.0,,,,0.0,0.0,,,5.0,,,,,,,,,,,,,,,,,,,,,,50.0,80.0,,,,,,,,,,,,
2071,Lose Weight,WRP,1.0,sachet (54 g),210.0,,,33.0,,14.0,1.5,0.5,,,,0.0,3.0,,,16.0,,,,,,,,,,,,,,,,,,,,,,260.0,550.0,,,,,,,,,,,,
2072,Love Marshmallow Candy,Ranjani,1.0,serving (4 g),15.0,,,3.0,,0.0,0.0,,,,,,,,,2.0,,,,,,,,,,,,,,,,,,,,,,0.0,,,,,,,,,,,,,
2073,Lovy Cookies Chocobutter,Agel,3.0,buah (20 g),90.0,,,14.0,,2.0,3.5,2.0,,,,,,,,5.0,,,,,,,,,,,,,,,,,,,,,,55.0,,,,,,,,,,,,,
2074,Lovy Cookies Coffeeccino,Agel,3.0,buah (20 g),100.0,,,12.0,,1.0,5.0,2.5,,,,,,,,4.0,,,,,,,,,,,,,,,,,,,,,,50.0,,,,,,,,,,,,,
2075,Low Cal Baked Risol with Chicken Breast,Fit Solution,1.0,porsi,194.0,,,23.5,,11.5,6.0,,,,,,4.2,,,,,,,,,,,,,,,,,,,,,,,,,,,,,,,,,,,,,,
2076,Low Cal Soto Ayam,Fit Solution,1.0,porsi,395.0,,,49.0,,34.0,7.0,,,,,,5.8,,,,,,,,,,,,,,,,,,,,,,,,,,,,,,,,,,,,,,
"2077,Low Calorie Sweetener,Equal,1.0,""tablet (0,085 g)"",0.0,,,0.0,,0.0,0.0,,,,,,,,,0.0,,,,,,,,,,,,,,,,,,,,,,,,,,,,,,,,,,,"
2078,Low Fat Chocolate,Ultra Milk,1.0,gelas (250 ml),160.0,,,25.0,,9.0,2.5,2.0,,,,10.0,,,,18.0,,,,,,,,,,,,,,,,,,,,,,160.0,450.0,,,,,,,,,,,,
2079,Low Fat High Calcium Rasa Coklat (250ml),Ultra Milk,1.0,gelas (250 ml),160.0,,,25.0,,9.0,2.5,2.0,,,,10.0,,,,18.0,,,,,,,,,,,,,,,,,,,,,,160.0,450.0,,,,,,,,,,,,
2080,Low Fat Milk,Uni-President,100.0,g,45.0,,,4.8,,3.2,1.4,1.0,,,,,,,,4.8,,,,,,,,,,,,,,,,,,,,,,42.0,110.0,,,,,,,,,,,,
2081,Low Fat Opor (Chicken Breast),Fit Solution,1.0,porsi,443.0,,,35.0,,41.0,15.5,,,,,,5.5,,,,,,,,,,,,,,,,,,,,,,,,,,,,,,,,,,,,,,
2082,Low Fat Plain,Ultra Milk,1.0,porsi (250 ml),110.0,,,13.0,,8.0,3.0,2.0,1.0,0.0,,10.0,0.0,,,8.0,,,,,,,,,,,,,,,,,,,,,,125.0,440.0,,,,,,,,,,,,
2083,Low Fat Salted Egg,Health's Kitchen,1.0,porsi,418.0,,,35.8,,39.7,12.0,,,,,,2.8,,,,,,,,,,,,,,,,,,,,,,,,,,,,,,,,,,,,,,
2084,Low Fat Source of Calcium (250ml),Ultra Milk,1.0,porsi (250 ml),90.0,,,11.0,,7.0,2.5,2.0,,,,10.0,2.0,,,0.0,,,,,,,,,,,,,,,,,,,,,,100.0,440.0,,,,,,,,,,,,
2085,Lumpia Ayam,Lainnya,1.0,lumpia,65.0,,,7.12,,3.03,2.61,0.555,0.71,1.091,,29.0,0.5,,,0.37,,,,,,,,,,,,,,,,,,,,,,124.0,57.0,,,,,,,,,,,,
2086,Lumpia Babi,Lainnya,1.0,lumpia,74.0,,,6.96,,3.8,3.43,0.788,0.848,1.503,,28.0,0.5,,,0.51,,,,,,,,,,,,,,,,,,,,,,206.0,96.0,,,,,,,,,,,,
2087,Lumpia Udang,Lainnya,1.0,lumpia,67.0,,,7.39,,2.62,2.97,0.58,0.868,1.275,,33.0,0.6,,,0.54,,,,,,,,,,,,,,,,,,,,,,242.0,72.0,,,,,,,,,,,,
2088,Lychee Blast,Yoforia,1.0,porsi (200 ml),150.0,,,29.0,,3.0,3.0,,,,,,,,,25.0,,,,,,,,,,,,,,,,,,,,,,95.0,,,,,,,,,,,,,
2089,Lychee Flavor,Yoyic,1.0,botol (200 ml),120.0,,,28.0,,2.0,0.0,0.0,0.0,0.0,,0.0,,,,24.0,,,,,,,,,,,,,,,,,,,,,,45.0,0.0,,,,,,,,,,,,
2090,Lychee Fruits Yogurt,Elle & Vire,100.0,g,94.0,,,17.6,,2.2,1.5,,,,,,0.5,,,14.6,,,,,,,,,,,,,,,,,,,,,,100.0,,,,,,,,,,,,,
2091,MAC AND CHEESE WITH BEEF HAMBURG DEMIGLACE + FREE GARLIC BREAD,Yellow Fit Kitchen,1.0,porsi,551.0,,,73.0,,31.0,15.0,,,,,,6.0,,,,,,,,,,,,,,,,,,,,,,,,,,,,,,,,,,,,,,
2092,MASTER WHEY MANGO MILK SHAKE,VECTORLABS,1.0,scoop (45 g),170.0,,,12.0,,25.0,2.5,1.5,,,,55.0,,,,4.0,,,,,,,,,,,,,,,,,,,,,,115.0,,,,,,,,,,,,,
2093,MRC Cheese Sandwich Biscuits,Ranjani,1.0,porsi (15 g),90.0,,,7.0,,1.0,7.0,3.5,,,,,,,,3.0,,,,,,,,,,,,,,,,,,,,,,65.0,,,,,,,,,,,,,
2094,MSG,Ajinomoto,1.0,jumput (1 g),0.0,,,0.0,,0.0,0.0,,,,,0.0,0.0,,,0.0,,,,,,,,,,,,,,,,,,,,,,360.0,0.0,,,,,,,,,,,,
2095,Maamoul,Al Batal,1.0,piece (19 g),91.0,,,12.4,,1.1,4.2,2.3,,,,6.0,0.8,,,4.4,,,,,,,,,,,,,,,,,,,,,,23.0,,,,,,,,,,,,,
2096,Mac And Cheese With Chicken Bolognese,Yellow Fit Kitchen,1.0,porsi,527.0,,,67.0,,31.0,15.0,,,,,,6.0,,,,,,,,,,,,,,,,,,,,,,,,,,,,,,,,,,,,,,
2097,Macadamia & Hazelnut,Go Natural,1.0,porsi (45 g),238.0,,,13.2,,6.0,18.2,2.6,4.5,10.6,,0.0,3.1,,,9.7,,,,,,,,,,,,,,,,,,,,,,6.0,,,,,,,,,,,,,
2098,Macadamia & Hazelnut Bar,Go Natural,1.0,porsi (45 g),238.0,,,13.2,,6.0,18.2,2.6,4.5,10.6,,0.0,3.1,,,9.7,,,,,,,,,,,,,,,,,,,,,,6.0,,,,,,,,,,,,,
2099,Macadamia Divine,Go Natural,100.0,g,526.0,,,51.7,,4.5,34.2,12.4,0.7,21.0,,,6.7,,,38.1,,,,,,,,,,,,,,,,,,,,,,66.0,,,,,,,,,,,,,
2100,Macadamia Dream,Go Natural,1.0,serving (20 g),110.0,,,12.0,,1.0,6.0,,,,,,,,,,,,,,,,,,,,,,,,,,,,,,,,,,,,,,,,,,,,
2101,Macadamia Nut,Haagen Dazs,100.0,ml,273.0,,,17.7,,4.0,21.2,10.4,8.5,0.6,,,,,,17.0,,,,,,,,,,,,,,,,,,,,,,85.0,,,,,,,,,,,,,
2102,Macaron Cookies,Ranjani,1.0,porsi (15 g),70.0,,,10.0,,1.0,3.5,1.5,,,,,,,,3.0,,,,,,,,,,,,,,,,,,,,,,40.0,,,,,,,,,,,,,
2103,Macaroni,Maicih,0.0,0,0.0,0.0,0.0,0.0,0.0,0.0,0.0,0.0,0.0,0.0,0.0,0.0,0.0,0.0,0.0,0.0,0.0,0.0,0.0,0.0,0.0,0.0,0.0,0.0,0.0,0.0,0.0,0.0,0.0,0.0,0.0,0.0,0.0,0.0,0.0,0.0,0.0,0.0,0.0,0.0,0.0,0.0,0.0,0.0,0.0,0.0,0.0,0.0,0.0,0.0,0.0
2104,Macaroni & Cheese,Ladang Lima,1.0,porsi (115 g),470.0,,,69.0,,18.0,13.0,10.0,,,,,7.0,,,4.0,,,,,,,,,,,,,,,,,,,,,,44.0,,,,,,,,,,,,,
2105,Macaroni 201,La Fonte,0.0,0,0.0,0.0,0.0,0.0,0.0,0.0,0.0,0.0,0.0,0.0,0.0,0.0,0.0,0.0,0.0,0.0,0.0,0.0,0.0,0.0,0.0,0.0,0.0,0.0,0.0,0.0,0.0,0.0,0.0,0.0,0.0,0.0,0.0,0.0,0.0,0.0,0.0,0.0,0.0,0.0,0.0,0.0,0.0,0.0,0.0,0.0,0.0,0.0,0.0,0.0,0.0
2106,Macaroni Cheese,San Remo,1.0,porsi (30 g),111.0,,,20.1,,3.8,1.4,0.7,,,,,,,,2.1,,,,,,,,,,,,,,,,,,,,,,287.0,,,,,,,,,,,,,
2107,Macaroni with Cheese,La Fonte,1.0,bungkus (63 g),230.0,,,45.0,,8.0,3.0,,,,,,7.0,,,5.0,,,,,,,,,,,,,,,,,,,,,,630.0,10.0,,,,,,,,,,,,
2108,Maccha Milk Candy,UHA,1.0,buah (3 g),15.0,,,3.0,,0.0,0.0,,,,,,,,,2.0,,,,,,,,,,,,,,,,,,,,,,0.0,,,,,,,,,,,,,
2109,Maccheroni No. 32,Balducci,1.0,porsi (55 g),200.0,,,39.0,,7.0,1.0,0.0,,,,0.0,2.0,,,2.0,,,,,,,,,,,,,,,,,,,,,,5.0,,,,,,,,,,,,,
2110,Mad Chicken Meatballs,Mad About Protein,0.0,0,0.0,0.0,0.0,0.0,0.0,0.0,0.0,0.0,0.0,0.0,0.0,0.0,0.0,0.0,0.0,0.0,0.0,0.0,0.0,0.0,0.0,0.0,0.0,0.0,0.0,0.0,0.0,0.0,0.0,0.0,0.0,0.0,0.0,0.0,0.0,0.0,0.0,0.0,0.0,0.0,0.0,0.0,0.0,0.0,0.0,0.0,0.0,0.0,0.0,0.0,0.0
2111,Madeleine Crackers,Namaste Organic,0.0,0,0.0,0.0,0.0,0.0,0.0,0.0,0.0,0.0,0.0,0.0,0.0,0.0,0.0,0.0,0.0,0.0,0.0,0.0,0.0,0.0,0.0,0.0,0.0,0.0,0.0,0.0,0.0,0.0,0.0,0.0,0.0,0.0,0.0,0.0,0.0,0.0,0.0,0.0,0.0,0.0,0.0,0.0,0.0,0.0,0.0,0.0,0.0,0.0,0.0,0.0,0.0
2112,Madu,Madu Nusantara,2.0,sendok makan (15 ml),50.0,,,12.0,,0.0,0.0,0.0,,,,,,,,,,,,,,,,,,,,,,,,,,,,,,,,,,,,,,,,,,,
2113,Madu,Madurasa,1.0,sdm (25 g),90.0,,,22.0,,0.0,0.0,0.0,0.0,0.0,,0.0,0.0,,,16.0,,,,,,,,,,,,,,,,,,,,,,0.0,0.0,,,,,,,,,,,,
2114,Madu,Saus & Bumbu,1.0,sdm,64.0,,,17.3,,0.06,0.0,0.0,0.0,0.0,,0.0,0.0,,,17.25,,,,,,,,,,,,,,,,,,,,,,1.0,11.0,,,,,,,,,,,,
2115,Madu,Uray,1.0,sendok (15 g),50.0,,,12.0,,0.0,0.0,,,,,0.0,,,,10.0,,,,,,,,,,,,,,,,,,,,,,0.0,,,,,,,,,,,,,
2116,Madu Lemon Tea,Adem Sari,1.0,sajian (175 ml),60.0,,,16.0,,0.0,0.0,0.0,,,,,,,,15.0,,,,,,,,,,,,,,,,,,,,,,35.0,,,,,,,,,,,,,
2117,Madu Murni Nusantara,Madu Nusantara,0.0,0,0.0,0.0,0.0,0.0,0.0,0.0,0.0,0.0,0.0,0.0,0.0,0.0,0.0,0.0,0.0,0.0,0.0,0.0,0.0,0.0,0.0,0.0,0.0,0.0,0.0,0.0,0.0,0.0,0.0,0.0,0.0,0.0,0.0,0.0,0.0,0.0,0.0,0.0,0.0,0.0,0.0,0.0,0.0,0.0,0.0,0.0,0.0,0.0,0.0,0.0,0.0
2118,Madu Semanggi,Saus & Bumbu,1.0,sdm,60.0,,,16.23,,0.06,0.0,0.0,0.0,0.0,,0.0,0.0,,,16.18,,,,,,,,,,,,,,,,,,,,,,1.0,10.0,,,,,,,,,,,,
2119,Madujae,Madu Nusantara,0.0,0,0.0,0.0,0.0,0.0,0.0,0.0,0.0,0.0,0.0,0.0,0.0,0.0,0.0,0.0,0.0,0.0,0.0,0.0,0.0,0.0,0.0,0.0,0.0,0.0,0.0,0.0,0.0,0.0,0.0,0.0,0.0,0.0,0.0,0.0,0.0,0.0,0.0,0.0,0.0,0.0,0.0,0.0,0.0,0.0,0.0,0.0,0.0,0.0,0.0,0.0,0.0
2120,Madurasa,Madurasa,0.0,0,0.0,0.0,0.0,0.0,0.0,0.0,0.0,0.0,0.0,0.0,0.0,0.0,0.0,0.0,0.0,0.0,0.0,0.0,0.0,0.0,0.0,0.0,0.0,0.0,0.0,0.0,0.0,0.0,0.0,0.0,0.0,0.0,0.0,0.0,0.0,0.0,0.0,0.0,0.0,0.0,0.0,0.0,0.0,0.0,0.0,0.0,0.0,0.0,0.0,0.0,0.0
2121,Madurasa Jeruk Nipis,Madurasa,0.0,0,0.0,0.0,0.0,0.0,0.0,0.0,0.0,0.0,0.0,0.0,0.0,0.0,0.0,0.0,0.0,0.0,0.0,0.0,0.0,0.0,0.0,0.0,0.0,0.0,0.0,0.0,0.0,0.0,0.0,0.0,0.0,0.0,0.0,0.0,0.0,0.0,0.0,0.0,0.0,0.0,0.0,0.0,0.0,0.0,0.0,0.0,0.0,0.0,0.0,0.0,0.0
2122,Madurasa Murni,Madurasa,0.0,0,0.0,0.0,0.0,0.0,0.0,0.0,0.0,0.0,0.0,0.0,0.0,0.0,0.0,0.0,0.0,0.0,0.0,0.0,0.0,0.0,0.0,0.0,0.0,0.0,0.0,0.0,0.0,0.0,0.0,0.0,0.0,0.0,0.0,0.0,0.0,0.0,0.0,0.0,0.0,0.0,0.0,0.0,0.0,0.0,0.0,0.0,0.0,0.0,0.0,0.0,0.0
2123,Madurasa Premium,Madurasa,0.0,0,0.0,0.0,0.0,0.0,0.0,0.0,0.0,0.0,0.0,0.0,0.0,0.0,0.0,0.0,0.0,0.0,0.0,0.0,0.0,0.0,0.0,0.0,0.0,0.0,0.0,0.0,0.0,0.0,0.0,0.0,0.0,0.0,0.0,0.0,0.0,0.0,0.0,0.0,0.0,0.0,0.0,0.0,0.0,0.0,0.0,0.0,0.0,0.0,0.0,0.0,0.0
2124,Maggi Asam Laksa,Maggi,0.0,0,0.0,0.0,0.0,0.0,0.0,0.0,0.0,0.0,0.0,0.0,0.0,0.0,0.0,0.0,0.0,0.0,0.0,0.0,0.0,0.0,0.0,0.0,0.0,0.0,0.0,0.0,0.0,0.0,0.0,0.0,0.0,0.0,0.0,0.0,0.0,0.0,0.0,0.0,0.0,0.0,0.0,0.0,0.0,0.0,0.0,0.0,0.0,0.0,0.0,0.0,0.0
2125,Maggi Kari,Maggi,0.0,0,0.0,0.0,0.0,0.0,0.0,0.0,0.0,0.0,0.0,0.0,0.0,0.0,0.0,0.0,0.0,0.0,0.0,0.0,0.0,0.0,0.0,0.0,0.0,0.0,0.0,0.0,0.0,0.0,0.0,0.0,0.0,0.0,0.0,0.0,0.0,0.0,0.0,0.0,0.0,0.0,0.0,0.0,0.0,0.0,0.0,0.0,0.0,0.0,0.0,0.0,0.0
2126,Magic Lezat,Maggi,0.0,0,0.0,0.0,0.0,0.0,0.0,0.0,0.0,0.0,0.0,0.0,0.0,0.0,0.0,0.0,0.0,0.0,0.0,0.0,0.0,0.0,0.0,0.0,0.0,0.0,0.0,0.0,0.0,0.0,0.0,0.0,0.0,0.0,0.0,0.0,0.0,0.0,0.0,0.0,0.0,0.0,0.0,0.0,0.0,0.0,0.0,0.0,0.0,0.0,0.0,0.0,0.0
2127,Magic Spicy Cracker,Jack N Jill,0.0,0,0.0,0.0,0.0,0.0,0.0,0.0,0.0,0.0,0.0,0.0,0.0,0.0,0.0,0.0,0.0,0.0,0.0,0.0,0.0,0.0,0.0,0.0,0.0,0.0,0.0,0.0,0.0,0.0,0.0,0.0,0.0,0.0,0.0,0.0,0.0,0.0,0.0,0.0,0.0,0.0,0.0,0.0,0.0,0.0,0.0,0.0,0.0,0.0,0.0,0.0,0.0
2128,Magnum Almond,Wall's,1.0,kemasan (80 ml),240.0,,,21.0,,3.0,16.0,9.0,1.0,4.5,,5.0,0.0,,,18.0,,,,,,,,,,,,,,,,,,,,,,25.0,0.0,,,,,,,,,,,,
2129,Magnum Classic,Wall's,1.0,batang (70 g),200.0,,,23.0,,2.0,15.0,11.0,,,,0.0,2.0,,,17.0,,,,,,,,,,,,,,,,,,,,,,40.0,,,,,,,,,,,,,
2130,Magnum Matcha Crumble,Wall's,1.0,porsi (80 ml),240.0,,,23.0,,3.0,15.0,10.0,0.0,4.0,,0.0,2.0,,,17.0,,,,,,,,,,,,,,,,,,,,,,40.0,,,,,,,,,,,,,
2131,Magnum Mini Almond,Wall's,1.0,serving (36 g),130.0,,,12.0,,2.0,8.0,6.0,0.0,2.0,,,2.0,,,8.0,,,,,,,,,,,,,,,,,,,,,,15.0,,,,,,,,,,,,,
2132,Mahi Mahi,Ikan & Seafood,100.0,gram (g),85.0,,,0.0,,18.5,0.7,0.188,0.165,0.121,,73.0,0.0,,,,,,,,,,,,,,,,,,,,,,,,,88.0,416.0,,,,,,,,,,,,
2133,Maizena,Haan,100.0,g,353.0,,,87.23,,0.34,0.3,0.11,,,,,,,,0.0,,,,,,,,,,,,,,,,,,,,,,0.0,,,,,,,,,,,,,
2134,Makanan Cepat Saji,Makanan,0.0,0,0.0,0.0,0.0,0.0,0.0,0.0,0.0,0.0,0.0,0.0,0.0,0.0,0.0,0.0,0.0,0.0,0.0,0.0,0.0,0.0,0.0,0.0,0.0,0.0,0.0,0.0,0.0,0.0,0.0,0.0,0.0,0.0,0.0,0.0,0.0,0.0,0.0,0.0,0.0,0.0,0.0,0.0,0.0,0.0,0.0,0.0,0.0,0.0,0.0,0.0,0.0
"2135,Makanan Pembuka Makaroni dan Keju (Kalengan),""Nasi, Mie & Pasta"",1.0,porsi,200.0,,,28.11,,8.25,6.0,2.15,0.739,1.464,,15.0,1.2,,,1.22,,,,,,,,,,,,,,,,,,,,,,1027.0,205.0,,,,,,,,,,,,"
2136,Makanan Penutup,Makanan,0.0,0,0.0,0.0,0.0,0.0,0.0,0.0,0.0,0.0,0.0,0.0,0.0,0.0,0.0,0.0,0.0,0.0,0.0,0.0,0.0,0.0,0.0,0.0,0.0,0.0,0.0,0.0,0.0,0.0,0.0,0.0,0.0,0.0,0.0,0.0,0.0,0.0,0.0,0.0,0.0,0.0,0.0,0.0,0.0,0.0,0.0,0.0,0.0,0.0,0.0,0.0,0.0
2137,Makanan Ringan,Jaipongmix,17.0,g),70.0,,,8.0,,1.0,3.5,1.5,,,,,,,,1.0,,,,,,,,,,,,,,,,,,,,,,100.0,,,,,,,,,,,,,
2138,Makanan Ringan,Makanan,0.0,0,0.0,0.0,0.0,0.0,0.0,0.0,0.0,0.0,0.0,0.0,0.0,0.0,0.0,0.0,0.0,0.0,0.0,0.0,0.0,0.0,0.0,0.0,0.0,0.0,0.0,0.0,0.0,0.0,0.0,0.0,0.0,0.0,0.0,0.0,0.0,0.0,0.0,0.0,0.0,0.0,0.0,0.0,0.0,0.0,0.0,0.0,0.0,0.0,0.0,0.0,0.0
2139,Makanan Ringan Ekstrudat Rasa Rumput Laut,Ulala,1.0,porsi (20 g),100.0,,,12.0,,2.0,6.0,2.6,0.0,0.0,,0.0,0.0,,,2.0,,,,,,,,,,,,,,,,,,,,,,180.0,0.0,,,,,,,,,,,,
2140,Makaroni,Balducci,1.0,porsi (55 g),200.0,,,39.0,,7.0,1.0,,,,,,2.0,,,2.0,,,,,,,,,,,,,,,,,,,,,,5.0,,,,,,,,,,,,,
"2141,Makaroni,""Nasi, Mie & Pasta"",100.0,gram (g),157.0,,,30.68,,5.76,0.92,0.175,0.317,0.13,,0.0,1.8,,,0.56,,,,,,,,,,,,,,,,,,,,,,232.0,45.0,,,,,,,,,,,,"
2142,Makaroni Balado,Cem-Cem,7.0,biji (20 g),100.0,,,13.0,,2.0,4.0,,,,,,,,,1.0,,,,,,,,,,,,,,,,,,,,,,270.0,,,,,,,,,,,,,
"2143,Makaroni Gandum,""Nasi, Mie & Pasta"",100.0,gram (g),123.0,,,26.38,,5.3,0.54,0.098,0.212,0.075,,0.0,2.8,,,0.8,,,,,,,,,,,,,,,,,,,,,,234.0,44.0,,,,,,,,,,,,"
2144,Makaroni Habanero,Jetz,0.0,0,0.0,0.0,0.0,0.0,0.0,0.0,0.0,0.0,0.0,0.0,0.0,0.0,0.0,0.0,0.0,0.0,0.0,0.0,0.0,0.0,0.0,0.0,0.0,0.0,0.0,0.0,0.0,0.0,0.0,0.0,0.0,0.0,0.0,0.0,0.0,0.0,0.0,0.0,0.0,0.0,0.0,0.0,0.0,0.0,0.0,0.0,0.0,0.0,0.0,0.0,0.0
"2145,Makaroni Krim dengan Keju,""Nasi, Mie & Pasta"",100.0,gram (g),208.0,,,24.09,,8.13,8.59,3.693,1.311,2.937,,16.0,1.4,,,0.52,,,,,,,,,,,,,,,,,,,,,,167.0,61.0,,,,,,,,,,,,"
2146,Makaroni Pedas,Ajisuka,1.0,packages (8 g),40.0,,,5.0,,1.0,1.5,1.0,,,,,,,,1.0,,,,,,,,,,,,,,,,,,,,,,70.0,,,,,,,,,,,,,
2147,Makaroni Rasa Sup Ayam,La Fonte,0.0,0,0.0,0.0,0.0,0.0,0.0,0.0,0.0,0.0,0.0,0.0,0.0,0.0,0.0,0.0,0.0,0.0,0.0,0.0,0.0,0.0,0.0,0.0,0.0,0.0,0.0,0.0,0.0,0.0,0.0,0.0,0.0,0.0,0.0,0.0,0.0,0.0,0.0,0.0,0.0,0.0,0.0,0.0,0.0,0.0,0.0,0.0,0.0,0.0,0.0,0.0,0.0
2148,Makaroni Rasa Sup Sayuran,La Fonte,0.0,0,0.0,0.0,0.0,0.0,0.0,0.0,0.0,0.0,0.0,0.0,0.0,0.0,0.0,0.0,0.0,0.0,0.0,0.0,0.0,0.0,0.0,0.0,0.0,0.0,0.0,0.0,0.0,0.0,0.0,0.0,0.0,0.0,0.0,0.0,0.0,0.0,0.0,0.0,0.0,0.0,0.0,0.0,0.0,0.0,0.0,0.0,0.0,0.0,0.0,0.0,0.0
2149,Makaroni Sambal Matah,Cem-Cem,1.0,porsi (20 g),100.0,,,13.0,,2.0,4.0,,,,,,,,,3.0,,,,,,,,,,,,,,,,,,,,,,150.0,,,,,,,,,,,,,
"2150,Makaroni atau Mie dengan Keju,""Nasi, Mie & Pasta"",1.0,mangkok,493.0,,,52.15,,19.29,22.84,9.625,3.579,7.849,,41.0,2.7,,,8.72,,,,,,,,,,,,,,,,,,,,,,953.0,328.0,,,,,,,,,,,,"
"2151,Makaroni atau Mie dengan Keju (Campuran Ditumbuk dengan Saus Keju),""Nasi, Mie & Pasta"",1.0,mangkok,386.0,,,54.29,,15.28,11.59,6.619,0.909,2.873,,26.0,3.0,,,2.45,,,,,,,,,,,,,,,,,,,,,,786.0,132.0,,,,,,,,,,,,"
"2152,Makaroni atau Mie dengan Keju (Campuran Kering),""Nasi, Mie & Pasta"",100.0,gram (g),219.0,,,25.74,,6.25,10.06,2.503,2.658,4.223,,4.0,1.4,,,2.76,,,,,,,,,,,,,,,,,,,,,,365.0,87.0,,,,,,,,,,,,"
2153,Makaroniku Elbow,Egafood,100.0,g,145.0,,,31.0,,3.9,0.5,,,,,,,,,,,,,,,,,,,,,,,,,,,,,,,,,,,,,,,,,,,,
2154,Mala Garlic Baked Fish Soup with Garlic Rice,Yellow Fit,0.0,0,0.0,0.0,0.0,0.0,0.0,0.0,0.0,0.0,0.0,0.0,0.0,0.0,0.0,0.0,0.0,0.0,0.0,0.0,0.0,0.0,0.0,0.0,0.0,0.0,0.0,0.0,0.0,0.0,0.0,0.0,0.0,0.0,0.0,0.0,0.0,0.0,0.0,0.0,0.0,0.0,0.0,0.0,0.0,0.0,0.0,0.0,0.0,0.0,0.0,0.0,0.0
2155,Malaysian Roti Chanai,Kawan,0.0,0,0.0,0.0,0.0,0.0,0.0,0.0,0.0,0.0,0.0,0.0,0.0,0.0,0.0,0.0,0.0,0.0,0.0,0.0,0.0,0.0,0.0,0.0,0.0,0.0,0.0,0.0,0.0,0.0,0.0,0.0,0.0,0.0,0.0,0.0,0.0,0.0,0.0,0.0,0.0,0.0,0.0,0.0,0.0,0.0,0.0,0.0,0.0,0.0,0.0,0.0,0.0
2156,Malkist,Hatari,2.0,keping (16 g),70.0,,,12.0,,1.0,2.5,1.0,,,,,1.0,,,2.0,,,,,,,,,,,,,,,,,,,,,,65.0,,,,,,,,,,,,,
2157,Malkist Crackers,Paroti,1.0,keping (24 g),110.0,,,16.0,,3.0,4.0,,,,,,,,,,,,,,,,,,,,,,,,,,,,,,,,,,,,,,,,,,,,
2158,Malkist Crackers,UBM Biscuits,1.0,pack (25 g),120.0,,,17.0,,2.0,4.5,,,,,,,,,1.0,,,,,,,,,,,,,,,,,,,,,,0.0,,,,,,,,,,,,,
2159,Malkist Crackers,Unibis,5.0,keping (27 g),120.0,,,19.0,,2.0,4.0,,,,,,,,,2.0,,,,,,,,,,,,,,,,,,,,,,,,,,,,,,,,,,,
2160,Malkist Original,Hatari,2.0,keping (16 g),70.0,,,12.0,,1.0,2.5,1.0,,,,,0.0,,,2.0,,,,,,,,,,,,,,,,,,,,,,75.0,,,,,,,,,,,,,
2161,Malkist Rasa Kelapa,Hatari,2.0,keping (16 g),70.0,,,12.0,,1.0,2.5,1.0,,,,0.0,0.0,,,2.0,,,,,,,,,,,,,,,,,,,,,,80.0,0.0,,,,,,,,,,,,
2162,Malkist Rasa Margarin,Hatari,2.0,keping (16 g),80.0,,,10.0,,1.0,3.5,1.5,,,,0.0,1.0,,,2.0,,,,,,,,,,,,,,,,,,,,,,65.0,0.0,,,,,,,,,,,,
2163,Malkist Salut Chocolate,Paroti,2.0,malkist (20 g),100.0,,,13.0,,1.0,4.5,3.5,,,,,1.0,,,5.0,,,,,,,,,,,,,,,,,,,,,,80.0,,,,,,,,,,,,,
2164,Malkist Square Puff,UBM Biscuits,1.0,porsi (17 g),80.0,,,12.0,,1.0,2.5,1.0,,,,,,,,2.0,,,,,,,,,,,,,,,,,,,,,,130.0,,,,,,,,,,,,,
2165,Mallow Magic,Jolly Time,2.0,1/2 cups popped (32 g),170.0,,,16.0,,1.0,12.0,2.0,,,,0.0,3.0,,,5.0,,,,,,,,,,,,,,,,,,,,,,170.0,0.0,,,,,,,,,,,,
2166,Malted Oat Multigrain,De Bakker,23.0,g),62.0,,,12.0,,2.0,1.0,1.0,,,,0.0,2.0,,,0.0,,,,,,,,,,,,,,,,,,,,,,115.0,,,,,,,,,,,,,
2167,Maltitos,Delfi,1.0,takaran saji (20 g),100.0,,,14.0,,1.0,4.0,2.5,,,,,,,,8.0,,,,,,,,,,,,,,,,,,,,,,20.0,,,,,,,,,,,,,
2168,Mangga,Buah,100.0,gram (g),65.0,,,17.0,,0.51,0.27,0.066,0.051,0.101,,0.0,1.8,,,14.8,,,,,,,,,,,,,,,,,,,,,,2.0,156.0,,,,,,,,,,,,
2169,Mangga Harumanis,Beeru,100.0,g,46.0,,,11.9,,0.4,0.2,,,,,,1.7,,,,,,,,,,,,,,,,,,,,,,,,,2.0,,,,,,,,,,,,,
"2170,Mangga Kering,Buah,1.0,""untai (8,5 cm x 2 cm x 0,3 cm)"",16.0,,,4.08,,0.07,0.04,0.01,0.007,0.015,,0.0,0.3,,,3.76,,,,,,,,,,,,,,,,,,,,,,0.0,23.0,,,,,,,,,,,,"
2171,Mango Fruits Yogurt,Elle & Vire,100.0,g,92.0,,,17.2,,2.2,1.5,1.0,,,,,,,,15.3,,,,,,,,,,,,,,,,,,,,,,0.0,,,,,,,,,,,,,
2172,Mangut Ayam with Red Grain Rice + Tempe Goreng Bawang,Yellow Fit Kitchen,1.0,serving,534.0,,,68.0,,34.0,14.0,,,,,,6.0,,,,,,,,,,,,,,,,,,,,,,,,,,,,,,,,,,,,,,
2173,Mantao Plain,Wei Wang,1.0,porsi (36 g),100.0,,,9.0,,3.0,1.0,,,,,,1.8,,,1.0,,,,,,,,,,,,,,,,,,,,,,,,,,,,,,,,,,,
2174,Mantou,Edo,1.0,porsi (40 g),110.0,,,22.0,,5.0,1.5,,,,,,,,,1.0,,,,,,,,,,,,,,,,,,,,,,50.0,,,,,,,,,,,,,
2175,Mantou Plain,Edo,1.0,buah (40 g),110.0,,,21.0,,5.0,1.0,0.0,,,,,,,,1.0,,,,,,,,,,,,,,,,,,,,,,20.0,,,,,,,,,,,,,
2176,Mantou Rasa Coklat,Edo,1.0,buah  (40 g),110.0,,,22.0,,3.0,1.5,,,,,0.0,,,,6.0,,,,,,,,,,,,,,,,,,,,,,55.0,,,,,,,,,,,,,
2177,Marchies Chocolate Stick,Kartika Toast,1.0,porsi (25 g),120.0,,,16.0,,3.0,5.0,4.0,,,,,1.0,,,5.0,,,,,,,,,,,,,,,,,,,,,,80.0,,,,,,,,,,,,,
2178,Margarin,Filma,1.0,sdm (8 g),60.0,,,0.0,,0.0,6.0,4.0,0.5,,,0.0,0.0,,,0.0,,,,,,,,,,,,,,,,,,,,,,80.0,0.0,,,,,,,,,,,,
2179,Margarin,Keju & Susu,1.0,sdm,75.0,,,0.0,,0.09,8.46,1.436,3.53,2.905,,0.0,0.0,,,0.0,,,,,,,,,,,,,,,,,,,,,,112.0,4.0,,,,,,,,,,,,
2180,Margarin,Lainnya,1.0,sdm,75.0,,,0.0,,0.09,8.46,1.436,3.53,2.905,,0.0,0.0,,,0.0,,,,,,,,,,,,,,,,,,,,,,112.0,4.0,,,,,,,,,,,,
2181,Margarin,Palmia,1.0,sdm (9 g),70.0,,,0.0,,0.0,7.0,4.0,0.5,2.5,,0.0,0.0,,,0.0,,,,,,,,,,,,,,,,,,,,,,75.0,,,,,,,,,,,,,
"2182,""Margarin (Minyak Nabati, 20% Lemak )"",Keju & Susu,1.0,sdm,26.0,,,0.06,,0.0,2.92,0.43,1.206,1.122,,0.0,0.0,,,0.0,,,,,,,,,,,,,,,,,,,,,,110.0,4.0,,,,,,,,,,,,"
2183,Margarita,Minuman,1.0,koktail,168.0,,,10.67,,0.05,0.08,0.015,0.033,0.007,,0.0,0.1,,,9.82,,,,,,,,,,,,,,,,,,,,,,295.0,15.0,,,,,,,,,,,,
2184,Margarita Beku,Minuman,1.0,minuman,218.0,,,12.16,,0.11,0.17,0.025,0.056,0.014,,0.0,0.3,,,9.82,,,,,,,,,,,,,,,,,,,,,,1638.0,36.0,,,,,,,,,,,,
2185,Marie,Regal,2.0,keping (15 g),70.0,,,12.0,,1.0,1.5,1.0,,,,3.0,,,,4.0,,,,,,,,,,,,,,,,,,,,,,,25.0,,,,,,,,,,,,
2186,Marie Biscuits,Regal,3.0,biscuits (25 g),110.0,,,19.0,,2.0,3.0,2.0,,,,6.0,0.0,,,6.0,,,,,,,,,,,,,,,,,,,,,,67.0,,,,,,,,,,,,,
2187,Marie Duo,Regal,8.0,biscuits (60 g),290.0,,,42.0,,4.0,12.0,7.0,,,,12.0,1.0,,,20.0,,,,,,,,,,,,,,,,,,,,,,120.0,140.0,,,,,,,,,,,,
2188,Marie Duo Peanut Butter,Regal,1.0,porsi (20 g),80.0,,,13.0,,1.0,2.5,1.5,,,,0.0,1.0,,,4.0,,,,,,,,,,,,,,,,,,,,,,70.0,90.0,,,,,,,,,,,,
2189,Marie Susu,Aim Biscuits,1.0,serving (25 g),120.0,,,18.0,,2.0,5.0,,,,,,,,,5.0,,,,,,,,,,,,,,,,,,,,,,100.0,,,,,,,,,,,,,
2190,Marie Susu,Hatari,10.0,keping (18 g),80.0,,,14.0,,1.0,2.5,1.0,,,,,,,,4.0,,,,,,,,,,,,,,,,,,,,,,53.0,,,,,,,,,,,,,
2191,Marie Susu Biskuit,Inafood,3.0,keping (12 g),50.0,,,9.0,,1.0,1.5,1.0,,,,0.0,1.0,,,3.0,,,,,,,,,,,,,,,,,,,,,,40.0,25.0,,,,,,,,,,,,
2192,Marine Collagen,Vital Proteins,1.0,serving (12 g),45.0,,,0.0,,11.0,0.0,,,,,0.0,,,,,,,,,,,,,,,,,,,,,,,,,,0.0,0.0,,,,,,,,,,,,
2193,Martabak,Fit Solution,1.0,porsi,199.0,,,21.5,,12.5,7.0,,,,,,,,,,,,,,,,,,,,,,,,,,,,,,,,,,,,,,,,,,,,
2194,Martini,Minuman,1.0,koktail,160.0,,,0.4,,0.01,0.0,0.0,0.0,0.0,,0.0,0.0,,,0.11,,,,,,,,,,,,,,,,,,,,,,1.0,16.0,,,,,,,,,,,,
"2195,Masako Bumbu Kaldu Rasa Jamur,Ajinomoto,1.0,""sajian (1,6 g)"",0.0,,,0.0,,0.0,0.0,,,,,,,,,,,,,,,,,,,,,,,,,,,,,,,380.0,,,,,,,,,,,,,"
2196,Masako Daging,Ajinomoto,1.0,porsi (2 g),0.0,,,0.0,,0.0,0.0,0.0,,,,0.0,,,,0.0,,,,,,,,,,,,,,,,,,,,,,,,,,,,,,,,,,,
2197,Mascarpone,Tatua,100.0,g,337.0,,,4.8,,1.7,35.0,23.1,,,,,,,,2.5,,,,,,,,,,,,,,,,,,,,,,52.0,,,,,,,,,,,,,
2198,Mascarpone,Yummy,1.0,porsi (50 g),190.0,,,3.0,,2.0,19.0,,,,,,,,,0.0,,,,,,,,,,,,,,,,,,,,,,10.0,,,,,,,,,,,,,
2199,Mashed Potato,Engel,1.0,porsi (55 g),210.0,,,39.0,,5.0,3.5,,,,,,4.0,,,4.0,,,,,,,,,,,,,,,,,,,,,,880.0,800.0,,,,,,,,,,,,
2200,Mashed Potato Broccoli,Engel,1.0,porsi (55 g),210.0,,,39.0,,5.0,3.5,,,,,,4.0,,,5.0,,,,,,,,,,,,,,,,,,,,,,880.0,,,,,,,,,,,,,
2201,Mashed Potato With Milk,Engel,1.0,porsi (60 g),220.0,,,46.0,,5.0,2.0,,,,,,4.0,,,5.0,,,,,,,,,,,,,,,,,,,,,,400.0,,,,,,,,,,,,,
2202,Mass,Rimbalife,0.0,0,0.0,0.0,0.0,0.0,0.0,0.0,0.0,0.0,0.0,0.0,0.0,0.0,0.0,0.0,0.0,0.0,0.0,0.0,0.0,0.0,0.0,0.0,0.0,0.0,0.0,0.0,0.0,0.0,0.0,0.0,0.0,0.0,0.0,0.0,0.0,0.0,0.0,0.0,0.0,0.0,0.0,0.0,0.0,0.0,0.0,0.0,0.0,0.0,0.0,0.0,0.0
2203,Mass Gainer,PH Nutrition,1.0,porsi (200 g),980.0,,,183.0,,59.0,1.0,0.0,,,,15.0,,,,1.0,,,,,,,,,,,,,,,,,,,,,,250.0,325.0,,,,,,,,,,,,
2204,Mass Gainer,R3ACT,1.0,porsi (225 g),853.0,,,145.0,,57.0,5.0,3.0,,,,125.0,8.0,,,17.0,,,,,,,,,,,,,,,,,,,,,,190.0,,,,,,,,,,,,,
"2205,Mass Muscle Gainer,Elite Labs USA,2.0,""scoops (127,5 g)"",500.0,,,87.0,,30.0,3.5,1.25,,,,2.0,1.0,,,17.0,,,,,,,,,,,,,,,,,,,,,,88.0,,,,,,,,,,,,,"
2206,Massiv Gainer,Fitlife,8.0,scoop (252 g),1090.0,,,167.0,,59.0,21.0,5.0,,,,69.0,,,,2.0,,,,,,,,,,,,,,,,,,,,,,201.0,,,,,,,,,,,,,
2207,Master Bom,VECTORLABS,1.0,serving (10 g),32.0,,,0.0,,1.0,0.0,,,,,,,,,,,,,,,,,,,,,,,,,,,,,,,10.0,,,,,,,,,,,,,
2208,Master Cre,VECTORLABS,1.0,sdm (5 g),18.0,,,1.0,,4.0,0.0,0.0,0.0,0.0,,0.0,0.0,,,1.0,,,,,,,,,,,,,,,,,,,,,,2.0,0.0,,,,,,,,,,,,
2209,Master Mass,VECTORLABS,1.0,scoop (42 g),220.0,,,36.0,,12.0,0.6,,,,,1.0,0.2,,,2.0,,,,,,,,,,,,,,,,,,,,,,34.0,60.0,,,,,,,,,,,,
2210,Master Mass Caramel,VECTORLABS,1.0,scoop (75 g),280.0,,,48.0,,20.0,1.0,2.0,,,,20.0,,,,15.0,,,,,,,,,,,,,,,,,,,,,,190.0,,,,,,,,,,,,,
2211,Master Mass Dark Chocolate,VECTORLABS,1.0,scoop (64 g),240.0,,,46.0,,12.0,1.0,1.0,,,,35.0,,,,4.0,,,,,,,,,,,,,,,,,,,,,,,,,,,,,,,,,,,
2212,Master Whey,VECTORLABS,1.0,scoop (32 g),130.0,,,3.0,,25.0,1.5,,,,,50.0,0.0,,,1.0,,,,,,,,,,,,,,,,,,,,,,70.0,130.0,,,,,,,,,,,,
2213,Master Whey (Baileys),VECTORLABS,1.0,serving (46 g),170.0,,,15.0,,25.0,1.5,1.0,,,,35.0,,,,5.0,,,,,,,,,,,,,,,,,,,,,,130.0,,,,,,,,,,,,,
2214,Master Whey Choco Amaretto,VECTORLABS,1.0,porsi (45 g),170.0,,,12.0,,25.0,3.0,1.5,,,,35.0,,,,5.0,,,,,,,,,,,,,,,,,,,,,,120.0,,,,,,,,,,,,,
2215,Master Whey Choco Milk,VECTORLABS,1.0,serving (40 g),170.0,,,13.0,,25.0,2.5,1.5,,,,55.0,,,,5.0,,,,,,,,,,,,,,,,,,,,,,180.0,,,,,,,,,,,,,
2216,Master Whey Dark Choco,VECTORLABS,1.0,scoop (45 g),170.0,,,13.0,,25.0,2.0,1.5,,,,45.0,,,,4.0,,,,,,,,,,,,,,,,,,,,,,110.0,,,,,,,,,,,,,
2217,Master Whey Lychee Milkshake,VECTORLABS,1.0,takaran saji (45 g),170.0,,,12.0,,25.0,3.0,2.0,,,,45.0,,,,4.0,,,,,,,,,,,,,,,,,,,,,,115.0,,,,,,,,,,,,,
2218,Master Whey Matcha,VECTORLABS,1.0,serving (45 g),170.0,,,11.0,,25.0,3.0,2.0,,,,5.0,,,,2.0,,,,,,,,,,,,,,,,,,,,,,100.0,,,,,,,,,,,,,
2219,Master Whey Mocha,VECTORLABS,1.0,serving (45 g),170.0,,,13.0,,25.0,2.0,1.0,,,,25.0,,,,5.0,,,,,,,,,,,,,,,,,,,,,,120.0,,,,,,,,,,,,,
2220,Master Whey Vanilla,VECTORLABS,1.0,serving (46 g),170.0,,,13.0,,25.0,2.0,1.0,,,,35.0,,,,6.0,,,,,,,,,,,,,,,,,,,,,,190.0,,,,,,,,,,,,,
2221,Mat Kimchi,JONGGA,100.0,g,58.0,,,6.8,,0.0,2.7,0.6,,,,,,,,6.0,,,,,,,,,,,,,,,,,,,,,,1260.0,,,,,,,,,,,,,
2222,Matcha,Aik Cheong,1.0,bungkus (25 g),110.0,,,20.0,,1.0,3.0,3.0,,,,0.0,,,,12.0,,,,,,,,,,,,,,,,,,,,,,,,,,,,,,,,,,,
2223,Matcha,Zenlatte,1.0,bungkus (20 g),80.0,,,17.0,,1.0,1.0,1.0,,,,,,,,15.0,,,,,,,,,,,,,,,,,,,,,,15.0,,,,,,,,,,,,,
2224,Matcha Berry Bites,Wonhae,1.0,porsi (20 g),100.0,,,13.0,,1.0,5.0,3.5,,,,,1.0,,,8.0,,,,,,,,,,,,,,,,,,,,,,45.0,,,,,,,,,,,,,
2225,Matcha Flavour,Pocky,1.0,kemasan (33 g),160.0,,,22.0,,2.0,7.0,7.0,,,,,2.0,,,10.0,,,,,,,,,,,,,,,,,,,,,,55.0,,,,,,,,,,,,,
2226,Matcha Green Tea,Haagen Dazs,100.0,g,241.0,,,21.2,,4.4,15.3,10.1,0.6,4.0,,87.0,0.6,,,21.2,,,,,,,,,,,,,,,,,,,,,,59.0,,,,,,,,,,,,,
2227,Matcha Latte,SariWangi,1.0,sajian (22 g),90.0,,,16.0,,3.0,2.0,0.0,0.0,0.0,,,1.0,,,9.0,,,,,,,,,,,,,,,,,,,,,,70.0,,,,,,,,,,,,,
2228,Matcha Latte,Namaste Organic,0.0,0,0.0,0.0,0.0,0.0,0.0,0.0,0.0,0.0,0.0,0.0,0.0,0.0,0.0,0.0,0.0,0.0,0.0,0.0,0.0,0.0,0.0,0.0,0.0,0.0,0.0,0.0,0.0,0.0,0.0,0.0,0.0,0.0,0.0,0.0,0.0,0.0,0.0,0.0,0.0,0.0,0.0,0.0,0.0,0.0,0.0,0.0,0.0,0.0,0.0,0.0,0.0
2229,Maxcreamer,Incofood,1.0,sendok teh (3 g),15.0,,,2.0,,0.0,1.0,1.0,,,,0.0,,,,,,,,,,,,,,,,,,,,,,,,,,0.0,,,,,,,,,,,,,
2230,Maxim Crown,Elvan,100.0,g,508.0,,,70.0,,3.0,24.0,19.0,,,,,,,,42.0,,,,,,,,,,,,,,,,,,,,,,500.0,,,,,,,,,,,,,
2231,Mayo Premium,Maestro,0.0,0,0.0,0.0,0.0,0.0,0.0,0.0,0.0,0.0,0.0,0.0,0.0,0.0,0.0,0.0,0.0,0.0,0.0,0.0,0.0,0.0,0.0,0.0,0.0,0.0,0.0,0.0,0.0,0.0,0.0,0.0,0.0,0.0,0.0,0.0,0.0,0.0,0.0,0.0,0.0,0.0,0.0,0.0,0.0,0.0,0.0,0.0,0.0,0.0,0.0,0.0,0.0
2232,Mayonais Kurang Lemak,Maestro,0.0,0,0.0,0.0,0.0,0.0,0.0,0.0,0.0,0.0,0.0,0.0,0.0,0.0,0.0,0.0,0.0,0.0,0.0,0.0,0.0,0.0,0.0,0.0,0.0,0.0,0.0,0.0,0.0,0.0,0.0,0.0,0.0,0.0,0.0,0.0,0.0,0.0,0.0,0.0,0.0,0.0,0.0,0.0,0.0,0.0,0.0,0.0,0.0,0.0,0.0,0.0,0.0
2233,Mayonais Original,Kewpie,1.0,sajian (15 g),110.0,,,0.0,,0.0,12.0,2.0,0.0,0.0,,0.0,0.0,,,0.0,,,,,,,,,,,,,,,,,,,,,,95.0,0.0,,,,,,,,,,,,
2234,Mayonais Pedas,Maestro,0.0,0,0.0,0.0,0.0,0.0,0.0,0.0,0.0,0.0,0.0,0.0,0.0,0.0,0.0,0.0,0.0,0.0,0.0,0.0,0.0,0.0,0.0,0.0,0.0,0.0,0.0,0.0,0.0,0.0,0.0,0.0,0.0,0.0,0.0,0.0,0.0,0.0,0.0,0.0,0.0,0.0,0.0,0.0,0.0,0.0,0.0,0.0,0.0,0.0,0.0,0.0,0.0
2235,Mayonaisse,Remia,0.0,0,0.0,0.0,0.0,0.0,0.0,0.0,0.0,0.0,0.0,0.0,0.0,0.0,0.0,0.0,0.0,0.0,0.0,0.0,0.0,0.0,0.0,0.0,0.0,0.0,0.0,0.0,0.0,0.0,0.0,0.0,0.0,0.0,0.0,0.0,0.0,0.0,0.0,0.0,0.0,0.0,0.0,0.0,0.0,0.0,0.0,0.0,0.0,0.0,0.0,0.0,0.0
2236,Mayones,Lainnya,1.0,sdm,57.0,,,3.51,,0.13,4.91,0.72,2.646,1.323,,4.0,0.0,,,0.94,,,,,,,,,,,,,,,,,,,,,,105.0,1.0,,,,,,,,,,,,
2237,Mayones,Saus & Bumbu,1.0,sdm,57.0,,,3.51,,0.13,4.91,0.72,2.646,1.323,,4.0,0.0,,,0.94,,,,,,,,,,,,,,,,,,,,,,105.0,1.0,,,,,,,,,,,,
2238,Mayonnaise Light,Remia,100.0,ml,270.0,,,9.4,,0.5,26.0,1.9,,,,,,,,3.6,,,,,,,,,,,,,,,,,,,,,,1200.0,,,,,,,,,,,,,
2239,Mayumi,Ajinomoto,1.0,sendok (20 g),70.0,,,7.0,,0.0,4.5,1.0,2.3,0.2,,10.0,0.0,,,4.0,,,,,,,,,,,,,,,,,,,,,,290.0,0.0,,,,,,,,,,,,
2240,Mayumi Pedas,Ajinomoto,1.0,sendok makan (20 g),100.0,,,4.0,,0.0,10.0,1.5,,,,3.0,,,,3.0,,,,,,,,,,,,,,,,,,,,,,280.0,,,,,,,,,,,,,
2241,Meal Replacement,Veganea,1.0,serving (33 g),140.0,,,16.0,,15.0,1.5,,,,,,5.0,,,,,,,,,,,,,,,,,,,,,,,,,250.0,227.0,,,,,,,,,,,,
2242,Meal Replacement Coklat,WRP,1.0,porsi (54 g),210.0,,,32.0,,14.0,3.0,0.5,,,,0.0,3.0,,,16.0,,,,,,,,,,,,,,,,,,,,,,260.0,560.0,,,,,,,,,,,,
2243,Meal Replacement Strawberry,WRP,1.0,bungkus (54 g),210.0,,,35.0,,14.0,1.5,0.5,,,,0.0,4.0,,,16.0,,,,,,,,,,,,,,,,,,,,,,260.0,550.0,,,,,,,,,,,,
2244,Meal Shake,Balans,1.0,sachet (50 g),190.0,,,22.0,,21.0,2.0,1.0,,,,27.0,5.0,,,4.0,,,,,,,,,,,,,,,,,,,,,,109.0,,,,,,,,,,,,,
2245,Mega Ring,Unibis,5.0,keping (30 g),150.0,,,21.0,,2.0,6.0,3.5,,,,,,,,7.0,,,,,,,,,,,,,,,,,,,,,,100.0,,,,,,,,,,,,,
2246,Meja Anggur,Minuman,1.0,porsi 150 ml,124.0,,,4.03,,0.1,0.0,0.0,0.0,0.0,,0.0,0.0,,,1.17,,,,,,,,,,,,,,,,,,,,,,7.0,147.0,,,,,,,,,,,,
2247,Meja Anggur Merah,Minuman,1.0,porsi 150 ml,125.0,,,3.84,,0.1,0.0,0.0,0.0,0.0,,0.0,0.0,,,0.91,,,,,,,,,,,,,,,,,,,,,,6.0,187.0,,,,,,,,,,,,
2248,Meja Anggur Putih,Minuman,1.0,porsi 150 ml,122.0,,,3.82,,0.1,0.0,0.0,0.0,0.0,,0.0,0.0,,,1.41,,,,,,,,,,,,,,,,,,,,,,7.0,104.0,,,,,,,,,,,,
2249,Melon Flavored Milk,Wonhae,1.0,porsi (250 ml),150.0,,,28.0,,4.0,3.0,2.0,,,,,,,,22.0,,,,,,,,,,,,,,,,,,,,,,150.0,,,,,,,,,,,,,
2250,Mentega,Keju & Susu,1.0,sdm,102.0,,,0.01,,0.12,11.52,7.294,0.432,2.985,,31.0,0.0,,,0.01,,,,,,,,,,,,,,,,,,,,,,2.0,3.0,,,,,,,,,,,,
2251,Mentega,Lainnya,1.0,sdm,102.0,,,0.01,,0.12,11.52,7.294,0.432,2.985,,31.0,0.0,,,0.01,,,,,,,,,,,,,,,,,,,,,,2.0,3.0,,,,,,,,,,,,
2252,Mentega (Asin),Keju & Susu,1.0,sdm,102.0,,,0.01,,0.12,11.52,7.294,0.432,2.985,,31.0,0.0,,,0.01,,,,,,,,,,,,,,,,,,,,,,82.0,3.0,,,,,,,,,,,,
2253,Mentega Dikocok (Asin),Keju & Susu,1.0,sdm,67.0,,,0.01,,0.08,7.62,4.746,0.283,2.202,,21.0,0.0,,,0.01,,,,,,,,,,,,,,,,,,,,,,78.0,2.0,,,,,,,,,,,,
2254,Mentimun (Kupas),Sayuran,100.0,gram (g),12.0,,,2.16,,0.59,0.16,0.013,0.003,0.002,,0.0,0.7,,,1.38,,,,,,,,,,,,,,,,,,,,,,2.0,136.0,,,,,,,,,,,,
2255,Mentimun (dengan Kulit),Sayuran,100.0,gram (g),15.0,,,3.63,,0.65,0.11,0.034,0.053,0.003,,0.0,0.5,,,1.67,,,,,,,,,,,,,,,,,,,,,,2.0,147.0,,,,,,,,,,,,
2256,Meses,Ceres,1.0,sendok makan (15 g),40.0,,,9.0,,0.5,0.0,,,,,,,,,,,,,,,,,,,,,,,,,,,,,,,,,,,,,,,,,,,,
2257,Meses,Safari,1.0,sendok (15 g),70.0,,,11.0,,1.0,3.5,,,,,,,,,11.0,,,,,,,,,,,,,,,,,,,,,,,,,,,,,,,,,,,
2258,Meses Festive,Ceres,1.0,takaran saji (30 g),150.0,,,22.0,,2.0,6.0,4.0,,,,,,,,19.0,,,,,,,,,,,,,,,,,,,,,,0.0,,,,,,,,,,,,,
2259,Mexican Beef Sandwich,Easy Peasy,1.0,porsi,431.0,,,55.0,,18.0,10.0,,,,,,,,,,,,,,,,,,,,,,,,,,,,,,,,,,,,,,,,,,,,
2260,Mi Goreng,Lemonilo,0.0,0,0.0,0.0,0.0,0.0,0.0,0.0,0.0,0.0,0.0,0.0,0.0,0.0,0.0,0.0,0.0,0.0,0.0,0.0,0.0,0.0,0.0,0.0,0.0,0.0,0.0,0.0,0.0,0.0,0.0,0.0,0.0,0.0,0.0,0.0,0.0,0.0,0.0,0.0,0.0,0.0,0.0,0.0,0.0,0.0,0.0,0.0,0.0,0.0,0.0,0.0,0.0
2261,Mi Goreng,Indomie,1.0,bungkus (80 g),380.0,,,49.0,,7.2,17.0,7.2,,,,0.0,2.0,,,6.4,,,,,,,,,,,,,,,,,,,,,,800.0,0.0,,,,,,,,,,,,
2262,Mi Goreng Aceh,Indomie,1.0,bungkus (90 g),430.0,,,55.0,,9.0,19.0,9.0,,,,0.0,6.0,,,6.0,,,,,,,,,,,,,,,,,,,,,,790.0,0.0,,,,,,,,,,,,
2263,Mi Goreng Ayam Geprek,Indomie,1.0,bungkus (85 g),410.0,,,52.0,,8.0,19.0,9.0,,,,0.0,3.0,,,4.0,,,,,,,,,,,,,,,,,,,,,,960.0,0.0,,,,,,,,,,,,
2264,Mi Goreng Jumbo,Indomie,1.0,bungkus (129 g),540.0,,,74.0,,11.0,23.0,12.0,,,,0.0,3.0,,,6.0,,,,,,,,,,,,,,,,,,,,,,1900.0,,,,,,,,,,,,,
2265,Mi Goreng Rendang,Indomie,1.0,bungkus (91 g),440.0,,,57.0,,8.0,20.0,10.0,,,,0.0,3.0,,,9.0,,,,,,,,,,,,,,,,,,,,,,1060.0,,,,,,,,,,,,,
2266,Mi Instan Goreng Rasa Pedas,Fitmee,1.0,porsi (65 g),260.0,,,44.0,,8.0,5.0,1.0,,,,,,,,3.0,,,,,,,,,,,,,,,,,,,,,,870.0,,,,,,,,,,,,,
2267,Mi Instan Konnyaku Goreng Rasa Sapi,Fitmee,1.0,package (71 g),120.0,,,29.0,,1.0,0.0,0.0,,,,0.0,5.0,,,5.0,,,,,,,,,,,,,,,,,,,,,,640.0,,,,,,,,,,,,,
2268,Mi Instan Konnyaku Kuah Rasa Ayam Bawang,Fitmee,1.0,porsi (71 g),30.0,,,7.0,,0.0,0.0,0.0,,,,0.0,1.0,,,1.0,,,,,,,,,,,,,,,,,,,,,,1150.0,,,,,,,,,,,,,
2269,Mi Instan Konyaku Rasa Soto,Fitmee,1.0,bungkus (92 g),60.0,,,10.0,,0.0,2.0,1.0,,,,0.0,2.0,,,2.0,,,,,,,,,,,,,,,,,,,,,,430.0,,,,,,,,,,,,,
2270,Mi Instan Kuah Rasa Soto,Fitmee,1.0,porsi (80 g),290.0,,,45.0,,9.0,8.0,6.0,,,,,,,,4.0,,,,,,,,,,,,,,,,,,,,,,1090.0,,,,,,,,,,,,,
2271,Mi Instan Pedas Korea,Lemonilo,1.0,bungkus (68 g),270.0,,,45.0,,6.0,7.0,3.0,0.0,0.0,,0.0,3.0,,,3.0,,,,,,,,,,,,,,,,,,,,,,450.0,2.0,,,,,,,,,,,,
2272,Mi Instan Rasa Mi Goreng,Lemonilo,0.0,0,0.0,0.0,0.0,0.0,0.0,0.0,0.0,0.0,0.0,0.0,0.0,0.0,0.0,0.0,0.0,0.0,0.0,0.0,0.0,0.0,0.0,0.0,0.0,0.0,0.0,0.0,0.0,0.0,0.0,0.0,0.0,0.0,0.0,0.0,0.0,0.0,0.0,0.0,0.0,0.0,0.0,0.0,0.0,0.0,0.0,0.0,0.0,0.0,0.0,0.0,0.0
2273,Mi Ramyun Pedas Korea,VITMAKER,1.0,porsi (75 g),60.0,,,12.0,,1.0,0.0,,,,,,3.0,,,0.0,,,,,,,,,,,,,,,,,,,,,,480.0,,,,,,,,,,,,,
2274,Mi Telur Cap 3 Ayam,Indofood,1.0,porsi (67 g),230.0,,,50.0,,8.0,0.0,,,,,0.0,2.0,,,1.0,,,,,,,,,,,,,,,,,,,,,,710.0,,,,,,,,,,,,,
2275,Mie,VITMAKER,1.0,porsi (75 g),90.0,,,17.0,,5.0,2.0,2.0,,,,,4.0,,,6.0,,,,,,,,,,,,,,,,,,,,,,,,,,,,,,,,,,,
2276,Mie,Vegan Baby,1.0,porsi (67 g),96.0,,,15.0,,4.0,2.0,1.0,0.0,0.0,,0.0,5.0,,,2.0,,,,,,,,,,,,,,,,,,,,,,286.0,0.0,,,,,,,,,,,,
2277,Mie,Indomie,1.0,bungkus (72 g),320.0,,,46.0,,7.0,12.0,6.0,,,,0.0,2.0,,,4.0,,,,,,,,,,,,,,,,,,,,,,,,,,,,,,,,,,,
"2278,Mie,""Nasi, Mie & Pasta"",100.0,gram (g),137.0,,,25.01,,4.51,2.06,0.417,0.549,0.578,,29.0,1.2,,,0.4,,,,,,,,,,,,,,,,,,,,,,236.0,38.0,,,,,,,,,,,,"
2279,Mie Bayam,Javara,100.0,g,370.0,,,82.0,,11.0,0.0,0.0,0.0,0.0,,0.0,8.0,,,0.0,,,,,,,,,,,,,,,,,,,,,,520.0,4.0,,,,,,,,,,,,
"2280,Mie Cina Chow Mein,""Nasi, Mie & Pasta"",1.0,mangkok,237.0,,,25.89,,3.77,13.84,1.973,7.799,3.46,,0.0,1.8,,,0.12,,,,,,,,,,,,,,,,,,,,,,198.0,54.0,,,,,,,,,,,,"
2281,Mie Gaga 100 Extra Pedas Goreng Chipotle,GaGa,1.0,porsi (85 g),370.0,,,52.0,,9.0,14.0,,,,,,,,,6.0,,,,,,,,,,,,,,,,,,,,,,1010.0,,,,,,,,,,,,,
2282,Mie Gaga 100 Extra Pedas Goreng Jalapeno,GaGa,2.0,porsi (85 g),380.0,,,54.0,,8.0,14.0,,,,,,,,,6.0,,,,,,,,,,,,,,,,,,,,,,1140.0,,,,,,,,,,,,,
2283,Mie Gaga 100 Extra Pedas Kuah Soto,GaGa,1.0,porsi (75 g),330.0,,,45.0,,9.0,13.0,7.0,,,,,,,,2.0,,,,,,,,,,,,,,,,,,,,,,240.0,,,,,,,,,,,,,
"2284,Mie Gandum,""Nasi, Mie & Pasta"",100.0,gram (g),120.0,,,23.49,,5.31,1.37,0.343,0.36,0.363,,32.0,3.9,,,0.19,,,,,,,,,,,,,,,,,,,,,,158.0,140.0,,,,,,,,,,,,"
2285,Mie Gelas Rasa Sosis,Sarimi,1.0,bungkus (28 g),120.0,,,17.0,,3.0,4.5,1.5,,,,,,,,1.0,,,,,,,,,,,,,,,,,,,,,,760.0,,,,,,,,,,,,,
2286,Mie Gepeng,GaGa,1.0,porsi (67 g),300.0,,,41.0,,7.0,12.0,,,,,,,,,1.0,,,,,,,,,,,,,,,,,,,,,,,,,,,,,,,,,,,
2287,Mie Gepeng Soup Chicken Black Paper,GaGa,1.0,porsi (67 g),280.0,,,42.0,,6.0,10.0,4.0,,,,,,,,2.0,,,,,,,,,,,,,,,,,,,,,,1470.0,,,,,,,,,,,,,
2288,Mie Goreng,Sakura,1.0,porsi (60 g),270.0,,,37.0,,6.0,13.0,6.0,,,,0.0,8.0,,,2.0,,,,,,,,,,,,,,,,,,,,,,680.0,,,,,,,,,,,,,
2289,Mie Goreng,Lemonilo,1.0,bungkus (65 g),260.0,,,45.0,,5.0,6.0,2.5,,,,,2.0,,,3.0,,,,,,,,,,,,,,,,,,,,,,500.0,,,,,,,,,,,,,
2290,Mie Goreng,Sarimi,1.0,bungkus (78 g),370.0,,,49.0,,7.0,16.0,7.0,,,,0.0,3.0,,,8.0,,,,,,,,,,,,,,,,,,,,,,870.0,,,,,,,,,,,,,
2291,Mie Goreng,Indomie,1.0,bungkus (85 g),400.0,,,55.0,,7.0,16.0,8.0,,,,0.0,3.0,,,6.0,,,,,,,,,,,,,,,,,,,,,,860.0,,,,,,,,,,,,,
2292,Mie Goreng,DAAI,1.0,bungkus (85 g),410.0,,,53.0,,8.0,19.0,9.0,,,,0.0,5.0,,,3.0,,,,,,,,,,,,,,,,,,,,,,,,,,,,,,,,,,,
2293,Mie Goreng,Intermie,0.0,0,0.0,0.0,0.0,0.0,0.0,0.0,0.0,0.0,0.0,0.0,0.0,0.0,0.0,0.0,0.0,0.0,0.0,0.0,0.0,0.0,0.0,0.0,0.0,0.0,0.0,0.0,0.0,0.0,0.0,0.0,0.0,0.0,0.0,0.0,0.0,0.0,0.0,0.0,0.0,0.0,0.0,0.0,0.0,0.0,0.0,0.0,0.0,0.0,0.0,0.0,0.0
2294,Mie Goreng,Vegan Baby,1.0,serving (67 g),100.0,,,15.0,,4.0,2.0,1.0,,,,,5.0,,,2.0,,,,,,,,,,,,,,,,,,,,,,290.0,,,,,,,,,,,,,
2295,Mie Goreng Extra Pedas,GaGa,1.0,bungkus (75 g),330.0,,,51.0,,7.0,12.0,5.0,,,,0.0,7.0,,,5.0,,,,,,,,,,,,,,,,,,,,,,840.0,220.0,,,,,,,,,,,,
2296,Mie Goreng Extra Pedas Lada Hitam,GaGa,1.0,porsi (85 g),390.0,,,53.0,,9.0,16.0,,,,,,,,,6.0,,,,,,,,,,,,,,,,,,,,,,1150.0,,,,,,,,,,,,,
2297,Mie Goreng Jawa,Fit Solution,1.0,porsi,413.0,,,55.0,,37.0,5.0,,,,,,5.6,,,,,,,,,,,,,,,,,,,,,,,,,,,,,,,,,,,,,,
2298,Mie Goreng Korea,Fitmee,1.0,porsi (65 g),260.0,,,44.0,,8.0,5.0,1.0,,,,,3.0,,,3.0,,,,,,,,,,,,,,,,,,,,,,870.0,,,,,,,,,,,,,
2299,Mie Goreng Korea Konnyaku,Fitmee,1.0,bungkus (78 g),140.0,,,31.0,,1.0,2.0,1.5,,,,0.0,5.0,,,6.0,,,,,,,,,,,,,,,,,,,,,,400.0,,,,,,,,,,,,,
2300,Mie Goreng Original,GaGa,1.0,bungkus (88 g),400.0,,,59.0,,9.0,14.0,6.0,,,,,,,,4.0,,,,,,,,,,,,,,,,,,,,,,800.0,,,,,,,,,,,,,
2301,Mie Goreng Pedas,Intermie,0.0,0,0.0,0.0,0.0,0.0,0.0,0.0,0.0,0.0,0.0,0.0,0.0,0.0,0.0,0.0,0.0,0.0,0.0,0.0,0.0,0.0,0.0,0.0,0.0,0.0,0.0,0.0,0.0,0.0,0.0,0.0,0.0,0.0,0.0,0.0,0.0,0.0,0.0,0.0,0.0,0.0,0.0,0.0,0.0,0.0,0.0,0.0,0.0,0.0,0.0,0.0,0.0
2302,Mie Goreng Pedas Korea,Lemonilo,0.0,0,0.0,0.0,0.0,0.0,0.0,0.0,0.0,0.0,0.0,0.0,0.0,0.0,0.0,0.0,0.0,0.0,0.0,0.0,0.0,0.0,0.0,0.0,0.0,0.0,0.0,0.0,0.0,0.0,0.0,0.0,0.0,0.0,0.0,0.0,0.0,0.0,0.0,0.0,0.0,0.0,0.0,0.0,0.0,0.0,0.0,0.0,0.0,0.0,0.0,0.0,0.0
2303,Mie Goreng Rasa Ayam,Sakura,1.0,porsi (65 g),300.0,,,41.0,,5.0,13.0,7.0,,,,,3.0,,,5.0,,,,,,,,,,,,,,,,,,,,,,670.0,,,,,,,,,,,,,
2304,Mie Goreng Rasa Ayam Kecap,Sarimi,1.0,bungkus (126 g),580.0,,,79.0,,12.0,24.0,12.0,,,,0.0,9.0,,,5.0,,,,,,,,,,,,,,,,,,,,,,1440.0,0.0,,,,,,,,,,,,
2305,Mie Goreng Rasa Sapi,Fitmee,1.0,porsi (71 g),120.0,,,29.0,,1.0,0.0,0.0,,,,0.0,5.0,,,5.0,,,,,,,,,,,,,,,,,,,,,,,,,,,,,,,,,,,
2306,Mie Goreng Rendang Jumbo,Indomie,1.0,porsi (115 g),530.0,,,68.0,,12.0,23.0,15.0,,,,0.0,5.0,,,7.0,,,,,,,,,,,,,,,,,,,,,,1190.0,,,,,,,,,,,,,
2307,Mie Goreng Seribu,GaGa,1.0,porsi (50 g),220.0,,,33.0,,4.0,8.0,,,,,,,,,2.0,,,,,,,,,,,,,,,,,,,,,,490.0,,,,,,,,,,,,,
2308,Mie Goreng Spinach,Vegan Baby,1.0,serving,96.0,,,15.0,,4.0,2.0,1.0,,,,,5.0,,,2.0,,,,,,,,,,,,,,,,,,,,,,286.0,,,,,,,,,,,,,
2309,Mie Goreng Wortel Bit,Vegan Baby,1.0,porsi (67 g),100.0,,,17.0,,3.0,2.0,1.0,,,,,4.0,,,1.0,,,,,,,,,,,,,,,,,,,,,,200.0,,,,,,,,,,,,,
2310,Mie Instan,Sarimi,100.0,g,340.0,,,46.0,,7.0,15.0,8.0,,,,0.0,3.0,,,2.0,,,,,,,,,,,,,,,,,,,,,,900.0,,,,,,,,,,,,,
2311,Mie Instan,Samyang,1.0,bungkus (140 g),580.0,,,94.0,,14.0,16.0,6.0,,,,,,,,10.0,,,,,,,,,,,,,,,,,,,,,,1900.0,,,,,,,,,,,,,
2312,Mie Instan,Intermie,1.0,bungkus (60 g),250.0,,,38.0,,5.0,12.0,6.0,,,,0.0,4.0,,,3.0,,,,,,,,,,,,,,,,,,,,,,650.0,,,,,,,,,,,,,
2313,Mie Instan Alami Rasa Mie Goreng,Lemonilo,0.0,0,0.0,0.0,0.0,0.0,0.0,0.0,0.0,0.0,0.0,0.0,0.0,0.0,0.0,0.0,0.0,0.0,0.0,0.0,0.0,0.0,0.0,0.0,0.0,0.0,0.0,0.0,0.0,0.0,0.0,0.0,0.0,0.0,0.0,0.0,0.0,0.0,0.0,0.0,0.0,0.0,0.0,0.0,0.0,0.0,0.0,0.0,0.0,0.0,0.0,0.0,0.0
2314,Mie Instan Kuah Alami Rasa Ayam Bawang,Lemonilo,0.0,0,0.0,0.0,0.0,0.0,0.0,0.0,0.0,0.0,0.0,0.0,0.0,0.0,0.0,0.0,0.0,0.0,0.0,0.0,0.0,0.0,0.0,0.0,0.0,0.0,0.0,0.0,0.0,0.0,0.0,0.0,0.0,0.0,0.0,0.0,0.0,0.0,0.0,0.0,0.0,0.0,0.0,0.0,0.0,0.0,0.0,0.0,0.0,0.0,0.0,0.0,0.0
2315,Mie Instan Kuah Rasa Ayam Bawang,Lemonilo,0.0,0,0.0,0.0,0.0,0.0,0.0,0.0,0.0,0.0,0.0,0.0,0.0,0.0,0.0,0.0,0.0,0.0,0.0,0.0,0.0,0.0,0.0,0.0,0.0,0.0,0.0,0.0,0.0,0.0,0.0,0.0,0.0,0.0,0.0,0.0,0.0,0.0,0.0,0.0,0.0,0.0,0.0,0.0,0.0,0.0,0.0,0.0,0.0,0.0,0.0,0.0,0.0
2316,Mie Instan Rasa Baso Sapi,Sarimi,1.0,bungkus (77 g),360.0,,,49.0,,7.0,15.0,8.0,,,,0.0,5.0,,,2.0,,,,,,,,,,,,,,,,,,,,,,990.0,,,,,,,,,,,,,
2317,Mie Instan Rasa Kaldu Ayam,Sakura,1.0,porsi (60 g),260.0,,,38.0,,6.0,10.0,5.0,0.0,0.0,,0.0,5.0,,,1.0,,,,,,,,,,,,,,,,,,,,,,670.0,,,,,,,,,,,,,
2318,Mie Kuah Jalapeno,GaGa,1.0,kemasan (75 g),350.0,,,40.0,,7.0,18.0,8.0,,,,,,,,2.0,,,,,,,,,,,,,,,,,,,,,,1370.0,,,,,,,,,,,,,
2319,Mie Laksa Peranakan with Prawn Curry + Tahu & Fishcake,Yellow Fit Kitchen,1.0,serving,481.0,,,61.0,,30.0,13.0,,,,,,6.0,,,,,,,,,,,,,,,,,,,,,,,,,,,,,,,,,,,,,,
2320,Mie Nyemek Bangladesh,Indomie,1.0,bungkus (80 g),380.0,,,50.0,,7.0,16.0,8.0,,,,4.0,2.0,,,5.0,,,,,,,,,,,,,,,,,,,,,,500.0,,,,,,,,,,,,,
2321,Mie Porang,VITMAKER,1.0,bungkus (75 g),90.0,,,17.0,,5.0,2.0,2.0,,,,,6.0,,,6.0,,,,,,,,,,,,,,,,,,,,,,,,,,,,,,,,,,,
2322,Mie Porang Ayam Bawang,VITMAKER,1.0,porsi (75 g),90.0,,,17.0,,6.0,2.0,2.0,0.0,0.0,,0.0,4.0,,,0.5,,,,,,,,,,,,,,,,,,,,,,,,,,,,,,,,,,,
2323,Mie Porang Goreng,VITMAKER,1.0,porsi (75 g),90.0,,,17.0,,5.0,2.0,2.0,,,,,4.0,,,6.0,,,,,,,,,,,,,,,,,,,,,,,,,,,,,,,,,,,
2324,Mie Porang Oven,VITMAKER,1.0,porsi (75 g),90.0,,,17.0,,5.0,2.0,2.0,0.0,0.0,,0.0,6.0,,,5.0,,,,,,,,,,,,,,,,,,,,,,0.0,0.0,,,,,,,,,,,,
2325,Mie Porang Oven Goreng,VITMAKER,1.0,porsi (75 g),90.0,,,17.0,,5.0,2.0,2.0,,,,,4.0,,,6.0,,,,,,,,,,,,,,,,,,,,,,870.0,,,,,,,,,,,,,
2326,Mie Porang Oven Rasa Ayam Bawang,VITMAKER,1.0,porsi (75 g),90.0,,,17.0,,6.0,2.0,2.0,,,,,0.5,,,,,,,,,,,,,,,,,,,,,,,,,,,,,,,,,,,,,,
2327,Mie Porang Oven Rasa Mi Instan Goreng,VITMAKER,1.0,serving (75 g),90.0,,,17.0,,5.0,2.0,2.0,,,,,,,,6.0,,,,,,,,,,,,,,,,,,,,,,,,,,,,,,,,,,,
2328,Mie Porang Oven Rasa Mie Goreng Pedas Korea,VITMAKER,1.0,porsi (75 g),150.0,,,27.0,,3.0,3.5,1.5,0.0,0.0,,0.0,2.0,,,0.0,,,,,,,,,,,,,,,,,,,,,,410.0,,,,,,,,,,,,,
2329,Mie Rebus,Indomie,1.0,bungkus (69 g),300.0,,,43.0,,7.0,11.0,6.0,,,,0.0,2.0,,,3.0,,,,,,,,,,,,,,,,,,,,,,1330.0,,,,,,,,,,,,,
2330,Mie Sakura Rasa Seblak Jeletot,Sakura,1.0,bungkus  (60 g),280.0,,,39.0,,5.0,11.0,6.0,,,,0.0,2.0,,,2.0,,,,,,,,,,,,,,,,,,,,,,1110.0,,,,,,,,,,,,,
2331,Mie Sedap Korean Spicy Chicken,Wings Food,1.0,porsi (87 g),410.0,,,58.0,,8.0,14.0,5.0,,,,0.0,4.0,,,5.0,,,,,,,,,,,,,,,,,,,,,,1210.0,,,,,,,,,,,,,
2332,Mie Sukses Isi 2 Rasa Ayam Bawang,Wings Food,1.0,bungkus (115 g),540.0,,,68.0,,14.0,23.0,9.0,0.0,0.0,,0.0,8.0,,,4.0,,,,,,,,,,,,,,,,,,,,,,1220.0,,,,,,,,,,,,,
2333,Mie Sukses Isi 2 Rasa Ayam Geprek,Wings Food,0.0,0,0.0,0.0,0.0,0.0,0.0,0.0,0.0,0.0,0.0,0.0,0.0,0.0,0.0,0.0,0.0,0.0,0.0,0.0,0.0,0.0,0.0,0.0,0.0,0.0,0.0,0.0,0.0,0.0,0.0,0.0,0.0,0.0,0.0,0.0,0.0,0.0,0.0,0.0,0.0,0.0,0.0,0.0,0.0,0.0,0.0,0.0,0.0,0.0,0.0,0.0,0.0
2334,Mie Sukses Isi 2 Rasa Ayam Kecap,Wings Food,1.0,porsi (129 g),570.0,,,82.0,,14.0,21.0,10.0,,,,0.0,7.0,,,9.0,,,,,,,,,,,,,,,,,,,,,,1170.0,,,,,,,,,,,,,
"2335,Mie Sukses Isi 2 Rasa Ayam Kremes,Wings Food,1.0,""bungkus (66,5 g)"",320.0,,,42.0,,7.0,14.0,5.0,,,,0.0,5.0,,,4.0,,,,,,,,,,,,,,,,,,,,,,700.0,,,,,,,,,,,,,"
2336,Mie Sukses Isi 2 Rasa Rendang,Wings Food,1.0,bungkus (132 g),620.0,,,80.0,,16.0,26.0,12.0,,,,0.0,8.0,,,10.0,,,,,,,,,,,,,,,,,,,,,,1120.0,,,,,,,,,,,,,
2337,Mie Telor A1,GaGa,1.0,porsi (60 g),230.0,,,46.0,,7.0,2.0,0.0,,,,0.0,3.0,,,1.0,,,,,,,,,,,,,,,,,,,,,,680.0,120.0,,,,,,,,,,,,
"2338,""Mie Telur (Ditambah, Masak)"",""Nasi, Mie & Pasta"",100.0,gram (g),138.0,,,25.16,,4.54,2.07,0.419,0.552,0.581,,29.0,1.2,,,0.4,,,,,,,,,,,,,,,,,,,,,,5.0,38.0,,,,,,,,,,,,"
2339,Mie Ubi Ungu,Javara,100.0,g,380.0,,,82.0,,11.0,0.0,0.0,,,,,7.0,,,7.0,,,,,,,,,,,,,,,,,,,,,,20.0,,,,,,,,,,,,,
2340,Mie Udon dengan Saus Carbonara,OMOIDE,100.0,g,150.0,,,28.0,,4.0,2.0,1.5,,,,,,,,2.0,,,,,,,,,,,,,,,,,,,,,,560.0,,,,,,,,,,,,,
2341,Mie Udon dengan Sup Kake Dashi,OMOIDE,100.0,g,50.0,,,11.0,,2.0,0.0,0.0,,,,,,,,10.0,,,,,,,,,,,,,,,,,,,,,,250.0,,,,,,,,,,,,,
2342,Mie Yamin Ala Bandung,Yellow Fit,0.0,0,0.0,0.0,0.0,0.0,0.0,0.0,0.0,0.0,0.0,0.0,0.0,0.0,0.0,0.0,0.0,0.0,0.0,0.0,0.0,0.0,0.0,0.0,0.0,0.0,0.0,0.0,0.0,0.0,0.0,0.0,0.0,0.0,0.0,0.0,0.0,0.0,0.0,0.0,0.0,0.0,0.0,0.0,0.0,0.0,0.0,0.0,0.0,0.0,0.0,0.0,0.0
2343,Mighty Green,Mama Roz,0.0,0,0.0,0.0,0.0,0.0,0.0,0.0,0.0,0.0,0.0,0.0,0.0,0.0,0.0,0.0,0.0,0.0,0.0,0.0,0.0,0.0,0.0,0.0,0.0,0.0,0.0,0.0,0.0,0.0,0.0,0.0,0.0,0.0,0.0,0.0,0.0,0.0,0.0,0.0,0.0,0.0,0.0,0.0,0.0,0.0,0.0,0.0,0.0,0.0,0.0,0.0,0.0
2344,Miki Miki Vanila Cokelat,Aice,1.0,bungkus (35 ml),50.0,,,5.0,,1.0,3.5,3.0,,,,0.0,1.0,,,4.0,,,,,,,,,,,,,,,,,,,,,,5.0,,,,,,,,,,,,,
2345,Mild & Light Olive Oil,Filippo Berio,100.0,ml,822.0,,,0.0,,0.0,91.3,15.5,,,,,,,,0.0,,,,,,,,,,,,,,,,,,,,,,0.0,,,,,,,,,,,,,
2346,Mild Cheddar Cheese,Bega,1.0,serving (25 g),103.0,,,1.0,,6.2,8.7,6.0,,,,,,,,,,,,,,,,,,,,,,,,,,,,,,163.0,,,,,,,,,,,,,
2347,Mild Cheese,Emina,1.0,saji (15 g),45.0,,,3.0,,1.0,3.0,1.5,,,,,,,,,,,,,,,,,,,,,,,,,,,,,,170.0,,,,,,,,,,,,,
2348,Milk,Ceres,1.0,sendok makan (30 g),150.0,,,21.0,,2.0,6.0,4.0,,,,,,,,19.0,,,,,,,,,,,,,,,,,,,,,,15.0,,,,,,,,,,,,,
2349,Milk & Cocoa Biscuits,Alamii,1.0,sajian (20 g),100.0,,,13.0,,2.0,4.5,1.5,,,,,1.0,,,4.0,,,,,,,,,,,,,,,,,,,,,,45.0,,,,,,,,,,,,,
2350,Milk Candy,UHA,1.0,piece (4 g),15.0,,,3.0,,0.0,0.0,,,,,,,,,1.0,,,,,,,,,,,,,,,,,,,,,,5.0,,,,,,,,,,,,,
2351,Milk Chewy Candy,PARAGO,5.0,g),10.0,,,2.0,,0.0,0.0,0.0,,,,,,,,2.0,,,,,,,,,,,,,,,,,,,,,,0.0,,,,,,,,,,,,,
2352,Milk Chocolate,Delfi,1.0,serving (25 g),135.0,,,14.8,,2.0,7.5,,,,,,,,,11.4,,,,,,,,,,,,,,,,,,,,,,34.0,,,,,,,,,,,,,
2353,Milk Chocolate,Oh Ma Grain,1.0,serving (25 g),110.0,,,20.0,,2.0,2.0,1.0,,,,,3.0,,,1.0,,,,,,,,,,,,,,,,,,,,,,20.0,,,,,,,,,,,,,
2354,Milk Chocolate,Van Houten,1.0,porsi (20 g),107.0,,,11.3,,2.0,6.0,4.0,,,,0.0,2.0,,,8.0,,,,,,,,,,,,,,,,,,,,,,20.0,,,,,,,,,,,,,
2355,Milk Chocolate Chips,Ceres,1.0,porsi (30 g),170.0,,,17.0,,2.0,10.0,,,,,,,,,14.0,,,,,,,,,,,,,,,,,,,,,,20.0,,,,,,,,,,,,,
2356,Milk Chocolate Peanut Butter Cups,Reese's,1.0,porsi (40 g),220.0,,,22.0,,4.0,13.0,5.0,,,,5.0,2.0,,,20.0,,,,,,,,,,,,,,,,,,,,,,,,,,,,,,,,,,,
2357,Milk Chocolate Spread,Cadbury,1.0,porsi (15 g),90.0,,,9.0,,1.0,5.0,1.0,,,,,,,,8.0,,,,,,,,,,,,,,,,,,,,,,5.0,,,,,,,,,,,,,
2358,Milk Cookies,Aim Biscuits,3.0,keping (15 g),70.0,,,11.0,,1.0,3.0,,,,,,,,,3.0,,,,,,,,,,,,,,,,,,,,,,,35.0,,,,,,,,,,,,
2359,Milk Green Tea,Ichitan,1.0,botol (310 ml),130.0,,,25.0,,4.0,6.0,,,,,,,,,21.0,,,,,,,,,,,,,,,,,,,,,,190.0,,,,,,,,,,,,,
2360,Milk Marie Biscuits,A.T.B,5.0,keping (29 g),130.0,,,23.0,,2.0,4.0,2.0,,,,,1.0,,,7.0,,,,,,,,,,,,,,,,,,,,,,100.0,,,,,,,,,,,,,
2361,Milk Pocky,Pocky,1.0,bungkus (21 g),100.0,,,15.0,,2.0,4.0,3.0,,,,,,,,4.0,,,,,,,,,,,,,,,,,,,,,,45.0,,,,,,,,,,,,,
2362,Milk Pro,Kalbe,1.0,botol (120 ml),50.0,,,4.0,,3.0,2.5,2.0,,,,5.0,,,,4.0,,,,,,,,,,,,,,,,,,,,,,35.0,,,,,,,,,,,,,
2363,Milk Tea,Old Town,1.0,porsi (35 g),156.0,,,24.4,,1.2,5.7,,,,,,,,,11.2,,,,,,,,,,,,,,,,,,,,,,70.0,,,,,,,,,,,,,
2364,Milk Tea Caramel,SariWangi,1.0,sachet (23 g),100.0,,,18.0,,1.0,3.0,3.0,,,,,0.0,,,17.0,,,,,,,,,,,,,,,,,,,,,,,,,,,,,,,,,,,
2365,Milk Tea Teh Tarik,SariWangi,1.0,sachet (23 g),100.0,,,16.0,,0.0,4.0,4.0,,,,,0.0,,,15.0,,,,,,,,,,,,,,,,,,,,,,55.0,,,,,,,,,,,,,
2366,Milkuat Freezy,Danone,100.0,g,70.0,,,13.0,,1.0,1.5,,,,,,,,,7.0,,,,,,,,,,,,,,,,,,,,,,,,,,,,,,,,,,,
2367,Milky Espresso,Caffino,1.0,serving (200 ml),150.0,,,24.0,,1.0,5.0,5.0,,,,,,,,20.0,,,,,,,,,,,,,,,,,,,,,,75.0,,,,,,,,,,,,,
2368,Milky Jelly,Real Good,100.0,ml,90.0,,,22.0,,1.0,2.0,,,,,,,,,14.0,,,,,,,,,,,,,,,,,,,,,,,,,,,,,,,,,,,
2369,Milo,Nestle,0.0,0,0.0,0.0,0.0,0.0,0.0,0.0,0.0,0.0,0.0,0.0,0.0,0.0,0.0,0.0,0.0,0.0,0.0,0.0,0.0,0.0,0.0,0.0,0.0,0.0,0.0,0.0,0.0,0.0,0.0,0.0,0.0,0.0,0.0,0.0,0.0,0.0,0.0,0.0,0.0,0.0,0.0,0.0,0.0,0.0,0.0,0.0,0.0,0.0,0.0,0.0,0.0
2370,Minced Beef Bulgogi,Mad About Protein,0.0,0,0.0,0.0,0.0,0.0,0.0,0.0,0.0,0.0,0.0,0.0,0.0,0.0,0.0,0.0,0.0,0.0,0.0,0.0,0.0,0.0,0.0,0.0,0.0,0.0,0.0,0.0,0.0,0.0,0.0,0.0,0.0,0.0,0.0,0.0,0.0,0.0,0.0,0.0,0.0,0.0,0.0,0.0,0.0,0.0,0.0,0.0,0.0,0.0,0.0,0.0,0.0
2371,Mineral Water,AdeS,1.0,porsi (250 ml),0.0,,,5.0,,0.0,0.0,,,,,,,,,,,,,,,,,,,,,,,,,,,,,,,,,,,,,,,,,,,,
2372,Mini,Calpico,1.0,botol (63 ml),35.0,,,8.0,,0.0,0.0,0.0,,,,0.0,,,,8.0,,,,,,,,,,,,,,,,,,,,,,10.0,,,,,,,,,,,,,
2373,Mini Assorted,UBM Biscuits,1.0,porsi (15 g),70.0,,,11.0,,1.0,2.5,1.5,,,,,,,,4.0,,,,,,,,,,,,,,,,,,,,,,35.0,,,,,,,,,,,,,
2374,Mini Babybel Tasty Cheddar,Babybel,1.0,buah (22 g),68.0,,,0.5,,5.1,5.3,3.5,,,,16.0,,,,0.5,,,,,,,,,,,,,,,,,,,,,,156.0,136.0,,,,,,,,,,,,
2375,Mini Black Crackers,Zyluc,100.0,g,506.0,,,63.8,,6.5,25.0,12.2,,,,,,,,,,,,,,,,,,,,,,,,,,,,,,241.0,,,,,,,,,,,,,
2376,Mini Bratwurst,Tastymax Gold,1.0,serving (50 g),90.0,,,2.0,,8.0,5.0,2.5,,,,,,,,0.0,,,,,,,,,,,,,,,,,,,,,,420.0,,,,,,,,,,,,,
2377,Mini Donut,Happy Time,0.0,0,0.0,0.0,0.0,0.0,0.0,0.0,0.0,0.0,0.0,0.0,0.0,0.0,0.0,0.0,0.0,0.0,0.0,0.0,0.0,0.0,0.0,0.0,0.0,0.0,0.0,0.0,0.0,0.0,0.0,0.0,0.0,0.0,0.0,0.0,0.0,0.0,0.0,0.0,0.0,0.0,0.0,0.0,0.0,0.0,0.0,0.0,0.0,0.0,0.0,0.0,0.0
2378,Mini Gummies,Inaco,1.0,bungkus (9 g),35.0,,,8.0,,0.0,0.0,0.0,,,,0.0,0.0,,,5.0,,,,,,,,,,,,,,,,,,,,,,0.0,0.0,,,,,,,,,,,,
2379,Mini Jelly,Inaco,1.0,pack (75 g),60.0,,,16.0,,0.0,0.0,,,,,0.0,,,,15.0,,,,,,,,,,,,,,,,,,,,,,45.0,,,,,,,,,,,,,
2380,Mini Pao,Umia-Mi,5.0,biji (80 g),270.0,,,44.0,,5.0,8.0,,,,,0.0,,,,15.0,,,,,,,,,,,,,,,,,,,,,,85.0,,,,,,,,,,,,,
2381,Mini Pao,Wei Wang,1.0,buah,25.0,,,15.0,,3.0,5.0,,,,,,,,,1.4,,,,,,,,,,,,,,,,,,,,,,44.0,,,,,,,,,,,,,
2382,Mini Pao Ayam,Wei Wang,3.0,buah (61 g),180.0,,,27.0,,5.0,6.0,4.0,,,,10.0,1.0,,,7.0,,,,,,,,,,,,,,,,,,,,,,130.0,,,,,,,,,,,,,
2383,Mini Pao Isi Daging Sapi,Umia-Mi,5.0,biji (80 g),220.0,,,38.0,,6.0,5.0,,,,,,,,,8.0,,,,,,,,,,,,,,,,,,,,,,,,,,,,,,,,,,,
"2384,Mini Pao Rasa Coklat,Umia-Mi,5.0,""biji (77,5 g)"",260.0,,,46.0,,4.0,7.0,4.5,,,,0.0,1.0,,,16.0,,,,,,,,,,,,,,,,,,,,,,35.0,,,,,,,,,,,,,"
2385,Mini Pau,Edo,1.0,buah (25 g),70.0,,,12.0,,2.0,1.5,,,,,,,,,,,,,,,,,,,,,,,,,,,,,,,30.0,,,,,,,,,,,,,
2386,Mini Pau Isi Coklat,Edo,1.0,buah (25 g),80.0,,,15.0,,2.0,2.0,1.0,,,,,,,,2.0,,,,,,,,,,,,,,,,,,,,,,15.0,,,,,,,,,,,,,
2387,Mini Pau Isi Kacang Merah,Edo,1.0,buah (25 g),80.0,,,14.0,,2.0,1.5,1.0,0.0,0.0,,0.0,0.0,,,3.0,,,,,,,,,,,,,,,,,,,,,,15.0,0.0,,,,,,,,,,,,
2388,Mini Pudding,Inaco,5.0,buah (75 g),40.0,,,10.0,,0.0,0.0,0.0,,,,0.0,2.0,,,7.0,,,,,,,,,,,,,,,,,,,,,,20.0,,,,,,,,,,,,,
2389,Mini Stick,Nissin,0.0,0,0.0,0.0,0.0,0.0,0.0,0.0,0.0,0.0,0.0,0.0,0.0,0.0,0.0,0.0,0.0,0.0,0.0,0.0,0.0,0.0,0.0,0.0,0.0,0.0,0.0,0.0,0.0,0.0,0.0,0.0,0.0,0.0,0.0,0.0,0.0,0.0,0.0,0.0,0.0,0.0,0.0,0.0,0.0,0.0,0.0,0.0,0.0,0.0,0.0,0.0,0.0
2390,Mini Wafer Bites,Deka,3.0,rolls (30 g),150.0,,,21.0,,1.0,7.0,3.5,,,,0.0,2.0,,,12.0,,,,,,,,,,,,,,,,,,,,,,50.0,,,,,,,,,,,,,
2391,Mini Wafer Bites Ube,Deka,1.0,porsi (30g) (30 g),140.0,,,22.0,,1.0,6.0,2.5,,,,0.0,2.0,,,9.0,,,,,,,,,,,,,,,,,,,,,,40.0,,,,,,,,,,,,,
2392,Minipao Cokelat,Wei Wang,3.0,biji (61 g),220.0,,,35.0,,4.0,7.0,,,,,,,,,12.0,,,,,,,,,,,,,,,,,,,,,,50.0,,,,,,,,,,,,,
2393,Minipao Kacang Hijau,Wei Wang,3.0,biji (61 g),180.0,,,34.0,,4.0,3.5,1.5,,,,0.0,2.0,,,10.0,,,,,,,,,,,,,,,,,,,,,,35.0,,,,,,,,,,,,,
2394,Minum Jus Jeruk,Minuman,1.0,gelas,134.0,,,33.39,,0.5,0.0,0.0,0.025,0.025,,0.0,0.5,,,23.31,,,,,,,,,,,,,,,,,,,,,,5.0,105.0,,,,,,,,,,,,
2395,Minuman,You C1000,1.0,botol (140 ml),50.0,,,13.0,,0.0,0.0,,,,,0.0,,,,13.0,,,,,,,,,,,,,,,,,,,,,,60.0,,,,,,,,,,,,,
2396,Minuman,Yoguruto,1.0,kotak (200 ml),100.0,,,17.0,,4.0,2.0,1.0,,,,4.0,3.0,,,11.0,,,,,,,,,,,,,,,,,,,,,,105.0,0.0,,,,,,,,,,,,
2397,Minuman,Makanan,0.0,0,0.0,0.0,0.0,0.0,0.0,0.0,0.0,0.0,0.0,0.0,0.0,0.0,0.0,0.0,0.0,0.0,0.0,0.0,0.0,0.0,0.0,0.0,0.0,0.0,0.0,0.0,0.0,0.0,0.0,0.0,0.0,0.0,0.0,0.0,0.0,0.0,0.0,0.0,0.0,0.0,0.0,0.0,0.0,0.0,0.0,0.0,0.0,0.0,0.0,0.0,0.0
2398,Minuman Air Kelapa,If,1.0,porsi (175 ml),40.0,,,9.0,,0.0,0.0,0.0,0.0,0.0,,,3.0,,,7.0,,,,,,,,,,,,,,,,,,,,,,25.0,25.0,,,,,,,,,,,,
2399,Minuman Berperisa Sarang Burung,DayDay,1.0,kaleng (250 ml),100.0,,,29.0,,0.0,0.0,,,,,,,,,26.0,,,,,,,,,,,,,,,,,,,,,,50.0,,,,,,,,,,,,,
2400,Minuman Cincau,Cap Panda,1.0,kaleng (310 ml),100.0,,,25.0,,0.0,0.0,0.0,,,,0.0,0.0,,,23.0,,,,,,,,,,,,,,,,,,,,,,55.0,0.0,,,,,,,,,,,,
2401,Minuman Cincau,DayDay,1.0,kaleng (300 ml),120.0,,,30.0,,0.0,0.0,0.0,0.0,0.0,,0.0,0.0,,,24.0,,,,,,,,,,,,,,,,,,,,,,25.0,0.0,,,,,,,,,,,,
2402,Minuman Cincau,Yeo's,1.0,kaleng (300 ml),120.0,,,29.0,,0.0,0.0,0.0,,,,0.0,0.0,,,23.0,,,,,,,,,,,,,,,,,,,,,,30.0,0.0,,,,,,,,,,,,
2403,Minuman Energi,Minuman,1.0,gelas (240 ml),108.0,,,26.26,,0.6,0.19,0.0,0.0,0.0,,0.0,0.0,,,24.14,,,,,,,,,,,,,,,,,,,,,,202.0,7.0,,,,,,,,,,,,
2404,Minuman Fiber,VITMAKER,1.0,sachet (15 g),60.0,,,15.0,,0.0,0.0,,,,,,,,,1.0,,,,,,,,,,,,,,,,,,,,,,20.0,,,,,,,,,,,,,
2405,Minuman Isotonik,Pocari Sweat,100.0,ml,25.0,,,6.0,,0.0,0.0,,,,,0.0,,,,,,,,,,,,,,,,,,,,,,,,,,,,,,,,,,,,,,,
2406,Minuman Jus Apel,Minuman,1.0,gelas,125.0,,,32.27,,0.05,0.07,0.012,0.02,0.002,,0.0,0.0,,,31.77,,,,,,,,,,,,,,,,,,,,,,5.0,75.0,,,,,,,,,,,,
2407,Minuman Sari Kacang Hijau,ABC,1.0,bungkus (250 ml),80.0,,,17.0,,2.0,0.0,0.0,,,,,5.0,,,15.0,,,,,,,,,,,,,,,,,,,,,,35.0,,,,,,,,,,,,,
2408,Minuman Serbuk Rasa Lemon,Joyjus,2.0,sendok makan  (15 g),60.0,,,14.0,,0.0,0.0,0.0,0.0,0.0,,0.0,,,,2.0,,,,,,,,,,,,,,,,,,,,,,,,,,,,,,,,,,,
2409,Minuman Serbuk Rasa Raspberry Lemon,VITMAKER,1.0,porsi (15 g),60.0,,,15.0,,0.0,0.0,0.0,0.0,0.0,,0.0,2.0,,,0.0,,,,,,,,,,,,,,,,,,,,,,0.0,0.0,,,,,,,,,,,,
2410,Minuman Sereal Oat,Quaker,1.0,sachet (28 g),120.0,,,21.0,,2.0,3.0,1.0,1.0,0.0,,2.0,1.0,,,9.0,,,,,,,,,,,,,,,,,,,,,,85.0,0.0,,,,,,,,,,,,
2411,Minuman Susu Fermentasi,Yoyic,1.0,botol (130 ml),70.0,,,15.0,,1.0,0.0,0.0,,,,0.0,,,,14.0,,,,,,,,,,,,,,,,,,,,,,30.0,,,,,,,,,,,,,
2412,Minuman Susu Fermentasi Rasa Leci,Yoyic,1.0,porsi (200 ml),120.0,,,28.0,,2.0,0.0,0.0,0.0,0.0,,0.0,0.0,,,24.0,,,,,,,,,,,,,,,,,,,,,,45.0,0.0,,,,,,,,,,,,
2413,Minyak Bunga Matahari,Saus & Bumbu,1.0,sdm,120.0,,,0.0,,0.0,13.6,1.401,8.935,2.652,,0.0,0.0,,,0.0,,,,,,,,,,,,,,,,,,,,,,0.0,0.0,,,,,,,,,,,,
2414,Minyak Goreng,Barco,1.0,sendok makan (13 ml),120.0,,,0.0,,0.0,13.0,12.0,,,,0.0,,,,,,,,,,,,,,,,,,,,,,,,,,0.0,,,,,,,,,,,,,
2415,Minyak Goreng,Filma,1.0,sdm (9 ml),70.0,,,0.0,,0.0,8.0,3.5,,,,0.0,0.0,,,0.0,,,,,,,,,,,,,,,,,,,,,,0.0,0.0,,,,,,,,,,,,
2416,Minyak Goreng,Sania,1.0,sendok makan (10 ml),80.0,,,0.0,,0.0,9.0,4.0,1.0,4.0,,0.0,0.0,,,0.0,,,,,,,,,,,,,,,,,,,,,,0.0,0.0,,,,,,,,,,,,
"2417,Minyak Hati Ikan Kod,Lainnya,1.0,""sdt, porsi"",41.0,,,0.0,,0.0,4.5,1.017,1.014,2.102,,26.0,0.0,,,,,,,,,,,,,,,,,,,,,,,,,0.0,0.0,,,,,,,,,,,,"
2418,Minyak Ikan Salmon,Lainnya,100.0,gram (g),902.0,,,0.0,,0.0,100.0,19.872,40.324,29.037,,485.0,0.0,,,,,,,,,,,,,,,,,,,,,,,,,0.0,0.0,,,,,,,,,,,,
2419,Minyak Jagung,CCO,1.0,sdm (11 ml),100.0,,,0.0,,0.0,10.0,1.5,0.0,0.0,,0.0,0.0,,,0.0,,,,,,,,,,,,,,,,,,,,,,0.0,0.0,,,,,,,,,,,,
2420,Minyak Kelapa,Barco,1.0,sdm (13 ml),120.0,,,0.0,,0.0,13.0,12.0,0.0,0.0,,0.0,0.0,,,0.0,,,,,,,,,,,,,,,,,,,,,,0.0,0.0,,,,,,,,,,,,
2421,Minyak Nabati,Saus & Bumbu,1.0,sdm,120.0,,,0.0,,0.0,13.6,1.716,6.695,4.591,,0.0,0.0,,,0.0,,,,,,,,,,,,,,,,,,,,,,0.0,0.0,,,,,,,,,,,,
2422,Minyak Sayur Canola,Saus & Bumbu,1.0,sdm,124.0,,,0.0,,0.0,14.0,0.994,4.144,8.246,,0.0,0.0,,,0.0,,,,,,,,,,,,,,,,,,,,,,0.0,0.0,,,,,,,,,,,,
2423,Minyak Wijen,Lee Kum Kee,1.0,sdm (15 ml),130.0,,,0.0,,0.0,15.0,2.5,,,,,,,,,,,,,,,,,,,,,,,,,,,,,,,,,,,,,,,,,,,
2424,Minyak Zaitun,Saus & Bumbu,1.0,sdm,119.0,,,0.0,,0.0,13.5,1.864,1.421,9.85,,0.0,0.0,,,0.0,,,,,,,,,,,,,,,,,,,,,,0.0,0.0,,,,,,,,,,,,
2425,Minyak Zaitun Ekstra Virgin,Saus & Bumbu,1.0,sdm,119.0,,,0.0,,0.0,13.5,1.864,1.421,9.85,,0.0,0.0,,,0.0,,,,,,,,,,,,,,,,,,,,,,0.0,0.0,,,,,,,,,,,,
2426,Miruku,Heavenly Blush,1.0,serving (125 ml),70.0,,,17.0,,5.0,3.5,2.5,,,,5.0,,,,13.0,,,,,,,,,,,,,,,,,,,,,,75.0,,,,,,,,,,,,,
2427,Mixed Berries Yogurt,Elle & Vire,100.0,g,92.0,,,16.8,,2.2,1.6,1.0,,,,0.0,0.6,,,15.0,,,,,,,,,,,,,,,,,,,,,,100.0,,,,,,,,,,,,,
2428,Mixed Nuts Crisp,Naraya,1.0,porsi (25 g),120.0,,,17.0,,3.0,4.0,,,,,,,,,10.0,,,,,,,,,,,,,,,,,,,,,,40.0,,,,,,,,,,,,,
2429,Mixed Snacks,Camel,1.0,porsi (40 g),204.0,,,11.0,,8.4,12.9,3.5,,,,0.0,3.5,,,3.1,,,,,,,,,,,,,,,,,,,,,,168.0,,,,,,,,,,,,,
2430,Mixy Matcha,Namaste Organic,1.0,porsi (50 g),243.0,,,22.0,,9.0,13.0,,,,,,,,,,,,,,,,,,,,,,,,,,,,,,,,,,,,,,,,,,,,
2431,Miyazaki Yuzu Flavour,Pocky,1.0,sajian (33 g),160.0,,,23.0,,3.0,6.0,6.0,,,,,,,,10.0,,,,,,,,,,,,,,,,,,,,,,55.0,,,,,,,,,,,,,
2432,Moccachino,Neo Coffee,1.0,sachet (20 g),90.0,,,16.0,,1.0,2.5,2.5,,,,,,,,12.0,,,,,,,,,,,,,,,,,,,,,,40.0,,,,,,,,,,,,,
2433,Moccachino,Pikopi,1.0,porsi (20 g),90.0,,,17.0,,1.0,2.5,2.5,,,,,1.0,,,13.0,,,,,,,,,,,,,,,,,,,,,,10.0,,,,,,,,,,,,,
2434,Mocha,Nescafe,0.0,0,0.0,0.0,0.0,0.0,0.0,0.0,0.0,0.0,0.0,0.0,0.0,0.0,0.0,0.0,0.0,0.0,0.0,0.0,0.0,0.0,0.0,0.0,0.0,0.0,0.0,0.0,0.0,0.0,0.0,0.0,0.0,0.0,0.0,0.0,0.0,0.0,0.0,0.0,0.0,0.0,0.0,0.0,0.0,0.0,0.0,0.0,0.0,0.0,0.0,0.0,0.0
2435,Mocha,Oatside,1.0,takaran saji (200 ml),160.0,,,27.0,,2.0,6.0,0.0,,,,0.0,2.0,,,14.0,,,,,,,,,,,,,,,,,,,,,,80.0,,,,,,,,,,,,,
2436,Mocha Latte,Rejuve,1.0,porsi (250 ml),160.0,,,25.0,,8.0,2.5,2.0,,,,0.0,3.0,,,23.0,,,,,,,,,,,,,,,,,,,,,,55.0,,,,,,,,,,,,,
2437,Mochi Chocolate,Joyday,1.0,sachet (45 g),80.0,,,16.0,,1.0,1.5,0.5,,,,,,,,7.0,,,,,,,,,,,,,,,,,,,,,,10.0,,,,,,,,,,,,,
2438,Mochi Coklat,Aice,1.0,bungkus (45 ml),60.0,,,11.0,,0.0,1.0,0.5,,,,0.0,1.0,,,3.0,,,,,,,,,,,,,,,,,,,,,,10.0,10.0,,,,,,,,,,,,
2439,Mochi Klepon,Aice,1.0,kemasan (45 g),60.0,,,12.0,,0.0,0.5,0.5,0.0,0.0,,0.0,0.0,,,6.0,,,,,,,,,,,,,,,,,,,,,,10.0,,,,,,,,,,,,,
2440,Mochi Vanila,Aice,1.0,bungkus (30 g),70.0,,,15.0,,1.0,1.0,1.0,,,,0.0,1.0,,,6.0,,,,,,,,,,,,,,,,,,,,,,15.0,,,,,,,,,,,,,
2441,Mochi Vanilla,Aice,1.0,bungkus (30 g),60.0,,,11.0,,1.0,1.5,1.0,,,,0.0,2.0,,,7.0,,,,,,,,,,,,,,,,,,,,,,15.0,,,,,,,,,,,,,
2442,Mojito,Minuman,1.0,koktail,217.0,,,24.94,,0.14,0.04,0.005,0.012,0.002,,0.0,0.5,,,23.47,,,,,,,,,,,,,,,,,,,,,,30.0,24.0,,,,,,,,,,,,
2443,Mongolian Beef Noodle,Yellow Fit,0.0,0,0.0,0.0,0.0,0.0,0.0,0.0,0.0,0.0,0.0,0.0,0.0,0.0,0.0,0.0,0.0,0.0,0.0,0.0,0.0,0.0,0.0,0.0,0.0,0.0,0.0,0.0,0.0,0.0,0.0,0.0,0.0,0.0,0.0,0.0,0.0,0.0,0.0,0.0,0.0,0.0,0.0,0.0,0.0,0.0,0.0,0.0,0.0,0.0,0.0,0.0,0.0
2444,Mooncake,Universal,1.0,porsi (60 g),220.0,,,41.0,,4.0,4.0,2.0,0.0,0.0,,1.0,0.0,,,19.0,,,,,,,,,,,,,,,,,,,,,,95.0,0.0,,,,,,,,,,,,
2445,Mooncake Coklat,Padimas,1.0,bungkus (60 g),230.0,,,38.0,,4.0,7.0,3.0,0.0,0.0,,0.0,0.0,,,16.0,,,,,,,,,,,,,,,,,,,,,,75.0,0.0,,,,,,,,,,,,
2446,Mooncake Coklat,Universal,1.0,bungkus (60 g),220.0,,,41.0,,4.0,5.0,2.5,,,,,,,,29.0,,,,,,,,,,,,,,,,,,,,,,100.0,,,,,,,,,,,,,
2447,Mooncake Kacang Hijau,Padimas,1.0,sajian (60 g),220.0,,,42.0,,4.0,4.5,2.0,,,,,,,,20.0,,,,,,,,,,,,,,,,,,,,,,60.0,,,,,,,,,,,,,
2448,Moonlight,Nakedpress,0.0,0,0.0,0.0,0.0,0.0,0.0,0.0,0.0,0.0,0.0,0.0,0.0,0.0,0.0,0.0,0.0,0.0,0.0,0.0,0.0,0.0,0.0,0.0,0.0,0.0,0.0,0.0,0.0,0.0,0.0,0.0,0.0,0.0,0.0,0.0,0.0,0.0,0.0,0.0,0.0,0.0,0.0,0.0,0.0,0.0,0.0,0.0,0.0,0.0,0.0,0.0,0.0
2449,Moricle Moringa Latte,dari BUMI,1.0,porsi (25 g),100.0,,,14.0,,5.0,3.0,2.0,,,,,,,,5.0,,,,,,,,,,,,,,,,,,,,,,45.0,,,,,,,,,,,,,
2450,Morning Dew,Nakedpress,0,0,0,0,0,0,0,0,0,0,0,0,0,0,0,0,0,0,0,0,0,0,0,0,0,0,0,0,0,0,0,0,0,0,0,0,0,0,0,0,0,0,0,0,0,0,0,0,0,0,0,0,0
2451,Morning Quesadilla,Salad Point,1.0,porsi,280.0,,,28.0,,15.0,19.0,,,,,,1.0,,,3.0,,,,,,,,,,,,,,,,,,,,,,247.0,,,,,,,,,,,,,
2452,Morning Sandwich,Salad Point,0,0,0,0,0,0,0,0,0,0,0,0,0,0,0,0,0,0,0,0,0,0,0,0,0,0,0,0,0,0,0,0,0,0,0,0,0,0,0,0,0,0,0,0,0,0,0,0,0,0,0,0,0
2453,Morning Shot,Acaii Tea,1.0,porsi (125 ml),80.0,,,15.0,,0.0,0.0,,,,,,,,,,,,,,,,,,,,,,,,,,,,,,,,,,,,,,,,,,,,
2454,Mozza Cheese,Emina,1.0,potong (15 g),50.0,,,1.0,,2.0,4.0,2.5,,,,,,,,,,,,,,,,,,,,,,,,,,,,,,115.0,,,,,,,,,,,,,
2455,Mozza Cheese Slice,Emina,1.0,takaran saji (15 g),50.0,,,2.0,,2.0,3.5,2.0,0.0,0.0,,4.0,1.0,,,0.0,,,,,,,,,,,,,,,,,,,,,,160.0,0.0,,,,,,,,,,,,
2456,Mozzarella & Cheddar,Emina,1.0,slice (15 g),50.0,,,1.0,,2.0,4.0,2.5,,,,5.0,1.0,,,0.0,,,,,,,,,,,,,,,,,,,,,,130.0,,,,,,,,,,,,,
2457,Mozzarella Cheese Corndog With Rose Tteokbokki,Healthy Go,1.0,porsi,491.0,,,48.0,,34.0,18.0,,,,,,,,,,,,,,,,,,,,,,,,,,,,,,,,,,,,,,,,,,,,
2458,Muesli,Safiya,5.0,sendok makan (30 g),120.0,,,19.0,,4.0,3.5,0.5,0.0,0.0,,0.0,4.0,,,1.0,,,,,,,,,,,,,,,,,,,,,,0.0,0.0,,,,,,,,,,,,
2459,Muesli Berry Yoghurt,Safiya,5.0,sendok (30 g),130.0,,,19.0,,3.0,4.5,0.5,,,,0.0,5.0,,,2.0,,,,,,,,,,,,,,,,,,,,,,5.0,,,,,,,,,,,,,
2460,Muesli Berry Yogurt,Safiya,3.0,- 4 sendok makan (30 g),130.0,,,19.0,,3.0,4.5,0.5,,,,0.0,5.0,,,2.0,,,,,,,,,,,,,,,,,,,,,,5.0,,,,,,,,,,,,,
2461,Muesli Choco Milk Chia,Safiya,1.0,porsi (30 g),120.0,,,19.0,,2.0,3.5,0.5,,,,,6.0,,,2.0,,,,,,,,,,,,,,,,,,,,,,10.0,,,,,,,,,,,,,
2462,Muesli Natures Harvest,Oatsy,0,0,0,0,0,0,0,0,0,0,0,0,0,0,0,0,0,0,0,0,0,0,0,0,0,0,0,0,0,0,0,0,0,0,0,0,0,0,0,0,0,0,0,0,0,0,0,0,0,0,0,0,0
2463,Multi Grain Bar Chocolate,Bella,1.0,bungkus (22 g),100.0,,,15.0,,2.0,4.0,2.5,,,,0.0,1.0,,,6.0,,,,,,,,,,,,,,,,,,,,,,35.0,,,,,,,,,,,,,
2464,Multigrain,Fitbar,100.0,g,90.0,,,15.0,,2.0,4.0,2.0,,,,0.0,1.0,,,6.0,,,,,,,,,,,,,,,,,,,,,,50.0,4.0,,,,,,,,,,,,
2465,Multigrain Cereal Bar,Zee,1.0,bar (20 g),110.0,,,14.0,,2.0,3.0,2.0,,,,0.0,1.0,,,6.0,,,,,,,,,,,,,,,,,,,,,,40.0,,,,,,,,,,,,,
2466,Multigrain Toast Bread,De Bakker,1.0,slice (47 g),126.0,,,24.0,,4.0,1.0,,,,,,4.0,,,,,,,,,,,,,,,,,,,,,,,,,235.0,,,,,,,,,,,,,
2467,Multivitamin,Youvit,1.0,gummy (4 g),15.0,,,3.0,,0.0,0.0,0.0,,,,0.0,0.0,,,2.0,,,,,,,,,,,,,,,,,,,,,,0.0,0.0,,,,,,,,,,,,
2468,Muscle Juice Revolution,Ultimate Nutrition,4.0,skop (265 g),1020.0,,,170.0,,56.0,14.0,3.0,,,,170.0,0.0,,,18.0,,,,,,,,,,,,,,,,,,,,,,150.0,0.0,,,,,,,,,,,,
2469,Muscle Maxx,Natlab,0,0,0,0,0,0,0,0,0,0,0,0,0,0,0,0,0,0,0,0,0,0,0,0,0,0,0,0,0,0,0,0,0,0,0,0,0,0,0,0,0,0,0,0,0,0,0,0,0,0,0,0,0
2470,Mushroom Chicken With Croutons,Campbell's,1.0,porsi (21 g),86.0,,,12.3,,1.3,3.4,,,,,,,,,,,,,,,,,,,,,,,,,,,,,,,,,,,,,,,,,,,,
2471,Mushroom Mozaru,Zenbu,1.0,porsi,684.0,,,41.0,,21.0,49.0,,,,,,,,,,,,,,,,,,,,,,,,,,,,,,,,,,,,,,,,,,,,
2472,Mustard,Maestro,0,0,0,0,0,0,0,0,0,0,0,0,0,0,0,0,0,0,0,0,0,0,0,0,0,0,0,0,0,0,0,0,0,0,0,0,0,0,0,0,0,0,0,0,0,0,0,0,0,0,0,0,0
2473,My Jelly,Wong Coco,5.0,cangkir (70 g),50.0,,,15.0,,0.0,0.0,0.0,,,,0.0,1.0,,,13.0,,,,,,,,,,,,,,,,,,,,,,50.0,0.0,,,,,,,,,,,,
2474,My Roti Gandum,Yamazaki,1.0,lembar (79 g),210.0,,,38.0,,7.0,3.0,1.5,,,,0.0,5.0,,,4.0,,,,,,,,,,,,,,,,,,,,,,250.0,,,,,,,,,,,,,
2475,My Roti Matcha Latte,Yamazaki,0,0,0,0,0,0,0,0,0,0,0,0,0,0,0,0,0,0,0,0,0,0,0,0,0,0,0,0,0,0,0,0,0,0,0,0,0,0,0,0,0,0,0,0,0,0,0,0,0,0,0,0,0
2476,My Roti Strawberry Cheese Cake,Yamazaki,0,0,0,0,0,0,0,0,0,0,0,0,0,0,0,0,0,0,0,0,0,0,0,0,0,0,0,0,0,0,0,0,0,0,0,0,0,0,0,0,0,0,0,0,0,0,0,0,0,0,0,0,0
2477,My Roti Tawar,Yamazaki,1.0,lembar (64 g),160.0,,,30.0,,6.0,2.0,1.0,,,,0.0,2.0,,,1.0,,,,,,,,,,,,,,,,,,,,,,270.0,,,,,,,,,,,,,
2478,Myroti Roti Isi Krim Susu,Yamazaki,0,0,0,0,0,0,0,0,0,0,0,0,0,0,0,0,0,0,0,0,0,0,0,0,0,0,0,0,0,0,0,0,0,0,0,0,0,0,0,0,0,0,0,0,0,0,0,0,0,0,0,0,0
2479,Myrtille Blueberry,Elle & Vire,100.0,ml,42.0,,,6.2,,3.2,0.1,0.0,0.0,0.0,,,1.7,,,4.6,,,,,,,,,,,,,,,,,,,,,,140.0,,,,,,,,,,,,,
2480,NASI PADANG WITH LEAN BEEF RENDANG,Fit Solution,1.0,porsi,453.0,,,39.0,,36.0,17.0,,,,,,5.5,,,,,,,,,,,,,,,,,,,,,,,,,,,,,,,,,,,,,,
2481,Naan Tandoori,Kawan,0,0,0,0,0,0,0,0,0,0,0,0,0,0,0,0,0,0,0,0,0,0,0,0,0,0,0,0,0,0,0,0,0,0,0,0,0,0,0,0,0,0,0,0,0,0,0,0,0,0,0,0,0
2482,Nabati Bites Richoco,Nabati,1.0,takaran saji (10 g),50.0,,,5.0,,1.0,2.0,1.0,,,,,,,,3.0,,,,,,,,,,,,,,,,,,,,,,20.0,,,,,,,,,,,,,
2483,Nabati Chocolate Cream Wafer,Richoco,2.0,buah wafer (10 g),50.0,,,7.0,,1.0,2.0,1.0,,,,0.0,0.0,,,3.0,,,,,,,,,,,,,,,,,,,,,,20.0,,,,,,,,,,,,,
2484,Nabati Chocolate Wafer,Richoco,1.0,bungkus (50 g),70.0,,,6.0,,1.0,2.0,1.0,,,,0.0,,,,2.0,,,,,,,,,,,,,,,,,,,,,,20.0,,,,,,,,,,,,,
2485,Nabati Wafer Keju,Richeese,3.0,buah wafer (10 g),50.0,,,7.0,,1.0,2.0,1.0,,,,,,,,3.0,,,,,,,,,,,,,,,,,,,,,,40.0,,,,,,,,,,,,,
2486,Nabati Wafer Pink Lava,Nabati,0,0,0,0,0,0,0,0,0,0,0,0,0,0,0,0,0,0,0,0,0,0,0,0,0,0,0,0,0,0,0,0,0,0,0,0,0,0,0,0,0,0,0,0,0,0,0,0,0,0,0,0,0
2487,Nabati Wafer Richeese,Richeese,1.0,porsi (15 g),70.0,,,11.0,,1.0,2.5,1.0,,,,0.0,,,,5.0,,,,,,,,,,,,,,,,,,,,,,65.0,,,,,,,,,,,,,
2488,Nabati Wafer Richoco,Nabati,0,0,0,0,0,0,0,0,0,0,0,0,0,0,0,0,0,0,0,0,0,0,0,0,0,0,0,0,0,0,0,0,0,0,0,0,0,0,0,0,0,0,0,0,0,0,0,0,0,0,0,0,0
2489,Nacho Cheese,Happytos,7.0,keping (20 g),110.0,,,12.0,,2.0,6.0,2.5,,,,0.0,1.0,,,1.0,,,,,,,,,,,,,,,,,,,,,,55.0,,,,,,,,,,,,,
2490,Naget Ayam,Okey,100.0,g,230.0,,,11.0,,11.0,16.0,8.0,,,,,,,,0.0,,,,,,,,,,,,,,,,,,,,,,480.0,,,,,,,,,,,,,
2491,Naget Ayam,Salam,1.0,potong (50 g),70.0,,,8.0,,8.0,1.5,1.5,,,,15.0,0.0,,,0.0,,,,,,,,,,,,,,,,,,,,,,190.0,0.0,,,,,,,,,,,,
2492,Nanas,Buah,100.0,gram (g),48.0,,,12.63,,0.54,0.12,0.009,0.042,0.014,,0.0,1.4,,,9.26,,,,,,,,,,,,,,,,,,,,,,1.0,115.0,,,,,,,,,,,,
"2493,""Nanas (Padat dan Cair, Air Kemasan, Kalengan)"",Buah,1.0,""mangkok, lumatan, irisan, atau potongan"",79.0,,,20.42,,1.06,0.22,0.015,0.076,0.027,,0.0,2.0,,,18.45,,,,,,,,,,,,,,,,,,,,,,2.0,312.0,,,,,,,,,,,,"
"2494,""Nanas (Padat dan Cair, Jus Kemasan, Kalengan)"",Buah,1.0,""mangkok, lumatan, irisan, atau potongan"",149.0,,,39.09,,1.05,0.2,0.015,0.072,0.025,,0.0,2.0,,,35.98,,,,,,,,,,,,,,,,,,,,,,2.0,304.0,,,,,,,,,,,,"
"2495,""Nanas (Padat dan Cair, Kemasan Sirup Ringan, Kalengan)"",Buah,1.0,""mangkok, lumatan, irisan, atau potongan"",131.0,,,33.89,,0.91,0.3,0.023,0.101,0.033,,0.0,2.0,,,31.88,,,,,,,,,,,,,,,,,,,,,,3.0,265.0,,,,,,,,,,,,"
"2496,""Nanas Potongan (Manis, Beku)"",Buah,100.0,gram (g),86.0,,,22.2,,0.4,0.1,0.007,0.035,0.012,,0.0,1.1,,,21.1,,,,,,,,,,,,,,,,,,,,,,2.0,100.0,,,,,,,,,,,,"
2497,Napolitana,San Remo,100.0,g,55.0,,,6.3,,1.0,2.4,0.2,,,,0.0,2.6,,,6.2,,,,,,,,,,,,,,,,,,,,,,340.0,,,,,,,,,,,,,
2498,Naraball,Naraya,0,0,0,0,0,0,0,0,0,0,0,0,0,0,0,0,0,0,0,0,0,0,0,0,0,0,0,0,0,0,0,0,0,0,0,0,0,0,0,0,0,0,0,0,0,0,0,0,0,0,0,0,0
2499,Narabis,Naraya,0,0,0,0,0,0,0,0,0,0,0,0,0,0,0,0,0,0,0,0,0,0,0,0,0,0,0,0,0,0,0,0,0,0,0,0,0,0,0,0,0,0,0,0,0,0,0,0,0,0,0,0,0
2500,Nasi Ayam Madura,Healthy Go,0,0,0,0,0,0,0,0,0,0,0,0,0,0,0,0,0,0,0,0,0,0,0,0,0,0,0,0,0,0,0,0,0,0,0,0,0,0,0,0,0,0,0,0,0,0,0,0,0,0,0,0,0
2501,Nasi Ayam Rendang,Health's Kitchen,1.0,porsi,450.0,,,62.0,,27.0,11.0,4.0,,,,,6.0,,,6.0,,,,,,,,,,,,,,,,,,,,,,580.0,,,,,,,,,,,,,
2502,Nasi Bakar,Fit Solution,1.0,porsi,379.0,,,39.0,,40.0,7.0,,,,,,6.0,,,,,,,,,,,,,,,,,,,,,,,,,,,,,,,,,,,,,,
2503,Nasi Bakar Dada Ayam,Fit Solution,1.0,porsi,379.0,,,39.0,,40.0,7.0,,,,,,,,,,,,,,,,,,,,,,,,,,,,,,,,,,,,,,,,,,,,
2504,Nasi Campur Bali,Yellow Fit,1.0,porsi,510.0,,,62.0,,34.0,14.0,,,,,,6.0,,,,,,,,,,,,,,,,,,,,,,,,,,,,,,,,,,,,,,
2505,Nasi Daun Jeruk Ayam Sambal Matah,Yummy,100.0,g,590.0,,,69.0,,20.0,26.0,,,,,,,,,,,,,,,,,,,,,,,,,,,,,,,,,,,,,,,,,,,,
"2506,Nasi Goreng,""Nasi, Mie & Pasta"",100.0,gram (g),168.0,,,21.06,,6.3,6.23,1.137,2.699,1.907,,52.0,0.7,,,0.76,,,,,,,,,,,,,,,,,,,,,,415.0,102.0,,,,,,,,,,,,"
"2507,Nasi Goreng Ayam,""Nasi, Mie & Pasta"",1.0,mangkok,329.0,,,41.82,,12.45,11.96,2.435,3.372,5.201,,105.0,1.4,,,1.39,,,,,,,,,,,,,,,,,,,,,,598.0,248.0,,,,,,,,,,,,"
"2508,Nasi Goreng Babi,""Nasi, Mie & Pasta"",1.0,mangkok,335.0,,,41.94,,11.94,12.87,2.802,3.376,5.659,,103.0,1.4,,,1.41,,,,,,,,,,,,,,,,,,,,,,598.0,271.0,,,,,,,,,,,,"
2509,Nasi Goreng Super Pedas,Sajiku,0,0,0,0,0,0,0,0,0,0,0,0,0,0,0,0,0,0,0,0,0,0,0,0,0,0,0,0,0,0,0,0,0,0,0,0,0,0,0,0,0,0,0,0,0,0,0,0,0,0,0,0,0
"2510,Nasi Goreng Udang,""Nasi, Mie & Pasta"",1.0,mangkok,321.0,,,41.88,,10.95,11.6,1.956,5.348,3.4,,127.0,1.4,,,1.5,,,,,,,,,,,,,,,,,,,,,,925.0,164.0,,,,,,,,,,,,"
"2511,Nasi Goreng tanpa Daging,""Nasi, Mie & Pasta"",100.0,gram (g),151.0,,,20.97,,4.23,5.48,0.926,2.519,1.615,,44.0,1.0,,,1.12,,,,,,,,,,,,,,,,,,,,,,425.0,93.0,,,,,,,,,,,,"
"2512,Nasi Hainan,Bamboe,1.0,""porsi (14,5 g)"",50.0,,,6.0,,1.0,2.5,1.0,,,,0.0,2.0,,,2.0,,,,,,,,,,,,,,,,,,,,,,190.0,,,,,,,,,,,,,"
2513,Nasi Jagung,Dailymeal,1.0,porsi (50 g),190.0,,,41.0,,2.0,2.0,0.5,,,,,5.0,,,0.0,,,,,,,,,,,,,,,,,,,,,,10.0,,,,,,,,,,,,,
2514,Nasi Jeruk Ayam Bakar,Health's Kitchen,1.0,porsi (60 g),493.0,,,70.0,,28.0,12.0,3.0,,,,60.0,5.0,,,14.0,,,,,,,,,,,,,,,,,,,,,,728.0,,,,,,,,,,,,,
2515,Nasi Jinggo Bali,Fit Solution,1.0,serving,297.0,,,33.0,,30.0,5.0,,,,,,2.2,,,12.0,,,,,,,,,,,,,,,,,,,,,,300.0,,,,,,,,,,,,,
2516,Nasi Kebuli with Lean Beef,Fit Solution,1.0,porsi (100 ml),377.0,,,39.0,,35.0,9.0,,,,,,5.2,,,,,,,,,,,,,,,,,,,,,,,,,,,,,,,,,,,,,,
2517,Nasi Lemak Malaysia,Yellow Fit,0,0,0,0,0,0,0,0,0,0,0,0,0,0,0,0,0,0,0,0,0,0,0,0,0,0,0,0,0,0,0,0,0,0,0,0,0,0,0,0,0,0,0,0,0,0,0,0,0,0,0,0,0
2518,Nasi Liwet Komplit,Healthy Go,1.0,serving,469.0,,,46.0,,34.0,16.0,,,,,,,,,,,,,,,,,,,,,,,,,,,,,,,,,,,,,,,,,,,,
"2519,Nasi Merah,""Nasi, Mie & Pasta"",100.0,gram (g),110.0,,,22.78,,2.56,0.89,0.179,0.321,0.325,,0.0,1.8,,,0.35,,,,,,,,,,,,,,,,,,,,,,301.0,43.0,,,,,,,,,,,,"
"2520,""Nasi Merah (Butir-Panjang, Dimasak)"",""Nasi, Mie & Pasta"",100.0,gram (g),111.0,,,22.96,,2.58,0.9,0.18,0.323,0.327,,0.0,1.8,,,0.35,,,,,,,,,,,,,,,,,,,,,,5.0,43.0,,,,,,,,,,,,"
"2521,""Nasi Merah (Butir-Sedang, Dimasak)"",""Nasi, Mie & Pasta"",100.0,gram (g),112.0,,,23.51,,2.32,0.83,0.165,0.296,0.3,,0.0,1.8,,,,,,,,,,,,,,,,,,,,,,,,,1.0,79.0,,,,,,,,,,,,"
"2522,Nasi Merah Instan,""Nasi, Mie & Pasta"",1.0,""mangkok,masak"",233.0,,,48.29,,5.43,1.89,0.38,0.681,0.689,,0.0,3.8,,,0.74,,,,,,,,,,,,,,,,,,,,,,638.0,91.0,,,,,,,,,,,,"
2523,Nasi Padang,Fit Solution,1.0,porsi,453.0,,,39.0,,36.0,17.0,,,,,,5.5,,,,,,,,,,,,,,,,,,,,,,,,,,,,,,,,,,,,,,
2524,Nasi Porang,Kareta' Kin,1.0,porsi (40 g),23.0,,,5.0,,0.6,0.0,,,,,,,,,0.0,,,,,,,,,,,,,,,,,,,,,,,,,,,,,,,,,,,
"2525,Nasi Putih,""Nasi, Mie & Pasta"",100.0,gram (g),129.0,,,27.9,,2.66,0.28,0.076,0.075,0.087,,0.0,0.4,,,0.05,,,,,,,,,,,,,,,,,,,,,,365.0,35.0,,,,,,,,,,,,"
"2526,""Nasi Putih (Butir-Panjang, Dimasak)"",""Nasi, Mie & Pasta"",100.0,gram (g),130.0,,,28.17,,2.69,0.28,0.077,0.076,0.088,,0.0,0.4,,,0.05,,,,,,,,,,,,,,,,,,,,,,1.0,35.0,,,,,,,,,,,,"
"2527,""Nasi Putih (Butir-Pendek, Dimasak)"",""Nasi, Mie & Pasta"",100.0,gram (g),130.0,,,28.73,,2.36,0.19,0.051,0.05,0.058,,0.0,,,,,,,,,,,,,,,,,,,,,,,,,,0.0,26.0,,,,,,,,,,,,"
"2528,""Nasi Putih (Butir-Sedang, Dimasak)"",""Nasi, Mie & Pasta"",100.0,gram (g),130.0,,,28.59,,2.38,0.21,0.057,0.056,0.065,,0.0,0.3,,,,,,,,,,,,,,,,,,,,,,,,,0.0,29.0,,,,,,,,,,,,"
"2529,Nasi Putih Instan,""Nasi, Mie & Pasta"",1.0,""mangkok,masak"",191.0,,,41.04,,3.56,0.83,0.028,0.028,0.121,,0.0,1.0,,,0.0,,,,,,,,,,,,,,,,,,,,,,582.0,15.0,,,,,,,,,,,,"
2530,Nasi Rawon,Mad About Protein,1.0,serving,526.0,,,59.0,,41.0,14.0,,,,,,,,,,,,,,,,,,,,,,,,,,,,,,,,,,,,,,,,,,,,
2531,Nasi Sapi Lada Hitam,KAI,1.0,porsi,400.0,,,74.0,,18.0,3.5,0.5,,,,,,,,10.0,,,,,,,,,,,,,,,,,,,,,,570.0,,,,,,,,,,,,,
2532,Nasi Singkong,Dailymeal,100.0,g,370.0,,,84.0,,2.0,3.5,1.5,0.0,0.0,,0.0,9.0,,,0.0,,,,,,,,,,,,,,,,,,,,,,20.0,,,,,,,,,,,,,
2533,Nasi Tutug Oncom with Ayam Cabe Ijo + Tahu Isi,Yellow Fit,0,0,0,0,0,0,0,0,0,0,0,0,0,0,0,0,0,0,0,0,0,0,0,0,0,0,0,0,0,0,0,0,0,0,0,0,0,0,0,0,0,0,0,0,0,0,0,0,0,0,0,0,0
2534,Nasi Uduk,Fit Solution,1.0,porsi,399.0,,,42.0,,40.0,7.0,,,,,,,,,,,,,,,,,,,,,,,,,,,,,,,,,,,,,,,,,,,,
2535,Nasi Uduk Saus Kacang + Tempe Orek,Yellow Fit Kitchen,1.0,serving,530.0,,,68.0,,33.0,14.0,,,,,,6.0,,,,,,,,,,,,,,,,,,,,,,,,,,,,,,,,,,,,,,
"2536,""Nasi, Mie & Pasta"",Makanan,0,0,0,0,0,0,0,0,0,0,0,0,0,0,0,0,0,0,0,0,0,0,0,0,0,0,0,0,0,0,0,0,0,0,0,0,0,0,0,0,0,0,0,0,0,0,0,0,0,0,0,0,0"
2537,Nasindo Nasi Goreng,Nasindo,1.0,porsi (85 g),140.0,,,26.0,,1.0,3.0,1.0,,,,,,,,2.0,,,,,,,,,,,,,,,,,,,,,,480.0,,,,,,,,,,,,,
2538,Nasindo Rasa Soto,Nasindo,0,0,0,0,0,0,0,0,0,0,0,0,0,0,0,0,0,0,0,0,0,0,0,0,0,0,0,0,0,0,0,0,0,0,0,0,0,0,0,0,0,0,0,0,0,0,0,0,0,0,0,0,0
2539,Nastar,Nextar,0,0,0,0,0,0,0,0,0,0,0,0,0,0,0,0,0,0,0,0,0,0,0,0,0,0,0,0,0,0,0,0,0,0,0,0,0,0,0,0,0,0,0,0,0,0,0,0,0,0,0,0,0
2540,Nastar Keju,Ina Cookies,100.0,g,410.0,,,72.02,,14.68,7.02,,,,,,,,,50.0,,,,,,,,,,,,,,,,,,,,,,,,,,,,,,,,,,,
2541,Nata De Coco Rasa Leci,Inaco,2.0,sendok makan (180 g),90.0,,,23.0,,0.0,0.0,0.0,,,,0.0,2.0,,,19.0,,,,,,,,,,,,,,,,,,,,,,30.0,,,,,,,,,,,,,
2542,Nata de Coco,Inaco,1.0,buah (250 g),170.0,,,39.0,,0.0,0.0,0.0,,,,0.0,8.0,,,24.0,,,,,,,,,,,,,,,,,,,,,,25.0,,,,,,,,,,,,,
2543,Nata de Coco,Wong Coco,1.0,porsi (200 g),180.0,,,41.0,,5.0,0.0,0.0,,,,0.0,7.0,,,35.0,,,,,,,,,,,,,,,,,,,,,,75.0,,,,,,,,,,,,,
2544,Nata de Coco Slice & Aloe Vera,Wong Coco,1.0,cangkir (200 g),120.0,,,27.0,,2.0,0.0,,,,,,3.0,,,23.0,,,,,,,,,,,,,,,,,,,,,,25.0,,,,,,,,,,,,,
2545,Natural Baked Almonds,Camel,1.0,hidangan (50 g),289.0,,,8.3,,11.4,23.2,1.9,,,,0.0,4.9,,,1.3,,,,,,,,,,,,,,,,,,,,,,3.0,,,,,,,,,,,,,
2546,Natural Honey,Uray,1.0,takaran saji (15 g),50.0,,,12.0,,0.0,0.0,0.0,,,,,,,,10.0,,,,,,,,,,,,,,,,,,,,,,0.0,,,,,,,,,,,,,
2547,Natural Plain Skim Yoghurt,Yummy,1.0,mangkuk (125 g),70.0,,,10.0,,7.0,0.0,,,,,,,,,,,,,,,,,,,,,,,,,,,,,,,,,,,,,,,,,,,,
2548,Natural Plain Yoghurt,Yummy,100.0,g,140.0,,,17.0,,7.0,4.0,3.0,,,,4.0,,,,8.0,,,,,,,,,,,,,,,,,,,,,,60.0,,,,,,,,,,,,,
2549,Neapolitan,Campina,100.0,ml,140.0,,,20.0,,2.0,5.0,4.0,,,,,,,,13.0,,,,,,,,,,,,,,,,,,,,,,35.0,,,,,,,,,,,,,
2550,Nektar Mangga,Buah,1.0,mangkok,145.0,,,37.9,,0.5,0.28,0.065,0.05,0.1,,0.0,1.8,,,35.67,,,,,,,,,,,,,,,,,,,,,,5.0,140.0,,,,,,,,,,,,
2551,Nephrisol,Kalbe,100.0,g,450.0,,,67.0,,9.0,16.0,5.0,3.5,6.0,,3.0,15.0,,,6.0,,,,,,,,,,,,,,,,,,,,,,100.0,,,,,,,,,,,,,
2552,Nescafe Latte,Nescafe,0,0,0,0,0,0,0,0,0,0,0,0,0,0,0,0,0,0,0,0,0,0,0,0,0,0,0,0,0,0,0,0,0,0,0,0,0,0,0,0,0,0,0,0,0,0,0,0,0,0,0,0,0
2553,Nextar,Nextar,0,0,0,0,0,0,0,0,0,0,0,0,0,0,0,0,0,0,0,0,0,0,0,0,0,0,0,0,0,0,0,0,0,0,0,0,0,0,0,0,0,0,0,0,0,0,0,0,0,0,0,0,0
2554,Nextar Chocolate Pie,Nabati,1.0,bungkus (24 g),110.0,,,15.0,,1.0,5.0,3.5,,,,0.0,,,,6.0,,,,,,,,,,,,,,,,,,,,,,50.0,,,,,,,,,,,,,
2555,Nextar Cocopan,Nextar,0,0,0,0,0,0,0,0,0,0,0,0,0,0,0,0,0,0,0,0,0,0,0,0,0,0,0,0,0,0,0,0,0,0,0,0,0,0,0,0,0,0,0,0,0,0,0,0,0,0,0,0,0
2556,Nextar Nastar,Nabati,0,0,0,0,0,0,0,0,0,0,0,0,0,0,0,0,0,0,0,0,0,0,0,0,0,0,0,0,0,0,0,0,0,0,0,0,0,0,0,0,0,0,0,0,0,0,0,0,0,0,0,0,0
2557,Nextar Star Double Cream,Nextar,0,0,0,0,0,0,0,0,0,0,0,0,0,0,0,0,0,0,0,0,0,0,0,0,0,0,0,0,0,0,0,0,0,0,0,0,0,0,0,0,0,0,0,0,0,0,0,0,0,0,0,0,0
2558,Nila (Ikan),Ikan & Seafood,100.0,gram (g),96.0,,,0.0,,20.08,1.7,0.571,0.387,0.486,,50.0,0.0,,,0.0,,,,,,,,,,,,,,,,,,,,,,52.0,302.0,,,,,,,,,,,,
2559,Nitto Chocolate Wafer,Nissin,0,0,0,0,0,0,0,0,0,0,0,0,0,0,0,0,0,0,0,0,0,0,0,0,0,0,0,0,0,0,0,0,0,0,0,0,0,0,0,0,0,0,0,0,0,0,0,0,0,0,0,0,0
2560,Nockers,Delfi,1.0,takaran saji (30 g),150.0,,,18.0,,2.0,8.0,4.0,,,,,,,,12.0,,,,,,,,,,,,,,,,,,,,,,50.0,,,,,,,,,,,,,
2561,Noir,Nextar,0,0,0,0,0,0,0,0,0,0,0,0,0,0,0,0,0,0,0,0,0,0,0,0,0,0,0,0,0,0,0,0,0,0,0,0,0,0,0,0,0,0,0,0,0,0,0,0,0,0,0,0,0
2562,Nori Rasa Ayam Goreng,Ripik Hijau,1.0,porsi (4 g),30.0,,,1.0,,1.0,2.5,1.0,,,,0.0,1.0,,,0.0,,,,,,,,,,,,,,,,,,,,,,35.0,45.0,,,,,,,,,,,,
2563,Nori Saku,Mama Suka,0,0,0,0,0,0,0,0,0,0,0,0,0,0,0,0,0,0,0,0,0,0,0,0,0,0,0,0,0,0,0,0,0,0,0,0,0,0,0,0,0,0,0,0,0,0,0,0,0,0,0,0,0
2564,Nougat Crisp,Naraya,0,0,0,0,0,0,0,0,0,0,0,0,0,0,0,0,0,0,0,0,0,0,0,0,0,0,0,0,0,0,0,0,0,0,0,0,0,0,0,0,0,0,0,0,0,0,0,0,0,0,0,0,0
2565,Nugget,Vitalia,1.0,(50 g),140.0,,,13.0,,5.0,7.0,3.5,,,,20.0,,,,0.0,,,,,,,,,,,,,,,,,,,,,,250.0,,,,,,,,,,,,,
2566,Nugget,Salam,1.0,porsi (50 g),80.0,,,11.0,,7.0,1.0,,,,,25.0,,,,0.0,,,,,,,,,,,,,,,,,,,,,,200.0,,,,,,,,,,,,,
2567,Nugget,Kanzler,4.0,porsi (75 g),150.0,,,3.0,,11.0,10.0,4.5,,,,,,,,0.0,,,,,,,,,,,,,,,,,,,,,,390.0,,,,,,,,,,,,,
2568,Nugget,Okey,100.0,g,230.0,,,11.0,,11.0,16.0,5.0,,,,,,,,0.0,,,,,,,,,,,,,,,,,,,,,,480.0,,,,,,,,,,,,,
2569,Nugget Ayam,Hato,1.0,porsi (60 g),140.0,,,10.0,,11.0,7.0,,,,,20.0,,,,,,,,,,,,,,,,,,,,,,,,,,200.0,,,,,,,,,,,,,
2570,Nugget Ball,Lezza,0,0,0,0,0,0,0,0,0,0,0,0,0,0,0,0,0,0,0,0,0,0,0,0,0,0,0,0,0,0,0,0,0,0,0,0,0,0,0,0,0,0,0,0,0,0,0,0,0,0,0,0,0
2571,Nugget Chicken Stick,Belfoods,4.0,buah (52 g),140.0,,,10.0,,9.0,7.0,,,,,5.0,,,,1.0,,,,,,,,,,,,,,,,,,,,,,280.0,,,,,,,,,,,,,
2572,Nugget Coin,Belfoods,3.0,potong (60 g),160.0,,,12.0,,9.0,9.0,3.5,,,,15.0,3.0,,,0.0,,,,,,,,,,,,,,,,,,,,,,520.0,,,,,,,,,,,,,
2573,Nugget Numero,Hato,0,0,0,0,0,0,0,0,0,0,0,0,0,0,0,0,0,0,0,0,0,0,0,0,0,0,0,0,0,0,0,0,0,0,0,0,0,0,0,0,0,0,0,0,0,0,0,0,0,0,0,0,0
2574,Nugget Pizza Flavor,Hato,0,0,0,0,0,0,0,0,0,0,0,0,0,0,0,0,0,0,0,0,0,0,0,0,0,0,0,0,0,0,0,0,0,0,0,0,0,0,0,0,0,0,0,0,0,0,0,0,0,0,0,0,0
2575,Nugget Stick,Salam,1.0,serving (75 g),120.0,,,14.0,,12.0,2.0,0.5,,,,15.0,,,,1.0,,,,,,,,,,,,,,,,,,,,,,320.0,,,,,,,,,,,,,
"2576,Nulife Sweetener,Kalbe,1.0,""bedak wangi (1,5 g)"",5.0,,,1.0,,0.0,0.0,0.0,,,,0.0,0.0,,,0.0,,,,,,,,,,,,,,,,,,,,,,0.0,0.0,,,,,,,,,,,,"
2577,Nut Bar Choco Almond Crunch,Nice & Natural,0,0,0,0,0,0,0,0,0,0,0,0,0,0,0,0,0,0,0,0,0,0,0,0,0,0,0,0,0,0,0,0,0,0,0,0,0,0,0,0,0,0,0,0,0,0,0,0,0,0,0,0,0
2578,Nut Bar Mixed Berry Crunch,Nice & Natural,1.0,bar (30 g),170.0,,,14.0,,4.0,11.0,4.0,,,,0.0,2.0,,,8.0,,,,,,,,,,,,,,,,,,,,,,35.0,,,,,,,,,,,,,
2579,Nut Delight,Go Natural,1.0,porsi (20 g),110.0,,,7.0,,4.0,7.0,1.0,2.0,4.0,,0.0,2.0,,,4.0,,,,,,,,,,,,,,,,,,,,,,20.0,,,,,,,,,,,,,
2580,Nutrageous,Reese's,1.0,serving (47 g),240.0,,,26.0,,5.0,15.0,5.0,,,,,,,,21.0,,,,,,,,,,,,,,,,,,,,,,60.0,,,,,,,,,,,,,
2581,Nutri Blend Nutty,The Infinity,1.0,serving (33 g),120.0,,,14.0,,16.0,2.0,1.0,,,,5.0,,,,10.0,,,,,,,,,,,,,,,,,,,,,,105.0,,,,,,,,,,,,,
2582,Nutri Grain,Kellogg's,0,0,0,0,0,0,0,0,0,0,0,0,0,0,0,0,0,0,0,0,0,0,0,0,0,0,0,0,0,0,0,0,0,0,0,0,0,0,0,0,0,0,0,0,0,0,0,0,0,0,0,0,0
2583,Nutrican,Kalbe,1.0,serving (81 g),350.0,,,48.0,,20.0,9.0,2.0,2.0,3.5,,0.0,3.0,,,9.0,,,,,,,,,,,,,,,,,,,,,,75.0,134.0,,,,,,,,,,,,
2584,Nutritious Soy Matcha,UNISOY,1.0,porsi (21 g),85.0,,,12.0,,4.5,2.2,0.3,,,,0.0,0.8,,,8.5,,,,,,,,,,,,,,,,,,,,,,2.0,,,,,,,,,,,,,
2585,Nutrive Benecol Blackcurrant,Kalbe,100.0,ml,60.0,,,8.0,,1.0,2.0,,,,,,,,,3.0,,,,,,,,,,,,,,,,,,,,,,30.0,,,,,,,,,,,,,
2586,Nutrive Benecol Lychee,Kalbe,100.0,ml,60.0,,,8.0,,1.0,2.0,0.0,,,,0.0,1.0,,,4.0,,,,,,,,,,,,,,,,,,,,,,50.0,,,,,,,,,,,,,
2587,Nutrive Benecol Strawberry,Kalbe,100.0,ml,60.0,,,8.0,,1.0,2.0,0.0,,,,0.0,1.0,,,4.0,,,,,,,,,,,,,,,,,,,,,,10.0,,,,,,,,,,,,,
2588,Nutty Peanut Crackers,UBM Biscuits,5.0,keping (27 g),130.0,,,19.0,,2.0,5.0,2.5,,,,,,,,6.0,,,,,,,,,,,,,,,,,,,,,,,,,,,,,,,,,,,
2589,Oat,Quaker,3.0,sdm (35 g),140.0,,,24.0,,4.0,3.0,0.5,,1.5,,,3.0,,,0.0,,,,,,,,,,,,,,,,,,,,,,,,,,,,,,,,,,,
2590,Oat & Milk Biscuits,Alamii,1.0,porsi (20 g),100.0,,,14.0,,1.0,4.0,,,,,,1.0,,,3.0,,,,,,,,,,,,,,,,,,,,,,50.0,,,,,,,,,,,,,
2591,Oat 25,Julie's,0,0,0,0,0,0,0,0,0,0,0,0,0,0,0,0,0,0,0,0,0,0,0,0,0,0,0,0,0,0,0,0,0,0,0,0,0,0,0,0,0,0,0,0,0,0,0,0,0,0,0,0,0
2592,Oat 8 Choco Hazel,Oatbits,0,0,0,0,0,0,0,0,0,0,0,0,0,0,0,0,0,0,0,0,0,0,0,0,0,0,0,0,0,0,0,0,0,0,0,0,0,0,0,0,0,0,0,0,0,0,0,0,0,0,0,0,0
2593,Oat 8 Mung Bean,Oatbits,0,0,0,0,0,0,0,0,0,0,0,0,0,0,0,0,0,0,0,0,0,0,0,0,0,0,0,0,0,0,0,0,0,0,0,0,0,0,0,0,0,0,0,0,0,0,0,0,0,0,0,0,0
2594,Oat 8 Rasa Almond,Oatbits,0,0,0,0,0,0,0,0,0,0,0,0,0,0,0,0,0,0,0,0,0,0,0,0,0,0,0,0,0,0,0,0,0,0,0,0,0,0,0,0,0,0,0,0,0,0,0,0,0,0,0,0,0
2595,Oat Cappucino,Caffino,1.0,porsi (200 ml),130.0,,,26.0,,1.0,2.5,2.5,,,,,,,,15.0,,,,,,,,,,,,,,,,,,,,,,120.0,,,,,,,,,,,,,
2596,Oat Choco (20g),Naraya,1.0,potong (20 g),50.0,,,13.0,,1.0,5.0,,,,,0.0,,,,5.0,,,,,,,,,,,,,,,,,,,,,,40.0,,,,,,,,,,,,,
2597,Oat Choco (50g),Naraya,0,0,0,0,0,0,0,0,0,0,0,0,0,0,0,0,0,0,0,0,0,0,0,0,0,0,0,0,0,0,0,0,0,0,0,0,0,0,0,0,0,0,0,0,0,0,0,0,0,0,0,0,0
2598,Oat Choco Chocolate Flavour,Naraya,1.0,bungkus (30 g),150.0,,,21.0,,1.0,7.0,6.0,,,,,,,,7.0,,,,,,,,,,,,,,,,,,,,,,65.0,,,,,,,,,,,,,
2599,Oat Choco Original,Naraya,1.0,porsi (50 g),250.0,,,33.0,,3.0,12.0,,,,,,,,,12.0,,,,,,,,,,,,,,,,,,,,,,95.0,3000.0,,,,,,,,,,,,
2600,Oat Choco Pandan,Naraya,,,,,,,,,,,,,,,,,,,,,,,,,,,,,,,,,,,,,,,,,,,,,,,,,,,,,
2601,Oat Cookies,Quaker,3.0,cookies (27 g),119.0,,,19.4,,2.0,3.7,,0.6,1.3,,2.0,1.1,,,7.7,,,,,,,,,,,,,,,,,,,,,,,,,,,,,,,,,,,
2602,Oat Daily Barista Edition,Oat Daily,1.0,takaran saji (200 ml),110.0,,,14.0,,2.0,4.5,0.0,,,,0.0,1.0,,,5.0,,,,,,,,,,,,,,,,,,,,,,80.0,,,,,,,,,,,,,
2603,Oat Drink Chocolate,Oatly,,,,,,,,,,,,,,,,,,,,,,,,,,,,,,,,,,,,,,,,,,,,,,,,,,,,,
2604,Oat Latte,Nescafe,,,,,,,,,,,,,,,,,,,,,,,,,,,,,,,,,,,,,,,,,,,,,,,,,,,,,
2605,Oat Marie Latte,Caffino,1.0,botol (200 ml),140.0,,,25.0,,1.0,3.5,3.5,,,,,3.0,,,17.0,,,,,,,,,,,,,,,,,,,,,,125.0,,,,,,,,,,,,,
2606,Oat Milk,Energen,1.0,sachet (24 g),90.0,,,16.0,,3.0,2.0,0.0,0.0,0.0,,0.0,2.0,,,1.0,,,,,,,,,,,,,,,,,,,,,,0.0,0.0,,,,,,,,,,,,
2607,Oat Milk,Oatly,100.0,ml,59.0,,,6.6,,1.0,3.0,0.3,,,,,0.8,,,4.0,,,,,,,,,,,,,,,,,,,,,,40.0,,,,,,,,,,,,,
2608,Oat Milk Barista Blend,Oatside,100.0,ml,65.0,,,8.0,,0.5,3.0,0.25,,,,,1.0,,,3.0,,,,,,,,,,,,,,,,,,,,,,48.0,,,,,,,,,,,,,
2609,Oat Milk Barista Edition,Oatly,1.0,porsi (240 ml),140.0,,,16.0,,3.0,7.0,,,,,,2.0,,,7.0,,,,,,,,,,,,,,,,,,,,,,100.0,,,,,,,,,,,,,
2610,Oat Milk Coffee,Oatside,1.0,serving (200 ml),150.0,,,21.0,,1.0,7.0,0.5,,,,0.0,2.0,,,12.0,,,,,,,,,,,,,,,,,,,,,,90.0,434.0,,,,,,,,,,,,
2611,Oat Milk Mix Berries,Energen,1.0,sachet (24 g),90.0,,,16.0,,3.0,2.0,0.0,,,,0.0,2.0,,,1.0,,,,,,,,,,,,,,,,,,,,,,80.0,,,,,,,,,,,,,
2612,Oat8 Almond,Oatbits,,,,,,,,,,,,,,,,,,,,,,,,,,,,,,,,,,,,,,,,,,,,,,,,,,,,,
"2613,Oat8 Choco Hazel,Oatbits,3.0,""pieces (28,5 g)"",140.0,,,19.0,,2.0,6.0,3.0,,,,0.0,2.0,,,7.0,,,,,,,,,,,,,,,,,,,,,,80.0,75.0,,,,,,,,,,,,"
2614,Oatbits,Oatbits,,,,,,,,,,,,,,,,,,,,,,,,,,,,,,,,,,,,,,,,,,,,,,,,,,,,,
2615,Oatmeal,Roti & Sereal,100.0,gram (g),62.0,,,10.84,,2.59,1.02,0.18,0.372,0.32,,0.0,1.6,,,0.24,,,,,,,,,,,,,,,,,,,,,,119.0,54.0,,,,,,,,,,,,
2616,Oatmeal,Quaker,100.0,g,70.0,,,12.0,,2.0,2.0,,,,,,,,,,,,,,,,,,,,,,,,,,,,,,,,,,,,,,,,,,,,
2617,Oatmeal,Haverjoy,1.0,porsi (35 g),140.0,,,25.0,,4.0,3.0,1.5,,,,0.0,5.0,,,,,,,,,,,,,,,,,,,,,,,,,10.0,3.0,,,,,,,,,,,,
2618,Oatmeal,Captain Oats,1.0,sendok makan (40 g),159.0,,,27.0,,5.4,3.3,1.0,,,,,4.3,,,,,,,,,,,,,,,,,,,,,,,,,11.0,,,,,,,,,,,,,
2619,Oatmeal Butterscotch Cookies,The Harvest,1.0,takaran saji (67 g),330.0,,,45.0,,5.0,15.0,10.0,,,,60.0,4.0,,,16.0,,,,,,,,,,,,,,,,,,,,,,85.0,,,,,,,,,,,,,
"2620,Oatmeal Cepat (1 atau 3 Menit),Roti & Sereal,1.0,""mangkok,masak"",145.0,,,25.37,,6.06,2.39,0.421,0.87,0.748,,0.0,3.7,,,0.56,,,,,,,,,,,,,,,,,,,,,,278.0,126.0,,,,,,,,,,,,"
2621,Oatmeal Instan,Roti & Sereal,100.0,gram (g),91.0,,,18.22,,2.46,1.2,0.215,0.388,0.411,,0.0,1.9,,,6.58,,,,,,,,,,,,,,,,,,,,,,122.0,78.0,,,,,,,,,,,,
"2622,Oatmeal Multigrain,Roti & Sereal,1.0,""mangkok,masak"",147.0,,,32.48,,5.01,1.15,0.23,0.566,0.253,,0.0,5.4,,,0.26,,,,,,,,,,,,,,,,,,,,,,166.0,173.0,,,,,,,,,,,,"
2623,Oatmeal Raisin Cookies,The Harvest,3.0,potong (42 g),210.0,,,28.0,,2.0,10.0,7.0,,,,25.0,2.0,,,16.0,,,,,,,,,,,,,,,,,,,,,,85.0,,,,,,,,,,,,,
2624,Oatmeal Rasa Coklat,Quaker,4.0,sendok makan (28 g),110.0,,,21.0,,2.0,2.5,1.5,,,,0.0,1.0,,,8.0,,,,,,,,,,,,,,,,,,,,,,85.0,,,,,,,,,,,,,
2625,Oatmeal Rolled Oats,Oatsy,4.0,sendok (30 g),120.0,,,21.0,,4.0,3.0,0.5,1.0,1.5,,0.0,8.0,,,0.0,,,,,,,,,,,,,,,,,,,,,,0.0,0.0,,,,,,,,,,,,
"2626,Oatmeal dengan Buah,Roti & Sereal,1.0,""mangkok,masak"",190.0,,,37.81,,6.18,2.29,0.402,0.817,0.707,,0.0,4.2,,,11.14,,,,,,,,,,,,,,,,,,,,,,260.0,253.0,,,,,,,,,,,,"
2627,Oatmilk,Oatside,100.0,ml,60.0,,,8.0,,0.5,3.0,0.25,0.0,0.0,,0.0,0.5,,,4.0,,,,,,,,,,,,,,,,,,,,,,48.0,0.0,,,,,,,,,,,,
2628,Oats With Multi-Grain,Oatsy,1.0,sajian (30 g),110.0,,,22.0,,3.0,1.5,0.0,0.0,0.5,,0.0,8.0,,,1.0,,,,,,,,,,,,,,,,,,,,,,0.0,,,,,,,,,,,,,
2629,Oatside Protein Vanilla,Oatside,,,,,,,,,,,,,,,,,,,,,,,,,,,,,,,,,,,,,,,,,,,,,,,,,,,,,
2630,Odeng,Cedea,1.0,porsi (50 g),80.0,,,9.0,,4.0,3.5,1.5,,,,,,,,3.0,,,,,,,,,,,,,,,,,,,,,,320.0,,,,,,,,,,,,,
2631,Odeng Original Fish Cake,Geezy,100.0,g,210.0,,,21.0,,12.0,9.0,4.0,,,,,,,,0.0,,,,,,,,,,,,,,,,,,,,,,,,,,,,,,,,,,,
2632,Oishi Rasa Udang Pedas,Oishi,1.0,bungkus kecil (11 g),50.0,,,8.0,,1.0,1.5,0.5,,,,,,,,1.0,,,,,,,,,,,,,,,,,,,,,,,,,,,,,,,,,,,
2633,Olahan Ikan,Geezy,100.0,g,105.0,,,0.0,,18.47,2.85,2.0,,1.099,,72.0,0.0,,,0.0,,,,,,,,,,,,,,,,,,,,,,50.0,,,,,,,,,,,,,
2634,Old Fashioned Belgian Style Chocolate Chip,The Harvest,1.0,serving (55 g),290.0,,,35.0,,3.0,15.0,10.0,,,,30.0,3.0,,,20.0,,,,,,,,,,,,,,,,,,,,,,95.0,,,,,,,,,,,,,
2635,Old Gold Dark Chocolate,Cadbury,1.0,serving (25 g),132.0,,,14.1,,1.5,7.6,4.7,,,,,,,,12.9,,,,,,,,,,,,,,,,,,,,,,2.0,,,,,,,,,,,,,
2636,Olesan Sandwich,Kewpie,1.0,porsi (15 g),70.0,,,4.0,,0.0,6.0,,,,,,,,,,,,,,,,,,,,,,,,,,,,,,,85.0,,,,,,,,,,,,,
2637,Olive Oil,Filippo Berio,100.0,ml,822.0,,,0.0,,0.0,91.3,,,,,,,,,0.0,,,,,,,,,,,,,,,,,,,,,,0.0,,,,,,,,,,,,,
2638,Omega 3,Youvit,1.0,gummy (4 g),15.0,,,3.0,,0.0,0.0,,,,,,,,,2.0,,,,,,,,,,,,,,,,,,,,,,5.0,,,,,,,,,,,,,
2639,Onion Chicken,Oh Ma Grain,25.0,g),100.0,,,20.0,,2.0,2.0,0.0,,,,0.0,3.0,,,0.0,,,,,,,,,,,,,,,,,,,,,,110.0,,,,,,,,,,,,,
2640,Onion Rings,Lainnya,100.0,gram (g),332.0,,,37.74,,4.46,18.69,8.377,0.801,8.013,,17.0,,,,,,,,,,,,,,,,,,,,,,,,,,518.0,156.0,,,,,,,,,,,,
2641,Oolong Tea,ITO EN,1.0,serving (250 ml),0.0,,,0.0,,0.0,0.0,,,,,0.0,,,,,,,,,,,,,,,,,,,,,,,,,,50.0,,,,,,,,,,,,,
2642,Opak Khu,Ajisuka,1.0,bungkus (25 g),90.0,,,15.0,,1.0,3.0,1.5,,,,,,,,3.0,,,,,,,,,,,,,,,,,,,,,,150.0,,,,,,,,,,,,,
"2643,Opor Ayam Cepu,Bango,1.0,""porsi (8,8 g)"",25.0,,,2.0,,0.0,2.0,0.5,,,,0.0,1.0,,,1.0,,,,,,,,,,,,,,,,,,,,,,660.0,,,,,,,,,,,,,"
2644,Orange Flavor,Yoyic,1.0,botol (130 ml),70.0,,,15.0,,1.0,0.0,0.0,,,,0.0,,,,14.0,,,,,,,,,,,,,,,,,,,,,,40.0,,,,,,,,,,,,,
2645,Orange Mango,Mama Roz,,,,,,,,,,,,,,,,,,,,,,,,,,,,,,,,,,,,,,,,,,,,,,,,,,,,,
2646,Orange Water,You C1000,1.0,botol (500 ml),160.0,,,40.0,,0.0,0.0,0.0,,,,0.0,0.0,,,40.0,,,,,,,,,,,,,,,,,,,,,,60.0,0.0,,,,,,,,,,,,
2647,Oreo Cookies & Cream Chocolate,Wall's,100.0,ml,120.0,,,9.0,,1.0,8.0,6.0,2.0,0.5,,,1.0,,,8.0,,,,,,,,,,,,,,,,,,,,,,15.0,,,,,,,,,,,,,
2648,Oreo Cookies & Cream Ice Cream,Wall's,100.0,g,230.0,,,24.0,,2.0,13.0,8.0,1.0,4.5,,,2.0,,,15.0,,,,,,,,,,,,,,,,,,,,,,50.0,,,,,,,,,,,,,
2649,Organic Chia Seed,Nature's Energy,1.0,serving (15 g),80.0,,,5.0,,3.0,5.0,0.5,4.5,,,,,,,0.0,,,,,,,,,,,,,,,,,,,,,,0.0,0.0,,,,,,,,,,,,
2650,Organic Chia Seed,El Organico,1.0,serving (15 g),80.0,,,5.0,,3.0,5.0,0.5,4.5,0.0,,0.0,10.0,,,0.0,,,,,,,,,,,,,,,,,,,,,,0.0,0.0,,,,,,,,,,,,
2651,Organic Instant Oatmeal,Oatsy,4.0,tablespoons (30 g),120.0,,,21.0,,4.0,2.0,0.0,1.0,1.0,,0.0,7.0,,,0.0,,,,,,,,,,,,,,,,,,,,,,10.0,0.0,,,,,,,,,,,,
2652,Organic Milk,Ultra Jaya,1.0,takaran saji (200 ml),140.0,,,11.0,,6.0,8.0,5.0,,,,10000.0,,,,11.0,,,,,,,,,,,,,,,,,,,,,,60.0,,,,,,,,,,,,,
2653,Organic Rolled Oats,Oatsy,,,,,,,,,,,,,,,,,,,,,,,,,,,,,,,,,,,,,,,,,,,,,,,,,,,,,
2654,Original,Nescafe,,,,,,,,,,,,,,,,,,,,,,,,,,,,,,,,,,,,,,,,,,,,,,,,,,,,,
2655,Original,Yoyic,1.0,porsi (200 ml),100.0,,,23.0,,1.0,0.5,,,,,,2.0,,,21.0,,,,,,,,,,,,,,,,,,,,,,45.0,,,,,,,,,,,,,
"2656,Original 3 in 1,Nescafe,1.0,""sachet (17,5 g)"",80.0,,,15.0,,1.0,2.0,1.5,,,,,1.0,,,11.0,,,,,,,,,,,,,,,,,,,,,,60.0,,,,,,,,,,,,,"
2657,Original Blend,Indocafe,1.0,sendok teh (2 g),5.0,,,1.0,,0.0,0.0,0.0,,,,0.0,0.0,,,0.0,,,,,,,,,,,,,,,,,,,,,,0.0,0.0,,,,,,,,,,,,
2658,Original Mini Rice Cakes,Oh Ma Grain,1.0,serving (25 g),90.0,,,20.0,,2.0,0.0,0.0,,,,,3.0,,,0.0,,,,,,,,,,,,,,,,,,,,,,0.0,,,,,,,,,,,,,
2659,Original Seasoning Powder,Khafsha,,,,,,,,,,,,,,,,,,,,,,,,,,,,,,,,,,,,,,,,,,,,,,,,,,,,,
2660,Original Sourdough Cracker,Namaste Organic,,,,,,,,,,,,,,,,,,,,,,,,,,,,,,,,,,,,,,,,,,,,,,,,,,,,,
2661,Otak-Otak Ala Singapore,Cedea,100.0,g,110.0,,,13.0,,9.0,3.0,1.5,,,,,,,,0.0,,,,,,,,,,,,,,,,,,,,,,760.0,,,,,,,,,,,,,
2662,Otak-Otakku,GaGa,2.0,serving (19 g),50.0,,,7.0,,1.0,2.0,1.0,,,,,,,,0.0,,,,,,,,,,,,,,,,,,,,,,140.0,,,,,,,,,,,,,
2663,Overcharge Eaa+Bcaa,GENETICA,1.0,porsi (10 g),50.0,,,0.0,,0.0,0.0,0.0,0.0,0.0,,0.0,0.0,,,0.0,,,,,,,,,,,,,,,,,,,,,,20.0,0.0,,,,,,,,,,,,
2664,O’Live Milk,Entrasol,1.0,porsi (180 ml),100.0,,,9.0,,6.0,4.0,3.0,,,,15.0,,,,0.0,,,,,,,,,,,,,,,,,,,,,,80.0,,,,,,,,,,,,,
2665,P-Nut,Unibis,1.0,porsi (24 g),120.0,,,15.0,,2.0,5.0,2.5,,,,,,,,4.0,,,,,,,,,,,,,,,,,,,,,,150.0,,,,,,,,,,,,,
2666,PENTOL BAKAR,Fit Solution,1.0,porsi (30 g),208.0,,,16.0,,27.0,4.0,,,,,,2.2,,,,,,,,,,,,,,,,,,,,,,,,,,,,,,,,,,,,,,
2667,PISTACHIO CHOCO BITES,Wonhae,1.0,porsi (20 g),120.0,,,10.0,,1.0,8.0,4.0,,,,0.0,3.0,,,7.0,,,,,,,,,,,,,,,,,,,,,,35.0,,,,,,,,,,,,,
2668,PN1,PN1,1.0,sachet (33 g),120.0,,,13.0,,16.0,1.0,0.5,0.0,0.0,,0.0,10.0,,,1.0,,,,,,,,,,,,,,,,,,,,,,250.0,,,,,,,,,,,,,
2669,PREWORKOUT,Fitlife,1.0,scoop (5 g),20.0,,,1.0,,4.0,0.0,0.0,0.0,0.0,,0.0,,,,,,,,,,,,,,,,,,,,,,,,,,0.0,0.0,,,,,,,,,,,,
2670,Pad Thai,Mama,1.0,serving (70 g),270.0,,,54.0,,4.0,4.0,,,,,5.0,1.0,,,12.0,,,,,,,,,,,,,,,,,,,,,,1060.0,40.0,,,,,,,,,,,,
2671,Paddle Pop Choco Magma,Wall's,1.0,stick (50 g),60.0,,,12.0,,1.0,2.5,1.5,,1.0,,,1.0,,,8.0,,,,,,,,,,,,,,,,,,,,,,20.0,,,,,,,,,,,,,
2672,Paddle Pop Rainbow,Wall's,1.0,porsi (50 ml),70.0,,,11.0,,0.0,2.5,2.0,0.0,0.0,,0.0,0.0,,,8.0,,,,,,,,,,,,,,,,,,,,,,10.0,0.0,,,,,,,,,,,,
2673,Paddle Pop Rainbow Power,Wall's,1.0,porsi (55 ml),70.0,,,12.0,,1.0,2.5,2.0,,,,,0.0,,,8.0,,,,,,,,,,,,,,,,,,,,,,15.0,,,,,,,,,,,,,
"2674,Paha Ayam,Daging,1.0,""kecil (hasil setelah masak, tulang dihilangkan)"",135.0,,,0.0,,13.67,8.45,2.362,1.865,3.354,,51.0,0.0,,,0.0,,,,,,,,,,,,,,,,,,,,,,223.0,121.0,,,,,,,,,,,,"
2675,Paha Ayam (Kulit tidak Dimakan),Daging,100.0,gram (g),207.0,,,0.0,,25.72,10.79,3.005,2.459,4.115,,94.0,0.0,,,0.0,,,,,,,,,,,,,,,,,,,,,,410.0,236.0,,,,,,,,,,,,
"2676,Paha Ayam Goreng tanpa Pelapis (Kulit Dimakan),Daging,1.0,""sedang (hasil setelah masak, tulang dihilangkan)"",119.0,,,0.0,,13.6,6.79,1.676,1.717,2.67,,56.0,0.0,,,0.0,,,,,,,,,,,,,,,,,,,,,,211.0,116.0,,,,,,,,,,,,"
2677,Paha Ayam Panggang,Daging,100.0,gram (g),245.0,,,0.0,,24.85,15.36,4.294,3.392,6.099,,92.0,0.0,,,0.0,,,,,,,,,,,,,,,,,,,,,,406.0,220.0,,,,,,,,,,,,
"2678,Paha Ayam Panggang (Kulit Dimakan),Daging,1.0,""kecil (hasil setelah masak, tulang dihilangkan)"",135.0,,,0.0,,13.67,8.45,2.362,1.865,3.354,,51.0,0.0,,,0.0,,,,,,,,,,,,,,,,,,,,,,223.0,121.0,,,,,,,,,,,,"
2679,Pai Apel,Lainnya,100.0,gram (g),265.0,,,37.1,,2.4,12.5,3.05,3.338,5.393,,0.0,,,,,,,,,,,,,,,,,,,,,,,,,,211.0,79.0,,,,,,,,,,,,
2680,Pai Apel,Makanan Penutup,100.0,gram (g),265.0,,,37.1,,2.4,12.5,3.05,3.338,5.393,,0.0,,,,,,,,,,,,,,,,,,,,,,,,,,211.0,79.0,,,,,,,,,,,,
2681,Pai Apel (Dua Kerak),Lainnya,1.0,buah (diameter 1/8 23 cm ),356.0,,,51.0,,2.85,16.5,5.696,3.297,6.582,,0.0,2.4,,,23.48,,,,,,,,,,,,,,,,,,,,,,399.0,98.0,,,,,,,,,,,,
2682,Pai Apel (Satu Kerak),Lainnya,100.0,gram (g),242.0,,,39.02,,1.81,9.25,1.838,2.862,4.065,,0.0,1.1,,,24.17,,,,,,,,,,,,,,,,,,,,,,195.0,56.0,,,,,,,,,,,,
2683,Pai Ceri,Makanan Penutup,100.0,gram (g),260.0,,,39.8,,2.0,11.0,2.562,2.055,5.837,,0.0,0.8,,,14.29,,,,,,,,,,,,,,,,,,,,,,246.0,81.0,,,,,,,,,,,,
2684,Palm Sugar,Haan,100.0,g,390.0,,,95.0,,1.0,0.0,0.0,0.0,0.0,,,,,,95.0,,,,,,,,,,,,,,,,,,,,,,20.0,,,,,,,,,,,,,
"2685,Pancake Kentang,Lainnya,1.0,""kecil diameter 7 cm , tebal 1,5 cm"",59.0,,,6.14,,1.33,3.24,0.548,1.653,0.82,,21.0,0.7,,,0.4,,,,,,,,,,,,,,,,,,,,,,168.0,137.0,,,,,,,,,,,,"
2686,Pancake Mix,Haan,,,,,,,,,,,,,,,,,,,,,,,,,,,,,,,,,,,,,,,,,,,,,,,,,,,,,
2687,Pancake Mix,Ladang Lima,,,,,,,,,,,,,,,,,,,,,,,,,,,,,,,,,,,,,,,,,,,,,,,,,,,,,
2688,Pancake Original,Edo,5.0,buah (55 g),140.0,,,20.0,,4.0,4.5,,,,,,,,,5.0,,,,,,,,,,,,,,,,,,,,,,125.0,,,,,,,,,,,,,
2689,Panchos,Oishi,1.0,porsi (20 g),100.0,,,12.0,,1.0,6.0,2.5,,,,0.0,2.0,,,1.0,,,,,,,,,,,,,,,,,,,,,,90.0,0.0,,,,,,,,,,,,
2690,Panda Chips,Happy Time,,,,,,,,,,,,,,,,,,,,,,,,,,,,,,,,,,,,,,,,,,,,,,,,,,,,,
2691,Pandan Wafer Cream,UBM Biscuits,1.0,porsi (26 g),130.0,,,18.0,,1.0,6.0,0.0,,,,0.0,0.0,,,8.0,,,,,,,,,,,,,,,,,,,,,,75.0,0.0,,,,,,,,,,,,
2692,Pang Pang Korea,Lagina,1.0,keping (12 g),60.0,,,8.0,,1.0,2.5,1.0,,,,,,,,1.0,,,,,,,,,,,,,,,,,,,,,,65.0,,,,,,,,,,,,,
2693,Paprika Hijau,Sayuran,100.0,gram (g),20.0,,,4.64,,0.86,0.17,0.058,0.062,0.008,,0.0,1.7,,,2.4,,,,,,,,,,,,,,,,,,,,,,3.0,175.0,,,,,,,,,,,,
2694,Paprika Hijau Pedas,Sayuran,100.0,gram (g),40.0,,,9.46,,2.0,0.2,0.021,0.109,0.011,,0.0,1.5,,,5.1,,,,,,,,,,,,,,,,,,,,,,7.0,340.0,,,,,,,,,,,,
2695,Paprika Jalapeno,Sayuran,1.0,lada/merica,4.0,,,0.83,,0.19,0.09,0.009,0.045,0.005,,0.0,0.4,,,0.48,,,,,,,,,,,,,,,,,,,,,,0.0,30.0,,,,,,,,,,,,
2696,Paprika Kuning Manis,Sayuran,100.0,gram (g),27.0,,,6.32,,1.0,0.21,0.031,,,,0.0,0.9,,,,,,,,,,,,,,,,,,,,,,,,,2.0,212.0,,,,,,,,,,,,
2697,Paratha,Kawan,1.0,piece (80 g),290.0,,,36.0,,5.0,14.0,,,,,0.0,,,,,,,,,,,,,,,,,,,,,,,,,,270.0,,,,,,,,,,,,,
2698,Paratha Onion,Kawan,,,,,,,,,,,,,,,,,,,,,,,,,,,,,,,,,,,,,,,,,,,,,,,,,,,,,
2699,Passion Bliss,Mama Roz,,,,,,,,,,,,,,,,,,,,,,,,,,,,,,,,,,,,,,,,,,,,,,,,,,,,,
2700,Passion Mango,Mama Roz,,,,,,,,,,,,,,,,,,,,,,,,,,,,,,,,,,,,,,,,,,,,,,,,,,,,,
2701,Pasta Asam Jawa tanpa Biji,Adabi,20.0,g),25.0,,,6.0,,0.0,0.0,0.0,0.0,0.0,,0.0,0.0,,,4.0,,,,,,,,,,,,,,,,,,,,,,105.0,0.0,,,,,,,,,,,,
2702,Pasta Cokelat,Richoco,,,,,,,,,,,,,,,,,,,,,,,,,,,,,,,,,,,,,,,,,,,,,,,,,,,,,
2703,Pasta Gratin,Mad About Protein,1.0,porsi,494.0,,,52.0,,40.0,14.0,,,,,,,,,,,,,,,,,,,,,,,,,,,,,,,,,,,,,,,,,,,,
2704,Pasta Keju,Richeese,1.0,stick (6 g),35.0,,,4.0,,0.0,3.0,0.0,,,,4.0,,,,3.0,,,,,,,,,,,,,,,,,,,,,,35.0,,,,,,,,,,,,,
2705,Pasta Pesto,Salad Point,,,,,,,,,,,,,,,,,,,,,,,,,,,,,,,,,,,,,,,,,,,,,,,,,,,,,
"2706,Pasta dengan Saus Daging,""Nasi, Mie & Pasta"",1.0,mangkok,329.0,,,33.33,,20.22,13.06,4.34,1.339,5.638,,51.0,3.8,,,8.47,,,,,,,,,,,,,,,,,,,,,,1887.0,811.0,,,,,,,,,,,,"
"2707,Pasta tanpa Daging dengan Saus Tomat,""Nasi, Mie & Pasta"",1.0,mangkok,206.0,,,41.56,,7.56,1.17,0.221,0.424,0.171,,0.0,3.5,,,6.35,,,,,,,,,,,,,,,,,,,,,,412.0,355.0,,,,,,,,,,,,"
2708,Patties Daging Sapi (Burger),Jofrans,3.0,porsi (60 g),150.0,,,11.0,,8.0,8.0,2.5,,,,,,,,0.0,,,,,,,,,,,,,,,,,,,,,,280.0,,,,,,,,,,,,,
2709,Pea Protein Isolate,The Little Herbalist,2.0,tablespoons (25 g),100.0,,,0.0,,21.0,2.5,0.575,0.0,0.0,,0.0,0.0,,,0.0,,,,,,,,,,,,,,,,,,,,,,290.0,,,,,,,,,,,,,
2710,Peach Berry,Mama Roz,1.0,porsi (250 ml),90.0,,,23.0,,0.0,0.0,0.0,,,,,3.0,,,18.0,,,,,,,,,,,,,,,,,,,,,,0.0,,,,,,,,,,,,,
2711,Peach Yoghurt,Yummy,1.0,cangkir (80 g),90.0,,,15.0,,4.0,1.5,1.0,,,,0.0,,,,10.0,,,,,,,,,,,,,,,,,,,,,,50.0,,,,,,,,,,,,,
2712,Peaches,Haribo,1.0,porsi (30 g),101.0,,,24.0,,2.0,0.0,0.0,,,,,0.0,,,19.0,,,,,,,,,,,,,,,,,,,,,,,,,,,,,,,,,,,
2713,Peanut Biscuit,Hatari,3.0,potong  (15 g),80.0,,,10.0,,1.0,4.0,2.0,,,,,,,,4.0,,,,,,,,,,,,,,,,,,,,,,,,,,,,,,,,,,,
2714,Peanut Biscuits,Hatari,5.0,pasang (25 g),120.0,,,19.0,,2.0,4.0,2.0,,,,,0.0,,,8.0,,,,,,,,,,,,,,,,,,,,,,160.0,,,,,,,,,,,,,
2715,Peanut Biscuits,Interbis,1.0,porsi (25 g),130.0,,,16.0,,2.0,6.0,2.5,,,,,,,,4.0,,,,,,,,,,,,,,,,,,,,,,110.0,,,,,,,,,,,,,
2716,Peanut Butter,Rejuve,1.0,porsi (30 g),190.0,,,4.0,,9.0,16.0,4.0,,,,0.0,2.0,,,1.0,,,,,,,,,,,,,,,,,,,,,,45.0,,,,,,,,,,,,,
2717,Peanut Butter,Glaranadi,1.0,porsi (15 g),90.0,,,3.0,,3.0,8.0,1.0,,,,,,,,0.0,,,,,,,,,,,,,,,,,,,,,,1.0,,,,,,,,,,,,,
2718,Peanut Butter,Malino,1.0,tbsp (24 g),150.0,,,6.0,,7.0,11.0,2.5,,,,0.0,2.0,,,3.0,,,,,,,,,,,,,,,,,,,,,,20.0,,,,,,,,,,,,,
2719,Peanut Butter Classic,Glaranadi,2.0,sdm (20 g),118.0,,,3.5,,5.0,10.0,1.5,,,,,1.0,,,0.5,,,,,,,,,,,,,,,,,,,,,,,120.0,,,,,,,,,,,,
2720,Peanut Butter Cocoa Overnight Oats,Acaii Tea,1.0,serving,208.0,,,23.0,,12.0,5.0,,,,,,,,,,,,,,,,,,,,,,,,,,,,,,,,,,,,,,,,,,,,
2721,Peanut Butter Crunchy,Y-Nut,1.0,porsi (20 g),130.0,,,4.0,,5.0,10.0,2.0,,,,,,,,1.0,,,,,,,,,,,,,,,,,,,,,,90.0,,,,,,,,,,,,,
2722,Peanut Butter Ketobetic Crunchy,Dale's Farm,1.0,porsi (30 g),180.0,,,9.0,,7.0,13.0,2.0,,,,0.0,1.0,,,1.0,,,,,,,,,,,,,,,,,,,,,,10.0,,,,,,,,,,,,,
2723,Peanut Butter Oatmeal Cookies,The Harvest,1.0,potong  (67 g),360.0,,,35.0,,9.0,20.0,9.0,,,,30.0,5.0,,,15.0,,,,,,,,,,,,,,,,,,,,,,105.0,,,,,,,,,,,,,
2724,Peanut Butter Original,Namaste Organic,,,,,,,,,,,,,,,,,,,,,,,,,,,,,,,,,,,,,,,,,,,,,,,,,,,,,
2725,Peanut Butter Puffs,Alamii,1.0,serving (15 g),80.0,,,8.0,,2.0,4.5,0.5,,,,0.0,1.0,,,1.0,,,,,,,,,,,,,,,,,,,,,,25.0,,,,,,,,,,,,,
2726,Peanut Butter Sandwich,Julie's,1.0,porsi (30 g),150.0,,,19.0,,3.0,7.0,2.5,,,,,2.0,,,5.0,,,,,,,,,,,,,,,,,,,,,,20.0,,,,,,,,,,,,,
2727,Peanut Butter Spread,Del Monte,1.0,serving (30 g),180.0,,,8.0,,7.0,14.0,3.5,,,,0.0,,,,4.0,,,,,,,,,,,,,,,,,,,,,,110.0,,,,,,,,,,,,,
2728,Peanut Butter Spread,Welco,,,,,,,,,,,,,,,,,,,,,,,,,,,,,,,,,,,,,,,,,,,,,,,,,,,,,
2729,Peanut Crackers,Interbis,1.0,sajian (25 g),130.0,,,16.0,,2.0,6.0,3.0,,,,,,,,5.0,,,,,,,,,,,,,,,,,,,,,,125.0,,,,,,,,,,,,,
2730,Peanut Crackers BISCUITS,Nitto,,,,,,,,,,,,,,,,,,,,,,,,,,,,,,,,,,,,,,,,,,,,,,,,,,,,,
2731,Peanut Pie,L'Agie,1.0,bungkus (30 g),160.0,,,15.0,,4.0,9.0,4.5,,,,,,,,10.0,,,,,,,,,,,,,,,,,,,,,,30.0,,,,,,,,,,,,,
2732,Pediasure Go,Abbott,1.0,porsi (110 ml),110.0,,,15.0,,3.0,4.0,1.0,1.0,2.0,,3.0,1.0,,,5.0,,,,,,,,,,,,,,,,,,,,,,45.0,,,,,,,,,,,,,
2733,Pejoy,Glico,1.0,bungkus (30 g),150.0,,,19.0,,2.0,7.0,5.0,,,,,,,,8.0,,,,,,,,,,,,,,,,,,,,,,85.0,,,,,,,,,,,,,
2734,Pejoy Belgian Chocolate,Glico,1.0,box (30 g),150.0,,,19.0,,2.0,7.0,5.0,,,,,,,,8.0,,,,,,,,,,,,,,,,,,,,,,85.0,,,,,,,,,,,,,
2735,Pejoy Chocolate,Glico,1.0,bungkus (32 g),160.0,,,21.0,,3.0,8.0,,,,,,,,,10.0,,,,,,,,,,,,,,,,,,,,,,115.0,,,,,,,,,,,,,
2736,Pemanis (Sakarin),Saus & Bumbu,1.0,porsi 1 paket,4.0,,,0.89,,0.01,0.0,0.0,0.0,0.0,,0.0,0.0,,,0.85,,,,,,,,,,,,,,,,,,,,,,4.0,0.0,,,,,,,,,,,,
2737,Pengawet Selai,Saus & Bumbu,1.0,sdm,55.0,,,13.99,,0.11,0.03,0.002,0.0,0.016,,0.0,0.1,,,8.95,,,,,,,,,,,,,,,,,,,,,,8.0,16.0,,,,,,,,,,,,
2738,Pengganti Krim (Bubuk),Lainnya,1.0,sdt,11.0,,,1.1,,0.1,0.71,0.65,0.0,0.019,,0.0,0.0,,,1.1,,,,,,,,,,,,,,,,,,,,,,4.0,16.0,,,,,,,,,,,,
2739,Pengganti Krim (Cair),Lainnya,100.0,ml,138.0,,,11.54,,1.01,10.11,1.965,0.027,7.66,,0.0,0.0,,,11.54,,,,,,,,,,,,,,,,,,,,,,80.0,194.0,,,,,,,,,,,,
2740,Pengganti Telur (Cair),Telur,100.0,gram (g),84.0,,,0.64,,12.0,3.31,0.659,1.603,0.896,,1.0,0.0,,,0.64,,,,,,,,,,,,,,,,,,,,,,177.0,330.0,,,,,,,,,,,,
2741,Penne,San Remo,100.0,g,366.0,,,72.0,,12.5,2.0,0.5,1.2,,,,3.0,,,2.5,,,,,,,,,,,,,,,,,,,,,,30.0,,,,,,,,,,,,,
2742,Penne Rigati No. 18,Balducci,1.0,porsi (55 g),200.0,,,39.0,,7.0,1.0,0.0,,,,0.0,2.0,,,2.0,,,,,,,,,,,,,,,,,,,,,,5.0,,,,,,,,,,,,,
2743,Penne Ziti Rigate-91,La Fonte,1.0,porsi (60 g),200.0,,,40.0,,8.0,1.0,,,,,,2.0,,,,,,,,,,,,,,,,,,,,,,,,,0.0,,,,,,,,,,,,,
2744,Pepaya,Buah,100.0,gram (g),39.0,,,9.81,,0.61,0.14,0.043,0.031,0.038,,0.0,1.8,,,5.9,,,,,,,,,,,,,,,,,,,,,,3.0,257.0,,,,,,,,,,,,
2745,Peppermint Dark Chocolate,POD,1.0,porsi (40 g),230.0,,,19.0,,3.0,16.0,10.0,,,,0.0,4.0,,,11.0,,,,,,,,,,,,,,,,,,,,,,0.0,,,,,,,,,,,,,
2746,Pepsi,Pepsi,1.0,cangkir (240 ml),100.0,,,28.0,,0.0,0.0,,,,,,,,,28.0,,,,,,,,,,,,,,,,,,,,,,20.0,,,,,,,,,,,,,
2747,Pepsi Blue,Pepsi,1.0,botol (330 ml),150.0,,,38.0,,0.0,0.0,,,,,,,,,38.0,,,,,,,,,,,,,,,,,,,,,,25.0,,,,,,,,,,,,,
2748,Peptisol,Kalbe,1.0,porsi (63 g),250.0,,,43.0,,14.0,3.0,1.0,,,,0.0,,,,12.0,,,,,,,,,,,,,,,,,,,,,,0.0,130.0,,,,,,,,,,,,
2749,Perencah Nasi Goreng,Adabi,1.0,porsi (15 g),35.0,,,5.0,,1.0,1.0,0.0,,,,0.0,0.0,,,4.0,,,,,,,,,,,,,,,,,,,,,,480.0,0.0,,,,,,,,,,,,
2750,Perencah Tomyam,Adabi,1.0,porsi (20 g),35.0,,,4.0,,2.0,1.5,,,,,,,,,2.0,,,,,,,,,,,,,,,,,,,,,,0.0,,,,,,,,,,,,,
2751,Permen,FISHERMAN'S FRIEND,100.0,g,0.0,,,1.0,,0.0,0.0,0.0,0.0,0.0,,0.0,0.0,,,0.0,,,,,,,,,,,,,,,,,,,,,,0.0,0.0,,,,,,,,,,,,
"2752,Permen,Relaxa,1.0,""butir (2,5 g)"",10.0,,,2.0,,0.0,0.0,,,,,,,,,2.0,,,,,,,,,,,,,,,,,,,,,,,,,,,,,,,,,,,"
2753,Permen Coklat Manis,Makanan Penutup,100.0,gram (g),505.0,,,59.6,,3.9,34.2,20.08,0.99,11.22,,0.0,5.5,,,51.48,,,,,,,,,,,,,,,,,,,,,,16.0,290.0,,,,,,,,,,,,
2754,Permen Coklat Putih,Makanan Penutup,100.0,gram (g),539.0,,,59.24,,5.87,32.09,19.412,1.0,9.004,,14.0,0.0,,,59.08,,,,,,,,,,,,,,,,,,,,,,90.0,286.0,,,,,,,,,,,,
2755,Permen Coklat Susu,Makanan Penutup,100.0,gram (g),535.0,,,59.4,,7.65,29.66,14.232,0.853,13.207,,23.0,3.4,,,51.5,,,,,,,,,,,,,,,,,,,,,,79.0,372.0,,,,,,,,,,,,
2756,Permen Jeruk,Naraya,,,,,,,,,,,,,,,,,,,,,,,,,,,,,,,,,,,,,,,,,,,,,,,,,,,,,
"2757,Permen Karet,Happydent,1.0,""butir (1,5 g)"",5.0,,,1.0,,0.0,0.0,0.0,0.0,0.0,,0.0,0.0,,,1.0,,,,,,,,,,,,,,,,,,,,,,0.0,0.0,,,,,,,,,,,,"
2758,Permen Karet,Makanan Ringan,1.0,batang,7.0,,,1.98,,0.0,0.01,0.001,0.004,0.002,,0.0,0.1,,,1.98,,,,,,,,,,,,,,,,,,,,,,0.0,0.0,,,,,,,,,,,,
2759,Permen Karet (Manis),Makanan Ringan,1.0,buah,10.0,,,2.64,,0.0,0.01,0.002,0.005,0.003,,0.0,0.1,,,2.64,,,,,,,,,,,,,,,,,,,,,,0.0,0.0,,,,,,,,,,,,
2760,Permen Karet (tanpa Gula),Makanan Ringan,1.0,buah,5.0,,,1.9,,0.0,0.01,0.001,0.005,0.002,,0.0,0.0,,,0.0,,,,,,,,,,,,,,,,,,,,,,0.0,0.0,,,,,,,,,,,,
2761,Permen Keras,Makanan Penutup,1.0,buah,24.0,,,5.88,,0.0,0.01,0.0,0.0,0.0,,0.0,0.0,,,3.77,,,,,,,,,,,,,,,,,,,,,,2.0,0.0,,,,,,,,,,,,
"2762,Permen Ting Ting,Garuda,1.0,""porsi (2,5 g)"",10.0,,,2.0,,0.0,0.0,0.0,0.0,0.0,,,0.0,,,1.0,,,,,,,,,,,,,,,,,,,,,,0.0,0.0,,,,,,,,,,,,"
2763,Pesto Chicken Penne,Mad About Protein,,,,,,,,,,,,,,,,,,,,,,,,,,,,,,,,,,,,,,,,,,,,,,,,,,,,,
2764,Pesto Chicken Spaghetti,Mad About Protein,,,,,,,,,,,,,,,,,,,,,,,,,,,,,,,,,,,,,,,,,,,,,,,,,,,,,
2765,Pia,Universal,1.0,porsi (50 g),150.0,,,28.0,,4.0,2.5,1.5,,,,,,,,10.0,,,,,,,,,,,,,,,,,,,,,,80.0,,,,,,,,,,,,,
2766,Pia Cetak,Padimas,1.0,porsi (16 g),35.0,,,11.0,,1.0,2.0,1.0,,,,,,,,3.0,,,,,,,,,,,,,,,,,,,,,,10.0,,,,,,,,,,,,,
2767,Piattos (22g),Jack N Jill,1.0,bungkus (22 g),110.0,,,15.0,,1.0,6.0,,,,,,,,,1.0,,,,,,,,,,,,,,,,,,,,,,190.0,,,,,,,,,,,,,
2768,Piattos Ayam Goreng,Jack N Jill,,,,,,,,,,,,,,,,,,,,,,,,,,,,,,,,,,,,,,,,,,,,,,,,,,,,,
2769,Piattos Iga Penyet,Jack N Jill,,,,,,,,,,,,,,,,,,,,,,,,,,,,,,,,,,,,,,,,,,,,,,,,,,,,,
2770,Piattos Kimchi Flavor,Jack N Jill,1.0,porsi (20 g),100.0,,,13.0,,1.0,5.0,2.5,,,,0.0,1.0,,,1.0,,,,,,,,,,,,,,,,,,,,,,120.0,,,,,,,,,,,,,
2771,Piattos Rasa Keju Pedas Korea,Jack N Jill,,,,,,,,,,,,,,,,,,,,,,,,,,,,,,,,,,,,,,,,,,,,,,,,,,,,,
2772,Piattos Rasa Rumput Laut,Jack N Jill,,,,,,,,,,,,,,,,,,,,,,,,,,,,,,,,,,,,,,,,,,,,,,,,,,,,,
2773,Piattos Rasa Sapi Panggang,Jack N Jill,1.0,kemasan kecil (20 g),100.0,,,12.0,,1.0,5.0,2.0,,,,0.0,1.0,,,0.0,,,,,,,,,,,,,,,,,,,,,,170.0,,,,,,,,,,,,,
2774,Piattos Sambal Geprek,Jack N Jill,1.0,porsi (15 g),80.0,,,10.0,,1.0,3.5,1.5,,,,,,,,1.0,,,,,,,,,,,,,,,,,,,,,,85.0,,,,,,,,,,,,,
2775,Piattos Sambal Matah,Jack N Jill,4.0,bungkus (20 g),100.0,,,13.0,,1.0,5.0,2.5,,,,0.0,1.0,,,1.0,,,,,,,,,,,,,,,,,,,,,,140.0,,,,,,,,,,,,,
2776,Piattos Sapi Panggang,Jack N Jill,1.0,bungkus (15 g),80.0,,,10.0,,1.0,4.0,1.5,,,,,1.0,,,1.0,,,,,,,,,,,,,,,,,,,,,,105.0,,,,,,,,,,,,,
2777,Piattos Spicy Carbonara,Jack N Jill,,,,,,,,,,,,,,,,,,,,,,,,,,,,,,,,,,,,,,,,,,,,,,,,,,,,,
2778,Pillows Coklat,Oishi,4.0,butir (12 g),60.0,,,8.0,,1.0,2.0,1.0,,,,0.0,,,,4.0,,,,,,,,,,,,,,,,,,,,,,25.0,,,,,,,,,,,,,
2779,Pillows Isi Coklat,Oishi,5.0,buah (20 g),90.0,,,14.0,,1.0,3.5,1.5,,,,0.0,0.0,,,5.0,,,,,,,,,,,,,,,,,,,,,,40.0,,,,,,,,,,,,,
2780,Pillows Rasa Ubi,Oishi,1.0,bungkus (12 g),60.0,,,9.0,,1.0,2.0,1.0,,,,0.0,0.0,,,3.0,,,,,,,,,,,,,,,,,,,,,,30.0,,,,,,,,,,,,,
2781,Pillows Ubi,Oishi,5.0,buah (12 g),60.0,,,15.0,,1.0,3.0,1.5,,,,0.0,,,,6.0,,,,,,,,,,,,,,,,,,,,,,45.0,,,,,,,,,,,,,
2782,Pilus,Ajisuka,100.0,g,50.0,,,7.0,,0.0,3.0,1.5,0.0,0.0,,0.0,0.0,,,0.0,,,,,,,,,,,,,,,,,,,,,,53.0,0.0,,,,,,,,,,,,
2783,Pilus,Garuda,1.0,bungkus (20 g),100.0,,,15.0,,0.0,4.0,,,,,,,,,1.0,,,,,,,,,,,,,,,,,,,,,,180.0,,,,,,,,,,,,,
2784,Pilus BBQ,Garuda,1.0,porsi (14 g),70.0,,,10.0,,0.0,3.5,,,,,,,,,,,,,,,,,,,,,,,,,,,,,,,,,,,,,,,,,,,,
2785,Pilus Bentuk Bunga,Ngetop,,,,,,,,,,,,,,,,,,,,,,,,,,,,,,,,,,,,,,,,,,,,,,,,,,,,,
2786,Pilus Garuda Rasa Mie Goreng,Garuda,1.0,porsi (14 g),70.0,,,9.0,,0.0,4.0,1.5,,,,,,,,2.0,,,,,,,,,,,,,,,,,,,,,,160.0,,,,,,,,,,,,,
2787,Pilus Keju Panggang,Cem-Cem,1.0,porsi (20 g),100.0,,,13.0,,1.0,5.0,,,,,,,,,1.0,,,,,,,,,,,,,,,,,,,,,,270.0,,,,,,,,,,,,,
2788,Pilus Sapi Panggang,Garuda,1.0,porsi (7 g),35.0,,,5.0,,0.0,1.5,1.0,,,,,,,,0.0,,,,,,,,,,,,,,,,,,,,,,55.0,,,,,,,,,,,,,
2789,Pineapple Cream,UBM Biscuits,1.0,porsi (30 g),140.0,,,22.0,,2.0,5.0,2.5,,,,,,,,9.0,,,,,,,,,,,,,,,,,,,,,,95.0,,,,,,,,,,,,,
2790,Pineapple Danish,Ikea,1.0,porsi,124.0,,,15.4,,1.8,5.9,,,,,,,,,,,,,,,,,,,,,,,,,,,,,,,,,,,,,,,,,,,,
2791,Pineapple Puff,Interbis,,,,,,,,,,,,,,,,,,,,,,,,,,,,,,,,,,,,,,,,,,,,,,,,,,,,,
2792,Pink Lava,Richeese,1.0,cangkir (330 ml),210.0,,,53.0,,0.0,0.0,,,,,,,,,53.0,,,,,,,,,,,,,,,,,,,,,,80.0,,,,,,,,,,,,,
2793,Pinky Beet Chicken Salad,Easy Peasy,1.0,porsi,228.0,,,22.0,,16.0,9.0,,,,,,,,,,,,,,,,,,,,,,,,,,,,,,,,,,,,,,,,,,,,
2794,Pir (Dimasak atau Kalengan),Buah,1.0,mangkok,197.0,,,50.99,,0.53,0.35,0.019,0.08,0.072,,0.0,4.3,,,40.43,,,,,,,,,,,,,,,,,,,,,,13.0,173.0,,,,,,,,,,,,
"2795,""Pir (Padat dan Cair, Kemasan Sirup Ringan, Kalengan)"",Buah,1.0,""mangkok, separuh"",143.0,,,38.08,,0.48,0.08,0.005,0.018,0.015,,0.0,4.0,,,30.37,,,,,,,,,,,,,,,,,,,,,,13.0,166.0,,,,,,,,,,,,"
"2796,Pir Asia,Buah,1.0,""buah dengan tinggi 5,5 cm x diameter 6,5 cm"",51.0,,,12.99,,0.61,0.28,0.015,0.067,0.06,,0.0,4.4,,,8.6,,,,,,,,,,,,,,,,,,,,,,0.0,148.0,,,,,,,,,,,,"
2797,Pisang,Buah,100.0,gram (g),89.0,,,22.84,,1.09,0.33,0.112,0.073,0.032,,0.0,2.6,,,12.23,,,,,,,,,,,,,,,,,,,,,,1.0,358.0,,,,,,,,,,,,
2798,Pisang,Lainnya,100.0,gram (g),89.0,,,22.84,,1.09,0.33,0.112,0.073,0.032,,0.0,2.6,,,12.23,,,,,,,,,,,,,,,,,,,,,,1.0,358.0,,,,,,,,,,,,
2799,Pisang Apel,Buah,1.0,buah,65.0,,,16.67,,0.8,0.24,0.082,0.053,0.023,,0.0,1.9,,,8.93,,,,,,,,,,,,,,,,,,,,,,1.0,261.0,,,,,,,,,,,,
2800,Pisang Bolen,Kartika Sari,1.0,potong (50 g),117.0,,,28.0,,1.3,3.0,,,,,,2.2,,,15.0,,,,,,,,,,,,,,,,,,,,,,180.0,,,,,,,,,,,,,
2801,Pisang Bolen Coklat Keju Reguler,Kartika Sari,100.0,g,390.0,,,37.0,,5.0,25.0,,,,,,2.0,,,15.0,,,,,,,,,,,,,,,,,,,,,,,,,,,,,,,,,,,
2802,Pisang Goreng,Lezza,2.0,porsi (95 g),250.0,,,41.0,,3.0,8.0,4.0,,,,,2.0,,,14.0,,,,,,,,,,,,,,,,,,,,,,80.0,,,,,,,,,,,,,
2803,Pistachio Cocoa Overnight Oats,Acaii Tea,1.0,porsi (200 g),210.0,,,23.0,,12.0,5.0,,,,,,13.0,,,,,,,,,,,,,,,,,,,,,,,,,,,,,,,,,,,,,,
2804,Pita Bread,De Bakker,1.0,porsi (71 g),197.0,,,38.0,,7.0,2.0,0.0,,,,0.0,2.0,,,0.0,,,,,,,,,,,,,,,,,,,,,,213.0,,,,,,,,,,,,,
2805,Pizza Baguette Beef Bolognese,Edo,1.0,porsi (85 g),230.0,,,28.0,,11.0,8.0,4.0,,,,,,,,2.0,,,,,,,,,,,,,,,,,,,,,,740.0,,,,,,,,,,,,,
2806,Pizza Daging Sapi Asap (Smoked Beef Pizza),Rious,1.0,porsi (50 g),150.0,,,17.0,,6.0,6.0,4.0,,,,10.0,2.0,,,3.0,,,,,,,,,,,,,,,,,,,,,,400.0,,,,,,,,,,,,,
2807,Pizza Keju,Makanan Cepat Saji,1.0,buah (diameter 1/8 30 cm ),237.0,,,26.08,,10.6,10.1,4.304,1.776,2.823,,21.0,1.6,,,3.06,,,,,,,,,,,,,,,,,,,,,,462.0,138.0,,,,,,,,,,,,
2808,Pizza Keju Kerak Tebal,Makanan Cepat Saji,1.0,buah (diameter 1/8 30 cm ),256.0,,,30.07,,11.47,10.02,4.283,1.941,2.648,,21.0,1.8,,,3.38,,,,,,,,,,,,,,,,,,,,,,511.0,153.0,,,,,,,,,,,,
2809,Pizza Keju Kerak Tipis,Makanan Cepat Saji,1.0,buah (diameter 1/8 30 cm ),208.0,,,21.79,,9.25,9.27,3.949,1.538,2.674,,18.0,1.4,,,2.63,,,,,,,,,,,,,,,,,,,,,,397.0,120.0,,,,,,,,,,,,
2810,Pizza Keju dengan Sayuran,Makanan Cepat Saji,1.0,buah (diameter 1/8 30 cm ),242.0,,,30.93,,9.33,8.95,3.511,1.053,3.841,,10.0,1.9,,,2.56,,,,,,,,,,,,,,,,,,,,,,546.0,204.0,,,,,,,,,,,,
2811,Pizza Keju dengan Sayuran Kerak Tipis,Makanan Cepat Saji,1.0,buah (diameter 1/8 30 cm ),202.0,,,23.99,,8.59,8.11,3.37,0.921,3.336,,11.0,1.7,,,2.51,,,,,,,,,,,,,,,,,,,,,,502.0,200.0,,,,,,,,,,,,
2812,Pizza dengan Daging,Makanan Cepat Saji,1.0,buah (diameter 1/8 30 cm ),265.0,,,27.68,,10.64,12.14,4.832,1.277,5.269,,21.0,1.4,,,1.77,,,,,,,,,,,,,,,,,,,,,,610.0,181.0,,,,,,,,,,,,
2813,Pizza dengan Daging dan Buah,Makanan Cepat Saji,1.0,buah (diameter 1/8 30 cm ),248.0,,,31.06,,10.74,8.96,3.551,1.056,3.762,,16.0,1.7,,,4.21,,,,,,,,,,,,,,,,,,,,,,627.0,212.0,,,,,,,,,,,,
2814,Pizza dengan Daging dan Sayuran,Makanan Cepat Saji,1.0,buah (diameter 1/8 30 cm ),276.0,,,29.61,,10.97,12.61,4.893,1.334,5.592,,22.0,1.8,,,2.45,,,,,,,,,,,,,,,,,,,,,,646.0,224.0,,,,,,,,,,,,
2815,Plain Sweet Yogurt,Elle & Vire,100.0,g,90.0,,,13.0,,2.3,3.1,2.2,,,,,0.4,,,11.0,,,,,,,,,,,,,,,,,,,,,,,,,,,,,,,,,,,
2816,Plant Protein,Optimum Nutrition,1.0,serving (40 g),150.0,,,6.0,,24.0,3.5,2.0,,,,,2.0,,,0.0,,,,,,,,,,,,,,,,,,,,,,540.0,150.0,,,,,,,,,,,,
2817,Plant Protein Vanilla,Optimum Nutrition,1.0,serving (37 g),150.0,,,5.0,,24.0,3.5,1.5,,,,,,,,0.0,,,,,,,,,,,,,,,,,,,,,,480.0,,,,,,,,,,,,,
2818,Platinum Hydro Whey,Optimum Nutrition,1.0,sendok (41 g),140.0,,,3.0,,30.0,1.0,0.5,,,,10.0,1.0,,,1.0,,,,,,,,,,,,,,,,,,,,,,150.0,270.0,,,,,,,,,,,,
2819,Play Gummy Candy,Relaxa,1.0,porsi (12 g),45.0,,,10.0,,1.0,0.0,0.0,,,,,,,,6.0,,,,,,,,,,,,,,,,,,,,,,0.0,,,,,,,,,,,,,
2820,Plum Candy,Naraya,,,,,,,,,,,,,,,,,,,,,,,,,,,,,,,,,,,,,,,,,,,,,,,,,,,,,
2821,Pocari Sweat,Pocari Sweat,1.0,botol (500 ml),120.0,,,30.0,,0.0,0.0,0.0,,,,,,,,28.0,,,,,,,,,,,,,,,,,,,,,,120.0,,,,,,,,,,,,,
2822,Pocky Almond Crush,Pocky,1.0,porsi (25 g),130.0,,,14.0,,3.0,7.0,4.0,,,,,1.0,,,8.0,,,,,,,,,,,,,,,,,,,,,,25.0,,,,,,,,,,,,,
2823,Pocky Rose,Pocky,1.0,bungkus  (31 g),150.0,,,22.0,,2.0,6.0,6.0,,,,,1.0,,,9.0,,,,,,,,,,,,,,,,,,,,,,60.0,,,,,,,,,,,,,
2824,Pocky Strawberry,Glico,1.0,bungkus (21 g),110.0,,,14.0,,1.0,4.5,4.5,,,,,1.0,,,7.0,,,,,,,,,,,,,,,,,,,,,,45.0,,,,,,,,,,,,,
2825,Pod Drops Bali 80%,POD,1.0,porsi (10 g),60.0,,,4.0,,1.0,5.0,3.0,,,,0.0,1.0,,,2.0,,,,,,,,,,,,,,,,,,,,,,5.0,70.0,,,,,,,,,,,,
2826,Point Coffe Palm Sugar Latte,Wall's,1.0,porsi (90 g),70.0,,,13.0,,1.0,2.0,1.0,0.0,0.5,,0.0,1.0,,,7.0,,,,,,,,,,,,,,,,,,,,,,20.0,,,,,,,,,,,,,
2827,Pop Ha-Ha Mies,Happy Island,,,,,,,,,,,,,,,,,,,,,,,,,,,,,,,,,,,,,,,,,,,,,,,,,,,,,
2828,Pop Tarts Frosted Strawberry,Kellogg's,,,,,,,,,,,,,,,,,,,,,,,,,,,,,,,,,,,,,,,,,,,,,,,,,,,,,
2829,Popcorn,Lainnya,100.0,gram (g),387.0,,,77.78,,12.94,4.54,0.637,2.318,0.95,,0.0,14.5,,,0.87,,,,,,,,,,,,,,,,,,,,,,8.0,329.0,,,,,,,,,,,,
2830,Popcorn,Makanan Ringan,100.0,gram (g),387.0,,,77.78,,12.94,4.54,0.637,2.318,0.95,,0.0,14.5,,,0.87,,,,,,,,,,,,,,,,,,,,,,8.0,329.0,,,,,,,,,,,,
2831,Popcorn Belgian Butter With Cheese,Oishi,1.0,porsi (20 g),90.0,,,16.0,,1.0,3.0,1.5,,,,0.0,2.0,,,8.0,,,,,,,,,,,,,,,,,,,,,,140.0,,,,,,,,,,,,,
2832,Popcorn Caramel,Cem-Cem,1.0,takaran saji (30 g),130.0,,,23.0,,2.0,3.5,,,,,5.0,,,,14.0,,,,,,,,,,,,,,,,,,,,,,115.0,,,,,,,,,,,,,
2833,Popcorn Caramel,Xxi,1.0,serving (80 g),370.0,,,63.0,,3.0,12.0,10.0,,,,,3.0,,,31.0,,,,,,,,,,,,,,,,,,,,,,,,,,,,,,,,,,,
2834,Popcorn Caramel Cashew,Yava,,,,,,,,,,,,,,,,,,,,,,,,,,,,,,,,,,,,,,,,,,,,,,,,,,,,,
2835,Popcorn Chips,Happytos,1.0,serving (26 g),110.0,,,22.0,,2.0,1.5,0.5,,,,0.0,,,,1.0,,,,,,,,,,,,,,,,,,,,,,85.0,,,,,,,,,,,,,
2836,Popcorn Choco Berry,Larisst,,,,,,,,,,,,,,,,,,,,,,,,,,,,,,,,,,,,,,,,,,,,,,,,,,,,,
2837,Popcorn Chocolate Peanut,Yava,,,,,,,,,,,,,,,,,,,,,,,,,,,,,,,,,,,,,,,,,,,,,,,,,,,,,
2838,Popcorn Keju Bakar,Cem-Cem,1.0,porsi (30 g),130.0,,,23.0,,1.0,4.0,,,,,,,,,15.0,,,,,,,,,,,,,,,,,,,,,,330.0,,,,,,,,,,,,,
2839,Popcorn Medium Mix,Xxi,100.0,g,510.0,,,67.0,,4.0,25.0,,,,,,,,,,,,,,,,,,,,,,,,,,,,,,,,,,,,,,,,,,,,
2840,Popcorn Salt,Xxi,100.0,g,520.0,,,56.0,,8.0,30.0,,,,,,,,,,,,,,,,,,,,,,,,,,,,,,,1000.0,,,,,,,,,,,,,
2841,Popcorn Sea Salt Caramel,Yava,1.0,porsi (30 g),120.0,,,26.0,,2.0,1.0,0.5,,,,0.0,2.0,,,11.0,,,,,,,,,,,,,,,,,,,,,,250.0,,,,,,,,,,,,,
2842,Popcorn with  Cashew Chocolate Caramel,East Bali Cashews,1.0,porsi (30 g),136.0,,,21.5,,2.5,4.5,1.5,,,,,5.5,,,7.5,,,,,,,,,,,,,,,,,,,,,,172.0,,,,,,,,,,,,,
2843,Popcorn with Cashews Salted Caramel,East Bali Cashews,1.0,porsi (30 g),120.0,,,26.0,,2.0,1.0,2.0,,,,0.0,2.0,,,7.0,,,,,,,,,,,,,,,,,,,,,,250.0,,,,,,,,,,,,,
2844,Popmie Rasa Baso,Indomie,1.0,cup (75 g),360.0,,,47.0,,8.0,15.0,7.0,,,,0.0,3.0,,,5.0,,,,,,,,,,,,,,,,,,,,,,720.0,,,,,,,,,,,,,
2845,Popped Rice Crackers Roasted Corn,Oh Ma Grain,1.0,porsi (25 g),100.0,,,20.0,,2.0,2.0,0.0,,,,0.0,3.0,,,0.0,,,,,,,,,,,,,,,,,,,,,,110.0,0.0,,,,,,,,,,,,
2846,Popped Rice Crackers Salt & Black Pepper,Oh Ma Grain,1.0,porsi (25 g),100.0,,,20.0,,2.0,0.0,0.0,0.0,0.0,,0.0,3.0,,,0.0,,,,,,,,,,,,,,,,,,,,,,40.0,,,,,,,,,,,,,
2847,Popped Rice Crackers Salted Caramel,Oh Ma Grain,1.0,porsi (25 g),110.0,,,20.0,,2.0,2.0,1.0,,,,0.0,3.0,,,1.0,,,,,,,,,,,,,,,,,,,,,,20.0,,,,,,,,,,,,,
2848,Popped Rice Crackers Sea Salt,Oh Ma Grain,1.0,porsi (35 g),140.0,,,28.0,,3.0,0.0,0.0,,,,0.0,2.0,,,0.0,,,,,,,,,,,,,,,,,,,,,,55.0,,,,,,,,,,,,,
2849,Popped Rice Crackers Smoked Beef,Oh Ma Grain,1.0,porsi (25 g),100.0,,,20.0,,2.0,2.0,0.0,,,,0.0,3.0,,,0.0,,,,,,,,,,,,,,,,,,,,,,130.0,,,,,,,,,,,,,
2850,Popped Rice Crackers Umami Seaweed,Oh Ma Grain,1.0,serving (25 g),100.0,,,20.0,,2.0,2.0,0.0,,,,0.0,3.0,,,0.0,,,,,,,,,,,,,,,,,,,,,,160.0,,,,,,,,,,,,,
2851,Poppins Rasa Coklat,Jack N Jill,,,,,,,,,,,,,,,,,,,,,,,,,,,,,,,,,,,,,,,,,,,,,,,,,,,,,
2852,Poppy Pop,Oishi,1.0,porsi (10 g),50.0,,,6.0,,1.0,3.0,1.5,,,,0.0,0.0,,,1.0,,,,,,,,,,,,,,,,,,,,,,65.0,,,,,,,,,,,,,
2853,Pops Cracker,Oops,1.0,porsi (15 g),70.0,,,9.0,,1.0,3.0,2.5,,,,,1.0,,,1.0,,,,,,,,,,,,,,,,,,,,,,160.0,,,,,,,,,,,,,
2854,Populaire Strawberry Vanilla,Wall's,1.0,porsi (90 ml),80.0,,,12.0,,1.0,2.5,2.0,,,,0.0,1.0,,,9.0,,,,,,,,,,,,,,,,,,,,,,30.0,,,,,,,,,,,,,
2855,Porang Cassava Rice,Dailymeal,1.0,porsi (40 g),150.0,,,35.0,,2.0,1.0,,,,,,3.0,,,,,,,,,,,,,,,,,,,,,,,,,35.0,,,,,,,,,,,,,
2856,Pork Luncheon Meat,MaLing,100.0,g,270.0,,,11.0,,11.0,20.0,10.79,3.56,14.29,,62.0,0.0,,,0.0,,,,,,,,,,,,,,,,,,,,,,630.0,215.0,,,,,,,,,,,,
2857,Pororo Jjajang,Paldo,1.0,kemasan (65 g),280.0,,,45.0,,5.0,9.0,4.5,,,,,,,,1.0,,,,,,,,,,,,,,,,,,,,,,890.0,,,,,,,,,,,,,
2858,Potabee,Wings Food,1.0,bungkus (30 g),160.0,,,16.0,,2.0,10.0,4.0,,,,3.0,2.0,,,1.0,,,,,,,,,,,,,,,,,,,,,,160.0,,,,,,,,,,,,,
2859,Potabee Ayam Bakar,Calbee Wings,1.0,porsi (30 g),160.0,,,15.0,,2.0,10.0,4.5,,,,3.0,2.0,,,1.0,,,,,,,,,,,,,,,,,,,,,,220.0,,,,,,,,,,,,,
2860,Potabee Beef BBQ,Calbee Wings,1.0,porsi (15 g),80.0,,,8.0,,1.0,5.0,2.0,,,,,1.0,,,1.0,,,,,,,,,,,,,,,,,,,,,,80.0,,,,,,,,,,,,,
2861,Potabee Grilled Seaweed,Calbee Wings,1.0,sajian (30 g),170.0,,,16.0,,2.0,10.0,4.5,,,,0.0,2.0,,,1.0,,,,,,,,,,,,,,,,,,,,,,150.0,,,,,,,,,,,,,
2862,Potabee Potato Chips,Calbee Wings,1.0,porsi (30 g),160.0,,,16.0,,2.0,10.0,,,,,,3.0,,,1.0,,,,,,,,,,,,,,,,,,,,,,190.0,,,,,,,,,,,,,
2863,Potabee Salted Egg,Calbee Wings,1.0,porsi (30 g),160.0,,,14.0,,2.0,11.0,0.0,0.0,0.0,,0.0,2.0,,,1.0,,,,,,,,,,,,,,,,,,,,,,135.0,0.0,,,,,,,,,,,,
2864,Potabee Spicy BBQ,Calbee Wings,1.0,porsi (30 g),160.0,,,16.0,,2.0,10.0,4.0,,,,,2.0,,,2.0,,,,,,,,,,,,,,,,,,,,,,180.0,,,,,,,,,,,,,
2865,Potabee Wagyu Beef Steak,Calbee Wings,1.0,takaran saji (30 g),150.0,,,19.0,,2.0,7.0,3.0,,,,,2.0,,,1.0,,,,,,,,,,,,,,,,,,,,,,110.0,,,,,,,,,,,,,
2866,Potato BBQ,Taro,1.0,takaran saji (20 g),90.0,,,15.0,,1.0,2.5,1.5,,,,0.0,1.0,,,1.0,,,,,,,,,,,,,,,,,,,,,,200.0,,,,,,,,,,,,,
2867,Potato Barbeque,Taro,1.0,takaran saji (15 g),60.0,,,12.0,,1.0,1.5,0.5,,,,0.0,1.0,,,1.0,,,,,,,,,,,,,,,,,,,,,,170.0,,,,,,,,,,,,,
2868,Potato Snack,Wonhae,1.0,porsi (20 g),80.0,,,14.0,,0.0,2.0,1.0,,,,,,,,2.0,,,,,,,,,,,,,,,,,,,,,,210.0,,,,,,,,,,,,,
2869,Potongan Daging Babi,Daging,100.0,gram (g),250.0,,,0.0,,27.91,14.57,5.402,1.413,6.381,,83.0,0.0,,,0.0,,,,,,,,,,,,,,,,,,,,,,386.0,404.0,,,,,,,,,,,,
"2870,Potongan Daging Domba,Daging,1.0,""kecil (112 g, dengan tulang, mentah) (hasil setelah masak, tulang dihhilangkan)"",226.0,,,0.0,,15.86,17.55,7.669,1.302,7.186,,68.0,0.0,,,0.0,,,,,,,,,,,,,,,,,,,,,,281.0,184.0,,,,,,,,,,,,"
2871,Potongan Daging Domba (Daging dan Lemak Dimakan),Daging,100.0,gram (g),314.0,,,0.0,,22.03,24.37,10.652,1.809,9.98,,95.0,0.0,,,0.0,,,,,,,,,,,,,,,,,,,,,,390.0,255.0,,,,,,,,,,,,
2872,Potongan Daging Domba (Hanya Daging yang Dimakan),Daging,100.0,gram (g),215.0,,,0.0,,28.17,10.48,3.857,0.796,4.382,,93.0,0.0,,,0.0,,,,,,,,,,,,,,,,,,,,,,403.0,327.0,,,,,,,,,,,,
2873,Potongan-Potongan Jamur dan Batang,Sayuran,1.0,mangkok,15.0,,,2.3,,2.16,0.24,0.035,0.112,0.0,,0.0,0.7,,,1.16,,,,,,,,,,,,,,,,,,,,,,4.0,223.0,,,,,,,,,,,,
2874,Power F,Wings Food,1.0,gelas (190 ml),60.0,,,16.0,,0.0,0.0,,,,,,,,,14.0,,,,,,,,,,,,,,,,,,,,,,,,,,,,,,,,,,,
2875,Powr,Fitlife,1.0,porsi (5 g),20.0,,,1.0,,4.0,0.0,0.0,0.0,0.0,,0.0,,,,0.0,,,,,,,,,,,,,,,,,,,,,,5.0,,,,,,,,,,,,,
2876,Pre Workout,Optimum Nutrition,1.0,serving,10.0,,,3.0,,0.0,0.0,,,,,0.0,,,,,,,,,,,,,,,,,,,,,,,,,,20.0,,,,,,,,,,,,,
2877,Premium Chicken Sausage,Farmhouse,1.0,piece (72 g),80.0,,,4.0,,13.0,3.0,1.0,,,,5.0,4.0,,,0.0,,,,,,,,,,,,,,,,,,,,,,450.0,,,,,,,,,,,,,
2878,Premium Keju,Bakpia Pathok 25,1.0,takaran saji (70 g),320.0,,,33.0,,6.0,19.0,14.0,,,,,,,,13.0,,,,,,,,,,,,,,,,,,,,,,240.0,,,,,,,,,,,,,
2879,Premium Latte Brown Sugar,Caffino,1.0,sajian (25 g),110.0,,,20.0,,1.0,2.5,2.5,,,,,1.0,,,13.0,,,,,,,,,,,,,,,,,,,,,,60.0,,,,,,,,,,,,,
2880,Premium Latte Chocomalt,Caffino,1.0,serving (27 g),120.0,,,22.0,,1.0,3.0,3.0,,,,,2.0,,,15.0,,,,,,,,,,,,,,,,,,,,,,35.0,,,,,,,,,,,,,
2881,Premium Latte Coconut,Caffino,1.0,porsi (25 g),110.0,,,21.0,,1.0,2.5,2.5,,,,,1.0,,,13.0,,,,,,,,,,,,,,,,,,,,,,65.0,,,,,,,,,,,,,
2882,Premium Oyster Sauce,Lee Kum Kee,1.0,sdm (18 g),25.0,,,5.0,,1.0,0.0,0.0,,,,0.0,0.0,,,4.0,,,,,,,,,,,,,,,,,,,,,,820.0,,,,,,,,,,,,,
2883,Premium Sesame Oil,Sania,100.0,ml,810.0,,,0.0,,0.0,90.0,,,,,,,,,,,,,,,,,,,,,,,,,,,,,,,,,,,,,,,,,,,,
2884,Premium Soy Sauce,Lee Kum Kee,1.0,sdm (15 ml),10.0,,,2.0,,1.0,0.0,,,,,,,,,2.0,,,,,,,,,,,,,,,,,,,,,,1200.0,0.0,,,,,,,,,,,,
2885,Prenagen Esensis,Kalbe,1.0,gelas (35 g),130.0,,,24.0,,6.0,1.0,0.0,,,,5.0,3.0,,,16.0,,,,,,,,,,,,,,,,,,,,,,140.0,430.0,,,,,,,,,,,,
2886,Pretz Rasa Pizza,Glico,1.0,bungkus (31 g),150.0,,,21.0,,2.0,6.0,,,,,,,,,1.0,,,,,,,,,,,,,,,,,,,,,,240.0,,,,,,,,,,,,,
2887,Pretzel,De Bakker,1.0,slice (49 g),159.0,,,28.0,,5.0,3.0,0.0,,,,15.0,2.0,,,1.0,,,,,,,,,,,,,,,,,,,,,,147.0,,,,,,,,,,,,,
2888,Pro Fit Cokelat,Entrasol,1.0,porsi (200 ml),140.0,,,24.0,,5.0,2.5,1.5,,,,8.0,1.0,,,11.0,,,,,,,,,,,,,,,,,,,,,,105.0,310.0,,,,,,,,,,,,
2889,Pro Gainer,Optimum Nutrition,1.0,scoop (165 g),650.0,,,85.0,,60.0,8.0,4.0,,,,80.0,5.0,,,7.0,,,,,,,,,,,,,,,,,,,,,,380.0,640.0,,,,,,,,,,,,
2890,Pro-Milch,Imukal,1.0,gelas (40 g),190.0,,,26.0,,4.0,7.0,3.5,,,,,3.0,,,15.0,,,,,,,,,,,,,,,,,,,,,,160.0,,,,,,,,,,,,,
2891,ProMass,PH Nutrition,1.0,porsi (225 g),900.0,,,160.0,,55.0,5.0,1.5,,,,15.0,3.0,,,6.0,,,,,,,,,,,,,,,,,,,,,,250.0,347.0,,,,,,,,,,,,
2892,Probar,Imukal,1.0,bungkus (68 g),310.0,,,38.0,,12.0,12.0,,,,,,4.0,,,,,,,,,,,,,,,,,,,,,,,,,210.0,,,,,,,,,,,,,
2893,Probiotic Drink,Yakult,1.0,botol (65 ml),50.0,,,11.0,,1.0,0.0,0.0,,,,,,,,10.0,,,,,,,,,,,,,,,,,,,,,,10.0,,,,,,,,,,,,,
2894,Profortis,Imukal,1.0,kemasan (70 g),340.0,,,37.0,,8.0,17.0,8.0,,,,,3.0,,,24.0,,,,,,,,,,,,,,,,,,,,,,250.0,,,,,,,,,,,,,
2895,Prohybrid Whey Protein,PH Nutrition,1.0,porsi (38 g),146.0,,,6.0,,24.0,3.5,,,,,0.0,0.0,,,2.0,,,,,,,,,,,,,,,,,,,,,,130.0,10.0,,,,,,,,,,,,
2896,Prostar 100% Casein Protein,Ultimate Nutrition,2.0,skop (33 g),300.0,,,38.5,,27.5,3.0,0.0,,,,20.0,1.0,,,0.0,,,,,,,,,,,,,,,,,,,,,,68.0,,,,,,,,,,,,,
2897,Prostar 100% Whey Protein,Ultimate Nutrition,1.0,skop,120.0,,,2.0,,25.0,1.0,0.5,,,,20.0,0.0,,,1.0,,,,,,,,,,,,,,,,,,,,,,30.0,,,,,,,,,,,,,
2898,Protein Bar Chocolate,Fitbar,1.0,bungkus (25 g),120.0,,,14.0,,4.0,5.0,5.0,0.0,0.0,,0.0,1.0,,,7.0,,,,,,,,,,,,,,,,,,,,,,35.0,0.0,,,,,,,,,,,,
2899,Protein Blend Pro,The Infinity,4.0,sendok makan (38 g),140.0,,,12.0,,22.0,0.5,,,,,0.0,,,,0.0,,,,,,,,,,,,,,,,,,,,,,85.0,290.0,,,,,,,,,,,,
2900,Protein Booster,Health's Kitchen,,,,,,,,,,,,,,,,,,,,,,,,,,,,,,,,,,,,,,,,,,,,,,,,,,,,,
2901,Protein Chips,Vegan Baby,1.0,porsi (30 g),158.0,,,6.0,,14.0,9.0,4.0,,,,,2.0,,,1.0,,,,,,,,,,,,,,,,,,,,,,225.0,,,,,,,,,,,,,
2902,Protein Isolate,Ultimate Nutrition,1.0,skop (24 g),100.0,,,3.0,,20.0,1.0,,,,,0.0,,,,1.0,,,,,,,,,,,,,,,,,,,,,,100.0,,,,,,,,,,,,,
2903,Prune Kering,Buah,100.0,gram (g),240.0,,,63.88,,2.18,0.38,0.088,0.062,0.053,,0.0,7.1,,,38.13,,,,,,,,,,,,,,,,,,,,,,2.0,732.0,,,,,,,,,,,,
2904,Pudding,Wong Coco,1.0,cangkir (120 g),130.0,,,31.0,,1.0,0.0,0.0,0.0,0.0,,0.0,4.0,,,23.0,,,,,,,,,,,,,,,,,,,,,,90.0,,,,,,,,,,,,,
2905,Pudding (Passionfruit),Inaco,1.0,saji (120 g),110.0,,,26.0,,0.0,0.0,0.0,,,,0.0,0.0,,,22.0,,,,,,,,,,,,,,,,,,,,,,90.0,,,,,,,,,,,,,
2906,Pudding Blueberry Yoghurt,Wong Coco,100.0,g,90.0,,,22.0,,0.0,0.0,,,,,,2.0,,,20.0,,,,,,,,,,,,,,,,,,,,,,55.0,,,,,,,,,,,,,
2907,Pudding Coconut,Wong Coco,1.0,cup (120 g),100.0,,,22.0,,2.0,0.0,0.0,,,,0.0,3.0,,,19.0,,,,,,,,,,,,,,,,,,,,,,105.0,,,,,,,,,,,,,
2908,Pudding Coklat,Haan,1.0,gelas (26 g),110.0,,,21.0,,1.0,2.0,0.0,,,,0.0,3.0,,,16.0,,,,,,,,,,,,,,,,,,,,,,70.0,0.0,,,,,,,,,,,,
2909,Pudding Guava,Wong Coco,1.0,porsi (120 g),130.0,,,30.0,,1.0,0.0,0.0,,,,0.0,4.0,,,23.0,,,,,,,,,,,,,,,,,,,,,,90.0,,,,,,,,,,,,,
2910,Pudding Mango,Inaco,1.0,porsi (120 g),110.0,,,25.0,,0.0,0.0,0.0,,,,0.0,,,,25.0,,,,,,,,,,,,,,,,,,,,,,,,,,,,,,,,,,,
2911,Puding Coklat,Makanan Penutup,1.0,snack ukuran (112 g),157.0,,,25.99,,3.05,4.52,0.802,1.616,1.921,,3.0,1.1,,,20.17,,,,,,,,,,,,,,,,,,,,,,146.0,203.0,,,,,,,,,,,,
2912,Puding Mangga,Haan,1.0,porsi (20 g),80.0,,,19.0,,0.0,0.5,0.5,,,,,1.0,,,15.0,,,,,,,,,,,,,,,,,,,,,,25.0,,,,,,,,,,,,,
2913,Puding Mangga,Wong Coco,100.0,g,110.0,,,26.0,,1.0,0.0,,,,,0.0,4.0,,,21.0,,,,,,,,,,,,,,,,,,,,,,70.0,0.0,,,,,,,,,,,,
2914,Puding Pisang,Makanan Penutup,100.0,gram (g),127.0,,,21.2,,2.4,3.6,0.56,1.33,1.53,,0.0,0.1,,,,,,,,,,,,,,,,,,,,,,,,,196.0,110.0,,,,,,,,,,,,
2915,Puding Roti,Makanan Penutup,100.0,gram (g),153.0,,,23.26,,5.27,4.74,1.649,0.888,1.683,,62.0,0.9,,,14.72,,,,,,,,,,,,,,,,,,,,,,236.0,216.0,,,,,,,,,,,,
2916,Puding Tapioka,Makanan Penutup,1.0,snack ukuran (112 g),134.0,,,21.92,,2.26,4.18,1.052,0.366,2.544,,1.0,0.0,,,20.0,,,,,,,,,,,,,,,,,,,,,,180.0,108.0,,,,,,,,,,,,
2917,Puding Vanila,Makanan Penutup,1.0,snack ukuran (112 g),147.0,,,24.86,,2.6,4.07,1.709,0.463,1.676,,8.0,0.0,,,22.83,,,,,,,,,,,,,,,,,,,,,,153.0,128.0,,,,,,,,,,,,
2918,Puff Pastry,Edo,1.0,sheet (50 g),240.0,,,29.0,,4.0,12.0,5.0,,,,,,,,1.0,,,,,,,,,,,,,,,,,,,,,,180.0,,,,,,,,,,,,,
2919,Puff Pastry Square,Kawan,1.0,piece (40 g),180.0,,,22.0,,3.0,9.0,5.0,,,,0.0,1.0,,,1.0,,,,,,,,,,,,,,,,,,,,,,115.0,,,,,,,,,,,,,
2920,Puffies,Kartika Toast,,,,,,,,,,,,,,,,,,,,,,,,,,,,,,,,,,,,,,,,,,,,,,,,,,,,,
2921,Pumpberry Cookies,Ladang Lima,2.0,cookies (30 g),170.0,,,17.0,,2.0,9.0,,,,,,2.0,,,6.0,,,,,,,,,,,,,,,,,,,,,,50.0,,,,,,,,,,,,,
2922,Pumpberry Healthy Cookies,Ladang Lima,2.0,potong (30 g),100.0,,,17.0,,2.0,10.0,,,,,,2.0,,,6.0,,,,,,,,,,,,,,,,,,,,,,50.0,,,,,,,,,,,,,
2923,Pumpernickel,De Bakker,25.0,g),80.0,,,12.0,,1.0,3.0,0.0,,,,0.0,2.0,,,0.0,,,,,,,,,,,,,,,,,,,,,,175.0,,,,,,,,,,,,,
2924,Punggung Sapi,Daging,100.0,gram (g),342.0,,,0.0,,24.84,26.15,10.203,0.924,11.555,,93.0,0.0,,,0.0,,,,,,,,,,,,,,,,,,,,,,225.0,242.0,,,,,,,,,,,,
2925,Pure Collagen,Balans,1.0,sachet (10 g),40.0,,,6.0,,6.0,0.0,,,,,0.0,,,,0.0,,,,,,,,,,,,,,,,,,,,,,0.0,,,,,,,,,,,,,
2926,Pure Granola,Familia,100.0,g,440.0,,,70.0,,12.0,13.0,7.0,0.0,0.0,,0.0,10.0,,,5.0,,,,,,,,,,,,,,,,,,,,,,10.0,0.0,,,,,,,,,,,,
2927,Pure Green,Nakedpress,,,,,,,,,,,,,,,,,,,,,,,,,,,,,,,,,,,,,,,,,,,,,,,,,,,,,
2928,Pure Matcha,Beeru,1.0,porsi (2 g),10.0,,,1.0,,0.0,0.0,,,,,,,,,,,,,,,,,,,,,,,,,,,,,,,,,,,,,,,,,,,,
2929,Pure Matcha Powder,Beeru,1.0,porsi (2 g),10.0,,,1.0,,0.0,0.0,0.0,0.0,0.0,,0.0,0.0,,,0.0,,,,,,,,,,,,,,,,,,,,,,0.0,0.0,,,,,,,,,,,,
2930,Pure Soy Milk,Yonsei,1.0,serving (190 ml),110.0,,,8.0,,5.0,6.0,1.2,,,,0.0,,,,8.0,,,,,,,,,,,,,,,,,,,,,,150.0,,,,,,,,,,,,,
2931,Purple Freak,Mama Roz,,,,,,,,,,,,,,,,,,,,,,,,,,,,,,,,,,,,,,,,,,,,,,,,,,,,,
2932,Purple Ube,Whole Chips,,,,,,,,,,,,,,,,,,,,,,,,,,,,,,,,,,,,,,,,,,,,,,,,,,,,,
2933,Purple Ube Oat Powder,Oat Daily,1.0,bungkus (25 g),110.0,,,20.0,,1.0,2.5,,,,,,,,,,,,,,,,,,,,,,,,,,,,,,,,,,,,,,,,,,,,
2934,Putih Telur,Telur,100.0,gram (g),52.0,,,0.73,,10.9,0.17,0.0,0.0,0.0,,0.0,0.0,,,0.71,,,,,,,,,,,,,,,,,,,,,,166.0,163.0,,,,,,,,,,,,
2935,Putih Telur Matang,Telur,1.0,besar,17.0,,,0.24,,3.58,0.06,0.0,0.0,0.0,,0.0,0.0,,,0.23,,,,,,,,,,,,,,,,,,,,,,106.0,53.0,,,,,,,,,,,,
2936,Putri Red Velvet,Ina Cookies,100.0,g,509.0,,,3.72,,3.11,8.0,,,,,,,,,,,,,,,,,,,,,,,,,,,,,,,,,,,,,,,,,,,,
2937,Qtela Tempe Rasa Cabai Rawit,Qtela,1.0,takaran saji  (20 g),110.0,,,7.0,,5.0,7.0,3.0,,,,,2.0,,,0.0,,,,,,,,,,,,,,,,,,,,,,125.0,,,,,,,,,,,,,
2938,Qtela Tempe Rasa Rumput Laut,Qtela,1.0,porsi (20 g),110.0,,,13.0,,0.0,6.0,2.5,0.0,0.0,,0.0,0.0,,,1.0,,,,,,,,,,,,,,,,,,,,,,80.0,,,,,,,,,,,,,
2939,Quaker Berry Burst,Quaker,1.0,sajian (30 g),130.0,,,22.0,,2.0,3.5,2.5,,,,0.0,1.0,,,10.0,,,,,,,,,,,,,,,,,,,,,,100.0,,,,,,,,,,,,,
"2940,Quattro Cheese,Samyang,1.0,""serving (72,5 g)"",310.0,,,46.0,,8.0,11.0,6.0,,,,,,,,6.0,,,,,,,,,,,,,,,,,,,,,,1010.0,,,,,,,,,,,,,"
2941,Queen,Interbis,,,,,,,,,,,,,,,,,,,,,,,,,,,,,,,,,,,,,,,,,,,,,,,,,,,,,
2942,Quick Cook Oatmeal,Captain Oats,1.0,porsi (40 g),160.0,,,27.2,,5.7,3.1,0.8,0.8,1.5,,0.0,4.0,,,0.0,,,,,,,,,,,,,,,,,,,,,,15.0,,,,,,,,,,,,,
2943,Quick Cook Oatmeal,Quaker,1.0,porsi (35 g),140.0,,,24.0,,4.0,3.5,0.5,1.0,1.5,,0.0,3.0,,,0.0,,,,,,,,,,,,,,,,,,,,,,0.0,0.0,,,,,,,,,,,,
2944,Quick Cooking Oatmeal,Quaker,2.0,sendok makan (35 g),140.0,,,24.0,,4.0,3.0,0.5,1.0,1.5,,0.0,3.0,,,0.0,,,,,,,,,,,,,,,,,,,,,,0.0,,,,,,,,,,,,,
2945,Quickstart,Entrasol,1.0,gelas (30 g),130.0,,,23.0,,2.0,3.0,2.0,0.27,0.315,,0.0,1.0,,,12.0,,,,,,,,,,,,,,,,,,,,,,105.0,25.0,,,,,,,,,,,,
2946,Quickstart Chocolate,Entrasol,1.0,porsi (30 g),130.0,,,24.0,,2.0,3.0,,,,,,,,,,,,,,,,,,,,,,,,,,,,,,,,,,,,,,,,,,,,
2947,Quickstart with Chia Seeds,Entrasol,1.0,sachet (30 g),130.0,,,22.0,,2.0,3.0,1.0,,,,0.0,2.0,,,12.0,,,,,,,,,,,,,,,,,,,,,,75.0,125.0,,,,,,,,,,,,
2948,Quickstart with Chia Seeds Chocolate,Entrasol,1.0,porsi (30 g),130.0,,,22.0,,2.0,3.5,2.0,,,,0.0,1.0,,,12.0,,,,,,,,,,,,,,,,,,,,,,105.0,25000.0,,,,,,,,,,,,
2949,Quinoa Cakes,Lestello,,,,,,,,,,,,,,,,,,,,,,,,,,,,,,,,,,,,,,,,,,,,,,,,,,,,,
2950,Raclette Cheese Flavour,Lay's,,,,,,,,,,,,,,,,,,,,,,,,,,,,,,,,,,,,,,,,,,,,,,,,,,,,,
2951,Raffaello,Ferrero Rocher,100.0,g,627.0,,,38.6,,7.4,48.3,29.5,,,,,,,,33.6,,,,,,,,,,,,,,,,,,,,,,267.0,,,,,,,,,,,,,
2952,Ragout Roll,Wei Wang,3.0,biji (65 g),180.0,,,30.0,,5.0,4.0,2.0,,,,,,,,7.0,,,,,,,,,,,,,,,,,,,,,,,190.0,,,,,,,,,,,,
2953,Rainbow Crunch Chicken Salad,Easy Peasy,1.0,package,249.0,,,17.8,,17.8,10.8,,,,,,,,,,,,,,,,,,,,,,,,,,,,,,,,,,,,,,,,,,,,
2954,Rainbow Crunch Chicken Wrap,Easy Peasy,1.0,serving,367.0,,,38.9,,20.9,13.3,,,,,,,,,,,,,,,,,,,,,,,,,,,,,,,,,,,,,,,,,,,,
2955,Rainbow Veggie Noodle,Javara,1.0,porsi (76 g),280.0,,,60.0,,8.0,1.0,0.0,,,,0.0,8.0,,,5.0,,,,,,,,,,,,,,,,,,,,,,590.0,,,,,,,,,,,,,
2956,Rainbow Veggie Noodle,Jawara,,,,,,,,,,,,,,,,,,,,,,,,,,,,,,,,,,,,,,,,,,,,,,,,,,,,,
2957,Rainbow Veggies,Health's Kitchen,,,,,,,,,,,,,,,,,,,,,,,,,,,,,,,,,,,,,,,,,,,,,,,,,,,,,
2958,Rainforest Juice,Nakedpress,,,,,,,,,,,,,,,,,,,,,,,,,,,,,,,,,,,,,,,,,,,,,,,,,,,,,
2959,Raisin,Oatbits,,,,,,,,,,,,,,,,,,,,,,,,,,,,,,,,,,,,,,,,,,,,,,,,,,,,,
2960,Rajungan dengan Bumbu Nasi Goreng,Vinisi,1.0,porsi (60 g),120.0,,,5.0,,12.0,6.0,1.0,,,,0.0,,,,3.0,,,,,,,,,,,,,,,,,,,,,,660.0,0.0,,,,,,,,,,,,
2961,Ramen Curry,Nissin,,,,,,,,,,,,,,,,,,,,,,,,,,,,,,,,,,,,,,,,,,,,,,,,,,,,,
2962,Rasa Apel,Teh Kotak,1.0,pack (200 ml),100.0,,,24.0,,0.0,0.0,,,,,,,,,20.0,,,,,,,,,,,,,,,,,,,,,,50.0,,,,,,,,,,,,,
2963,Rasa Asin Klasik,Lay's,1.0,porsi (68 g),110.0,,,10.0,,1.0,7.0,3.5,,,,,,,,0.0,,,,,,,,,,,,,,,,,,,,,,90.0,,,,,,,,,,,,,
2964,Rasa Ayam Bawang,Indomie,1.0,bungkus (69 g),310.0,,,43.0,,7.0,11.0,6.0,,,,0.0,2.0,,,3.0,,,,,,,,,,,,,,,,,,,,,,1330.0,700.0,,,,,,,,,,,,
2965,Rasa Balado,Sabena,1.0,sajian (12 g),60.0,,,8.0,,1.0,2.5,1.0,,,,,,,,1.0,,,,,,,,,,,,,,,,,,,,,,100.0,,,,,,,,,,,,,
2966,Rasa Barbeque Fiesta,Lay's,,,,,,,,,,,,,,,,,,,,,,,,,,,,,,,,,,,,,,,,,,,,,,,,,,,,,
2967,Rasa Baso Sapi,Sarimi,1.0,bungkus (77 g),340.0,,,48.0,,7.0,14.0,7.0,,,,0.0,3.0,,,2.0,,,,,,,,,,,,,,,,,,,,,,1110.0,,,,,,,,,,,,,
2968,Rasa Cokelat,Ultra Milk,1.0,kotak (200 ml),160.0,,,24.0,,6.0,4.0,3.0,,,,10.0,,,,19.0,,,,,,,,,,,,,,,,,,,,,,45.0,260.0,,,,,,,,,,,,
2969,Rasa Jagung,Energen,1.0,gelas (25 g),130.0,,,20.0,,1.0,2.5,2.5,,,,0.0,1.0,,,14.0,,,,,,,,,,,,,,,,,,,,,,95.0,0.0,,,,,,,,,,,,
2970,Rasa Kacang Hijau,Energen,1.0,sachet (35 g),150.0,,,27.0,,3.0,3.5,3.5,,,,0.0,1.0,,,16.0,,,,,,,,,,,,,,,,,,,,,,160.0,,,,,,,,,,,,,
2971,Rasa Kaldu Ayam,Intermie,,,,,,,,,,,,,,,,,,,,,,,,,,,,,,,,,,,,,,,,,,,,,,,,,,,,,
2972,Rasa Rumput Laut,Lay's,1.0,potong (20 g),110.0,,,10.0,,1.0,7.0,3.5,0.0,0.0,,0.0,0.0,,,0.0,,,,,,,,,,,,,,,,,,,,,,70.0,0.0,,,,,,,,,,,,
2973,Rasa Sapi Panggang,Lay's,,,,,,,,,,,,,,,,,,,,,,,,,,,,,,,,,,,,,,,,,,,,,,,,,,,,,
2974,Rasa Saus Pedas Manis,Lay's,1.0,porsi (20 g),110.0,,,11.0,,2.0,6.0,3.0,,,,,1.0,,,1.0,,,,,,,,,,,,,,,,,,,,,,,,,,,,,,,,,,,
2975,Rasa Soto,Intermie,1.0,bungkus (55 g),230.0,,,39.0,,5.0,6.0,3.5,,,,0.0,9.0,,,2.0,,,,,,,,,,,,,,,,,,,,,,570.0,,,,,,,,,,,,,
2976,Rasa Soto Mie,Indomie,1.0,bungkus (70 g),320.0,,,44.0,,7.0,13.0,7.0,,,,0.0,2.0,,,2.0,,,,,,,,,,,,,,,,,,,,,,1470.0,1.0,,,,,,,,,,,,
2977,Rasa Vanila,Energen,1.0,sendok makan (32 g),150.0,,,25.0,,2.0,4.0,4.0,,,,0.0,1.0,,,15.0,,,,,,,,,,,,,,,,,,,,,,150.0,,,,,,,,,,,,,
2978,Rasberi,Buah,100.0,gram (g),52.0,,,11.94,,1.2,0.65,0.019,0.375,0.064,,0.0,6.5,,,4.42,,,,,,,,,,,,,,,,,,,,,,1.0,151.0,,,,,,,,,,,,
2979,Rasberi Beku,Buah,100.0,gram (g),103.0,,,26.16,,0.7,0.16,0.005,0.089,0.015,,0.0,4.4,,,21.76,,,,,,,,,,,,,,,,,,,,,,1.0,114.0,,,,,,,,,,,,
2980,Rasberi Beku tanpa Pemanis,Buah,100.0,gram (g),52.0,,,11.94,,1.2,0.65,0.019,0.375,0.064,,0.0,6.5,,,4.42,,,,,,,,,,,,,,,,,,,,,,1.0,136.0,,,,,,,,,,,,
2981,Rasberi Merah,Buah,100.0,gram (g),52.0,,,11.94,,1.2,0.65,0.019,0.375,0.064,,0.0,6.5,,,4.42,,,,,,,,,,,,,,,,,,,,,,1.0,151.0,,,,,,,,,,,,
2982,Ready To Go Sosis Original,Fiesta,1.0,porsi (50 g),90.0,,,2.0,,7.0,6.0,2.5,,,,,,,,0.0,,,,,,,,,,,,,,,,,,,,,,390.0,,,,,,,,,,,,,
2983,Real Egg Protein Source,REPS,1.0,serving (350 ml),117.0,,,2.0,,24.0,0.0,0.0,,,,0.0,,,,,,,,,,,,,,,,,,,,,,,,,,403.0,,,,,,,,,,,,,
2984,Realmeals,Realfood,1.0,serving,210.0,,,22.0,,19.0,5.0,3.5,0.0,1.0,,40.0,7.0,,,4.0,,,,,,,,,,,,,,,,,,,,,,230.0,,,,,,,,,,,,,
2985,Recharge Honey Lemon,Balans,1.0,sachet (15 g),60.0,,,15.0,,0.0,0.0,,,,,0.0,3.0,,,0.0,,,,,,,,,,,,,,,,,,,,,,0.0,,,,,,,,,,,,,
2986,Red Earth,Nakedpress,,,,,,,,,,,,,,,,,,,,,,,,,,,,,,,,,,,,,,,,,,,,,,,,,,,,,
2987,Red Power Shot,Acaii Tea,1.0,serving,70.0,,,14.0,,0.0,0.0,,,,,,,,,,,,,,,,,,,,,,,,,,,,,,,,,,,,,,,,,,,,
2988,Red Velvet,Mako,,,,,,,,,,,,,,,,,,,,,,,,,,,,,,,,,,,,,,,,,,,,,,,,,,,,,
2989,Red Velvet Popping Boba,Del Monte,1.0,porsi (240 ml),160.0,,,27.0,,5.0,3.5,3.0,,,,5.0,,,,23.0,,,,,,,,,,,,,,,,,,,,,,170.0,,,,,,,,,,,,,
2990,Regal Marie Biscuit,Regal,1.0,bungkus (12 g),50.0,,,9.0,,1.0,1.5,0.5,0.0,0.0,,2.0,0.0,,,3.0,,,,,,,,,,,,,,,,,,,,,,35.0,20.0,,,,,,,,,,,,
2991,Remia Salata Yoghurt Dressing,Remia,100.0,ml,281.0,,,10.0,,1.5,26.0,1.9,,,,,,,,8.0,,,,,,,,,,,,,,,,,,,,,,1400.0,,,,,,,,,,,,,
2992,Remis,Ikan & Seafood,100.0,gram (g),86.0,,,3.69,,11.9,2.24,0.425,0.606,0.507,,28.0,0.0,,,0.0,,,,,,,,,,,,,,,,,,,,,,286.0,320.0,,,,,,,,,,,,
2993,Rempah Cassava,Whole Chips,1.0,porsi (15 g),80.0,,,10.0,,0.0,4.0,2.0,,,,0.0,,,,,,,,,,,,,,,,,,,,,,,,,,50.0,,,,,,,,,,,,,
2994,Rice,Richeese,1.0,porsi,240.0,,,55.0,,6.0,0.0,,,,,,,,,,,,,,,,,,,,,,,,,,,,,,,,,,,,,,,,,,,,
"2995,Rice Crackers,Go Day,1.0,""kemasan (16,5 g)"",80.0,,,13.0,,1.0,2.5,1.5,,,,,,,,3.0,,,,,,,,,,,,,,,,,,,,,,50.0,,,,,,,,,,,,,"
2996,Rice Crackers,Naraya,,,,,,,,,,,,,,,,,,,,,,,,,,,,,,,,,,,,,,,,,,,,,,,,,,,,,
2997,Rice Crispies,POD,1.0,porsi (40 g),240.0,,,20.0,,2.0,18.0,11.0,,,,0.0,0.0,,,14.0,,,,,,,,,,,,,,,,,,,,,,60.0,,,,,,,,,,,,,
2998,Rice Crispy,Yale Yale,1.0,porsi (10 g),50.0,,,7.0,,1.0,2.0,1.0,,,,,,,,3.0,,,,,,,,,,,,,,,,,,,,,,40.0,,,,,,,,,,,,,
2999,Rice Konjac,Kareta' Kin,,,,,,,,,,,,,,,,,,,,,,,,,,,,,,,,,,,,,,,,,,,,,,,,,,,,,
3000,Rice Krispies,Kellogg's,1.0,porsi (30 g),120.0,,,26.0,,2.0,0.0,0.0,0.0,0.0,,0.0,2.0,,,1.0,,,,,,,,,,,,,,,,,,,,,,230.0,,,,,,,,,,,,,
3001,Rice Noodles,Mama,,,,,,,,,,,,,,,,,,,,,,,,,,,,,,,,,,,,,,,,,,,,,,,,,,,,,
3002,Rice Paper,Javasuperfood,1.0,sajian (20 g),70.0,,,16.0,,0.0,1.0,0.0,0.0,0.0,,0.0,0.0,,,0.0,,,,,,,,,,,,,,,,,,,,,,85.0,,,,,,,,,,,,,
3003,Rice Vermicelli Thai Tom Yum,Papa,100.0,g,200.0,,,36.0,,4.0,4.0,,,,,,,,,,,,,,,,,,,,,,,,,,,,,,,,,,,,,,,,,,,,
3004,Ricebowl Beef Gyudon,Easy Peasy,1.0,porsi,155.0,,,7.0,,13.0,9.0,,,,,,,,,,,,,,,,,,,,,,,,,,,,,,,,,,,,,,,,,,,,
3005,Rich Cheese,Emina,1.0,porsi (15 g),45.0,,,2.0,,2.0,3.5,2.0,,,,0.0,,,,0.0,,,,,,,,,,,,,,,,,,,,,,210.0,,,,,,,,,,,,,
3006,Rich Choco,Whey To Go,,,,,,,,,,,,,,,,,,,,,,,,,,,,,,,,,,,,,,,,,,,,,,,,,,,,,
3007,Rich Creme,Ellenka,1.0,sajian (3 g),15.0,,,2.0,,0.0,1.0,1.0,,,,0.0,1.0,,,0.0,,,,,,,,,,,,,,,,,,,,,,5.0,,,,,,,,,,,,,
3008,Rich Tea Oat,Julie's,,,,,,,,,,,,,,,,,,,,,,,,,,,,,,,,,,,,,,,,,,,,,,,,,,,,,
"3009,Richeese Roll's,Richeese,1.0,""kemasan (5,5 g)"",25.0,,,4.0,,0.0,1.0,0.5,,,,0.0,,,,1.0,,,,,,,,,,,,,,,,,,,,,,10.0,,,,,,,,,,,,,"
3010,Richoco Wafer Krim Cokelat,Nabati,12.0,keping (10 g),50.0,,,7.0,,1.0,2.0,1.0,,,,,,,,3.0,,,,,,,,,,,,,,,,,,,,,,20.0,,,,,,,,,,,,,
3011,Ricotta,Yummy,1.0,porsi (50 g),110.0,,,1.0,,6.0,7.0,0.0,0.0,0.0,,0.0,0.0,,,0.0,,,,,,,,,,,,,,,,,,,,,,80.0,0.0,,,,,,,,,,,,
3012,Rimba Mass,Rimbalife,,,,,,,,,,,,,,,,,,,,,,,,,,,,,,,,,,,,,,,,,,,,,,,,,,,,,
3013,RimbaWhey,Rimbalife,,,,,,,,,,,,,,,,,,,,,,,,,,,,,,,,,,,,,,,,,,,,,,,,,,,,,
3014,Rimbacre,Rimbalife,,,,,,,,,,,,,,,,,,,,,,,,,,,,,,,,,,,,,,,,,,,,,,,,,,,,,
3015,Rin-Bee,Oishi,1.0,bungkus (10 g),45.0,,,7.0,,1.0,1.5,0.5,0.0,,,,0.0,,,1.0,,,,,,,,,,,,,,,,,,,,,,100.0,0.0,,,,,,,,,,,,
3016,Rin-Bee Cheese Flavor,Oishi,1.0,porsi (20 g),90.0,,,22.0,,2.0,4.5,2.0,,,,0.0,1.0,,,2.0,,,,,,,,,,,,,,,,,,,,,,300.0,,,,,,,,,,,,,
3017,Rinbee,Oishi,1.0,porsi (20 g),90.0,,,15.0,,1.0,3.0,1.5,,,,,1.0,,,1.0,,,,,,,,,,,,,,,,,,,,,,200.0,,,,,,,,,,,,,
3018,Ripik Hijau Rasa Ayam Goreng,Ripik Hijau,1.0,bungkus (3 g),20.0,,,1.0,,0.0,2.0,1.0,,,,0.0,1.0,,,0.0,,,,,,,,,,,,,,,,,,,,,,25.0,35.0,,,,,,,,,,,,
3019,Roasted  Corn,Happytos,20.0,g),100.0,,,14.0,,1.0,4.0,1.5,,,,0.0,1.0,,,1.0,,,,,,,,,,,,,,,,,,,,,,130.0,,,,,,,,,,,,,
3020,Roasted Almonds,Camel,100.0,g,623.0,,,6.2,,23.3,56.1,4.0,,,,0.0,9.2,,,5.1,,,,,,,,,,,,,,,,,,,,,,1.0,,,,,,,,,,,,,
3021,Roasted Cashew Snack,East Bali Cashews,1.0,porsi (35 g),222.0,,,11.0,,5.0,17.5,8.0,,,,0.0,3.5,,,1.0,,,,,,,,,,,,,,,,,,,,,,70.0,,,,,,,,,,,,,
3022,Roasted Chicken Crackers,Aim Biscuits,10.0,keping  (5 g),25.0,,,3.0,,0.0,1.0,0.0,0.0,0.0,,0.0,0.0,,,0.0,,,,,,,,,,,,,,,,,,,,,,35.0,5.0,,,,,,,,,,,,
3023,Roasted Corn Crackers,Aim Biscuits,40.0,keping (20 g),90.0,,,14.0,,2.0,3.5,1.5,,,,,,,,1.0,,,,,,,,,,,,,,,,,,,,,,110.0,1.0,,,,,,,,,,,,
3024,Roasted Seaweed Original,Paldo,1.0,sajian (5 g),35.0,,,1.0,,1.0,3.0,,,,,,,,,,,,,,,,,,,,,,,,,,,,,,,40.0,,,,,,,,,,,,,
"3025,Roasted Seaweed Snack with Olive Oil,O'food,1.0,""pack (4,5 g)"",15.0,,,2.0,,2.0,0.0,0.0,0.0,0.0,,,0.0,,,0.0,,,,,,,,,,,,,,,,,,,,,,50.0,,,,,,,,,,,,,"
3026,Roasted Sesame Dressing,Kewpie,1.0,sdm (25 ml),100.0,,,4.0,,1.0,9.0,1.5,,,,,,,,4.0,,,,,,,,,,,,,,,,,,,,,,176.0,,,,,,,,,,,,,
3027,Roasted Sesame Salad Dressing,Kewpie,1.0,porsi (25 ml),100.0,,,4.0,,1.0,9.0,1.5,,,,,,,,4.0,,,,,,,,,,,,,,,,,,,,,,260.0,,,,,,,,,,,,,
3028,Roasted Sesame Salad Dressing,Maestro,,,,,,,,,,,,,,,,,,,,,,,,,,,,,,,,,,,,,,,,,,,,,,,,,,,,,
3029,Roasted Soy Bean,Kent Protein,1.0,porsi (50 g),203.0,,,6.0,,21.17,13.4,11.5,11.4,,,,9.4,,,0.0,,,,,,,,,,,,,,,,,,,,,,,,,,,,,,,,,,,
3030,Rolade Daging Sapi,YOMAS,100.0,g,140.0,,,14.0,,13.0,3.5,0.0,,,,,,,,0.0,,,,,,,,,,,,,,,,,,,,,,410.0,,,,,,,,,,,,,
3031,Rolade Sapi,Mabell,100.0,g,210.0,,,14.0,,22.0,7.0,3.0,,,,,,,,,,,,,,,,,,,,,,,,,,,,,,660.0,,,,,,,,,,,,,
3032,Rolled Oat,Oatsy,,,,,,,,,,,,,,,,,,,,,,,,,,,,,,,,,,,,,,,,,,,,,,,,,,,,,
3033,Rolled Oats,Captain Oats,2.0,gelas kering (40 g),160.0,,,27.0,,5.0,4.5,1.0,0.9,2.0,,0.0,8.0,,,0.0,,,,,,,,,,,,,,,,,,,,,,22.0,0.0,,,,,,,,,,,,
3034,Rolled Oats,Haverjoy,1.0,serving (35 g),30.0,,,24.0,,4.0,3.5,0.5,,,,,9.0,,,,,,,,,,,,,,,,,,,,,,,,,,,,,,,,,,,,,,
3035,Rolled Oats,Quaker,5.0,sendok makan (50 g),160.0,,,27.0,,5.0,4.0,0.5,1.5,1.5,,0.0,3.0,,,1.0,,,,,,,,,,,,,,,,,,,,,,0.0,,,,,,,,,,,,,
3036,Roller Coaster,Jack N Jill,,,,,,,,,,,,,,,,,,,,,,,,,,,,,,,,,,,,,,,,,,,,,,,,,,,,,
3037,Rolls,Richoco,1.0,buah (8 g),40.0,,,6.0,,0.0,1.5,1.0,,,,0.0,,,,3.0,,,,,,,,,,,,,,,,,,,,,,20.0,,,,,,,,,,,,,
3038,Rolls,Nabati,,,,,,,,,,,,,,,,,,,,,,,,,,,,,,,,,,,,,,,,,,,,,,,,,,,,,
3039,Roombutter Keju,Paroti,1.0,serving (40 g),180.0,,,22.0,,2.0,9.0,5.0,,,,,,,,7.0,,,,,,,,,,,,,,,,,,,,,,50.0,,,,,,,,,,,,,
3040,Roosty Toasty,Hadi Kitchen,1.0,porsi,418.0,,,30.0,,34.0,18.0,,,,,,,,,,,,,,,,,,,,,,,,,,,,,,,,,,,,,,,,,,,,
3041,Ropang Coklat,Padimas,1.0,bungkus (65 g),230.0,,,38.0,,5.0,7.0,3.5,,,,,,,,10.0,,,,,,,,,,,,,,,,,,,,,,220.0,,,,,,,,,,,,,
3042,Rose Chocolate,Unibis,4.0,sandwiches (31 g),150.0,,,22.0,,3.0,5.0,,,,,,,,,8.0,,,,,,,,,,,,,,,,,,,,,,95.0,,,,,,,,,,,,,
3043,Rose Cream,Aim Biscuits,4.0,keping  (35 g),160.0,,,27.0,,2.0,5.0,2.5,,,,,,,,10.0,,,,,,,,,,,,,,,,,,,,,,130.0,,,,,,,,,,,,,
3044,Rosella Hibiscus Tea,East Bali Cashews,100.0,g,5.0,,,2.0,,0.0,0.0,0.0,,,,0.0,0.0,,,1.0,,,,,,,,,,,,,,,,,,,,,,0.0,0.0,,,,,,,,,,,,
3045,Rosemary Bread,De Bakker,1.0,slice  (31 g),83.0,,,13.0,,2.0,1.0,0.0,,,,0.0,2.0,,,0.0,,,,,,,,,,,,,,,,,,,,,,125.0,,,,,,,,,,,,,
3046,Rosta Kacang Panggang,Garuda,1.0,bungkus (30 g),130.0,,,16.0,,5.0,5.0,,,,,,2.0,,,5.0,,,,,,,,,,,,,,,,,,,,,,115.0,,,,,,,,,,,,,
3047,Roti,Jordan Bakery,1.0,roti (36 g),130.0,,,21.0,,3.0,4.0,2.0,0.0,0.0,,0.0,0.0,,,8.0,,,,,,,,,,,,,,,,,,,,,,85.0,0.0,,,,,,,,,,,,
3048,Roti & Sereal,Makanan,,,,,,,,,,,,,,,,,,,,,,,,,,,,,,,,,,,,,,,,,,,,,,,,,,,,,
3049,Roti Adonan Asam,Roti & Sereal,100.0,gram (g),274.0,,,51.9,,8.8,3.0,0.641,0.693,1.215,,0.0,3.0,,,0.24,,,,,,,,,,,,,,,,,,,,,,609.0,113.0,,,,,,,,,,,,
3050,Roti Bagel,Roti & Sereal,100.0,gram (g),257.0,,,50.5,,10.02,1.62,0.393,0.64,0.521,,0.0,2.2,,,5.05,,,,,,,,,,,,,,,,,,,,,,448.0,75.0,,,,,,,,,,,,
3051,Roti Bagelen,Jordan Bakery,4.0,buah (40 g),180.0,,,26.0,,4.0,7.0,4.0,,,,,,,,10.0,,,,,,,,,,,,,,,,,,,,,,280.0,,,,,,,,,,,,,
3052,Roti Bakar Rasa Coklat,Oojhi,1.0,sajian (55 g),210.0,,,29.0,,4.0,9.0,4.0,,,,,5.0,,,8.0,,,,,,,,,,,,,,,,,,,,,,125.0,,,,,,,,,,,,,
3053,Roti Bluder Isi Coklat,Paroti,1.0,porsi (65 g),220.0,,,37.0,,5.0,6.0,3.0,,,,,,,,11.0,,,,,,,,,,,,,,,,,,,,,,240.0,,,,,,,,,,,,,
3054,Roti Bun Kopi Susu,Oojhi,1.0,sajian (55 g),180.0,,,31.0,,4.0,5.0,2.5,,,,,2.0,,,7.0,,,,,,,,,,,,,,,,,,,,,,150.0,,,,,,,,,,,,,
3055,Roti Bun Kopi Susu,Okko Bakery,1.0,sajian per kemasan (60 g),140.0,,,22.0,,3.0,4.0,2.0,,,,,2.0,,,6.0,,,,,,,,,,,,,,,,,,,,,,95.0,,,,,,,,,,,,,
3056,Roti Canai Original,Kart's,1.0,serving (60 g),160.0,,,29.0,,4.0,3.0,1.5,,1.0,,0.0,3.0,,,1.0,,,,,,,,,,,,,,,,,,,,,,240.0,0.0,,,,,,,,,,,,
3057,Roti Caterpillar Rasa Coklat,Okko Bakery,1.0,potong (55 g),150.0,,,22.0,,3.0,6.0,2.5,,,,,2.0,,,7.0,,,,,,,,,,,,,,,,,,,,,,105.0,,,,,,,,,,,,,
3058,Roti Caterpillar Rasa Keju,Okko Bakery,1.0,porsi (55 g),140.0,,,21.0,,3.0,5.0,2.5,,,,,2.0,,,7.0,,,,,,,,,,,,,,,,,,,,,,100.0,,,,,,,,,,,,,
3059,Roti Cheese Mentega,Maiji,,,,,,,,,,,,,,,,,,,,,,,,,,,,,,,,,,,,,,,,,,,,,,,,,,,,,
3060,Roti Cokelat Mini,Padimas,1.0,bungkus (55 g),190.0,,,35.0,,4.0,3.5,1.5,,,,,,,,8.0,,,,,,,,,,,,,,,,,,,,,,180.0,,,,,,,,,,,,,
3061,Roti Coklat Mentega,Maiji,1.0,porsi (50 g),190.0,,,27.0,,3.0,8.0,2.5,,,,,,,,10.0,,,,,,,,,,,,,,,,,,,,,,50.0,,,,,,,,,,,,,
3062,Roti Duo Rasa Blueberry dan Yogurt,Oojhi,1.0,bungkus  (52 g),190.0,,,27.0,,4.0,7.0,3.5,,,,,,,,6.0,,,,,,,,,,,,,,,,,,,,,,135.0,,,,,,,,,,,,,
3063,Roti Gandum,Garmelia,100.0,g,310.0,,,50.0,,11.0,7.0,3.5,,,,0.0,0.0,,,3.0,,,,,,,,,,,,,,,,,,,,,,320.0,0.0,,,,,,,,,,,,
3064,Roti Gandum,Roti & Sereal,1.0,irisan reguler,67.0,,,12.26,,2.37,1.07,0.233,0.237,0.447,,0.0,1.1,,,1.43,,,,,,,,,,,,,,,,,,,,,,138.0,53.0,,,,,,,,,,,,
3065,Roti Gandum,Sari Roti,2.0,lembar (70 g),190.0,,,33.0,,6.0,3.5,1.5,,,,0.0,6.0,,,3.0,,,,,,,,,,,,,,,,,,,,,,250.0,0.0,,,,,,,,,,,,
3066,Roti Gandum Hitam,Roti & Sereal,100.0,gram (g),259.0,,,48.3,,8.5,3.3,0.626,0.799,1.311,,0.0,5.8,,,3.85,,,,,,,,,,,,,,,,,,,,,,660.0,166.0,,,,,,,,,,,,
"3067,Roti Gandum Hitam Panggang,Roti & Sereal,1.0,""iris, biasa"",68.0,,,12.74,,2.26,0.86,0.165,0.211,0.346,,0.0,1.5,,,1.02,,,,,,,,,,,,,,,,,,,,,,174.0,44.0,,,,,,,,,,,,"
3068,Roti Gandum Panggang,Roti & Sereal,1.0,irisan reguler,68.0,,,12.32,,2.39,1.06,0.234,0.239,0.449,,0.0,1.3,,,1.44,,,,,,,,,,,,,,,,,,,,,,138.0,53.0,,,,,,,,,,,,
"3069,Roti Gandum Pita,Roti & Sereal,1.0,""sedang (diameter 13,5 cm)"",123.0,,,25.11,,4.71,0.64,0.1,0.255,0.087,,0.0,2.4,,,0.12,,,,,,,,,,,,,,,,,,,,,,188.0,96.0,,,,,,,,,,,,"
3070,Roti Guling,Padimas,1.0,(60 g),190.0,,,35.0,,4.0,4.0,2.0,,,,,,,,7.0,,,,,,,,,,,,,,,,,,,,,,170.0,,,,,,,,,,,,,
3071,Roti Isi Coklat,Sari Roti,100.0,g,280.0,,,40.0,,5.0,10.0,6.0,,,,3.0,2.0,,,13.0,,,,,,,,,,,,,,,,,,,,,,125.0,,,,,,,,,,,,,
3072,Roti Isi Coklat,Narosa,1.0,sajian (60 g),190.0,,,27.0,,4.0,7.0,4.0,,,,,4.0,,,9.0,,,,,,,,,,,,,,,,,,,,,,140.0,,,,,,,,,,,,,
3073,Roti Isi Coklat Keju,Sari Roti,1.0,bungkus (53 g),180.0,,,26.0,,4.0,6.0,3.0,,,,,1.0,,,8.0,,,,,,,,,,,,,,,,,,,,,,220.0,,,,,,,,,,,,,
3074,Roti Isi Keju,Sari Roti,1.0,bungkus (65 g),200.0,,,30.0,,6.0,7.0,4.0,,,,4.0,1.0,,,6.0,,,,,,,,,,,,,,,,,,,,,,390.0,,,,,,,,,,,,,
3075,Roti Isi Keju,Yamazaki,1.0,bungkus (100 g),160.0,,,28.0,,4.0,4.0,1.5,,,,0.0,6.0,,,6.0,,,,,,,,,,,,,,,,,,,,,,220.0,,,,,,,,,,,,,
3076,Roti Isi Krim,Jordan Bakery,1.0,porsi (60 g),220.0,,,30.0,,4.0,7.0,2.0,,,,,,,,6.0,,,,,,,,,,,,,,,,,,,,,,130.0,,,,,,,,,,,,,
3077,Roti Isi Krim Meses,Jordan Bakery,1.0,porsi (40 g),140.0,,,23.0,,3.0,5.0,3.0,,,,,,,,7.0,,,,,,,,,,,,,,,,,,,,,,110.0,,,,,,,,,,,,,
3078,Roti Isi Krim Meses,Paroti,1.0,bungkus (40 g),170.0,,,22.0,,3.0,7.0,4.5,,,,,,,,10.0,,,,,,,,,,,,,,,,,,,,,,105.0,,,,,,,,,,,,,
3079,Roti Isi Krim Susu,Jordan Bakery,,,,,,,,,,,,,,,,,,,,,,,,,,,,,,,,,,,,,,,,,,,,,,,,,,,,,
3080,Roti Isi Krim Toping Cokelat,Jordan Bakery,1.0,porsi (65 g),230.0,,,35.0,,5.0,8.0,4.0,,,,,,,,13.0,,,,,,,,,,,,,,,,,,,,,,150.0,,,,,,,,,,,,,
3081,Roti Isi Pisang Coklat,Sari Roti,1.0,bungkus (90 g),240.0,,,41.0,,5.0,7.0,6.0,,,,40.0,2.0,,,8.0,,,,,,,,,,,,,,,,,,,,,,120.0,,,,,,,,,,,,,
3082,Roti Isi Selai Cokelat,Jordan Bakery,1.0,bungkus (50 g),170.0,,,28.0,,4.0,6.0,2.5,,,,,,,,9.0,,,,,,,,,,,,,,,,,,,,,,80.0,,,,,,,,,,,,,
3083,Roti Isi Selai Coklat,Jordan Bakery,1.0,saji kemasan (35 g),100.0,,,21.0,,3.0,3.5,2.0,,,,,,,,7.0,,,,,,,,,,,,,,,,,,,,,,75.0,,,,,,,,,,,,,
3084,Roti Isi Selai Kelapa,Jordan Bakery,1.0,porsi 50g (50 g),170.0,,,29.0,,4.0,4.0,2.0,,,,,,,,7.0,,,,,,,,,,,,,,,,,,,,,,90.0,,,,,,,,,,,,,
3085,Roti Isi Selai Nanas,Jordan Bakery,1.0,bungkus (35 g),120.0,,,21.0,,3.0,2.5,1.5,,,,,,,,6.0,,,,,,,,,,,,,,,,,,,,,,85.0,,,,,,,,,,,,,
3086,Roti Isi Selai Stroberi,Sari Roti,1.0,porsi (72 g),210.0,,,43.0,,4.0,3.0,1.5,,,,10.0,2.0,,,15.0,,,,,,,,,,,,,,,,,,,,,,180.0,,,,,,,,,,,,,
3087,Roti Kering,Jordan Bakery,1.0,bungkus (17 g),70.0,,,0.0,,0.0,0.0,,,,,,,,,,,,,,,,,,,,,,,,,,,,,,,,,,,,,,,,,,,,
3088,Roti Kismis,Roti & Sereal,1.0,iris,71.0,,,13.6,,2.05,1.14,0.281,0.177,0.596,,0.0,1.1,,,,,,,,,,,,,,,,,,,,,,,,,101.0,59.0,,,,,,,,,,,,
3089,Roti Kismis Panggang,Roti & Sereal,1.0,irisan reguler,71.0,,,13.66,,2.06,1.15,0.282,0.177,0.599,,0.0,1.1,,,1.48,,,,,,,,,,,,,,,,,,,,,,102.0,59.0,,,,,,,,,,,,
3090,Roti Krim Vanila Blueberry,Garmelia,1.0,porsi (70 g),270.0,,,39.0,,6.0,10.0,5.0,,,,,,,,7.0,,,,,,,,,,,,,,,,,,,,,,180.0,,,,,,,,,,,,,
3091,Roti Lilit Cokelat,Padimas,1.0,buah (60 g),190.0,,,35.0,,4.0,4.5,2.0,,,,,,,,8.0,,,,,,,,,,,,,,,,,,,,,,170.0,,,,,,,,,,,,,
3092,Roti Manis Lapis Sobek,Go Day,1.0,pack (42 g),160.0,,,24.0,,3.0,6.0,3.5,,,,,,,,7.0,,,,,,,,,,,,,,,,,,,,,,60.0,,,,,,,,,,,,,
3093,Roti Maryam,Central,100.0,g,390.0,,,39.0,,8.0,23.0,16.0,,,,,,,,1.0,,,,,,,,,,,,,,,,,,,,,,770.0,,,,,,,,,,,,,
3094,Roti Maryam Original,Central,100.0,g,390.0,,,39.0,,8.0,23.0,16.0,,,,,,,,1.0,,,,,,,,,,,,,,,,,,,,,,770.0,,,,,,,,,,,,,
3095,Roti Meses,Jordan Bakery,1.0,porsi (40 g),170.0,,,22.0,,3.0,7.0,4.5,1.0,0.5,,1.0,,,,10.0,,,,,,,,,,,,,,,,,,,,,,60.0,1.0,,,,,,,,,,,,
3096,Roti Multigrain,Roti & Sereal,100.0,gram (g),251.0,,,46.4,,10.0,3.8,0.807,0.923,1.524,,0.0,6.4,,,10.05,,,,,,,,,,,,,,,,,,,,,,487.0,204.0,,,,,,,,,,,,
3097,Roti Pandan Isi Kelapa Gula Aren,Yamazaki,,,,,,,,,,,,,,,,,,,,,,,,,,,,,,,,,,,,,,,,,,,,,,,,,,,,,
3098,Roti Panggang Blueberry,Padimas,65.0,g),210.0,,,36.0,,6.0,5.0,3.0,,,,,,,,8.0,,,,,,,,,,,,,,,,,,,,,,95.0,,,,,,,,,,,,,
3099,Roti Panggang Coklat,Padimas,1.0,bungkus (65 g),210.0,,,39.0,,5.0,4.0,2.0,,,,,,,,7.0,,,,,,,,,,,,,,,,,,,,,,180.0,,,,,,,,,,,,,
3100,Roti Panggang Keju,Padimas,1.0,bungkus (70 g),220.0,,,40.0,,6.0,5.0,3.0,,,,,,,,6.0,,,,,,,,,,,,,,,,,,,,,,260.0,,,,,,,,,,,,,
3101,Roti Panggang Multigrain,Roti & Sereal,1.0,irisan reguler,65.0,,,12.1,,2.62,0.98,0.211,0.241,0.398,,0.0,1.6,,,2.62,,,,,,,,,,,,,,,,,,,,,,127.0,53.0,,,,,,,,,,,,
3102,Roti Panggang Pandan Sarikaya,Padimas,1.0,bungkus (42 g),190.0,,,21.0,,2.0,10.0,5.0,,,,,,,,10.0,,,,,,,,,,,,,,,,,,,,,,150.0,,,,,,,,,,,,,
3103,Roti Panggang Pandan Srikaya,Padimas,1.0,porsi (65 g),210.0,,,39.0,,5.0,3.5,1.5,,,,,,,,9.0,,,,,,,,,,,,,,,,,,,,,,120.0,,,,,,,,,,,,,
3104,Roti Panggang Pita,Roti & Sereal,1.0,kecil (diameter 10 cm),79.0,,,15.91,,2.6,0.34,0.047,0.153,0.03,,0.0,0.6,,,0.37,,,,,,,,,,,,,,,,,,,,,,153.0,34.0,,,,,,,,,,,,
3105,Roti Panggang Putih,Roti & Sereal,1.0,iris,64.0,,,11.97,,1.98,0.88,0.127,0.46,0.175,,0.0,0.6,,,1.04,,,,,,,,,,,,,,,,,,,,,,130.0,29.0,,,,,,,,,,,,
3106,Roti Panggang Rasa Cokelat,Okko Bakery,1.0,bungkus (65 g),200.0,,,28.0,,4.0,8.0,4.0,,,,,4.0,,,8.0,,,,,,,,,,,,,,,,,,,,,,170.0,,,,,,,,,,,,,
3107,Roti Panggang Rasa Keju,Okko Bakery,1.0,porsi (65 g),190.0,,,28.0,,4.0,7.0,3.0,,,,,2.0,,,8.0,,,,,,,,,,,,,,,,,,,,,,170.0,,,,,,,,,,,,,
3108,Roti Panggang Texas,Roti & Sereal,1.0,irisan sedang,86.0,,,11.86,,2.02,3.32,0.641,0.933,1.523,,0.0,0.7,,,0.11,,,,,,,,,,,,,,,,,,,,,,158.0,28.0,,,,,,,,,,,,
3109,Roti Panggang Vanilla Susu,Padimas,1.0,bungkus  (65 g),210.0,,,39.0,,4.0,4.0,2.0,,,,,,,,11.0,,,,,,,,,,,,,,,,,,,,,,140.0,,,,,,,,,,,,,
3110,Roti Paratha Original,Kart's,,,,,,,,,,,,,,,,,,,,,,,,,,,,,,,,,,,,,,,,,,,,,,,,,,,,,
3111,Roti Pisang Coklat,Paroti,1.0,porsi (70 g),230.0,,,38.0,,5.0,6.0,3.5,,,,,,,,13.0,,,,,,,,,,,,,,,,,,,,,,250.0,,,,,,,,,,,,,
"3112,Roti Pita,Roti & Sereal,1.0,""sedang (diameter 13,5 cm)"",124.0,,,25.06,,4.1,0.54,0.075,0.241,0.047,,0.0,1.0,,,0.58,,,,,,,,,,,,,,,,,,,,,,241.0,54.0,,,,,,,,,,,,"
3113,Roti Putih,Roti & Sereal,1.0,iris,66.0,,,12.65,,1.91,0.82,0.179,0.339,0.17,,0.0,0.6,,,1.08,,,,,,,,,,,,,,,,,,,,,,170.0,25.0,,,,,,,,,,,,
3114,Roti Putih (Kalori Dikurangi),Roti & Sereal,1.0,iris,48.0,,,10.19,,2.0,0.58,0.126,0.129,0.248,,0.0,2.2,,,1.09,,,,,,,,,,,,,,,,,,,,,,104.0,17.0,,,,,,,,,,,,
3115,Roti Rasa Keju,Oojhi,1.0,bungkus  (55 g),210.0,,,29.0,,4.0,9.0,4.0,,,,,4.0,,,8.0,,,,,,,,,,,,,,,,,,,,,,125.0,,,,,,,,,,,,,
3116,Roti Sandwich Coklat,Garmelia,1.0,kemasan (49 g),180.0,,,24.0,,3.0,8.0,4.0,,,,,,,,9.0,,,,,,,,,,,,,,,,,,,,,,120.0,,,,,,,,,,,,,
3117,Roti Sandwich Isi Coklat,Sari Roti,1.0,porsi (42 g),120.0,,,21.0,,3.0,3.0,1.5,0.0,0.0,,0.0,3.0,,,6.0,,,,,,,,,,,,,,,,,,,,,,160.0,0.0,,,,,,,,,,,,
3118,Roti Sandwich Isi Tuna Mayo Spicy,Yamazaki,,,,,,,,,,,,,,,,,,,,,,,,,,,,,,,,,,,,,,,,,,,,,,,,,,,,,
3119,Roti Sandwich Keju,Garmelia,1.0,porsi (49 g),160.0,,,20.0,,3.0,8.0,4.0,,,,,,,,3.0,,,,,,,,,,,,,,,,,,,,,,230.0,,,,,,,,,,,,,
3120,Roti Sandwich Pandan Sarikaya,Garmelia,1.0,porsi (49 g),140.0,,,24.0,,3.0,3.0,2.0,,,,,,,,2.0,,,,,,,,,,,,,,,,,,,,,,,,,,,,,,,,,,,
3121,Roti Sandwich Strawbery,Garmelia,1.0,porsi (49 g),120.0,,,23.0,,3.0,2.0,1.0,,,,,,,,2.0,,,,,,,,,,,,,,,,,,,,,,160.0,,,,,,,,,,,,,
3122,Roti Selai Stroberi,Jordan Bakery,1.0,porsi (50 g),170.0,,,29.0,,5.0,4.0,2.0,,,,,,,,8.0,,,,,,,,,,,,,,,,,,,,,,100.0,,,,,,,,,,,,,
3123,Roti Sisir Cokelat,Paroti,1.0,sajian (55 g),190.0,,,30.0,,5.0,6.0,3.0,,,,,,,,8.0,,,,,,,,,,,,,,,,,,,,,,105.0,,,,,,,,,,,,,
3124,Roti Sisir Keju,Paroti,1.0,porsi (35 g),130.0,,,19.0,,2.0,5.0,3.0,,,,,,,,4.0,,,,,,,,,,,,,,,,,,,,,,110.0,,,,,,,,,,,,,
3125,Roti Sisir Manis Original,Jordan Bakery,1.0,potong (50 g),180.0,,,26.0,,5.0,7.0,3.5,,,,,,,,5.0,,,,,,,,,,,,,,,,,,,,,,135.0,,,,,,,,,,,,,
3126,Roti Sisir Mentega,Paroti,1.0,porsi (40 g),190.0,,,19.0,,3.0,7.0,4.0,,,,,,,,5.0,,,,,,,,,,,,,,,,,,,,,,120.0,,,,,,,,,,,,,
3127,Roti Sisir Mentega,Sari Roti,1.0,potong (55 g),190.0,,,25.0,,4.0,9.0,1.5,,,,10.0,3.0,,,8.0,,,,,,,,,,,,,,,,,,,,,,210.0,,,,,,,,,,,,,
3128,Roti Sobek Cokelat Keju,Yamazaki,,,,,,,,,,,,,,,,,,,,,,,,,,,,,,,,,,,,,,,,,,,,,,,,,,,,,
3129,Roti Sobek Coklat,First Wish Bakery,1.0,potong  (80 g),252.0,,,36.0,,6.0,9.0,,,,,,,,,7.0,,,,,,,,,,,,,,,,,,,,,,,,,,,,,,,,,,,
3130,Roti Sobek Coklat,Garmelia,100.0,g,340.0,,,58.0,,7.0,9.0,5.0,,,,,,,,10.0,,,,,,,,,,,,,,,,,,,,,,160.0,,,,,,,,,,,,,
3131,Roti Sobek Coklat,Sari Roti,1.0,potong (107 g),350.0,,,57.0,,8.0,10.0,5.0,,,,10.0,8.0,,,19.0,,,,,,,,,,,,,,,,,,,,,,290.0,,,,,,,,,,,,,
3132,Roti Sobek Pandan,First Wish Bakery,1.0,slice (80 g),237.0,,,38.0,,6.0,6.0,,,,,,,,,8.0,,,,,,,,,,,,,,,,,,,,,,,,,,,,,,,,,,,
3133,Roti Sobek Ube,First Wish Bakery,1.0,slice (80 g),244.0,,,40.0,,6.0,6.0,,,,,,,,,8.0,,,,,,,,,,,,,,,,,,,,,,,,,,,,,,,,,,,
3134,Roti Tawar,Garmelia,100.0,g,290.0,,,49.0,,9.0,6.0,4.5,,,,0.0,2.7,,,4.0,,,,,,,,,,,,,,,,,,,,,,390.0,,,,,,,,,,,,,
3135,Roti Tawar,Sari Roti,2.0,lembar (74 g),200.0,,,35.0,,6.0,3.0,1.5,0.0,0.0,,0.0,2.0,,,2.0,,,,,,,,,,,,,,,,,,,,,,290.0,0.0,,,,,,,,,,,,
3136,Roti Tawar,Yamazaki,2.0,lembar (95 g),240.0,,,44.0,,7.0,3.5,1.5,,,,,4.0,,,2.0,,,,,,,,,,,,,,,,,,,,,,380.0,,,,,,,,,,,,,
3137,Roti Tawar (1),Sari Roti,1.0,lembar (37 g),100.0,,,18.5,,3.5,1.5,0.75,,,,0.0,1.0,,,1.0,,,,,,,,,,,,,,,,,,,,,,140.0,,,,,,,,,,,,,
3138,Roti Tawar (2),Sari Roti,1.0,lembar (74 g),200.0,,,35.0,,6.0,3.0,1.5,0.0,0.0,,0.0,5.0,,,4.0,,,,,,,,,,,,,,,,,,,,,,280.0,,,,,,,,,,,,,
3139,Roti Tawar Bundar,Garmelia,100.0,g,280.0,,,51.0,,8.0,5.0,3.0,,,,,,,,3.0,,,,,,,,,,,,,,,,,,,,,,300.0,,,,,,,,,,,,,
3140,Roti Tawar Bundar,Paroti,1.0,lembar (40 g),130.0,,,21.0,,3.0,3.5,2.0,,,,,,,,2.0,,,,,,,,,,,,,,,,,,,,,,85.0,,,,,,,,,,,,,
3141,Roti Tawar Gandum,Garmelia,100.0,g,310.0,,,50.0,,11.0,7.0,3.5,,,,,,,,3.0,,,,,,,,,,,,,,,,,,,,,,390.0,,,,,,,,,,,,,
3142,Roti Tawar Gandum,Yamazaki,100.0,g,260.0,,,49.0,,8.0,3.5,1.5,,,,0.0,7.0,,,6.0,,,,,,,,,,,,,,,,,,,,,,370.0,,,,,,,,,,,,,
3143,Roti Tawar Gandum (1),Sari Roti,1.0,lembar (35 g),95.0,,,15.5,,3.0,1.75,1.0,,,,0.0,2.0,,,1.0,,,,,,,,,,,,,,,,,,,,,,125.0,,,,,,,,,,,,,
3144,Roti Tawar Gandum (2),Sari Roti,1.0,lembar (70 g),190.0,,,33.0,,6.0,3.5,2.0,,,,0.0,6.0,,,2.0,,,,,,,,,,,,,,,,,,,,,,250.0,,,,,,,,,,,,,
3145,Roti Tawar Kupas,Garmelia,,,,,,,,,,,,,,,,,,,,,,,,,,,,,,,,,,,,,,,,,,,,,,,,,,,,,
3146,Roti Tawar Kupas,Sari Roti,1.0,lembar (40 g),100.0,,,17.0,,3.0,2.0,1.0,,,,0.0,3.0,,,2.0,,,,,,,,,,,,,,,,,,,,,,150.0,,,,,,,,,,,,,
3147,Roti Tawar Milky Soft,Sari Roti,1.0,lembar (43 g),120.0,,,22.0,,4.0,2.0,1.5,0.0,0.0,,0.0,1.0,,,3.0,,,,,,,,,,,,,,,,,,,,,,170.0,0.0,,,,,,,,,,,,
3148,Roti Tawar Pandan,Garmelia,100.0,g,290.0,,,52.0,,8.0,5.0,3.0,,,,,,,,3.0,,,,,,,,,,,,,,,,,,,,,,310.0,,,,,,,,,,,,,
3149,Roti Wraps,Kawan,,,,,,,,,,,,,,,,,,,,,,,,,,,,,,,,,,,,,,,,,,,,,,,,,,,,,
3150,Royal Beef Frankfurter,Belfoods,1.0,porsi (72 g),90.0,,,1.0,,15.0,3.5,,,,,,,,,,,,,,,,,,,,,,,,,,,,,,,,,,,,,,,,,,,,
3151,Royal Chicken Nugget Stick,Belfoods,4.0,buah (46 g),130.0,,,11.0,,6.0,7.0,,,,,5.0,,,,1.0,,,,,,,,,,,,,,,,,,,,,,250.0,,,,,,,,,,,,,
3152,Royal Chocolate,Tango,1.0,takaran saji (15 g),70.0,,,11.0,,1.0,3.0,1.0,,,,,,,,4.0,,,,,,,,,,,,,,,,,,,,,,35.0,,,,,,,,,,,,,
3153,Royal Daegu Original Korean Sausage,Belfoods,1.0,takaran saji (55 g),90.0,,,4.0,,8.0,4.5,1.5,,,,,,,,,,,,,,,,,,,,,,,,,,,,,,410.0,,,,,,,,,,,,,
3154,Royal Jeju Cheese Korean Sausage,Belfoods,1.0,porsi (55 g),80.0,,,3.0,,8.0,3.5,1.5,,,,,,,,1.0,,,,,,,,,,,,,,,,,,,,,,380.0,,,,,,,,,,,,,
3155,Royal Nami Spicy Korean Sausage,Belfoods,1.0,porsi (55 g),80.0,,,4.0,,8.0,3.5,1.5,,,,,,,,1.0,,,,,,,,,,,,,,,,,,,,,,370.0,,,,,,,,,,,,,
3156,Royale Cheese Bolognese Sauce,La Pasta,,,,,,,,,,,,,,,,,,,,,,,,,,,,,,,,,,,,,,,,,,,,,,,,,,,,,
3157,Royale Hot & Spicy Sauce,La Pasta,,,,,,,,,,,,,,,,,,,,,,,,,,,,,,,,,,,,,,,,,,,,,,,,,,,,,
3158,Rumput Laut,Lainnya,1.0,mangkok,30.0,,,6.74,,1.9,0.21,0.07,0.045,0.028,,0.0,0.6,,,0.4,,,,,,,,,,,,,,,,,,,,,,71.0,147.0,,,,,,,,,,,,
3159,Rumput Laut,Lay's,1.0,bungkus (20 g),110.0,,,11.0,,1.0,6.0,3.0,,,,,,,,0.0,,,,,,,,,,,,,,,,,,,,,,70.0,,,,,,,,,,,,,
3160,Rumput Laut,Ripik Hijau,1.0,bungkus (4 g),30.0,,,1.0,,1.0,2.5,1.0,0.0,0.0,,0.0,1.0,,,0.0,,,,,,,,,,,,,,,,,,,,,,35.0,45.0,,,,,,,,,,,,
3161,Rumput Laut (Disiapkan dengan Kecap Asin),Lainnya,1.0,mangkok,41.0,,,7.57,,3.73,0.41,0.121,0.105,0.051,,0.0,0.7,,,0.71,,,,,,,,,,,,,,,,,,,,,,1051.0,152.0,,,,,,,,,,,,
3162,Rumput Laut Kering,Lainnya,100.0,gram (g),298.0,,,52.39,,31.84,4.01,1.356,1.091,0.351,,0.0,5.6,,,3.04,,,,,,,,,,,,,,,,,,,,,,575.0,1244.0,,,,,,,,,,,,
3163,Rumput Laut Kering,Tao Kae Noi,1.0,bungkus (4 g),20.0,,,1.0,,1.0,1.5,1.5,,,,0.0,0.0,,,,,,,,,,,,,,,,,,,,,,,,,75.0,,,,,,,,,,,,,
3164,Rumput Laut Kering Panggang (Nori) Korean BBQ,Mama Suka,,,,,,,,,,,,,,,,,,,,,,,,,,,,,,,,,,,,,,,,,,,,,,,,,,,,,
3165,Rumput Laut Kering Panggang (Nori) Pedas,Mama Suka,,,,,,,,,,,,,,,,,,,,,,,,,,,,,,,,,,,,,,,,,,,,,,,,,,,,,
3166,Rumput Laut Kering Panggang (Nori) Rasa Telur Asin,Mama Suka,,,,,,,,,,,,,,,,,,,,,,,,,,,,,,,,,,,,,,,,,,,,,,,,,,,,,
3167,Rumput Laut Panggang,Mama Suka,,,,,,,,,,,,,,,,,,,,,,,,,,,,,,,,,,,,,,,,,,,,,,,,,,,,,
"3168,Rumput Laut Panggang (Nori),Mama Suka,1.0,""bungkus (4,5 g)"",15.0,,,2.0,,2.0,0.0,0.5,,,,0.0,1.0,,,0.0,,,,,,,,,,,,,,,,,,,,,,50.0,,,,,,,,,,,,,"
3169,Rye Bread Five Grain,De Bakker,1.0,potong (31 g),90.0,,,16.0,,3.0,1.0,,,,,,2.0,,,,,,,,,,,,,,,,,,,,,,,,,155.0,,,,,,,,,,,,,
"3170,SENBEI Cheese Corn Flavored,Go Day,1.0,""porsi (8,6 g)"",45.0,,,6.0,,0.0,2.0,1.0,,,,0.0,,,,1.0,,,,,,,,,,,,,,,,,,,,,,80.0,,,,,,,,,,,,,"
3171,SKM Coklat,Indomilk,1.0,sendok (42 g),140.0,,,24.0,,1.0,4.0,2.0,1.5,,,3.0,1.0,,,20.0,,,,,,,,,,,,,,,,,,,,,,50.0,150.0,,,,,,,,,,,,
3172,Sabena Rasa Balado,Sabena,1.0,porsi (12 g),60.0,,,8.0,,1.0,2.5,1.0,,,,,,,,1.0,,,,,,,,,,,,,,,,,,,,,,100.0,,,,,,,,,,,,,
3173,Sabena Rasa Keju,Sabena,1.0,serving (12 g),50.0,,,8.0,,1.0,2.0,1.0,,,,,,,,1.0,,,,,,,,,,,,,,,,,,,,,,115.0,,,,,,,,,,,,,
3174,Sagon Cookies,Nextar,1.0,potong (14 g),70.0,,,9.0,,1.0,3.5,1.5,,,,,,,,3.0,,,,,,,,,,,,,,,,,,,,,,50.0,,,,,,,,,,,,,
3175,Sagu Cokelat,Happy Time,,,,,,,,,,,,,,,,,,,,,,,,,,,,,,,,,,,,,,,,,,,,,,,,,,,,,
3176,Sagu Keju,Happy Time,1.0,bungkus (3 buah) (6 g),30.0,,,5.0,,0.0,1.0,1.0,,,,0.0,,,,1.0,,,,,,,,,,,,,,,,,,,,,,15.0,25.0,,,,,,,,,,,,
3177,Sagu Keju (30g),Nissin,,,,,,,,,,,,,,,,,,,,,,,,,,,,,,,,,,,,,,,,,,,,,,,,,,,,,
3178,Saikoro Daging Ayam,YOMAS,100.0,g,160.0,,,7.0,,23.0,5.0,1.5,,,,,,,,0.0,,,,,,,,,,,,,,,,,,,,,,170.0,,,,,,,,,,,,,
3179,Saikoro Daging Sapi,YOMAS,100.0,g,130.0,,,9.0,,20.0,1.5,0.5,,,,,,,,0.0,,,,,,,,,,,,,,,,,,,,,,960.0,,,,,,,,,,,,,
3180,Sajiku Nasi Goreng Super Pedas,Ajinomoto,1.0,porsi (5 g),15.0,,,2.0,,1.0,0.0,0.0,,,,,,,,1.0,,,,,,,,,,,,,,,,,,,,,,560.0,,,,,,,,,,,,,
3181,Sajiku Tepung Bumbu Serbaguna,Ajinomoto,1.0,porsi (16 g),50.0,,,12.0,,1.0,0.0,0.0,,,,,,,,1.0,,,,,,,,,,,,,,,,,,,,,,360.0,,,,,,,,,,,,,
3182,Sakura Flavour,Pocky,1.0,bungkus (37 g),190.0,,,25.0,,3.0,9.0,,,,,,,,,13.0,,,,,,,,,,,,,,,,,,,,,,80.0,,,,,,,,,,,,,
3183,Sakura Steamed Cake,Garmelia,1.0,bungkus (90 g),310.0,,,43.0,,6.0,12.0,5.0,,,,,,,,20.0,,,,,,,,,,,,,,,,,,,,,,65.0,,,,,,,,,,,,,
3184,Salad,Makanan,,,,,,,,,,,,,,,,,,,,,,,,,,,,,,,,,,,,,,,,,,,,,,,,,,,,,
3185,Salad Ayam atau Kalkun,Salad,1.0,mangkok,417.0,,,2.55,,29.48,31.5,5.662,14.942,8.638,,100.0,0.7,,,0.98,,,,,,,,,,,,,,,,,,,,,,288.0,319.0,,,,,,,,,,,,
3186,Salad Ayam atau Kalkun dengan Telur,Salad,1.0,mangkok,384.0,,,2.84,,27.59,28.59,5.553,12.467,8.196,,209.0,0.5,,,1.29,,,,,,,,,,,,,,,,,,,,,,446.0,300.0,,,,,,,,,,,,
3187,Salad Buah,Buah,1.0,porsi (95 g),54.0,,,12.5,,0.63,0.81,0.614,0.042,0.051,,0.0,1.7,,,10.23,,,,,,,,,,,,,,,,,,,,,,5.0,134.0,,,,,,,,,,,,
"3188,""Salad Buah Persik, Aprikot, Nanas, Ceri (Padat dan Cair, Kemasan Air, Kaleng)"",Buah,1.0,mangkok,74.0,,,19.28,,0.86,0.17,0.022,0.069,0.032,,0.0,2.4,,,,,,,,,,,,,,,,,,,,,,,,,7.0,191.0,,,,,,,,,,,,"
3189,Salad Cream Dressing,Remia,100.0,ml,270.0,,,9.4,,0.5,26.0,1.9,,,,,,,,6.7,,,,,,,,,,,,,,,,,,,,,,1900.0,,,,,,,,,,,,,
3190,Salad Dressing Dengan Yogurt,Kewpie,,,,,,,,,,,,,,,,,,,,,,,,,,,,,,,,,,,,,,,,,,,,,,,,,,,,,
3191,Salad Dressing Grated Onion,Kewpie,,,,,,,,,,,,,,,,,,,,,,,,,,,,,,,,,,,,,,,,,,,,,,,,,,,,,
3192,Salad Dressing Kecap Ala Jepang,Kewpie,,,,,,,,,,,,,,,,,,,,,,,,,,,,,,,,,,,,,,,,,,,,,,,,,,,,,
3193,Salad Dressing Thousand Island,Kewpie,1.0,porsi (25 ml),70.0,,,5.0,,0.0,5.0,1.0,,,,,,,,4.0,,,,,,,,,,,,,,,,,,,,,,430.0,,,,,,,,,,,,,
3194,Salad Dressing Wijen Sangrai,Mama Suka,,,,,,,,,,,,,,,,,,,,,,,,,,,,,,,,,,,,,,,,,,,,,,,,,,,,,
3195,Salad Dressing dengan Keju,Kewpie,1.0,sajian (15 g),70.0,,,4.0,,0.0,6.0,1.0,,,,,,,,2.0,,,,,,,,,,,,,,,,,,,,,,200.0,,,,,,,,,,,,,
3196,Salad Dressing dengan Wijen Sangrai,Kewpie,1.0,takaran saji (25 ml),100.0,,,4.0,,1.0,9.0,1.5,0.0,0.0,,0.0,0.0,,,4.0,,,,,,,,,,,,,,,,,,,,,,260.0,0.0,,,,,,,,,,,,
"3197,""Salad Hijau Ayam atau Kalkun (Ayam dan/atau Kalkun, Sayurn Lainnya Kecuali Tomat dan Wortel)"",Salad,1.0,mangkok,65.0,,,1.74,,11.08,1.3,0.359,0.304,0.429,,29.0,0.7,,,1.02,,,,,,,,,,,,,,,,,,,,,,36.0,178.0,,,,,,,,,,,,"
"3198,""Salad Hijau Ayam atau Kalkun (Ayam dan/atau Kalkun, Tomat dan/atau Wortel, Sayuran Lainnya)"",Salad,1.0,mangkok,58.0,,,2.13,,9.49,1.13,0.31,0.275,0.369,,24.0,0.8,,,1.27,,,,,,,,,,,,,,,,,,,,,,32.0,185.0,,,,,,,,,,,,"
"3199,""Salad Hijau Ayam atau Kalkun Oriental (Ayam dan/atau Kalkun, Selada, Buah, Kacang-Kacangan)"",Salad,1.0,mangkok,102.0,,,5.09,,9.75,4.76,0.699,1.751,1.964,,24.0,1.1,,,3.09,,,,,,,,,,,,,,,,,,,,,,65.0,166.0,,,,,,,,,,,,"
3200,Salad Ikan Tuna,Salad,1.0,mangkok,383.0,,,19.29,,32.88,18.98,3.165,8.45,5.918,,27.0,0.0,,,,,,,,,,,,,,,,,,,,,,,,,824.0,365.0,,,,,,,,,,,,
3201,Salad Kentang,Salad,100.0,gram (g),143.0,,,11.17,,2.68,8.2,1.429,3.737,2.48,,68.0,1.3,,,,,,,,,,,,,,,,,,,,,,,,,529.0,254.0,,,,,,,,,,,,
3202,Salad Kentang Gaya Jerman,Salad,1.0,mangkok,154.0,,,29.15,,4.41,2.17,0.705,0.301,0.908,,5.0,2.6,,,3.13,,,,,,,,,,,,,,,,,,,,,,416.0,560.0,,,,,,,,,,,,
3203,Salad Kentang dengan Telur,Salad,1.0,mangkok,262.0,,,30.8,,5.35,13.61,2.393,6.494,3.723,,89.0,2.9,,,3.17,,,,,,,,,,,,,,,,,,,,,,942.0,569.0,,,,,,,,,,,,
3204,Salad Makaroni atau Pasta,Salad,100.0,gram (g),202.0,,,22.98,,3.76,10.63,1.638,5.676,2.611,,5.0,1.4,,,2.3,,,,,,,,,,,,,,,,,,,,,,522.0,74.0,,,,,,,,,,,,
3205,Salad Makaroni atau Pasta dengan Ayam,Salad,1.0,mangkok,391.0,,,26.55,,17.89,23.61,4.046,11.629,6.243,,51.0,1.8,,,3.33,,,,,,,,,,,,,,,,,,,,,,830.0,212.0,,,,,,,,,,,,
3206,Salad Makaroni atau Pasta dengan Tuna,Salad,1.0,mangkok,335.0,,,34.5,,12.51,16.18,2.522,8.611,3.961,,16.0,2.1,,,3.45,,,,,,,,,,,,,,,,,,,,,,874.0,175.0,,,,,,,,,,,,
3207,Salad Pasta atau Makaroni dengan Daging,Salad,100.0,gram (g),172.0,,,17.94,,6.66,8.15,2.215,2.057,2.883,,14.0,1.4,,,1.97,,,,,,,,,,,,,,,,,,,,,,735.0,128.0,,,,,,,,,,,,
3208,Salad Pasta atau Makaroni dengan Dressing Minyak atau Cuka,Salad,1.0,mangkok,250.0,,,34.25,,5.82,10.09,1.609,4.269,2.503,,0.0,2.7,,,4.5,,,,,,,,,,,,,,,,,,,,,,1179.0,175.0,,,,,,,,,,,,
3209,Salad Roll Beef,Salad Point,1.0,porsi,177.0,,,24.0,,8.0,7.0,,,,,,7.0,,,12.0,,,,,,,,,,,,,,,,,,,,,,189.0,,,,,,,,,,,,,
3210,Salad Roll Fruit,Salad Point,,,,,,,,,,,,,,,,,,,,,,,,,,,,,,,,,,,,,,,,,,,,,,,,,,,,,
3211,Salad Roll Salmon,Salad Point,,,,,,,,,,,,,,,,,,,,,,,,,,,,,,,,,,,,,,,,,,,,,,,,,,,,,
"3212,Salad Sayuran Hijau Campur,Salad,1.0,""mangkok, parut atau cincang"",9.0,,,1.76,,0.84,0.13,0.021,0.063,0.004,,0.0,1.1,,,0.48,,,,,,,,,,,,,,,,,,,,,,16.0,160.0,,,,,,,,,,,,"
"3213,Salad Sayuran Hijau Campur,Sayuran,1.0,""mangkok, parut atau cincang"",9.0,,,1.76,,0.84,0.13,0.021,0.063,0.004,,0.0,1.1,,,0.48,,,,,,,,,,,,,,,,,,,,,,16.0,160.0,,,,,,,,,,,,"
3214,Salad Selada dengan Berbagai Macam Sayuran,Salad,1.0,mangkok,11.0,,,2.32,,0.55,0.11,0.015,0.036,0.008,,0.0,0.8,,,1.33,,,,,,,,,,,,,,,,,,,,,,15.0,120.0,,,,,,,,,,,,
3215,Salad Telur,Salad,1.0,mangkok,706.0,,,4.28,,20.42,67.18,12.803,29.804,19.059,,688.0,0.0,,,2.06,,,,,,,,,,,,,,,,,,,,,,804.0,220.0,,,,,,,,,,,,
3216,Salad Tuna,Salad,1.0,mangkok,383.0,,,14.48,,29.68,22.92,3.609,12.347,5.72,,44.0,0.8,,,6.24,,,,,,,,,,,,,,,,,,,,,,807.0,356.0,,,,,,,,,,,,
3217,Salad Tuna dengan Keju,Salad,1.0,mangkok,451.0,,,14.29,,30.04,30.62,7.611,13.343,7.879,,60.0,0.8,,,6.95,,,,,,,,,,,,,,,,,,,,,,1040.0,372.0,,,,,,,,,,,,
3218,Salad Tuna dengan Telur,Salad,1.0,mangkok,408.0,,,13.02,,28.52,26.89,4.557,13.572,7.028,,133.0,0.8,,,5.68,,,,,,,,,,,,,,,,,,,,,,759.0,337.0,,,,,,,,,,,,
3219,Salad Wrap Ala Dennis Hadi,Hadi Kitchen,1.0,wrap,518.0,,,39.0,,32.0,26.0,,,,,,,,,,,,,,,,,,,,,,,,,,,,,,,,,,,,,,,,,,,,
3220,Salmon Ball,Cedea,1.0,porsi (16 g),20.0,,,2.0,,1.0,1.0,0.0,,,,,,,,0.0,,,,,,,,,,,,,,,,,,,,,,100.0,,,,,,,,,,,,,
3221,Salmon Belly Soup,Zenbu,1.0,serving,795.0,,,35.0,,95.0,28.0,,,,,,,,,,,,,,,,,,,,,,,,,,,,,,,,,,,,,,,,,,,,
3222,Salmon Fish Cake,Cedea,1.0,porsi (50 g),80.0,,,9.0,,5.0,3.5,1.5,,,,,,,,0.0,,,,,,,,,,,,,,,,,,,,,,0.0,,,,,,,,,,,,,
3223,Salmon Mentai Sandwich,Easy Peasy,1.0,porsi,415.0,,,55.0,,15.0,11.0,,,,,,,,,,,,,,,,,,,,,,,,,,,,,,,,,,,,,,,,,,,,
3224,Salmon Merah Muda,Ikan & Seafood,100.0,gram (g),116.0,,,0.0,,19.94,3.45,0.558,1.353,0.934,,52.0,0.0,,,0.0,,,,,,,,,,,,,,,,,,,,,,67.0,323.0,,,,,,,,,,,,
3225,Salmon Teriyaki,Lay's,,,,,,,,,,,,,,,,,,,,,,,,,,,,,,,,,,,,,,,,,,,,,,,,,,,,,
3226,Salt Bread Pistachio,First Wish Bakery,1.0,serving (65 g),270.0,,,26.0,,8.0,16.0,,,,,,2.0,,,5.0,,,,,,,,,,,,,,,,,,,,,,,,,,,,,,,,,,,
3227,Salted Butter,Elle & Vire,100.0,g,713.0,,,0.7,,0.6,80.0,52.0,,,,,,,,0.7,,,,,,,,,,,,,,,,,,,,,,775.0,,,,,,,,,,,,,
3228,Salted Caramel Cappuccino,Haagen Dazs,100.0,g,263.0,,,26.3,,4.2,15.6,10.7,,0.5,,79.0,,,,25.4,,,,,,,,,,,,,,,,,,,,,,110.0,,,,,,,,,,,,,
3229,Salted Egg Cornflakes,Irvins,,,,,,,,,,,,,,,,,,,,,,,,,,,,,,,,,,,,,,,,,,,,,,,,,,,,,
3230,Salted Egg Fish Skin,Irvins,,,,,,,,,,,,,,,,,,,,,,,,,,,,,,,,,,,,,,,,,,,,,,,,,,,,,
"3231,Salted Egg Noodles,Irvins,1.0,""porsi (58,5 g)"",290.0,,,37.0,,3.0,15.0,7.0,,,,,3.0,,,4.0,,,,,,,,,,,,,,,,,,,,,,670.0,,,,,,,,,,,,,"
3232,Salted Egg Potato Chips,Irvins,,,,,,,,,,,,,,,,,,,,,,,,,,,,,,,,,,,,,,,,,,,,,,,,,,,,,
3233,Salted Egg Prawn Roll,Irvins,,,,,,,,,,,,,,,,,,,,,,,,,,,,,,,,,,,,,,,,,,,,,,,,,,,,,
3234,Saluut Malkist (Matcha),Gery,2.0,keping (22 g),70.0,,,15.0,,2.0,5.0,3.5,,,,0.0,,,,4.0,,,,,,,,,,,,,,,,,,,,,,95.0,,,,,,,,,,,,,
3235,Saluut Malkist Chocolate,Gery,1.0,keping (28 g),130.0,,,19.0,,2.0,5.0,2.5,,,,0.0,1.0,,,5.0,,,,,,,,,,,,,,,,,,,,,,120.0,1.0,,,,,,,,,,,,
3236,Saluut Malkist Chocolate Coconut,Gery,2.0,keping (22 g),110.0,,,14.0,,1.0,5.0,3.0,,,,0.0,2.0,,,5.0,,,,,,,,,,,,,,,,,,,,,,120.0,,,,,,,,,,,,,
3237,Saluut Malkist Coconut,Gery,1.0,keping (15 g),80.0,,,10.0,,1.0,3.5,3.0,,,,,1.0,,,3.0,,,,,,,,,,,,,,,,,,,,,,90.0,,,,,,,,,,,,,
3238,Saluut Malkist Matcha Latte,Gery,1.0,porsi (18 g),70.0,,,10.0,,1.0,3.5,2.5,,,,0.0,,,,3.0,,,,,,,,,,,,,,,,,,,,,,65.0,,,,,,,,,,,,,
3239,Saluut Wafer Choco Hazelnut,Gery,1.0,porsi (5 g),30.0,,,3.0,,0.0,1.0,1.0,,,,,,,,1.0,,,,,,,,,,,,,,,,,,,,,,25.0,,,,,,,,,,,,,
3240,Sambal Asli ABC,ABC,1.0,takaran saji (15 g),20.0,,,4.0,,0.0,0.0,0.0,,,,,,,,3.0,,,,,,,,,,,,,,,,,,,,,,290.0,,,,,,,,,,,,,
3241,Sambal Bajak,Uleg,1.0,porsi (8 g),20.0,,,2.0,,0.0,1.0,0.0,,,,,,,,1.0,,,,,,,,,,,,,,,,,,,,,,105.0,,,,,,,,,,,,,
3242,Sambal Bangkok,Indofood,1.0,takaran saji (13 g),35.0,,,8.0,,0.0,0.0,0.0,0.0,0.0,,0.0,0.0,,,6.0,,,,,,,,,,,,,,,,,,,,,,260.0,0.0,,,,,,,,,,,,
3243,Sambal Bawang,Bamboe,1.0,sachet (15 g),50.0,,,3.0,,1.0,4.0,2.0,0.0,,,0.0,0.0,,,1.0,,,,,,,,,,,,,,,,,,,,,,400.0,,,,,,,,,,,,,
3244,Sambal Bawang,Finna,1.0,sajian (8 g),30.0,,,1.0,,0.0,2.5,0.5,,,,0.0,1.0,,,1.0,,,,,,,,,,,,,,,,,,,,,,125.0,60.0,,,,,,,,,,,,
3245,Sambal Bawang,Uleg,1.0,sachet  (8 g),30.0,,,2.0,,0.0,1.5,0.5,,,,0.0,1.0,,,1.0,,,,,,,,,,,,,,,,,,,,,,140.0,60.0,,,,,,,,,,,,
3246,Sambal Ekstra Pedas,Del Monte,1.0,sdm (15 ml),15.0,,,4.0,,0.0,0.0,0.0,0.0,0.0,,0.0,,,,3.0,,,,,,,,,,,,,,,,,,,,,,310.0,,,,,,,,,,,,,
3247,Sambal Ekstra Pedas,Indofood,1.0,sdm (12 g),15.0,,,4.0,,0.0,0.0,0.0,,,,,,,,2.0,,,,,,,,,,,,,,,,,,,,,,210.0,,,,,,,,,,,,,
3248,Sambal Extra Pedas,ABC,1.0,sachet (15 g),15.0,,,4.0,,0.0,0.0,0.0,,,,,,,,3.0,,,,,,,,,,,,,,,,,,,,,,400.0,,,,,,,,,,,,,
3249,Sambal Geprek,Uleg,2.0,sendok makan (8 g),25.0,,,2.0,,0.0,1.5,1.0,,,,,,,,0.0,,,,,,,,,,,,,,,,,,,,,,140.0,,,,,,,,,,,,,
3250,Sambal Goreng Ati,Bamboe,3.0,sendok makan (14 g),35.0,,,5.0,,1.0,1.5,0.5,,,,0.0,2.0,,,3.0,,,,,,,,,,,,,,,,,,,,,,670.0,0.0,,,,,,,,,,,,
3251,Sambal Ijo,Uleg,1.0,sendok (20 g),45.0,,,4.0,,1.0,3.0,1.0,,,,10.0,0.0,,,1.0,,,,,,,,,,,,,,,,,,,,,,330.0,60.0,,,,,,,,,,,,
3252,Sambal Ijo Uleg,Finna,1.0,porsi (20 g),50.0,,,4.0,,1.0,3.0,1.0,,,,10.0,,,,1.0,,,,,,,,,,,,,,,,,,,,,,380.0,60.0,,,,,,,,,,,,
3253,Sambal Kecombrang,Finna,1.0,sajian (8 g),30.0,,,1.0,,0.0,3.0,1.0,,,,,,,,,,,,,,,,,,,,,,,,,,,,,,135.0,,,,,,,,,,,,,
3254,Sambal Kecombrang,Uleg,8.0,g),30.0,,,1.0,,0.0,3.0,1.0,,,,,,,,0.0,,,,,,,,,,,,,,,,,,,,,,135.0,,,,,,,,,,,,,
3255,Sambal Kemiri,Uleg,1.0,porsi (20 g),45.0,,,3.0,,1.0,3.5,1.5,,,,0.0,1.0,,,1.0,,,,,,,,,,,,,,,,,,,,,,480.0,65.0,,,,,,,,,,,,
3256,Sambal Pedas,Uleg,1.0,sendok (20 g),35.0,,,4.0,,1.0,2.0,1.0,,,,35.0,1.0,,,2.0,,,,,,,,,,,,,,,,,,,,,,540.0,65.0,,,,,,,,,,,,
3257,Sambal Pedas Dahsyat,Indofood,1.0,sajian (12 g),20.0,,,4.0,,0.0,0.0,0.0,0.0,0.0,,0.0,0.0,,,3.0,,,,,,,,,,,,,,,,,,,,,,290.0,0.0,,,,,,,,,,,,
3258,Sambal Pedas Indofood,Indofood,1.0,saset (9 g),10.0,,,3.0,,0.0,0.0,0.0,,,,,,,,2.0,,,,,,,,,,,,,,,,,,,,,,210.0,,,,,,,,,,,,,
3259,Sambal Pedas Uleg,Finna,1.0,sachet (20 g),35.0,,,4.0,,1.0,2.0,1.0,,,,35.0,1.0,,,2.0,,,,,,,,,,,,,,,,,,,,,,540.0,65000.0,,,,,,,,,,,,
3260,Sambal Rawit,Finna,1.0,porsi (20 g),25.0,,,3.0,,1.0,1.5,0.0,,,,0.0,1.0,,,1.0,,,,,,,,,,,,,,,,,,,,,,280.0,75.0,,,,,,,,,,,,
3261,Sambal Rawit,Uleg,1.0,sdm (20 g),25.0,,,3.0,,1.0,1.5,0.0,,,,0.0,1.0,,,1.0,,,,,,,,,,,,,,,,,,,,,,280.0,75.0,,,,,,,,,,,,
3262,Sambal Rendang,Uleg,1.0,takaran saji (8 g),20.0,,,3.0,,0.0,1.0,0.0,,,,0.0,,,,0.0,,,,,,,,,,,,,,,,,,,,,,50.0,,,,,,,,,,,,,
"3263,Sambal Rumahan Balado Merah,Indofood,1.0,""porsi (12,5 g)"",30.0,,,3.0,,0.0,2.0,1.0,,,,0.0,1.0,,,2.0,,,,,,,,,,,,,,,,,,,,,,360.0,,,,,,,,,,,,,"
3264,Sambal Terasi,ABC,1.0,porsi (18 g),45.0,,,7.0,,1.0,1.5,0.5,,,,,1.0,,,5.0,,,,,,,,,,,,,,,,,,,,,,420.0,,,,,,,,,,,,,
3265,Sambal Terasi,Uleg,1.0,takaran saji (8 g),15.0,,,2.0,,0.0,0.5,0.0,,,,0.0,0.0,,,2.0,,,,,,,,,,,,,,,,,,,,,,210.0,20.0,,,,,,,,,,,,
3266,Sambal Terasi Uleg,Finna,1.0,sajian (8 g),15.0,,,2.0,,0.0,0.5,0.0,,,,0.0,0.0,,,2.0,,,,,,,,,,,,,,,,,,,,,,210.0,20.0,,,,,,,,,,,,
3267,Sambal Teri,Uleg,1.0,bungkus (8 g),30.0,,,3.0,,1.0,1.5,0.0,,,,3.0,0.0,,,2.0,,,,,,,,,,,,,,,,,,,,,,150.0,0.0,,,,,,,,,,,,
3268,Sambal Uleg Udang,Finna,1.0,takaran saji (8 g),35.0,,,1.0,,1.0,3.0,0.5,,,,4.0,4.0,,,0.0,,,,,,,,,,,,,,,,,,,,,,120.0,,,,,,,,,,,,,
3269,Samyang Buldak Mala,Samyang,1.0,serving (135 g),560.0,,,91.0,,11.0,16.0,7.0,,,,,,,,10.0,,,,,,,,,,,,,,,,,,,,,,1490.0,,,,,,,,,,,,,
3270,Samyang Cheese,Samyang,1.0,plate (70 g),290.0,,,47.0,,6.0,9.0,4.0,,,,,,,,6.0,,,,,,,,,,,,,,,,,,,,,,970.0,,,,,,,,,,,,,
3271,Sandwich Cokelat,Yamazaki,,,,,,,,,,,,,,,,,,,,,,,,,,,,,,,,,,,,,,,,,,,,,,,,,,,,,
3272,Sandwich Daging Sapi Panggang,Makanan Ringan,1.0,sandwich,341.0,,,26.02,,26.85,13.49,5.078,1.058,5.345,,67.0,1.2,,,2.22,,,,,,,,,,,,,,,,,,,,,,602.0,366.0,,,,,,,,,,,,
3273,Sandwich Ham dan Keju,Makanan Ringan,1.0,sandwich,352.0,,,33.35,,20.69,15.48,6.437,1.375,6.738,,58.0,,,,,,,,,,,,,,,,,,,,,,,,,,771.0,291.0,,,,,,,,,,,,
3274,Sandwich Kacang,Garmelia,1.0,bungkus (49 g),170.0,,,20.0,,6.0,7.0,2.0,,,,,,,,1.0,,,,,,,,,,,,,,,,,,,,,,160.0,,,,,,,,,,,,,
3275,Sandwich Keju,Makanan Ringan,1.0,sandwich,261.0,,,27.6,,9.1,12.67,5.378,2.109,4.211,,22.0,1.2,,,3.95,,,,,,,,,,,,,,,,,,,,,,734.0,127.0,,,,,,,,,,,,
3276,Sandwich Sarikaya,Yamazaki,,,,,,,,,,,,,,,,,,,,,,,,,,,,,,,,,,,,,,,,,,,,,,,,,,,,,
3277,Sandwich Smile Up,Salad Point,1.0,serving,429.0,,,50.0,,18.0,19.0,,,,,,4.0,,,7.0,,,,,,,,,,,,,,,,,,,,,,529.0,,,,,,,,,,,,,
"3278,Saori Saus Teriyaki,Ajinomoto,1.0,""porsi (5,5 ml)"",10.0,,,2.0,,0.0,0.0,0.0,,,,,,,,2.0,,,,,,,,,,,,,,,,,,,,,,610.0,,,,,,,,,,,,,"
"3279,Saos Tiram,Saori,1.0,""sdm (5,8 g)"",5.0,,,1.0,,0.0,0.0,,,,,,,,,1.0,,,,,,,,,,,,,,,,,,,,,,290.0,10.0,,,,,,,,,,,,"
3280,Sarang Burung,Cap Panda,1.0,kaleng (310 ml),110.0,,,27.0,,0.0,0.0,,,,,,,,,25.0,,,,,,,,,,,,,,,,,,,,,,15.0,,,,,,,,,,,,,
3281,Sarang Burung,Yeo's,1.0,kaleng (300 ml),120.0,,,27.0,,0.0,1.0,,,,,,,,,25.0,,,,,,,,,,,,,,,,,,,,,,10.0,,,,,,,,,,,,,
3282,Sarang Burung Walet,Realfood,1.0,gelas (210 ml),50.0,,,12.0,,1.0,0.0,0.0,,,,,,,,10.0,,,,,,,,,,,,,,,,,,,,,,10.0,,,,,,,,,,,,,
3283,Sarden,ABC,1.0,porsi (50 g),50.0,,,3.0,,9.0,1.0,2.0,0.0,,,10.0,,,,2.0,,,,,,,,,,,,,,,,,,,,,,260.0,,,,,,,,,,,,,
3284,Sarden,Del Monte,1.0,porsi (75 g),100.0,,,4.0,,17.0,1.5,,,,,5.0,,,,2.0,,,,,,,,,,,,,,,,,,,,,,410.0,,,,,,,,,,,,,
3285,Sarden,GaGa,2.0,kaleng (78 g),90.0,,,4.0,,15.0,1.5,0.5,,,,35.0,,,,2.0,,,,,,,,,,,,,,,,,,,,,,380.0,180.0,,,,,,,,,,,,
3286,Sarden Cabai,ABC,1.0,serving (50 g),60.0,,,2.0,,10.0,4.5,,,,,20.0,,,,1.0,,,,,,,,,,,,,,,,,,,,,,200.0,,,,,,,,,,,,,
3287,Sarden Sambal Balado,GaGa,1.0,porsi (78 g),90.0,,,1.0,,18.0,1.0,0.0,,,,20.0,,,,1.0,,,,,,,,,,,,,,,,,,,,,,340.0,360.0,,,,,,,,,,,,
3288,Sarden Saus Tomat,Vinisi,1.0,porsi (78 g),130.0,,,2.0,,16.0,6.0,,,,,64.0,,,,,,,,,,,,,,,,,,,,,,,,,,340.0,150.0,,,,,,,,,,,,
3289,Sarden dalam Saus Tomat dan Cabe,GaGa,1.0,porsi (75 g),130.0,,,3.0,,16.0,7.0,3.0,,,,,,,,2.0,,,,,,,,,,,,,,,,,,,,,,430.0,,,,,,,,,,,,,
3290,Sarden dengan Saus Tomat (Campuran),Ikan & Seafood,100.0,gram (g),186.0,,,0.74,,20.86,10.46,2.686,2.112,4.821,,61.0,0.1,,,0.43,,,,,,,,,,,,,,,,,,,,,,414.0,341.0,,,,,,,,,,,,
3291,Sardines Saus Cabe,Del Monte,1.0,sajian (75 g),100.0,,,3.0,,16.0,2.0,1.0,,,,30.0,,,,3.0,,,,,,,,,,,,,,,,,,,,,,610.0,,,,,,,,,,,,,
3292,Sari Asem Asli,Ultra Jaya,1.0,kotak (250 ml),140.0,,,34.0,,0.0,0.0,,,,,,5.0,,,29.0,,,,,,,,,,,,,,,,,,,,,,100.0,210.0,,,,,,,,,,,,
3293,Sari Kacang Hijau,ABC,1.0,bungkus (250 ml),80.0,,,17.0,,2.0,0.0,0.0,,,,0.0,5.0,,,15.0,,,,,,,,,,,,,,,,,,,,,,65.0,0.0,,,,,,,,,,,,
3294,Sari Kacang Hijau,Ultra Jaya,100.0,ml,55.0,,,13.0,,1.0,0.0,0.0,0.0,0.0,,0.0,3.5,,,10.0,,,,,,,,,,,,,,,,,,,,,,32.0,25.0,,,,,,,,,,,,
3295,Sari Kacang Ijo,Ultra Jaya,1.0,kotak (200 ml),110.0,,,26.0,,2.0,0.0,0.0,0.0,0.0,,0.0,7.0,,,20.0,,,,,,,,,,,,,,,,,,,,,,65.0,45.0,,,,,,,,,,,,
3296,Sari Kurma,Sahara,1.0,sdm (20 g),63.0,,,15.58,,0.22,0.0,,,,,,0.1,,,7.21,,,,,,,,,,,,,,,,,,,,,,,,,,,,,,,,,,,
3297,Sarimi Gelas Rasa Kari Ayam,Sarimi,1.0,bungkus (30 g),140.0,,,16.0,,3.0,8.0,3.5,,,,0.0,2.0,,,1.0,,,,,,,,,,,,,,,,,,,,,,950.0,,,,,,,,,,,,,
3298,Sarimi Gelas Rasa Soto Ayam,Sarimi,1.0,sajian (27 g),120.0,,,17.0,,2.0,5.0,0.0,0.0,0.0,,0.0,2.0,,,2.0,,,,,,,,,,,,,,,,,,,,,,0.0,0.0,,,,,,,,,,,,
3299,Sarimi Isi 2 Ayam Bawang,Sarimi,1.0,bungkus (115 g),510.0,,,70.0,,13.0,20.0,10.0,,,,0.0,3.0,,,3.0,,,,,,,,,,,,,,,,,,,,,,1470.0,,,,,,,,,,,,,
3300,Sarimi Isi 2 Rasa Baso Sapi,Sarimi,1.0,bungkus (115 g),450.0,,,62.0,,10.0,19.0,9.0,,,,0.0,3.0,,,3.0,,,,,,,,,,,,,,,,,,,,,,1220.0,,,,,,,,,,,,,
3301,Sarimi Isi 2 Rasa Soto,Sarimi,1.0,bungkus (113 g),460.0,,,62.0,,9.0,20.0,10.0,,,,0.0,4.0,,,4.0,,,,,,,,,,,,,,,,,,,,,,1290.0,,,,,,,,,,,,,
3302,Sarimi Mi Goreng Rasa Ayam Kremes,Sarimi,1.0,porsi (70 g),330.0,,,46.0,,6.0,14.0,7.0,,,,0.0,2.0,,,5.0,,,,,,,,,,,,,,,,,,,,,,720.0,,,,,,,,,,,,,
3303,Sarsi,F&N,1.0,can (325 ml),70.0,,,18.0,,0.0,0.0,0.0,,,,,,,,16.0,,,,,,,,,,,,,,,,,,,,,,40.0,,,,,,,,,,,,,
3304,Sashimi Salmon,Makanan Ringan,1.0,buah,41.0,,,0.0,,6.13,1.68,0.357,0.565,0.605,,13.0,0.0,,,0.0,,,,,,,,,,,,,,,,,,,,,,13.0,120.0,,,,,,,,,,,,
3305,Satay Taichan,Healthy Go,1.0,porsi,449.0,,,45.0,,37.0,13.0,,,,,,,,,,,,,,,,,,,,,,,,,,,,,,,,,,,,,,,,,,,,
3306,Sate Abang Senayan with Nasi Kuning + Tahu Cabe Garam,Yellow Fit Kitchen,1.0,serving,517.0,,,66.0,,34.0,13.0,,,,,,6.0,,,,,,,,,,,,,,,,,,,,,,,,,,,,,,,,,,,,,,
3307,Sate Ayam With Brown Rice Lontong,Fit Solution,1.0,porsi,406.0,,,32.0,,42.5,12.0,9.0,,,,,5.4,,,,,,,,,,,,,,,,,,,,,,,,,,,,,,,,,,,,,,
3308,Sate Padang,Yellow Fit Kitchen,1.0,porsi,688.0,,,67.0,,60.0,20.0,,,,,,8.0,,,,,,,,,,,,,,,,,,,,,,,,,,,,,,,,,,,,,,
3309,Sauce For Ma Po Tofu,Lee Kum Kee,1.0,porsi (20 g),30.0,,,3.0,,1.0,1.5,0.0,,,,,,,,3.0,,,,,,,,,,,,,,,,,,,,,,650.0,,,,,,,,,,,,,
3310,Sauce For Teriyaki Chicken,Lee Kum Kee,1.0,porsi (18 g),30.0,,,8.0,,0.0,0.0,0.0,0.0,0.0,,0.0,,,,8.0,,,,,,,,,,,,,,,,,,,,,,,,,,,,,,,,,,,
3311,Saus & Bumbu,Makanan,,,,,,,,,,,,,,,,,,,,,,,,,,,,,,,,,,,,,,,,,,,,,,,,,,,,,
3312,Saus Apel,Saus & Bumbu,1.0,snack ukuran (112 g),86.0,,,22.5,,0.2,0.2,0.034,0.061,0.008,,0.0,1.4,,,18.64,,,,,,,,,,,,,,,,,,,,,,3.0,69.0,,,,,,,,,,,,
"3313,Saus Asam Manis,Bamboe,6.0,""potong (26,7 g)"",60.0,,,14.0,,0.0,0.0,0.0,,,,0.0,1.0,,,9.0,,,,,,,,,,,,,,,,,,,,,,420.0,,,,,,,,,,,,,"
3314,Saus Asam Manis,Lee Kum Kee,1.0,porsi (20 g),35.0,,,8.0,,0.0,0.0,,,,,0.0,0.0,,,5.0,,,,,,,,,,,,,,,,,,,,,,70.0,,,,,,,,,,,,,
"3315,Saus Asam Manis,Saori,1.0,""sajian (6,3 ml)"",15.0,,,3.0,,0.0,0.0,0.0,0.0,0.0,,0.0,0.0,,,2.0,,,,,,,,,,,,,,,,,,,,,,135.0,0.0,,,,,,,,,,,,"
3316,Saus Barbeque,Del Monte,2.0,sdm (50 g),60.0,,,14.0,,0.0,0.0,,,,,,,,,10.0,,,,,,,,,,,,,,,,,,,,,,880.0,116.0,,,,,,,,,,,,
3317,Saus Barbeque,Lee Kum Kee,1.0,sendok makan (20 g),50.0,,,12.0,,0.0,0.0,0.0,,,,,,,,11.0,,,,,,,,,,,,,,,,,,,,,,,,,,,,,,,,,,,
3318,Saus Bulgogi,Mama Suka,,,,,,,,,,,,,,,,,,,,,,,,,,,,,,,,,,,,,,,,,,,,,,,,,,,,,
"3319,Saus Bulgogi,Saori,1.0,""serving (8,3 ml)"",15.0,,,3.0,,0.0,0.0,0.0,,,,,,,,2.0,,,,,,,,,,,,,,,,,,,,,,380.0,,,,,,,,,,,,,"
3320,Saus Cabai Kacang (TOBAN DJAN),Lee Kum Kee,,,,,,,,,,,,,,,,,,,,,,,,,,,,,,,,,,,,,,,,,,,,,,,,,,,,,
3321,Saus Cabe,Nasional,,,,,,,,,,,,,,,,,,,,,,,,,,,,,,,,,,,,,,,,,,,,,,,,,,,,,
3322,Saus Carbonara,La Fonte,1.0,porsi (79 g),150.0,,,11.0,,2.0,11.0,5.0,,,,10.0,2.0,,,3.0,,,,,,,,,,,,,,,,,,,,,,1000.0,,,,,,,,,,,,,
3323,Saus Carbonara,Del Monte,1.0,sajian (25 g),30.0,,,3.0,,1.0,1.5,1.5,,,,5.0,,,,1.0,,,,,,,,,,,,,,,,,,,,,,270.0,,,,,,,,,,,,,
3324,Saus Gochujang,Javasuperfood,1.0,sajian (15 g),30.0,,,7.0,,1.0,0.0,0.0,,,,,,,,4.0,,,,,,,,,,,,,,,,,,,,,,360.0,,,,,,,,,,,,,
"3325,""Saus Kari (Kering, Dikeringkan)"",Makanan Cepat Saji,100.0,gram (g),427.0,,,50.62,,9.38,23.1,3.44,8.69,9.93,,1.0,,,,,,,,,,,,,,,,,,,,,,,,,,4080.0,352.0,,,,,,,,,,,,"
3326,Saus Kedelai dengan Sodium yang Dikurangi,Saus & Bumbu,1.0,sdm,8.0,,,1.36,,0.83,0.01,0.002,0.006,0.002,,0.0,0.1,,,0.27,,,,,,,,,,,,,,,,,,,,,,533.0,29.0,,,,,,,,,,,,
3327,Saus Keju,Mama Suka,,,,,,,,,,,,,,,,,,,,,,,,,,,,,,,,,,,,,,,,,,,,,,,,,,,,,
3328,Saus Keju,Richeese,100.0,g,174.0,,,6.83,,6.71,13.29,,,,,,,,,,,,,,,,,,,,,,,,,,,,,,,,,,,,,,,,,,,,
3329,Saus Koktail,Saus & Bumbu,1.0,gelas,221.0,,,56.87,,4.12,1.17,0.158,0.491,0.183,,0.0,2.5,,,49.63,,,,,,,,,,,,,,,,,,,,,,2364.0,906.0,,,,,,,,,,,,
3330,Saus Lada Hitam,Lee Kum Kee,1.0,sendok makan (18 g),25.0,,,5.0,,1.0,0.0,0.0,,,,,,,,3.0,,,,,,,,,,,,,,,,,,,,,,600.0,,,,,,,,,,,,,
3331,Saus Lada Hitam,Del Monte,1.0,serving (25 g),40.0,,,10.0,,0.0,0.0,,,,,0.0,,,,7.0,,,,,,,,,,,,,,,,,,,,,,360.0,,,,,,,,,,,,,
"3332,Saus Lada Hitam,Saori,3.0,""sendok (6,5 ml)"",10.0,,,2.0,,0.0,0.0,0.0,0.0,0.0,,0.0,0.0,,,2.0,,,,,,,,,,,,,,,,,,,,,,260.0,0.0,,,,,,,,,,,,"
3333,Saus Lada atau Pedas,Saus & Bumbu,1.0,sdt,1.0,,,0.08,,0.02,0.02,0.002,0.009,0.001,,0.0,0.0,,,0.06,,,,,,,,,,,,,,,,,,,,,,124.0,7.0,,,,,,,,,,,,
3334,Saus Manis Cokelat Pisang,Kewpie,,,,,,,,,,,,,,,,,,,,,,,,,,,,,,,,,,,,,,,,,,,,,,,,,,,,,
3335,Saus Manis Vanilla Matcha,Kewpie,,,,,,,,,,,,,,,,,,,,,,,,,,,,,,,,,,,,,,,,,,,,,,,,,,,,,
3336,Saus Mayo,Maestro,,,,,,,,,,,,,,,,,,,,,,,,,,,,,,,,,,,,,,,,,,,,,,,,,,,,,
"3337,Saus Mentega,Saori,1.0,""porsi (6,5 ml)"",10.0,,,2.0,,0.0,0.0,0.0,,,,,,,,2.0,,,,,,,,,,,,,,,,,,,,,,200.0,,,,,,,,,,,,,"
3338,Saus Pasta Spageti/Marinara,Saus & Bumbu,100.0,gram (g),74.0,,,11.27,,1.95,2.38,0.325,0.948,0.763,,0.0,0.4,,,8.88,,,,,,,,,,,,,,,,,,,,,,481.0,376.0,,,,,,,,,,,,
3339,Saus Pedas Ala Szechuan,Saori,1.0,porsi (11 ml),15.0,,,4.0,,0.0,0.0,0.0,,,,,,,,4.0,,,,,,,,,,,,,,,,,,,,,,480.0,,,,,,,,,,,,,
3340,Saus Sambal,Jawara,,,,,,,,,,,,,,,,,,,,,,,,,,,,,,,,,,,,,,,,,,,,,,,,,,,,,
3341,Saus Sambal,ABC,1.0,sendok (15 g),15.0,,,4.0,,0.0,0.0,,,,,,,,,3.0,,,,,,,,,,,,,,,,,,,,,,330.0,,,,,,,,,,,,,
3342,Saus Sambal Extra Pedas,Finna,1.0,sajian (8 ml),10.0,,,2.0,,0.0,0.0,0.0,0.0,0.0,,0.0,0.0,,,1.0,,,,,,,,,,,,,,,,,,,,,,115.0,0.0,,,,,,,,,,,,
3343,Saus Siram Thousand Island,Kewpie,,,,,,,,,,,,,,,,,,,,,,,,,,,,,,,,,,,,,,,,,,,,,,,,,,,,,
3344,Saus Siram Wijen Sangrai,Kewpie,1.0,sendok makan (25 ml),100.0,,,4.0,,1.0,9.0,1.5,,,,,,,,4.0,,,,,,,,,,,,,,,,,,,,,,260.0,0.0,,,,,,,,,,,,
3345,Saus Spageti dengan Sayuran (Gaya-Buatan Sendiri),Saus & Bumbu,1.0,mangkok,122.0,,,18.47,,3.88,5.43,0.725,2.627,1.715,,0.0,4.5,,,10.05,,,,,,,,,,,,,,,,,,,,,,367.0,852.0,,,,,,,,,,,,
3346,Saus Spaghetti,Del Monte,1.0,sajian (25 g),40.0,,,7.0,,1.0,1.0,1.0,,,,0.0,,,,4.0,,,,,,,,,,,,,,,,,,,,,,700.0,,,,,,,,,,,,,
3347,Saus Teriyaki,Mama Suka,,,,,,,,,,,,,,,,,,,,,,,,,,,,,,,,,,,,,,,,,,,,,,,,,,,,,
"3348,Saus Teriyaki,Saori,1.0,""sendok (5,5 ml)"",10.0,,,2.0,,0.0,0.0,0.0,0.0,0.0,,0.0,0.0,,,2.0,,,,,,,,,,,,,,,,,,,,,,620.0,0.0,,,,,,,,,,,,"
3349,Saus Tiram,Lee Kum Kee,1.0,tbsp (18 g),25.0,,,5.0,,1.0,0.0,0.0,,,,0.0,0.0,,,4.0,,,,,,,,,,,,,,,,,,,,,,820.0,,,,,,,,,,,,,
3350,Saus Tiram,Maestro,,,,,,,,,,,,,,,,,,,,,,,,,,,,,,,,,,,,,,,,,,,,,,,,,,,,,
3351,Saus Tiram,Maggi,,,,,,,,,,,,,,,,,,,,,,,,,,,,,,,,,,,,,,,,,,,,,,,,,,,,,
3352,Saus Tiram,Saori,100.0,g,51.0,,,10.92,,1.35,0.25,0.043,0.066,0.073,,,0.3,,,,,,,,,,,,,,,,,,,,,,,,,2733.0,54.0,,,,,,,,,,,,
3353,Saus Tiram Cap Panda,Lee Kum Kee,1.0,porsi (19 g),25.0,,,5.0,,1.0,0.0,0.0,,,,,,,,4.0,,,,,,,,,,,,,,,,,,,,,,910.0,,,,,,,,,,,,,
3354,Saus Tiram Choy Sun,Lee Kum Kee,1.0,sendok makan (19 g),25.0,,,6.0,,0.0,0.0,0.0,,,,,,,,4.0,,,,,,,,,,,,,,,,,,,,,,870.0,,,,,,,,,,,,,
3355,Saus Tomat,Indofood,1.0,sajian (12 g),20.0,,,5.0,,0.0,0.0,0.0,,,,,,,,4.0,,,,,,,,,,,,,,,,,,,,,,400.0,,,,,,,,,,,,,
3356,Saus Tomat,Saus & Bumbu,1.0,sdm,15.0,,,3.76,,0.26,0.06,0.008,0.023,0.009,,0.0,0.0,,,3.42,,,,,,,,,,,,,,,,,,,,,,167.0,57.0,,,,,,,,,,,,
3357,Saus Tomat,Del Monte,1.0,takaran saji (15 ml),15.0,,,4.0,,0.0,0.0,0.0,,,,0.0,,,,3.0,,,,,,,,,,,,,,,,,,,,,,290.0,,,,,,,,,,,,,
3358,Saus Tomat,ABC,1.0,sendok (15 g),25.0,,,6.0,,0.0,0.0,0.0,0.0,0.0,,0.0,,,,5.0,,,,,,,,,,,,,,,,,,,,,,25.0,,,,,,,,,,,,,
3359,Saus Untuk Ayam Goreng,Finna,1.0,serving (8 ml),15.0,,,4.0,,0.0,0.0,0.0,0.0,0.0,,0.0,,,,3.0,,,,,,,,,,,,,,,,,,,,,,110.0,,,,,,,,,,,,,
3360,Sausage Smoke Bratwurst,Richeese,1.0,porsi (60 g),100.0,,,3.0,,9.0,6.0,2.0,0.0,0.0,,45.0,0.0,,,0.0,,,,,,,,,,,,,,,,,,,,,,480.0,0.0,,,,,,,,,,,,
3361,Sawi,Lainnya,100.0,gram (g),30.0,,,5.69,,2.45,0.42,0.055,0.201,0.03,,0.0,3.6,,,0.46,,,,,,,,,,,,,,,,,,,,,,20.0,169.0,,,,,,,,,,,,
3362,Sawi Dimasak,Lainnya,100.0,gram (g),42.0,,,4.81,,2.05,2.24,0.4,0.722,0.918,,0.0,2.7,,,0.39,,,,,,,,,,,,,,,,,,,,,,269.0,113.0,,,,,,,,,,,,
3363,Sawi Dimasak (dari Segar),Lainnya,100.0,gram (g),42.0,,,4.81,,2.05,2.24,0.4,0.722,0.918,,0.0,2.7,,,0.39,,,,,,,,,,,,,,,,,,,,,,269.0,113.0,,,,,,,,,,,,
3364,Say Cizz,Namaste Organic,,,,,,,,,,,,,,,,,,,,,,,,,,,,,,,,,,,,,,,,,,,,,,,,,,,,,
"3365,Sayap Ayam,Daging,1.0,""kecil (hasil setelah masak, tulang dihilangkan)"",81.0,,,0.0,,7.46,5.4,1.513,1.15,2.121,,23.0,0.0,,,0.0,,,,,,,,,,,,,,,,,,,,,,113.0,51.0,,,,,,,,,,,,"
3366,Sayap Ayam (Kulit tidak Dimakan),Daging,100.0,gram (g),201.0,,,0.0,,30.21,8.06,2.241,1.765,2.588,,84.0,0.0,,,0.0,,,,,,,,,,,,,,,,,,,,,,414.0,208.0,,,,,,,,,,,,
"3367,Sayap Ayam Goreng tanpa Pelapis (Kulit Dimakan),Daging,1.0,""kecil (hasil setelah masak, tulang dihilangkan)"",89.0,,,0.0,,7.56,6.33,1.651,1.468,2.504,,31.0,0.0,,,0.0,,,,,,,,,,,,,,,,,,,,,,120.0,52.0,,,,,,,,,,,,"
"3368,Sayap Ayam Panggang (Kulit Dimakan),Daging,1.0,""kecil (hasil setelah masak, tulang dihilangkan)"",86.0,,,0.0,,7.99,5.79,1.621,1.232,2.273,,25.0,0.0,,,0.0,,,,,,,,,,,,,,,,,,,,,,121.0,55.0,,,,,,,,,,,,"
3369,Sayur Lumpia,Lainnya,1.0,lumpia,63.0,,,7.44,,1.99,2.84,0.557,0.819,1.232,,23.0,0.6,,,0.75,,,,,,,,,,,,,,,,,,,,,,207.0,75.0,,,,,,,,,,,,
"3370,""Sayur Sup (Kalengan, Terkondensasi)"",Sup,1.0,mangkok,145.0,,,24.06,,4.23,3.89,0.59,1.451,1.673,,0.0,1.2,,,7.7,,,,,,,,,,,,,,,,,,,,,,1653.0,421.0,,,,,,,,,,,,"
3371,Sayuran,Makanan,,,,,,,,,,,,,,,,,,,,,,,,,,,,,,,,,,,,,,,,,,,,,,,,,,,,,
"3372,""Sayuran Campur  (Padat dan Cair, Kaleng)"",Sayuran,1.0,mangkok,88.0,,,17.44,,3.48,0.61,0.125,0.294,0.039,,0.0,9.3,,,,,,,,,,,,,,,,,,,,,,,,,549.0,338.0,,,,,,,,,,,,"
3373,Sayuran Campur (Beku),Sayuran,100.0,gram (g),64.0,,,13.46,,3.33,0.52,0.098,0.235,0.031,,0.0,4.0,,,,,,,,,,,,,,,,,,,,,,,,,47.0,212.0,,,,,,,,,,,,
"3374,""Sayuran Campur (Jagung, Kacang Lima, Kacang Polong, Kacang Hijau, Wortel) (tanpa Tambahan Garam, Kaleng)"",Sayuran,1.0,mangkok,67.0,,,13.3,,2.55,0.36,0.071,0.178,0.04,,0.0,5.6,,,4.46,,,,,,,,,,,,,,,,,,,,,,47.0,251.0,,,,,,,,,,,,"
"3375,""Sayuran Campur (Kering Padatan, Kaleng)"",Sayuran,1.0,mangkok,80.0,,,15.09,,4.22,0.41,0.083,0.194,0.026,,0.0,4.9,,,3.99,,,,,,,,,,,,,,,,,,,,,,243.0,474.0,,,,,,,,,,,,"
"3376,""Sayuran Campur Matang (Jagung, Kacang Lima, Kacang Polong, Kacang Hijau dan Wortel)"",Sayuran,100.0,gram (g),81.0,,,12.74,,2.78,2.12,0.4,0.648,0.941,,0.0,4.3,,,3.06,,,,,,,,,,,,,,,,,,,,,,249.0,164.0,,,,,,,,,,,,"
3377,Sayuran Rebus (tanpa Daging),Sup,100.0,gram (g),56.0,,,9.73,,2.65,0.97,0.443,0.081,0.362,,1.0,1.7,,,1.93,,,,,,,,,,,,,,,,,,,,,,226.0,220.0,,,,,,,,,,,,
3378,Scallop,Ngetop,,,,,,,,,,,,,,,,,,,,,,,,,,,,,,,,,,,,,,,,,,,,,,,,,,,,,
3379,Scallop,Salam,3.0,/ 4 potong (50 g),60.0,,,5.0,,8.0,0.5,0.0,,,,10.0,,,,0.0,,,,,,,,,,,,,,,,,,,,,,290.0,,,,,,,,,,,,,
"3380,Scrubber,Vegeta,1.0,""sachet (7,1 g)"",25.0,,,6.0,,0.0,0.0,0.0,,,,,3.0,,,3.0,,,,,,,,,,,,,,,,,,,,,,75.0,,,,,,,,,,,,,"
3381,Sea Salt & Cacao Nibs Dark Chocolate,POD,1.0,porsi (40 g),220.0,,,19.0,,3.0,16.0,10.0,,,,0.0,5.0,,,10.0,,,,,,,,,,,,,,,,,,,,,,105.0,,,,,,,,,,,,,
3382,Sea Salt Cashew Nuts,East Bali Cashews,1.0,porsi (30 g),190.0,,,8.0,,5.0,15.0,4.5,,,,0.0,4.0,,,1.0,,,,,,,,,,,,,,,,,,,,,,140.0,,,,,,,,,,,,,
3383,Seafood Fuyunghai,Healthy Go,0.0,0,0.0,0.0,0.0,0.0,0.0,0.0,0.0,0.0,0.0,0.0,0.0,0.0,0.0,0.0,0.0,0.0,0.0,0.0,0.0,0.0,0.0,0.0,0.0,0.0,0.0,0.0,0.0,0.0,0.0,0.0,0.0,0.0,0.0,0.0,0.0,0.0,0.0,0.0,0.0,0.0,0.0,0.0,0.0,0.0,0.0,0.0,0.0,0.0,0.0,0.0,0.0
3384,Seafood Noodle Soup,Paldo,1.0,porsi (60 g),245.0,,,38.0,,5.5,8.0,4.0,0.0,0.0,,0.0,3.5,,,2.5,,,,,,,,,,,,,,,,,,,,,,1090.0,,,,,,,,,,,,,
3385,Seasoned Laver Original Flavor,Tao Kae Noi,1.0,bungkus (4 g),22.0,,,1.2,,0.8,1.6,0.3,,,,0.0,0.8,,,0.3,,,,,,,,,,,,,,,,,,,,,,66.0,0.0,,,,,,,,,,,,
3386,Seasoned Laver Spicy Flavor,Tao Kae Noi,1.0,takaran saji (4 g),20.0,,,1.0,,1.0,1.5,0.0,,,,0.0,1.0,,,0.0,,,,,,,,,,,,,,,,,,,,,,115.0,,,,,,,,,,,,,
3387,Seaweed & Veggie Biscuits,Alamii,1.0,serving (20 g),100.0,,,13.0,,1.0,4.5,,,,,,,,,3.0,,,,,,,,,,,,,,,,,,,,,,,,,,,,,,,,,,,
3388,Seaweed Cassava,Whole Chips,0.0,0,0.0,0.0,0.0,0.0,0.0,0.0,0.0,0.0,0.0,0.0,0.0,0.0,0.0,0.0,0.0,0.0,0.0,0.0,0.0,0.0,0.0,0.0,0.0,0.0,0.0,0.0,0.0,0.0,0.0,0.0,0.0,0.0,0.0,0.0,0.0,0.0,0.0,0.0,0.0,0.0,0.0,0.0,0.0,0.0,0.0,0.0,0.0,0.0,0.0,0.0,0.0
3389,Seaweed Ramen,JONGGA,1.0,sajian (33 g),150.0,,,19.0,,3.0,7.0,3.5,,,,,,,,1.0,,,,,,,,,,,,,,,,,,,,,,1130.0,,,,,,,,,,,,,
3390,See Hong Puff,Unibis,3.0,keping (27 g),120.0,,,19.0,,2.0,4.0,,,,,,,,,2.0,,,,,,,,,,,,,,,,,,,,,,210.0,,,,,,,,,,,,,
3391,See Hong Puff,Hatari,2.0,keping (16 g),70.0,,,12.0,,1.0,2.5,1.0,,,,,0.0,,,3.0,,,,,,,,,,,,,,,,,,,,,,75.0,,,,,,,,,,,,,
3392,Sei Ayam Sambal Matah With Red Grain Rice + Kentang Mustofa,Yellow Fit,0.0,0,0.0,0.0,0.0,0.0,0.0,0.0,0.0,0.0,0.0,0.0,0.0,0.0,0.0,0.0,0.0,0.0,0.0,0.0,0.0,0.0,0.0,0.0,0.0,0.0,0.0,0.0,0.0,0.0,0.0,0.0,0.0,0.0,0.0,0.0,0.0,0.0,0.0,0.0,0.0,0.0,0.0,0.0,0.0,0.0,0.0,0.0,0.0,0.0,0.0,0.0,0.0
3393,Selada,Lainnya,100.0,gram (g),14.0,,,2.97,,0.9,0.14,0.018,0.074,0.006,,0.0,1.2,,,1.76,,,,,,,,,,,,,,,,,,,,,,10.0,141.0,,,,,,,,,,,,
3394,Selada,Sayuran,100.0,gram (g),14.0,,,2.97,,0.9,0.14,0.018,0.074,0.006,,0.0,1.2,,,1.76,,,,,,,,,,,,,,,,,,,,,,10.0,141.0,,,,,,,,,,,,
3395,Selada Arugula,Sayuran,100.0,gram (g),25.0,,,3.65,,2.58,0.66,0.086,0.319,0.049,,0.0,1.6,,,2.05,,,,,,,,,,,,,,,,,,,,,,27.0,369.0,,,,,,,,,,,,
3396,Selada Daun Hijau,Sayuran,100.0,gram (g),15.0,,,2.79,,1.36,0.15,0.02,0.082,0.006,,0.0,1.3,,,0.78,,,,,,,,,,,,,,,,,,,,,,28.0,194.0,,,,,,,,,,,,
3397,Selada Romaine,Sayuran,100.0,gram (g),17.0,,,3.28,,1.23,0.3,0.039,0.16,0.012,,0.0,2.1,,,1.19,,,,,,,,,,,,,,,,,,,,,,8.0,247.0,,,,,,,,,,,,
3398,Selai Bluberi,Jordan Bakery,1.0,bungkus (50 g),170.0,,,29.0,,5.0,4.0,2.0,,,,,0.0,,,7.0,,,,,,,,,,,,,,,,,,,,,,105.0,,,,,,,,,,,,,
3399,Selai Chocolate Bubuk,Lean Lab,0.0,0,0.0,0.0,0.0,0.0,0.0,0.0,0.0,0.0,0.0,0.0,0.0,0.0,0.0,0.0,0.0,0.0,0.0,0.0,0.0,0.0,0.0,0.0,0.0,0.0,0.0,0.0,0.0,0.0,0.0,0.0,0.0,0.0,0.0,0.0,0.0,0.0,0.0,0.0,0.0,0.0,0.0,0.0,0.0,0.0,0.0,0.0,0.0,0.0,0.0,0.0,0.0
3400,Selai Kacang,Dale's Farm,1.0,porsi (30 g),170.0,,,7.0,,7.0,13.0,1.5,,,,,,,,3.0,,,,,,,,,,,,,,,,,,,,,,125.0,,,,,,,,,,,,,
3401,Selai Kacang,Glaranadi,1.0,serving (15 g),90.0,,,3.0,,3.0,8.0,1.0,0.0,0.0,,0.0,0.0,,,0.0,,,,,,,,,,,,,,,,,,,,,,1.0,0.0,,,,,,,,,,,,
3402,Selai Kacang,Saus & Bumbu,1.0,sdm,94.0,,,3.13,,4.01,8.06,1.647,2.219,3.794,,0.0,1.0,,,1.48,,,,,,,,,,,,,,,,,,,,,,73.0,104.0,,,,,,,,,,,,
3403,Selai Kacang,Welco,1.0,porsi (30 g),160.0,,,11.0,,8.0,10.0,,,,,,,,,3.0,,,,,,,,,,,,,,,,,,,,,,190.0,,,,,,,,,,,,,
3404,Selai Kacang Bubuk,Lean Lab,0.0,0,0.0,0.0,0.0,0.0,0.0,0.0,0.0,0.0,0.0,0.0,0.0,0.0,0.0,0.0,0.0,0.0,0.0,0.0,0.0,0.0,0.0,0.0,0.0,0.0,0.0,0.0,0.0,0.0,0.0,0.0,0.0,0.0,0.0,0.0,0.0,0.0,0.0,0.0,0.0,0.0,0.0,0.0,0.0,0.0,0.0,0.0,0.0,0.0,0.0,0.0,0.0
3405,Selai Kacang Halus (Lemak yang telah Dikurangi),Saus & Bumbu,100.0,gram (g),520.0,,,35.65,,25.9,34.0,7.4,10.266,16.156,,0.0,5.2,,,7.81,,,,,,,,,,,,,,,,,,,,,,540.0,669.0,,,,,,,,,,,,
3406,Selai Kacang Halus (dengan Garam),Saus & Bumbu,2.0,sdm,188.0,,,6.26,,8.03,16.12,3.293,4.437,7.588,,0.0,1.9,,,2.95,,,,,,,,,,,,,,,,,,,,,,147.0,208.0,,,,,,,,,,,,
3407,Selai Kacang Natural,Y-Nut,1.0,porsi (20 g),140.0,,,4.0,,6.0,11.0,2.0,,,,,,,,1.0,,,,,,,,,,,,,,,,,,,,,,70.0,,,,,,,,,,,,,
3408,Selai Kacang dan Sandwich Jeli,Makanan Ringan,1.0,sandwich,327.0,,,42.23,,10.32,14.23,2.931,4.156,6.229,,0.0,2.9,,,12.11,,,,,,,,,,,,,,,,,,,,,,483.0,222.0,,,,,,,,,,,,
3409,Selai Kacang dengan Lemak yang telah Dikurangi,Saus & Bumbu,1.0,sdm,94.0,,,6.42,,4.66,6.12,1.332,1.848,2.908,,0.0,0.9,,,1.41,,,,,,,,,,,,,,,,,,,,,,97.0,120.0,,,,,,,,,,,,
3410,Selai Nanas,Welco,0.0,0,0.0,0.0,0.0,0.0,0.0,0.0,0.0,0.0,0.0,0.0,0.0,0.0,0.0,0.0,0.0,0.0,0.0,0.0,0.0,0.0,0.0,0.0,0.0,0.0,0.0,0.0,0.0,0.0,0.0,0.0,0.0,0.0,0.0,0.0,0.0,0.0,0.0,0.0,0.0,0.0,0.0,0.0,0.0,0.0,0.0,0.0,0.0,0.0,0.0,0.0,0.0
3411,Selai Stroberi,Welco,1.0,porsi (16 g),45.0,,,11.0,,0.0,0.0,,,,,,,,,,,,,,,,,,,,,,,,,,,,,,,,,,,,,,,,,,,,
3412,Selai dan Pengawet,Saus & Bumbu,1.0,sdm,56.0,,,13.77,,0.07,0.01,0.002,0.0,0.008,,0.0,0.2,,,9.7,,,,,,,,,,,,,,,,,,,,,,6.0,15.0,,,,,,,,,,,,
"3413,""Selai, Pengawet, Selai Jeruk (Rendah Gula)"",Saus & Bumbu,1.0,sdm,26.0,,,6.57,,0.08,0.04,0.002,0.019,0.005,,0.0,0.3,,,6.19,,,,,,,,,,,,,,,,,,,,,,0.0,17.0,,,,,,,,,,,,"
3414,Seledri,Sayuran,100.0,gram (g),14.0,,,2.97,,0.69,0.17,0.043,0.081,0.032,,0.0,1.6,,,1.83,,,,,,,,,,,,,,,,,,,,,,80.0,260.0,,,,,,,,,,,,
3415,Seledri Dimasak,Sayuran,100.0,gram (g),39.0,,,3.93,,0.81,2.54,0.486,0.77,1.153,,0.0,1.5,,,2.29,,,,,,,,,,,,,,,,,,,,,,307.0,275.0,,,,,,,,,,,,
3416,Self Raising Flour,Haan,0.0,0,0.0,0.0,0.0,0.0,0.0,0.0,0.0,0.0,0.0,0.0,0.0,0.0,0.0,0.0,0.0,0.0,0.0,0.0,0.0,0.0,0.0,0.0,0.0,0.0,0.0,0.0,0.0,0.0,0.0,0.0,0.0,0.0,0.0,0.0,0.0,0.0,0.0,0.0,0.0,0.0,0.0,0.0,0.0,0.0,0.0,0.0,0.0,0.0,0.0,0.0,0.0
3417,Semangka,Buah,100.0,gram (g),30.0,,,7.55,,0.61,0.15,0.016,0.05,0.037,,0.0,0.4,,,6.2,,,,,,,,,,,,,,,,,,,,,,1.0,112.0,,,,,,,,,,,,
3418,Semangka,Aice,1.0,potong (65 g),70.0,,,17.0,,0.0,0.5,0.0,,,,0.0,1.0,,,13.0,,,,,,,,,,,,,,,,,,,,,,0.0,0.0,,,,,,,,,,,,
3419,Semi Skimmed Milk,Oldenburger,1.0,porsi  (200 ml),90.0,,,10.0,,7.0,3.0,2.0,,,,,,,,10.0,,,,,,,,,,,,,,,,,,,,,,70.0,,,,,,,,,,,,,
3420,Semi Skimmed Milk UHT,Oldenburger,1.0,porsi (200 ml),100.0,,,10.0,,7.0,3.0,2.0,,,,,,,,10.0,,,,,,,,,,,,,,,,,,,,,,70.0,,,,,,,,,,,,,
3421,Semi Sweet Almonds,Van Houten,1.0,porsi (20 g),120.0,,,9.0,,3.0,8.0,3.0,,,,0.0,1.0,,,8.0,,,,,,,,,,,,,,,,,,,,,,40.0,,,,,,,,,,,,,
3422,Senbei Original,Want Want,1.0,porsi (20 g),90.0,,,15.0,,1.0,3.0,1.5,,,,,0.0,,,3.0,,,,,,,,,,,,,,,,,,,,,,100.0,,,,,,,,,,,,,
3423,Serbat Wangi,Intrafood,,,,,,,,,,,,,,,,,,,,,,,,,,,,,,,,,,,,,,,,,,,,,,,,,,,,,
3424,Sereal,Roti & Sereal,1.0,mangkok,124.0,,,27.4,,2.39,1.12,0.274,0.389,0.369,,0.0,1.7,,,7.45,,,,,,,,,,,,,,,,,,,,,,223.0,89.0,,,,,,,,,,,,
3425,Sereal Coklat,Real Good,1.0,porsi (125 ml),80.0,,,15.0,,2.0,2.5,1.5,,,,2.0,,,,9.0,,,,,,,,,,,,,,,,,,,,,,50.0,,,,,,,,,,,,,
3426,Sereal Coklat,Energen,1.0,sachet (29 g),150.0,,,27.0,,2.0,3.0,1.5,,,,0.0,1.0,,,18.0,,,,,,,,,,,,,,,,,,,,,,160.0,,,,,,,,,,,,,
3427,Sereal Dan Susu,Energen,1.0,bungkus (32 g),140.0,,,25.0,,2.0,4.0,4.0,,,,0.0,1.0,,,15.0,,,,,,,,,,,,,,,,,,,,,,150.0,,,,,,,,,,,,,
3428,Sereal Less Sugar,Energen,1.0,sachet (20 g),90.0,,,14.0,,2.0,3.0,2.0,,,,0.0,1.0,,,5.0,,,,,,,,,,,,,,,,,,,,,,,,,,,,,,,,,,,
3429,Sereal Rasa Coklat,Energen,1.0,sachet (35 g),150.0,,,28.0,,2.0,3.5,3.0,0.0,0.0,,0.0,2.0,,,16.0,,,,,,,,,,,,,,,,,,,,,,210.0,120.0,,,,,,,,,,,,
3430,Serious Mass,Optimum Nutrition,2.0,scoop (334 g),1250.0,,,252.0,,50.0,4.5,1.5,,,,80.0,4.0,,,20.0,,,,,,,,,,,,,,,,,,,,,,410.0,1560.0,,,,,,,,,,,,
3431,Seven Grain,De Bakker,1.0,porsi (21 g),61.0,,,11.0,,2.0,1.0,0.0,,,,0.0,1.0,,,,,,,,,,,,,,,,,,,,,,,,,105.0,,,,,,,,,,,,,
3432,Shaqima,Go Day,1.0,(28 g),130.0,,,17.0,,2.0,7.0,3.0,,,,5.0,,,,5.0,,,,,,,,,,,,,,,,,,,,,,50.0,,,,,,,,,,,,,
3433,Shaqima Sesame Seeds,Go Day,1.0,porsi (28 g),140.0,,,16.0,,2.0,7.0,3.0,,,,5.0,,,,6.0,,,,,,,,,,,,,,,,,,,,,,60.0,,,,,,,,,,,,,
3434,Shine Whey Protein,PH Nutrition,1.0,sachet (38 g),130.0,,,4.0,,26.0,1.0,0.0,,,,,,,,1.0,,,,,,,,,,,,,,,,,,,,,,100.0,,,,,,,,,,,,,
3435,Shirataki Chicken Aglio Olio,Easy Peasy,1.0,porsi,135.0,,,7.5,,17.9,3.8,,,,,,,,,,,,,,,,,,,,,,,,,,,,,,,,,,,,,,,,,,,,
3436,Shirataki Chicken Alfredo,Easy Peasy,1.0,porsi,258.0,,,25.7,,20.0,9.4,,,,,,,,,,,,,,,,,,,,,,,,,,,,,,,,,,,,,,,,,,,,
3437,Shirataki Yakimeshi Chicken,Easy Peasy,1.0,porsi,279.0,,,17.2,,27.6,12.1,,,,,,,,,,,,,,,,,,,,,,,,,,,,,,,,,,,,,,,,,,,,
3438,Shred Cheese,Emina,1.0,porsi (15 g),45.0,,,5.0,,0.0,3.0,1.5,,,,0.0,1.0,,,0.0,,,,,,,,,,,,,,,,,,,,,,150.0,,,,,,,,,,,,,
3439,Shrimp,Jetz,1.0,porsi (20 g),100.0,,,14.0,,2.0,4.5,2.5,,,,,,,,2.0,,,,,,,,,,,,,,,,,,,,,,210.0,,,,,,,,,,,,,
3440,Shrimp Crackers,Finna,1.0,bungkus (10 g),50.0,,,7.0,,0.0,2.0,1.0,,,,,0.0,,,0.0,,,,,,,,,,,,,,,,,,,,,,,,,,,,,,,,,,,
3441,Shrimp Creamy Tom Yum Flavour,Mama,,,,,,,,,,,,,,,,,,,,,,,,,,,,,,,,,,,,,,,,,,,,,,,,,,,,,
3442,Si Batagor,Umia-Mi,1.0,porsi (180 g),400.0,,,40.0,,17.0,19.0,5.0,,,,30.0,7.0,,,,,,,,,,,,,,,,,,,,,,,,,1100.0,88.0,,,,,,,,,,,,
3443,Signature Choco,Ichitan,,,,,,,,,,,,,,,,,,,,,,,,,,,,,,,,,,,,,,,,,,,,,,,,,,,,,
3444,Signature Original Black Coffee (Botol),Kapal Api,1.0,botol (200 ml),100.0,,,19.0,,1.0,2.0,1.0,0.0,0.0,,0.0,2.0,,,17.0,,,,,,,,,,,,,,,,,,,,,,35.0,0.0,,,,,,,,,,,,
3445,Signature Strong Black Coffee,Kapal Api,1.0,takaran saji (200 ml),100.0,,,19.0,,1.0,2.0,1.0,,,,,2.0,,,17.0,,,,,,,,,,,,,,,,,,,,,,35.0,,,,,,,,,,,,,
3446,Siip,Nabati,,,,,,,,,,,,,,,,,,,,,,,,,,,,,,,,,,,,,,,,,,,,,,,,,,,,,
3447,Siip,Richeese,1.0,kemasan (10 g),60.0,,,6.0,,1.0,3.5,1.5,,,,,,,,1.0,,,,,,,,,,,,,,,,,,,,,,70.0,,,,,,,,,,,,,
3448,Siip,Richoco,1.0,bungkus (10 g),45.0,,,7.0,,0.0,2.0,1.0,,,,,,,,3.0,,,,,,,,,,,,,,,,,,,,,,40.0,,,,,,,,,,,,,
3449,Siip Bite Coklat,Nabati,,,,,,,,,,,,,,,,,,,,,,,,,,,,,,,,,,,,,,,,,,,,,,,,,,,,,
3450,Siip Keju,Nabati,,,,,,,,,,,,,,,,,,,,,,,,,,,,,,,,,,,,,,,,,,,,,,,,,,,,,
3451,Siip Roasted Corn,Nabati,1.0,porsi (5 g),20.0,,,3.0,,0.0,1.5,0.5,,,,0.0,,,,1.0,,,,,,,,,,,,,,,,,,,,,,30.0,,,,,,,,,,,,,
3452,Siip Roasted Corn,Richeese,4.0,biji (10 g),60.0,,,5.0,,1.0,3.5,1.5,,,,,,,,2.0,,,,,,,,,,,,,,,,,,,,,,55.0,,,,,,,,,,,,,
3453,Silken Egg Tofu,Sakake,100.0,g,130.0,,,4.0,,12.0,7.0,2.0,,,,70.0,3.0,,,0.0,,,,,,,,,,,,,,,,,,,,,,230.0,,,,,,,,,,,,,
3454,Silken Tofu,Sakake,2.0,porsi (150 g),100.0,,,4.0,,8.0,5.0,1.0,,,,0.0,4.0,,,1.0,,,,,,,,,,,,,,,,,,,,,,400.0,,,,,,,,,,,,,
3455,Silverqueen Milk Chocolate with Cashew,Ceres,1.0,serving (20 g),110.0,,,10.0,,2.0,7.0,4.0,,,,,,,,7.0,,,,,,,,,,,,,,,,,,,,,,20.0,,,,,,,,,,,,,
3456,Simple Blend Pro,The Infinity,4.0,sendok makan (33 g),130.0,,,11.0,,18.0,1.5,0.0,0.0,0.0,,0.0,0.0,,,0.0,,,,,,,,,,,,,,,,,,,,,,100.0,0.0,,,,,,,,,,,,
3457,Simply Pretty,ELORA,1.0,gelas (15 g),60.0,,,12.0,,2.0,0.0,0.0,0.0,0.0,,0.0,1.0,,,0.0,,,,,,,,,,,,,,,,,,,,,,0.0,0.0,,,,,,,,,,,,
3458,Singapore Kung Po Sauce,Happy Belly,,,,,,,,,,,,,,,,,,,,,,,,,,,,,,,,,,,,,,,,,,,,,,,,,,,,,
3459,Singkong Keriting Rasa Ayam Geprek,Qtela,1.0,takaran saji (20 g),100.0,,,14.0,,0.0,5.0,2.0,,,,,,,,1.0,,,,,,,,,,,,,,,,,,,,,,100.0,,,,,,,,,,,,,
3460,Singkong Serut Rasa Keju,Qtela,1.0,bungkus (20 g),110.0,,,13.0,,0.0,6.0,2.5,,,,0.0,0.0,,,0.0,,,,,,,,,,,,,,,,,,,,,,90.0,0.0,,,,,,,,,,,,
3461,Singles Gochujang,Kanzler,1.0,bungkus (60 g),120.0,,,4.0,,8.0,8.0,3.5,,,,,,,,0.0,,,,,,,,,,,,,,,,,,,,,,500.0,,,,,,,,,,,,,
3462,Singles Hot,Kanzler,1.0,bungkus (65 g),120.0,,,4.0,,10.0,4.5,4.5,,,,,,,,0.0,,,,,,,,,,,,,,,,,,,,,,410.0,,,,,,,,,,,,,
3463,Singles Keju,Kanzler,1.0,bungkus (65 g),140.0,,,6.0,,10.0,7.0,3.0,,,,,,,,0.0,,,,,,,,,,,,,,,,,,,,,,530.0,,,,,,,,,,,,,
3464,Singles Mini,Kanzler,1.0,buah (60 g),110.0,,,3.0,,9.0,7.0,3.0,,,,,,,,0.0,,,,,,,,,,,,,,,,,,,,,,490.0,,,,,,,,,,,,,
3465,Singles Original,Kanzler,1.0,bungkus (65 g),120.0,,,4.0,,9.0,8.0,3.0,,,,,,,,0.0,,,,,,,,,,,,,,,,,,,,,,510.0,,,,,,,,,,,,,
3466,Siomay,Champ,100.0,g,210.0,,,25.0,,11.0,7.0,2.5,,,,,,,,0.0,,,,,,,,,,,,,,,,,,,,,,810.0,,,,,,,,,,,,,
3467,Siomay Ayam,Fiesta,100.0,g,200.0,,,16.0,,13.0,9.0,2.5,0.0,0.0,,0.0,0.0,,,1.0,,,,,,,,,,,,,,,,,,,,,,600.0,0.0,,,,,,,,,,,,
3468,Siomay Ayam,Umia-Mi,6.0,biji (87 g),150.0,,,23.0,,8.0,3.5,2.0,,,,15.0,2.0,,,5.0,,,,,,,,,,,,,,,,,,,,,,430.0,,,,,,,,,,,,,
3469,Siomay Ayam Jamur,Wei Wang,,,,,,,,,,,,,,,,,,,,,,,,,,,,,,,,,,,,,,,,,,,,,,,,,,,,,
3470,Siomay Ayam Sayur,Wei Wang,5.0,biji (87 g),170.0,,,22.0,,8.0,5.0,2.0,,,,0.0,3.0,,,,,,,,,,,,,,,,,,,,,,,,,710.0,,,,,,,,,,,,,
3471,Siomay Seafood,Wei Wang,,,,,,,,,,,,,,,,,,,,,,,,,,,,,,,,,,,,,,,,,,,,,,,,,,,,,
3472,Siomay Udang,Fiesta,2.0,biji (36 g),60.0,,,8.0,,4.0,1.0,0.0,,,,5.0,2.0,,,1.0,,,,,,,,,,,,,,,,,,,,,,320.0,,,,,,,,,,,,,
3473,Sirup,Saus & Bumbu,1.0,sdm,53.0,,,13.71,,0.0,0.01,0.003,0.007,0.004,,0.0,0.1,,,9.79,,,,,,,,,,,,,,,,,,,,,,17.0,5.0,,,,,,,,,,,,
3474,Sirup Cokelat,Saus & Bumbu,1.0,2 porsi sdm,109.0,,,25.39,,0.82,0.44,0.202,0.01,0.112,,0.0,1.0,,,19.36,,,,,,,,,,,,,,,,,,,,,,28.0,87.0,,,,,,,,,,,,
3475,Sirup Maple,Saus & Bumbu,1.0,sdm,52.0,,,13.42,,0.0,0.04,0.007,0.02,0.013,,0.0,0.0,,,11.9,,,,,,,,,,,,,,,,,,,,,,2.0,41.0,,,,,,,,,,,,
3476,Skim Coklat,Indoprima,3.0,sendok (35 g),130.0,,,24.0,,7.0,0.0,0.0,,,,0.0,,,,13.0,,,,,,,,,,,,,,,,,,,,,,75.0,,,,,,,,,,,,,
3477,Skim Milk Powder,Indoprima,3.0,sdm (35 g),130.0,,,21.0,,11.0,0.0,0.0,,,,10.0,,,,14.0,,,,,,,,,,,,,,,,,,,,,,135.0,,,,,,,,,,,,,
3478,Skinlift Tea,Acaii Tea,1.0,serving (500 ml),100.0,,,20.0,,1.0,0.0,,,,,,,,,,,,,,,,,,,,,,,,,,,,,,,,,,,,,,,,,,,,
3479,Skinny Dip,Nakedpress,,,,,,,,,,,,,,,,,,,,,,,,,,,,,,,,,,,,,,,,,,,,,,,,,,,,,
3480,Skinny Dip Juice,Nakedpress,,,,,,,,,,,,,,,,,,,,,,,,,,,,,,,,,,,,,,,,,,,,,,,,,,,,,
3481,Skinny Korean Bulgogi,Health's Kitchen,,,,,,,,,,,,,,,,,,,,,,,,,,,,,,,,,,,,,,,,,,,,,,,,,,,,,
3482,Skinny Lemonade,Acaii Tea,1.0,porsi (500 ml),150.0,,,30.0,,0.0,0.0,,,,,,,,,,,,,,,,,,,,,,,,,,,,,,,,,,,,,,,,,,,,
3483,Slim & Fit Cookies,Kalbe,1.0,bungkus (22 g),90.0,,,14.0,,2.0,4.0,3.0,,,,0.0,1.0,,,3.0,,,,,,,,,,,,,,,,,,,,,,80.0,50.0,,,,,,,,,,,,
3484,Slim Bites Oat Choco Almond,Ina Cookies,1.0,porsi (22 g),110.0,,,14.0,,1.0,6.0,3.5,,,,1.0,4.0,,,2.0,,,,,,,,,,,,,,,,,,,,,,,,,,,,,,,,,,,
3485,Slimfit,Kalbe,,,,,,,,,,,,,,,,,,,,,,,,,,,,,,,,,,,,,,,,,,,,,,,,,,,,,
3486,Slondok,Garuda,1.0,bungkus (15 g),140.0,,,10.0,,0.0,4.0,2.0,,,,0.0,,,,2.0,,,,,,,,,,,,,,,,,,,,,,125.0,,,,,,,,,,,,,
3487,Slow Cooked Wagyu Beef Kalio with Nasi Gurih,Yellow Fit,,,,,,,,,,,,,,,,,,,,,,,,,,,,,,,,,,,,,,,,,,,,,,,,,,,,,
3488,Small Shells,San Remo,100.0,g,366.0,,,72.0,,12.5,2.0,,1.2,,,,,,,2.5,,,,,,,,,,,,,,,,,,,,,,30.0,,,,,,,,,,,,,
3489,Smoke Beef & Cheese,Janji Jiwa,,,,,,,,,,,,,,,,,,,,,,,,,,,,,,,,,,,,,,,,,,,,,,,,,,,,,
3490,Smoked Beef,Farmhouse,1.0,piece (20 g),35.0,,,2.0,,3.0,2.0,,,,,5.0,,,,0.0,,,,,,,,,,,,,,,,,,,,,,,,,,,,,,,,,,,
3491,Smoked Beef,Hanzel,100.0,g,120.0,,,9.0,,12.0,4.0,1.5,0.0,0.0,,0.0,0.0,,,0.0,,,,,,,,,,,,,,,,,,,,,,740.0,0.0,,,,,,,,,,,,
3492,Smoked Beef,Yona,1.0,porsi (60 g),110.0,,,5.0,,8.0,6.0,3.0,,,,,,,,0.0,,,,,,,,,,,,,,,,,,,,,,370.0,,,,,,,,,,,,,
3493,Smoked Cheese,Emina,1.0,порция (15 g),50.0,,,1.0,,3.0,4.0,3.0,,,,10.0,,,,0.0,,,,,,,,,,,,,,,,,,,,,,230.0,,,,,,,,,,,,,
"3494,Smokey BBQ Slices,Bega,1.0,""slice (16,7 g)"",50.0,,,1.0,,3.0,4.5,3.0,,,,10.0,0.0,,,1.0,,,,,,,,,,,,,,,,,,,,,,245.0,,,,,,,,,,,,,"
3495,Smooth Peanut Butter,Sanitarium,1.0,tablespoon (20 g),121.0,,,2.5,,5.6,9.7,1.7,0.9,7.1,,0.0,1.2,,,1.6,,,,,,,,,,,,,,,,,,,,,,107.0,121.0,,,,,,,,,,,,
3496,Smoothee,Danone,1.0,botol (220 ml),190.0,,,30.0,,4.0,6.0,2.5,,,,6.0,,,,24.0,,,,,,,,,,,,,,,,,,,,,,60.0,,,,,,,,,,,,,
3497,Snack Bantal,Gery,1.0,porsi (75 g),70.0,,,9.0,,1.0,3.5,1.5,0.0,0.0,,,0.0,,,0.02,,,,,,,,,,,,,,,,,,,,,,0.0,0.0,,,,,,,,,,,,
3498,Snack Rasa BBQ,Happy Island,,,,,,,,,,,,,,,,,,,,,,,,,,,,,,,,,,,,,,,,,,,,,,,,,,,,,
3499,Snack Sereal,Gery,1.0,porsi (20 g),100.0,,,14.0,,1.0,4.0,,,,,,,,,6.0,,,,,,,,,,,,,,,,,,,,,,30.0,,,,,,,,,,,,,
3500,Snack Sereal Pillow,Gery,,,,,,,,,,,,,,,,,,,,,,,,,,,,,,,,,,,,,,,,,,,,,,,,,,,,,
3501,Snack Talas,Thalasa,1.0,serving  (25 g),130.0,,,15.0,,1.0,7.0,3.5,,,,,,,,1.0,,,,,,,,,,,,,,,,,,,,,,160.0,,,,,,,,,,,,,
3502,Snek Ikan,WANFA,,,,,,,,,,,,,,,,,,,,,,,,,,,,,,,,,,,,,,,,,,,,,,,,,,,,,
3503,So Good Soy Milk Regular,Sanitarium,1.0,porsi (250 ml),163.0,,,12.8,,8.0,8.8,1.0,4.3,3.5,,0.0,0.8,,,5.0,,,,,,,,,,,,,,,,,,,,,,100.0,363.0,,,,,,,,,,,,
3504,Soda,Minuman,1.0,kaleng (350 ml),140.0,,,36.05,,0.26,0.04,0.0,0.0,0.0,,0.0,0.0,,,33.76,,,,,,,,,,,,,,,,,,,,,,22.0,4.0,,,,,,,,,,,,
3505,Soda Cracker,Jiu Guang Ting,1.0,porsi (20 g),100.0,,,13.0,,2.0,4.0,2.0,,,,,,,,,,,,,,,,,,,,,,,,,,,,,,110.0,,,,,,,,,,,,,
3506,Soda Jeruk,Minuman,1.0,kaleng atau botol (350 ml),179.0,,,45.76,,0.0,0.0,0.0,0.0,0.0,,0.0,0.0,,,,,,,,,,,,,,,,,,,,,,,,,45.0,7.0,,,,,,,,,,,,
"3507,Soes Cream Cheese,Kartika Toast,1.0,""porsi (2,95 g)"",20.0,,,1.0,,0.0,1.5,0.5,,,,,0.0,,,1.0,,,,,,,,,,,,,,,,,,,,,,10.0,,,,,,,,,,,,,"
3508,Soes Cream Chocolate Hazelnut,Kartika Sari,1.0,serving (15 g),90.0,,,8.0,,1.0,6.0,2.5,,,,10.0,2.0,,,4.0,,,,,,,,,,,,,,,,,,,,,,30.0,,,,,,,,,,,,,
3509,Soes Cream Yogurt Strawberry,Kartika Sari,,,,,,,,,,,,,,,,,,,,,,,,,,,,,,,,,,,,,,,,,,,,,,,,,,,,,
3510,Soes Kering,Kartika Toast,1.0,porsi (8 g),40.0,,,5.0,,1.0,2.0,1.0,,,,,1.0,,,0.0,,,,,,,,,,,,,,,,,,,,,,60.0,,,,,,,,,,,,,
3511,Soes Kering Cheese,Kartika Sari,1.0,porsi (8 g),50.0,,,3.0,,1.0,3.5,1.5,,,,,1.0,,,0.0,,,,,,,,,,,,,,,,,,,,,,65.0,,,,,,,,,,,,,
"3512,Soes Snack Cheese,Paroti,1.0,""pack (28,8 g)"",45.0,,,3.0,,1.0,3.5,1.0,,,,,1.0,,,1.0,,,,,,,,,,,,,,,,,,,,,,35.0,,,,,,,,,,,,,"
"3513,Soes Snack Chocolate,Paroti,1.0,""snack (2,55 g)"",15.0,,,1.0,,0.0,1.0,0.0,,,,,,,,1.0,,,,,,,,,,,,,,,,,,,,,,10.0,,,,,,,,,,,,,"
3514,Soesnack Crispy Puff,Kartika Toast,,,,,,,,,,,,,,,,,,,,,,,,,,,,,,,,,,,,,,,,,,,,,,,,,,,,,
3515,Sohun,Lainnya,100.0,gram (g),351.0,,,86.09,,0.16,0.06,0.017,0.018,0.008,,0.0,0.5,,,0.0,,,,,,,,,,,,,,,,,,,,,,10.0,10.0,,,,,,,,,,,,
3516,Sohun Jagung,Naraya,,,,,,,,,,,,,,,,,,,,,,,,,,,,,,,,,,,,,,,,,,,,,,,,,,,,,
3517,Sop Ikan Susu With Coriander Rice + Siomay Dimsum,Yellow Fit,,,,,,,,,,,,,,,,,,,,,,,,,,,,,,,,,,,,,,,,,,,,,,,,,,,,,
3518,Sos Korea,Adabi,1.0,porsi (40 g),100.0,,,13.0,,1.0,4.5,2.0,,,,,,,,9.0,,,,,,,,,,,,,,,,,,,,,,660.0,,,,,,,,,,,,,
3519,Sosis,Viva Dahlia,2.0,potong (84 g),110.0,,,4.0,,15.0,4.0,2.0,,,,30.0,3.0,,,,,,,,,,,,,,,,,,,,,,,,,310.0,,,,,,,,,,,,,
3520,Sosis,Tastymax Gold,1.0,porsi (83 g),150.0,,,3.0,,14.0,9.0,3.5,,,,,,,,,,,,,,,,,,,,,,,,,,,,,,600.0,,,,,,,,,,,,,
3521,Sosis,Champ,75.0,g),160.0,,,13.0,,8.0,9.0,3.5,,,,,,,,0.0,,,,,,,,,,,,,,,,,,,,,,620.0,,,,,,,,,,,,,
3522,Sosis,Jofrans,,,,,,,,,,,,,,,,,,,,,,,,,,,,,,,,,,,,,,,,,,,,,,,,,,,,,
3523,Sosis,Kanzler,1.0,piece (65 g),130.0,,,6.0,,10.0,8.0,6.0,,,,,,,,0.0,,,,,,,,,,,,,,,,,,,,,,600.0,,,,,,,,,,,,,
3524,Sosis Ayam,Ngetop,,,,,,,,,,,,,,,,,,,,,,,,,,,,,,,,,,,,,,,,,,,,,,,,,,,,,
3525,Sosis Ayam,Umia-Mi,1.0,sajian (50 g),100.0,,,11.0,,4.0,4.5,2.5,,,,,1.0,,,0.0,,,,,,,,,,,,,,,,,,,,,,230.0,,,,,,,,,,,,,
3526,Sosis Ayam,Salam,1.0,porsi (50 g),50.0,,,3.0,,9.0,0.5,0.0,,,,10.0,,,,,,,,,,,,,,,,,,,,,,,,,,360.0,,,,,,,,,,,,,
3527,Sosis Ayam,Okey,1.0,biji (25 g),50.0,,,6.0,,2.0,2.0,0.5,0.3,1.2,,2.0,0.0,,,0.0,,,,,,,,,,,,,,,,,,,,,,170.0,0.0,,,,,,,,,,,,
3528,Sosis Ayam,Mabell,,,,,,,,,,,,,,,,,,,,,,,,,,,,,,,,,,,,,,,,,,,,,,,,,,,,,
3529,Sosis Ayam,Daging,1.0,ikatan (panjang 2 cm x 10 cm),49.0,,,0.43,,5.05,2.83,0.726,0.755,1.021,,22.0,0.0,,,0.0,,,,,,,,,,,,,,,,,,,,,,205.0,66.0,,,,,,,,,,,,
3530,Sosis Ayam,El Primo,1.0,porsi (60 g),130.0,,,0.0,,9.0,10.0,,,,,,,,,,,,,,,,,,,,,,,,,,,,,,,30.0,,,,,,,,,,,,,
3531,Sosis Ayam,Champ,1.0,keping (25 g),45.0,,,2.0,,3.0,3.0,1.0,,,,0.0,,,,0.0,,,,,,,,,,,,,,,,,,,,,,170.0,,,,,,,,,,,,,
3532,Sosis Ayam,Belfoods,1.0,porsi (75 g),130.0,,,8.0,,10.0,6.0,2.0,,,,40.0,2.0,,,0.0,,,,,,,,,,,,,,,,,,,,,,760.0,,,,,,,,,,,,,
3533,Sosis Ayam,Jofrans,2.0,potong (60 g),60.0,,,3.0,,9.0,1.0,0.0,,,,,,,,,,,,,,,,,,,,,,,,,,,,,,270.0,,,,,,,,,,,,,
3534,Sosis Ayam (Merah),Salam,1.0,porsi (50 g),60.0,,,3.0,,9.0,1.0,0.0,,,,15.0,,,,0.0,,,,,,,,,,,,,,,,,,,,,,410.0,,,,,,,,,,,,,
3535,Sosis Ayam (Salam),Salam,100.0,g,100.0,,,6.0,,18.0,1.0,0.0,0.0,0.0,,20.0,0.0,,,0.0,,,,,,,,,,,,,,,,,,,,,,0.0,0.0,,,,,,,,,,,,
3536,Sosis Ayam Kombinasi,Champ,1.0,keping (25 g),45.0,,,2.0,,3.0,3.0,,,,,,,,,0.0,,,,,,,,,,,,,,,,,,,,,,170.0,,,,,,,,,,,,,
3537,Sosis Ayam Kombinasi Rasa Sapi,Vigo,3.0,porsi (38 g),70.0,,,6.0,,3.0,3.0,1.0,,,,,,,,0.0,,,,,,,,,,,,,,,,,,,,,,280.0,,,,,,,,,,,,,
3538,Sosis Ayam dan Sapi,Salam,1.0,porsi (50 g),100.0,,,6.0,,6.0,5.0,2.0,,,,,,,,0.0,,,,,,,,,,,,,,,,,,,,,,420.0,,,,,,,,,,,,,
3539,Sosis Ayam dengan Saus Pedas Korea,Fiesta,1.0,takaran saji (50 g),70.0,,,6.0,,8.0,1.5,0.5,,,,,,,,1.0,,,,,,,,,,,,,,,,,,,,,,530.0,,,,,,,,,,,,,
3540,Sosis Babi Segar,Daging,100.0,gram (g),304.0,,,0.0,,15.09,26.53,8.801,3.712,11.894,,72.0,0.0,,,0.0,,,,,,,,,,,,,,,,,,,,,,636.0,248.0,,,,,,,,,,,,
3541,Sosis Bakar,Vigo,1.0,porsi  (50 g),70.0,,,3.0,,6.0,4.0,2.0,,,,,0.0,,,0.0,,,,,,,,,,,,,,,,,,,,,,430.0,,,,,,,,,,,,,
3542,Sosis Bakar,Salam,1.0,sosis (50 g),50.0,,,2.0,,9.0,1.0,3.0,,,,10.0,,,,0.0,,,,,,,,,,,,,,,,,,,,,,320.0,,,,,,,,,,,,,
3543,Sosis Bakar,Ngetop,,,,,,,,,,,,,,,,,,,,,,,,,,,,,,,,,,,,,,,,,,,,,,,,,,,,,
3544,Sosis Bakar,Belfoods,1.0,porsi (83 g),200.0,,,5.0,,13.0,14.0,6.0,,,,40.0,5.0,,,0.0,,,,,,,,,,,,,,,,,,,,,,750.0,,,,,,,,,,,,,
3545,Sosis Bakar,Abby's,1.0,porsi (50 g),70.0,,,6.0,,6.0,3.5,1.5,,,,15.0,1.0,,,0.0,,,,,,,,,,,,,,,,,,,,,,380.0,,,,,,,,,,,,,
3546,Sosis Bakar Jumbo,Champ,100.0,g,250.0,,,13.0,,10.0,18.0,8.0,,,,,,,,0.0,,,,,,,,,,,,,,,,,,,,,,980.0,,,,,,,,,,,,,
3547,Sosis Bakar Mini,Champ,100.0,g,250.0,,,15.0,,10.0,17.0,8.0,,,,,,,,0.0,,,,,,,,,,,,,,,,,,,,,,770.0,,,,,,,,,,,,,
3548,Sosis Bockwurst,Kanzler,1.0,sosis (72 g),180.0,,,5.0,,10.0,14.0,6.0,,,,,,,,0.0,,,,,,,,,,,,,,,,,,,,,,50.0,,,,,,,,,,,,,
3549,Sosis Bratwurst Cocktail,Tastymax Gold,1.0,porsi (50 g),80.0,,,3.0,,8.0,4.0,2.0,,,,,,,,0.0,,,,,,,,,,,,,,,,,,,,,,460.0,,,,,,,,,,,,,
3550,Sosis Chicken Cheese,El Primo,1.0,buah (60 g),160.0,,,4.0,,11.0,11.0,,,,,,,,,,,,,,,,,,,,,,,,,,,,,,,100.0,,,,,,,,,,,,,
3551,Sosis Daging Ayam Cheesy Melts,Fiesta,1.0,porsi (50 g),90.0,,,3.0,,7.0,5.0,2.5,,,,,,,,0.0,,,,,,,,,,,,,,,,,,,,,,400.0,,,,,,,,,,,,,
3552,Sosis Daging Ayam dan Sapi Original,Fiesta,1.0,potong (50 g),80.0,,,7.0,,8.0,2.5,1.0,,,,,,,,0.0,,,,,,,,,,,,,,,,,,,,,,390.0,,,,,,,,,,,,,
3553,Sosis Daging Sapi,Daging,1.0,ikatan (panjang 2 cm x 10 cm),42.0,,,0.52,,1.44,3.78,1.497,0.141,1.785,,7.0,0.0,,,0.33,,,,,,,,,,,,,,,,,,,,,,146.0,21.0,,,,,,,,,,,,
3554,Sosis Daging Sapi Cocktail,YOMAS,100.0,g,130.0,,,3.0,,16.0,6.0,2.5,6.0,2.5,,0.0,0.0,,,0.0,,,,,,,,,,,,,,,,,,,,,,0.0,0.0,,,,,,,,,,,,
3555,Sosis Gochujang,Mabell,1.0,porsi (50 g),110.0,,,3.0,,9.0,6.0,3.0,,,,,,,,0.0,,,,,,,,,,,,,,,,,,,,,,240.0,,,,,,,,,,,,,
3556,Sosis Italia,Daging,1.0,ikatan (panjang 13 cm ),234.0,,,2.9,,13.0,18.57,6.484,2.23,8.126,,39.0,0.1,,,0.58,,,,,,,,,,,,,,,,,,,,,,821.0,207.0,,,,,,,,,,,,
3557,Sosis Kalkun,Daging,100.0,gram (g),155.0,,,0.47,,18.79,8.08,1.963,2.386,2.624,,75.0,0.0,,,0.0,,,,,,,,,,,,,,,,,,,,,,593.0,262.0,,,,,,,,,,,,
3558,Sosis Keju,Mabell,,,,,,,,,,,,,,,,,,,,,,,,,,,,,,,,,,,,,,,,,,,,,,,,,,,,,
3559,Sosis Medes Banget,Mabell,,,,,,,,,,,,,,,,,,,,,,,,,,,,,,,,,,,,,,,,,,,,,,,,,,,,,
3560,Sosis Merah,Ngetop,0.0,0,0.0,0.0,0.0,0.0,0.0,0.0,0.0,0.0,0.0,0.0,0.0,0.0,0.0,0.0,0.0,0.0,0.0,0.0,0.0,0.0,0.0,0.0,0.0,0.0,0.0,0.0,0.0,0.0,0.0,0.0,0.0,0.0,0.0,0.0,0.0,0.0,0.0,0.0,0.0,0.0,0.0,0.0,0.0,0.0,0.0,0.0,0.0,0.0,0.0,0.0,0.0
3561,Sosis Original,Mabell,0.0,0,0.0,0.0,0.0,0.0,0.0,0.0,0.0,0.0,0.0,0.0,0.0,0.0,0.0,0.0,0.0,0.0,0.0,0.0,0.0,0.0,0.0,0.0,0.0,0.0,0.0,0.0,0.0,0.0,0.0,0.0,0.0,0.0,0.0,0.0,0.0,0.0,0.0,0.0,0.0,0.0,0.0,0.0,0.0,0.0,0.0,0.0,0.0,0.0,0.0,0.0,0.0
3562,Sosis Rasa Ayam Bakar,Okey,1.0,porsi (100 g),170.0,,,18.0,,10.0,6.0,2.5,,,,,,,,0.0,,,,,,,,,,,,,,,,,,,,,,850.0,,,,,,,,,,,,,
3563,Sosis Ready To Go Cheesy Melts,Fiesta,1.0,bungkus (60 g),100.0,,,4.0,,7.0,6.0,2.0,,,,,,,,2.0,,,,,,,,,,,,,,,,,,,,,,410.0,,,,,,,,,,,,,
3564,Sosis Sambal Tempong,Mabell,,,,,,,,,,,,,,,,,,,,,,,,,,,,,,,,,,,,,,,,,,,,,,,,,,,,,
3565,Sosis Sapi,Champ,1.0,buah (25 g),50.0,,,3.0,,2.0,3.0,1.5,,,,,,,,0.0,,,,,,,,,,,,,,,,,,,,,,160.0,,,,,,,,,,,,,
3566,Sosis Sapi,El Primo,1.0,porsi (60 g),100.0,,,5.0,,8.0,5.0,,,,,,,,,,,,,,,,,,,,,,,,,,,,,,,80.0,,,,,,,,,,,,,
3567,Sosis Sapi,Jofrans,1.0,buah (30 g),45.0,,,2.0,,5.0,1.5,1.0,,,,,,,,0.0,,,,,,,,,,,,,,,,,,,,,,200.0,,,,,,,,,,,,,
3568,Sosis Sapi,Umia-Mi,2.0,pcs (50 g),110.0,,,10.0,,5.0,6.0,3.5,,,,4.0,1.0,,,1.0,,,,,,,,,,,,,,,,,,,,,,27.0,,,,,,,,,,,,,
3569,Sosis Sapi,Yona,1.0,bungkus (60 g),130.0,,,6.0,,7.0,9.0,3.5,,,,,,,,0.0,,,,,,,,,,,,,,,,,,,,,,460.0,,,,,,,,,,,,,
3570,Sosis Sapi & Ayam,Vigo,1.0,porsi (63 g),110.0,,,1.0,,8.0,8.0,4.5,,,,,,,,0.0,,,,,,,,,,,,,,,,,,,,,,520.0,,,,,,,,,,,,,
3571,Sosis Sapi & Ayam Original,Mabell,,,,,,,,,,,,,,,,,,,,,,,,,,,,,,,,,,,,,,,,,,,,,,,,,,,,,
3572,Sosis Sapi Goreng,Farmhouse,1.0,potong (30 g),60.0,,,4.0,,3.0,3.0,1.5,,,,10.0,2.0,,,,,,,,,,,,,,,,,,,,,,,,,280.0,,,,,,,,,,,,,
3573,Sosis Sapi Keju,El Primo,100.0,g,230.0,,,14.0,,13.0,14.0,,,,,0.0,,,,,,,,,,,,,,,,,,,,,,,,,,970.0,,,,,,,,,,,,,
3574,Sosis Sapi Kombinasi,Champ,1.0,porsi (25 g),50.0,,,3.0,,2.0,3.0,1.5,,,,,,,,0.0,,,,,,,,,,,,,,,,,,,,,,160.0,,,,,,,,,,,,,
3575,Sosis Siap Santap,Champ,100.0,g,180.0,,,19.0,,10.0,7.0,3.0,,,,,,,,,,,,,,,,,,,,,,,,,,,,,,770.0,,,,,,,,,,,,,
3576,Sosis Singles,Kanzler,1.0,buah (65 g),110.0,,,4.0,,10.0,6.0,2.0,,,,,,,,0.0,,,,,,,,,,,,,,,,,,,,,,380.0,,,,,,,,,,,,,
3577,Sosis tanpa Daging,Lainnya,1.0,ikatan,64.0,,,2.46,,4.63,4.54,0.732,2.32,1.124,,0.0,0.7,,,0.0,,,,,,,,,,,,,,,,,,,,,,222.0,58.0,,,,,,,,,,,,
3578,Sosis-Eat Original,Indofood,1.0,bungkus (65 g),80.0,,,5.0,,9.0,2.0,1.0,,,,30.0,2.0,,,0.0,,,,,,,,,,,,,,,,,,,,,,470.0,,,,,,,,,,,,,
3579,Soto Betawi,Bamboe,1.0,mangkok (20 g),135.0,,,8.0,,2.0,3.0,1.0,,,,,2.0,,,4.0,,,,,,,,,,,,,,,,,,,,,,80.0,,,,,,,,,,,,,
"3580,Soto Betawi,Bango,4.0,""bungkus (11,25 g)"",30.0,,,3.0,,0.0,2.0,1.0,,,,,1.0,,,1.0,,,,,,,,,,,,,,,,,,,,,,720.0,,,,,,,,,,,,,"
3581,Soto Betawi Kuah Susu,Healthy Go,,,,,,,,,,,,,,,,,,,,,,,,,,,,,,,,,,,,,,,,,,,,,,,,,,,,,
3582,Soto Mie Bogor with Beef,Yellow Fit,,,,,,,,,,,,,,,,,,,,,,,,,,,,,,,,,,,,,,,,,,,,,,,,,,,,,
3583,Soto Spesial,Indomie,1.0,bungkus (75 g),330.0,,,44.0,,7.0,14.0,7.0,,,,0.0,5.0,,,2.0,,,,,,,,,,,,,,,,,,,,,,920.0,,,,,,,,,,,,,
3584,Soup Base For Chicken Hot Pot,Lee Kum Kee,,,,,,,,,,,,,,,,,,,,,,,,,,,,,,,,,,,,,,,,,,,,,,,,,,,,,
3585,Sour Cream,Tatua,100.0,g,239.0,,,6.5,,3.6,22.4,14.7,,,,,,,,4.7,,,,,,,,,,,,,,,,,,,,,,87000.0,,,,,,,,,,,,,
3586,Sour Cream,Yummy,1.0,porsi (50 g),110.0,,,2.0,,2.0,11.0,0.0,,,,,,,,1.0,,,,,,,,,,,,,,,,,,,,,,15.0,,,,,,,,,,,,,
3587,Sour Cream & Onion Flavour,Lay's,1.0,porsi (30 g),160.0,,,18.0,,2.0,9.0,4.0,,,,,2.0,,,1.0,,,,,,,,,,,,,,,,,,,,,,,,,,,,,,,,,,,
3588,Sourcrust Rye,De Bakker,1.0,slice (21 g),56.0,,,11.0,,2.0,1.0,,,,,0.0,2.0,,,0.0,,,,,,,,,,,,,,,,,,,,,,105.0,,,,,,,,,,,,,
3589,Sourdough Kruton,Namaste Organic,,,,,,,,,,,,,,,,,,,,,,,,,,,,,,,,,,,,,,,,,,,,,,,,,,,,,
3590,Soursop Bliss,Yoforia,1.0,gelas (200 ml),140.0,,,27.0,,3.0,2.5,1.5,,,,5.0,,,,20.0,,,,,,,,,,,,,,,,,,,,,,45.0,,,,,,,,,,,,,
3591,Soy Bean Milk,Yeo's,1.0,kaleng (300 ml),160.0,,,28.0,,7.0,2.5,0.0,,,,0.0,,,,25.0,,,,,,,,,,,,,,,,,,,,,,15.0,,,,,,,,,,,,,
3592,Soy Chicken,Healthi,,,,,,,,,,,,,,,,,,,,,,,,,,,,,,,,,,,,,,,,,,,,,,,,,,,,,
3593,Soy Coffe Latte,Janji Jiwa,100.0,ml,112.0,,,16.63,,6.32,2.76,0.363,1.109,0.536,,,1.8,,,10.32,,,,,,,,,,,,,,,,,,,,,,87.0,255.0,,,,,,,,,,,,
3594,Soy Isolate Green Tea,Natlab,,,,,,,,,,,,,,,,,,,,,,,,,,,,,,,,,,,,,,,,,,,,,,,,,,,,,
3595,Soy Matcha Latte,Janji Jiwa,,,,,,,,,,,,,,,,,,,,,,,,,,,,,,,,,,,,,,,,,,,,,,,,,,,,,
3596,Soy Protein Chocolate,Natlab,,,,,,,,,,,,,,,,,,,,,,,,,,,,,,,,,,,,,,,,,,,,,,,,,,,,,
3597,Soy Protein Chocolate,The Little Herbalist,2.0,sendok makan (25 g),80.0,,,0.0,,22.0,0.0,0.0,0.0,0.0,,0.0,1.0,,,0.0,,,,,,,,,,,,,,,,,,,,,,0.0,46.0,,,,,,,,,,,,
3598,Soy Protein Diet,Natlab,,,,,,,,,,,,,,,,,,,,,,,,,,,,,,,,,,,,,,,,,,,,,,,,,,,,,
3599,Soy Protein Isolate,Natlab,2.0,sdm (25 g),92.0,,,1.0,,21.0,0.0,0.0,,,,0.0,0.0,,,0.0,,,,,,,,,,,,,,,,,,,,,,0.0,0.0,,,,,,,,,,,,
3600,Soy Protein Isolate,Veganea,1.0,porsi (33 g),120.0,,,3.0,,27.0,1.0,,,,,0.0,,,,,,,,,,,,,,,,,,,,,,,,,,2.0,,,,,,,,,,,,,
3601,Soy Protein Isolate Vanilla,Natlab,,,,,,,,,,,,,,,,,,,,,,,,,,,,,,,,,,,,,,,,,,,,,,,,,,,,,
3602,Soy Protein Raw Chocolate,The Little Herbalist,2.0,sendok makan (25 g),80.0,,,0.0,,22.0,0.0,0.0,,,,0.0,0.0,,,0.0,,,,,,,,,,,,,,,,,,,,,,5.0,,,,,,,,,,,,,
3603,Soy Rich,Yeo's,1.0,botol (250 ml),140.0,,,23.0,,5.0,2.5,,,,,,,,,22.0,,,,,,,,,,,,,,,,,,,,,,15.0,,,,,,,,,,,,,
3604,Soya Bean,Naraya,,,,,,,,,,,,,,,,,,,,,,,,,,,,,,,,,,,,,,,,,,,,,,,,,,,,,
3605,Soya Bean Milk,V-Soy,,,,,,,,,,,,,,,,,,,,,,,,,,,,,,,,,,,,,,,,,,,,,,,,,,,,,
3606,Soya Bean Milk Low Sugar (100ml),V-Soy,,,,,,,,,,,,,,,,,,,,,,,,,,,,,,,,,,,,,,,,,,,,,,,,,,,,,
3607,Soya Bean Milk Low Sugar (250ml),V-Soy,1.0,serving (250 ml),140.0,,,13.0,,6.8,6.8,2.8,2.3,1.3,,0.0,1.0,,,5.5,,,,,,,,,,,,,,,,,,,,,,168.0,,,,,,,,,,,,,
3608,Soya Bean Milk Multi-Grain,V-Soy,1.0,botol (200 ml),138.0,,,15.2,,5.4,6.0,2.4,1.8,1.4,,0.0,1.2,,,14.0,,,,,,,,,,,,,,,,,,,,,,106.0,0.0,,,,,,,,,,,,
3609,Soya Bean Milk Original,V-Soy,1.0,gelas (250 ml),188.0,,,21.0,,8.0,8.5,1.3,3.2,1.2,,0.0,,,,15.0,,,,,,,,,,,,,,,,,,,,,,35.0,,,,,,,,,,,,,
3610,Soya Bean Milk Sugar Free,V-Soy,,,,,,,,,,,,,,,,,,,,,,,,,,,,,,,,,,,,,,,,,,,,,,,,,,,,,
3611,Soya Bean Multi-Grain,V-Soy,100.0,ml,73.0,,,8.4,,2.73,3.05,1.21,1.05,0.79,,0.0,0.5,,,6.22,,,,,,,,,,,,,,,,,,,,,,51.0,,,,,,,,,,,,,
3612,Soya Botol,Naraya,,,,,,,,,,,,,,,,,,,,,,,,,,,,,,,,,,,,,,,,,,,,,,,,,,,,,
3613,Soya Mix,Mama Bear,,,,,,,,,,,,,,,,,,,,,,,,,,,,,,,,,,,,,,,,,,,,,,,,,,,,,
3614,Soya Oil,Sania,1.0,sdm (10 ml),80.0,,,0.0,,0.0,9.0,1.5,6.0,2.0,,0.0,0.0,,,0.0,,,,,,,,,,,,,,,,,,,,,,0.0,0.0,,,,,,,,,,,,
3615,Soya Protein Isolate,Veganea,1.0,serving (33 g),120.0,,,3.0,,27.0,1.0,,,,,0.0,,,,,,,,,,,,,,,,,,,,,,,,,,150.0,25.0,,,,,,,,,,,,
3616,Soybean Protein Muscle,Alamina,1.0,gelas (60 g),270.0,,,18.0,,48.0,13.5,,,,,,,,,3.0,,,,,,,,,,,,,,,,,,,,,,75.0,15.0,,,,,,,,,,,,
3617,Soymilk Hi-Calcium,Lactasoy,,,,,,,,,,,,,,,,,,,,,,,,,,,,,,,,,,,,,,,,,,,,,,,,,,,,,
3618,Soymilk Original,Lactasoy,,,,,,,,,,,,,,,,,,,,,,,,,,,,,,,,,,,,,,,,,,,,,,,,,,,,,
3619,Soymilk Plus Collagen,Lactasoy,,,,,,,,,,,,,,,,,,,,,,,,,,,,,,,,,,,,,,,,,,,,,,,,,,,,,
3620,Soymilk Unsweetened,Lactasoy,,,,,,,,,,,,,,,,,,,,,,,,,,,,,,,,,,,,,,,,,,,,,,,,,,,,,
"3621,Spageti,""Nasi, Mie & Pasta"",100.0,gram (g),157.0,,,30.68,,5.76,0.92,0.175,0.317,0.13,,0.0,1.8,,,0.56,,,,,,,,,,,,,,,,,,,,,,232.0,45.0,,,,,,,,,,,,"
"3622,Spageti Gandum,""Nasi, Mie & Pasta"",100.0,gram (g),123.0,,,26.38,,5.3,0.54,0.098,0.212,0.075,,0.0,4.5,,,0.8,,,,,,,,,,,,,,,,,,,,,,234.0,44.0,,,,,,,,,,,,"
3623,Spagetiku,Egafood,100.0,g,145.0,,,31.0,,3.9,0.5,,,,,,,,,,,,,,,,,,,,,,,,,,,,,,,,,,,,,,,,,,,,
3624,Spagetti with Chicken Sauce,La Fonte,1.0,porsi (117 g),310.0,,,54.0,,12.0,6.0,2.5,0.0,0.0,,,6.0,,,6.0,,,,,,,,,,,,,,,,,,,,,,640.0,170.0,,,,,,,,,,,,
3625,Spaghetti,Balducci,1.0,porsi (125 g),450.0,,,88.7,,15.2,2.5,0.6,,,,0.0,5.0,,,3.8,,,,,,,,,,,,,,,,,,,,,,10.0,0.0,,,,,,,,,,,,
3626,Spaghetti,La Fonte,1.0,piring (60 g),210.0,,,40.0,,8.0,1.0,,,,,,2.0,,,3.0,,,,,,,,,,,,,,,,,,,,,,5.0,,,,,,,,,,,,,
3627,Spaghetti,San Remo,1.0,porsi (125 g),450.0,,,91.0,,16.0,2.5,0.5,1.5,0.0,,0.0,4.0,,,3.0,,,,,,,,,,,,,,,,,,,,,,35.0,,,,,,,,,,,,,
3628,Spaghetti Bolognese,Fit Solution,1.0,porsi (300 g),416.0,,,52.0,,34.0,8.0,,,,,,5.0,,,,,,,,,,,,,,,,,,,,,,,,,,,,,,,,,,,,,,
3629,Spaghetti Brulee,Yellow Fit,1.0,porsi,538.0,,,71.0,,32.0,14.0,,,,,,6.0,,,,,,,,,,,,,,,,,,,,,,,,,,,,,,,,,,,,,,
3630,Spaghetti Carbonara,La Fonte,100.0,g,422.0,,,28.63,,22.7,23.53,7.919,3.088,9.984,,61.0,0.0,,,0.58,,,,,,,,,,,,,,,,,,,,,,714.0,447.0,,,,,,,,,,,,
3631,Spaghetti Gluten Free,San Remo,1.0,porsi (100 g),354.0,,,76.5,,8.0,1.9,0.5,,,,,1.1,,,2.0,,,,,,,,,,,,,,,,,,,,,,20.0,,,,,,,,,,,,,
3632,Spaghetti Konnyaku Saus Carbonara,Fitmee,1.0,porsi (78 ml),120.0,,,27.0,,1.0,1.5,1.0,,,,0.0,4.0,,,5.0,,,,,,,,,,,,,,,,,,,,,,500.0,,,,,,,,,,,,,
3633,Spaghetti Konyaku Saus Bolognese,Fitmee,1.0,porsi (102 g),150.0,,,34.0,,1.0,1.0,0.0,0.0,0.0,,0.0,6.0,,,8.0,,,,,,,,,,,,,,,,,,,,,,610.0,,,,,,,,,,,,,
3634,Spaghetti Sauce,Del Monte,2.0,cup (125 g),70.0,,,14.0,,2.0,1.0,0.0,,,,0.0,3.0,,,10.0,,,,,,,,,,,,,,,,,,,,,,590.0,,,,,,,,,,,,,
3635,Spaghetti Spicy Barbeque,La Pasta,,,,,,,,,,,,,,,,,,,,,,,,,,,,,,,,,,,,,,,,,,,,,,,,,,,,,
3636,Spaghetti with Bolognese Sauce,La Fonte,3.0,sendok (117 g),330.0,,,67.0,,10.0,3.0,1.0,,,,,19.0,,,10.0,,,,,,,,,,,,,,,,,,,,,,720.0,,,,,,,,,,,,,
3637,Spaghetti-10,La Fonte,,,,,,,,,,,,,,,,,,,,,,,,,,,,,,,,,,,,,,,,,,,,,,,,,,,,,
3638,Spaghetti-11,La Fonte,1.0,takaran saji (60 g),220.0,,,43.0,,9.0,1.0,0.5,,,,0.0,2.0,,,0.0,,,,,,,,,,,,,,,,,,,,,,15.0,,,,,,,,,,,,,
3639,Spanish Latte,Caffino,1.0,sajian (200 ml),130.0,,,27.0,,1.0,2.5,2.5,,,,,4.0,,,17.0,,,,,,,,,,,,,,,,,,,,,,125.0,,,,,,,,,,,,,
"3640,Spearmint,FISHERMAN'S FRIEND,1.0,""porsi (1,15 g)"",0.0,,,1.0,,0.0,0.0,0.0,,,,,,,,0.0,,,,,,,,,,,,,,,,,,,,,,0.0,,,,,,,,,,,,,"
3641,Special K Oats & Honey,Kellogg's,,,,,,,,,,,,,,,,,,,,,,,,,,,,,,,,,,,,,,,,,,,,,,,,,,,,,
3642,Special K Original,Kellogg's,1.0,porsi (45 g),170.0,,,37.0,,4.0,0.5,0.5,0.0,0.0,,0.0,7.0,,,8.0,,,,,,,,,,,,,,,,,,,,,,200.0,,,,,,,,,,,,,
3643,Special Mix,Kapal Api,1.0,cangkir (25 g),90.0,,,23.0,,1.0,1.0,,,,,0.0,4.0,,,18.0,,,,,,,,,,,,,,,,,,,,,,10.0,,,,,,,,,,,,,
3644,Spicy Barbeque,La Pasta,1.0,bungkus (57 g),220.0,,,39.0,,7.0,4.0,2.0,,,,,5.0,,,7.0,,,,,,,,,,,,,,,,,,,,,,630.0,183.0,,,,,,,,,,,,
3645,Spicy Beef Bulgogi,Healthi,,,,,,,,,,,,,,,,,,,,,,,,,,,,,,,,,,,,,,,,,,,,,,,,,,,,,
3646,Spicy Beef Nabe with Garlic Rice,Yellow Fit,,,,,,,,,,,,,,,,,,,,,,,,,,,,,,,,,,,,,,,,,,,,,,,,,,,,,
3647,Spicy Bulgogi Toast,Janji Jiwa,100.0,g,260.0,,,30.0,,8.0,12.0,,,,,,,,,,,,,,,,,,,,,,,,,,,,,,,,,,,,,,,,,,,,
3648,Spicy Chicken Noodles,Samyang,1.0,bungkus (105 g),430.0,,,70.0,,9.0,13.0,5.0,,,,0.0,1.0,,,7.0,,,,,,,,,,,,,,,,,,,,,,,0.0,,,,,,,,,,,,
3649,Spicy Laksa,Vegan Baby,1.0,serving (69 g),280.0,,,47.0,,7.0,7.0,,,,,,4.0,,,3.0,,,,,,,,,,,,,,,,,,,,,,220.0,,,,,,,,,,,,,
3650,Spicy Salted Egg Fish Skin,Irvins,1.0,porsi (28 g),170.0,,,5.0,,9.0,13.0,6.0,,,,155.0,0.0,,,3.0,,,,,,,,,,,,,,,,,,,,,,240.0,,,,,,,,,,,,,
3651,Spicy Salted Egg Noodles,Irvins,,,,,,,,,,,,,,,,,,,,,,,,,,,,,,,,,,,,,,,,,,,,,,,,,,,,,
3652,Spicy Seasoning Powder,Khafsha,,,,,,,,,,,,,,,,,,,,,,,,,,,,,,,,,,,,,,,,,,,,,,,,,,,,,
3653,Spicy Sourdough Cracker,Namaste Organic,,,,,,,,,,,,,,,,,,,,,,,,,,,,,,,,,,,,,,,,,,,,,,,,,,,,,
3654,Spicy Tomato,Kewpie,1.0,serving (25 ml),80.0,,,7.0,,0.0,5.0,1.0,,,,,,,,6.0,,,,,,,,,,,,,,,,,,,,,,590.0,,,,,,,,,,,,,
3655,Spicy Wing,Fiesta,100.0,g,200.0,,,5.0,,21.0,11.0,3.5,,,,,,,,1.0,,,,,,,,,,,,,,,,,,,,,,630.0,,,,,,,,,,,,,
3656,Spicy Wing,Hato,1.0,porsi (60 g),140.0,,,7.0,,13.0,7.0,,,,,95.0,,,,,,,,,,,,,,,,,,,,,,,,,,280.0,,,,,,,,,,,,,
3657,Spicy Wing,Jofrans,100.0,g,240.0,,,4.0,,27.0,13.0,3.0,,,,,,,,0.0,,,,,,,,,,,,,,,,,,,,,,340.0,,,,,,,,,,,,,
3658,Spicy Wings,Belfoods,1.0,potong (60 g),120.0,,,7.0,,11.0,5.0,3.5,,,,40.0,3.0,,,2.0,,,,,,,,,,,,,,,,,,,,,,330.0,,,,,,,,,,,,,
3659,Spicy Wings,Fiesta,100.0,g,200.0,,,5.0,,21.0,11.0,3.5,,,,,,,,1.0,,,,,,,,,,,,,,,,,,,,,,630.0,,,,,,,,,,,,,
3660,Spikoe,Rious,1.0,serving (33 g),140.0,,,11.0,,3.0,9.0,7.0,,,,48.0,1.0,,,8.0,,,,,,,,,,,,,,,,,,,,,,75.0,,,,,,,,,,,,,
3661,Spinach Fettuccine,San Remo,1.0,porsi (125 g),457.0,,,89.0,,15.0,2.5,,,,,,6.0,,,4.0,,,,,,,,,,,,,,,,,,,,,,,,,,,,,,,,,,,
3662,Spinach Noodle,Javara,100.0,g,370.0,,,82.0,,11.0,0.0,0.0,,,,,8.0,,,0.0,,,,,,,,,,,,,,,,,,,,,,520.0,,,,,,,,,,,,,
3663,Spiral Macaroni - 210,La Fonte,1.0,porsi (60 g),220.0,,,45.0,,8.0,0.0,0.0,,,,0.0,2.0,,,1.0,,,,,,,,,,,,,,,,,,,,,,42.0,,,,,,,,,,,,,
3664,Sponge,Oishi,1.0,porsi (30 g),160.0,,,18.0,,2.0,9.0,,,,,,,,,7.0,,,,,,,,,,,,,,,,,,,,,,,,,,,,,,,,,,,
3665,Sponge Chocolate,Oishi,1.0,porsi (18 g),90.0,,,11.0,,1.0,5.0,4.5,,,,0.0,,,,5.0,,,,,,,,,,,,,,,,,,,,,,20.0,,,,,,,,,,,,,
3666,Sponge Crunch Coklat,Oishi,4.0,potong (9 g),45.0,,,6.0,,1.0,2.5,2.0,,,,,0.0,,,,,,,,,,,,,,,,,,,,,,,,,10.0,,,,,,,,,,,,,
3667,Sponge Crunch Strawberry,Oishi,4.0,potong (20 g),110.0,,,12.0,,1.0,6.0,6.0,,,,0.0,1.0,,,4.0,,,,,,,,,,,,,,,,,,,,,,30.0,,,,,,,,,,,,,
3668,Sporte,Realfood,1.0,sachet (50 g),210.0,,,22.0,,19.0,5.0,3.5,0.0,1.0,,40.0,7.0,,,4.0,,,,,,,,,,,,,,,,,,,,,,230.0,,,,,,,,,,,,,
3669,Sporte Realpro,Realfood,1.0,takaran saji (35 g),130.0,,,8.0,,25.0,1.0,1.5,,,,35.0,,,,2.0,,,,,,,,,,,,,,,,,,,,,,85.0,,,,,,,,,,,,,
3670,Spreadable Processed Cheese,The Laughing Cow,1.0,portion (15 g),36.0,,,1.0,,1.7,2.8,1.9,0.0,0.0,,0.0,0.0,,,1.0,,,,,,,,,,,,,,,,,,,,,,0.0,0.0,,,,,,,,,,,,
3671,Spreadable Processed Cheese,Wincheez,,,,,,,,,,,,,,,,,,,,,,,,,,,,,,,,,,,,,,,,,,,,,,,,,,,,,
3672,Spring Thailand Chicken Wrap,Salad Point,,,,,,,,,,,,,,,,,,,,,,,,,,,,,,,,,,,,,,,,,,,,,,,,,,,,,
3673,Spring Thailand Salad,Salad Point,,,,,,,,,,,,,,,,,,,,,,,,,,,,,,,,,,,,,,,,,,,,,,,,,,,,,
3674,Square Puff,Aim Biscuits,3.0,keping (25 g),120.0,,,18.0,,2.0,4.0,2.5,,,,,,,,1.0,,,,,,,,,,,,,,,,,,,,,,115.0,,,,,,,,,,,,,
3675,Squash Delight Jeruk Florida,ABC,1.0,porsi (29 ml),25.0,,,6.0,,0.0,0.0,0.0,0.0,0.0,,0.0,,,,6.0,,,,,,,,,,,,,,,,,,,,,,50.0,,,,,,,,,,,,,
3676,Squash Delight Leci,ABC,1.0,porsi (29 ml),40.0,,,10.0,,0.0,0.0,0.0,,,,,,,,10.0,,,,,,,,,,,,,,,,,,,,,,10.0,,,,,,,,,,,,,
3677,Star,Jetz,,,,,,,,,,,,,,,,,,,,,,,,,,,,,,,,,,,,,,,,,,,,,,,,,,,,,
3678,Star Cracker,Oops,1.0,bungkus (10 g),45.0,,,7.0,,1.0,1.5,1.0,,,,,1.0,,,1.0,,,,,,,,,,,,,,,,,,,,,,130.0,,,,,,,,,,,,,
3679,Starmix,Haribo,1.0,takaran saji (30 g),110.0,,,25.0,,2.0,0.0,,,,,,2.0,,,16.0,,,,,,,,,,,,,,,,,,,,,,0.0,,,,,,,,,,,,,
3680,Stax Original,Lay's,,,,,,,,,,,,,,,,,,,,,,,,,,,,,,,,,,,,,,,,,,,,,,,,,,,,,
3681,Stax Spicy Prawn,Lay's,,,,,,,,,,,,,,,,,,,,,,,,,,,,,,,,,,,,,,,,,,,,,,,,,,,,,
3682,Steak House Burger Marinade,Jay's Kitchen,,,,,,,,,,,,,,,,,,,,,,,,,,,,,,,,,,,,,,,,,,,,,,,,,,,,,
3683,Steam Cake Choco Flavor,Yamazaki,,,,,,,,,,,,,,,,,,,,,,,,,,,,,,,,,,,,,,,,,,,,,,,,,,,,,
3684,Steam Cake Red Velvet & Cheese,Yamazaki,,,,,,,,,,,,,,,,,,,,,,,,,,,,,,,,,,,,,,,,,,,,,,,,,,,,,
3685,Steamboat,Cedea,1.0,sajian (20 g),15.0,,,1.0,,1.0,1.0,,,,,,,,,0.0,,,,,,,,,,,,,,,,,,,,,,120.0,,,,,,,,,,,,,
3686,Steamboat Dashi Sauce,Cedea,1.0,porsi (20 g),15.0,,,1.0,,1.0,1.0,0.0,,,,,,,,0.0,,,,,,,,,,,,,,,,,,,,,,120.0,,,,,,,,,,,,,
3687,Steamboat Tomyum,Cedea,1.0,porsi (10 g),10.0,,,1.0,,1.0,0.0,0.0,,,,,,,,0.0,,,,,,,,,,,,,,,,,,,,,,90.0,,,,,,,,,,,,,
3688,Steamed Cheese Cake Banana,Paroti,1.0,porsi (55 g),170.0,,,27.0,,4.0,5.0,2.0,,,,,,,,12.0,,,,,,,,,,,,,,,,,,,,,,100.0,,,,,,,,,,,,,
3689,Steamed Cheesecake,Garmelia,1.0,kemasan (90 g),310.0,,,46.0,,6.0,11.0,3.0,,,,,,,,16.0,,,,,,,,,,,,,,,,,,,,,,230.0,,,,,,,,,,,,,
3690,Steel Cut Oats,Oatsy,,,,,,,,,,,,,,,,,,,,,,,,,,,,,,,,,,,,,,,,,,,,,,,,,,,,,
3691,Stevia Natural Sweetener,Beeru,100.0,g,0.0,,,0.0,,0.0,0.0,0.0,0.0,0.0,,0.0,0.0,,,0.0,,,,,,,,,,,,,,,,,,,,,,0.0,0.0,,,,,,,,,,,,
"3692,Stevia Sweetener,Beeru,1.0,""tetes (0,1 ml)"",0.0,,,0.0,,0.0,0.0,0.0,0.0,0.0,,0.0,0.0,,,0.0,,,,,,,,,,,,,,,,,,,,,,0.0,0.0,,,,,,,,,,,,"
3693,Stick Choco Fiesta,Jetz,1.0,sajian (20 g),100.0,,,14.0,,1.0,4.5,2.0,,,,,,,,5.0,,,,,,,,,,,,,,,,,,,,,,50.0,,,,,,,,,,,,,
3694,Stick Chocolate,Zyluc,100.0,g,459.0,,,73.18,,6.82,15.47,12.98,,,,,,,,23.55,,,,,,,,,,,,,,,,,,,,,,367.0,,,,,,,,,,,,,
3695,Sticks,Reese's,2.0,sticks (42 g),220.0,,,24.0,,4.0,13.0,6.0,,,,0.0,2.0,,,18.0,,,,,,,,,,,,,,,,,,,,,,135.0,,,,,,,,,,,,,
3696,Stik Bulat Rasa Cokelat,Yale Yale,1.0,porsi  (8 g),40.0,,,5.0,,0.0,2.0,0.0,,,,0.0,0.0,,,1.0,,,,,,,,,,,,,,,,,,,,,,0.0,0.0,,,,,,,,,,,,
3697,Stik Gandum Cokelat,Larisst,3.0,potong (25 g),130.0,,,15.0,,1.0,7.0,3.0,0.0,0.0,,0.0,0.0,,,9.0,,,,,,,,,,,,,,,,,,,,,,15.0,0.0,,,,,,,,,,,,
3698,Stik Gandum Isi Krim Cokelat,Larisst,,,,,,,,,,,,,,,,,,,,,,,,,,,,,,,,,,,,,,,,,,,,,,,,,,,,,
3699,Stik Gandum Isi Krim Vanila,Larisst,,,,,,,,,,,,,,,,,,,,,,,,,,,,,,,,,,,,,,,,,,,,,,,,,,,,,
3700,Stik Naget Ayam,Okey,100.0,g,280.0,,,28.0,,9.0,15.0,7.0,,,,,,,,,,,,,,,,,,,,,,,,,,,,,,480.0,,,,,,,,,,,,,
3701,Strawberry Cheesecake,Campina,100.0,g,150.0,,,18.0,,3.0,7.0,6.0,,,,,,,,7.0,,,,,,,,,,,,,,,,,,,,,,85.0,,,,,,,,,,,,,
3702,Strawberry Cheesecake Mini Bites,Wonhae,1.0,porsi (20 g),110.0,,,12.0,,1.0,7.0,4.5,,,,,1.0,,,6.0,,,,,,,,,,,,,,,,,,,,,,45.0,,,,,,,,,,,,,
3703,Strawberry Chia Jelly,Acaii Tea,1.0,bottle (500 ml),130.0,,,26.0,,1.0,0.0,,,,,,6.0,,,,,,,,,,,,,,,,,,,,,,,,,,,,,,,,,,,,,,
3704,Strawberry Cookies,Nextar,,,,,,,,,,,,,,,,,,,,,,,,,,,,,,,,,,,,,,,,,,,,,,,,,,,,,
3705,Strawberry Corn Flakes,Kellogg's,,,,,,,,,,,,,,,,,,,,,,,,,,,,,,,,,,,,,,,,,,,,,,,,,,,,,
3706,Strawberry Crispy,Aice,1.0,kemasan saji (90 ml),110.0,,,13.0,,0.0,6.0,5.0,,,,0.0,0.0,,,9.0,,,,,,,,,,,,,,,,,,,,,,20.0,,,,,,,,,,,,,
3707,Strawberry Flavour,Baricho,1.0,bungkus (7 g),35.0,,,5.0,,0.0,1.5,1.5,,,,0.0,0.0,,,2.0,,,,,,,,,,,,,,,,,,,,,,20.0,,,,,,,,,,,,,
3708,Strawberry Flavour,Pocky,1.0,sajian (21 g),110.0,,,14.0,,1.0,4.5,4.5,,,,,1.0,,,7.0,,,,,,,,,,,,,,,,,,,,,,45.0,,,,,,,,,,,,,
3709,Strawberry Flavour Cream Biscuit,Hatari,3.0,pasang (21 g),100.0,,,16.0,,1.0,3.0,1.5,,,,,1.0,,,7.0,,,,,,,,,,,,,,,,,,,,,,70.0,,,,,,,,,,,,,
3710,Strawberry Jam,Namaste Organic,,,,,,,,,,,,,,,,,,,,,,,,,,,,,,,,,,,,,,,,,,,,,,,,,,,,,
3711,Strawberry Shake Milk,Zee,1.0,pack (200 ml),150.0,,,22.0,,6.0,4.0,3.0,,,,10.0,0.0,,,21.0,,,,,,,,,,,,,,,,,,,,,,100.0,240.0,,,,,,,,,,,,
3712,Strawberry Yoghurt,Yummy,1.0,cangkir (80 g),80.0,,,12.0,,3.0,2.0,1.0,,,,10.0,,,,7.0,,,,,,,,,,,,,,,,,,,,,,30.0,,,,,,,,,,,,,
3713,Strawberry Yogurt Puffs,Alamii,1.0,porsi (13 g),60.0,,,9.0,,1.0,2.5,0.5,,,,,,,,2.0,,,,,,,,,,,,,,,,,,,,,,15.0,,,,,,,,,,,,,
3714,Strawberry and Yoghurt,Oatbits,,,,,,,,,,,,,,,,,,,,,,,,,,,,,,,,,,,,,,,,,,,,,,,,,,,,,
3715,Stringers,Bega,1.0,stick (20 g),62.0,,,0.4,,5.1,4.5,2.9,,,,,,,,,,,,,,,,,,,,,,,,,,,,,,130.0,,,,,,,,,,,,,
3716,Stroberi,Buah,100.0,gram (g),32.0,,,7.68,,0.67,0.3,0.015,0.155,0.043,,0.0,2.0,,,4.66,,,,,,,,,,,,,,,,,,,,,,1.0,153.0,,,,,,,,,,,,
3717,Stroberi,Lainnya,100.0,gram (g),32.0,,,7.68,,0.67,0.3,0.015,0.155,0.043,,0.0,2.0,,,4.66,,,,,,,,,,,,,,,,,,,,,,1.0,153.0,,,,,,,,,,,,
3718,Stroberi Beku,Buah,100.0,gram (g),87.0,,,23.46,,0.52,0.14,0.007,0.066,0.019,,0.0,1.9,,,21.49,,,,,,,,,,,,,,,,,,,,,,2.0,98.0,,,,,,,,,,,,
3719,Stroberi Beku dengan Gula,Buah,1.0,mangkok,222.0,,,59.82,,1.33,0.36,0.018,0.168,0.048,,0.0,4.8,,,54.8,,,,,,,,,,,,,,,,,,,,,,5.0,250.0,,,,,,,,,,,,
3720,Stroberi Beku tanpa Pemanis,Buah,100.0,gram (g),35.0,,,9.13,,0.43,0.11,0.006,0.054,0.015,,0.0,2.1,,,4.56,,,,,,,,,,,,,,,,,,,,,,2.0,148.0,,,,,,,,,,,,
3721,Stroberi dalam Sirup (Dimasak atau Kalengan),Buah,100.0,gram (g),92.0,,,23.53,,0.56,0.26,0.014,0.129,0.036,,0.0,1.7,,,21.83,,,,,,,,,,,,,,,,,,,,,,4.0,86.0,,,,,,,,,,,,
3722,Sugar Free,Teh Pucuk Harum,1.0,botol (240 ml),90.0,,,22.0,,0.0,0.0,,,,,,,,,0.0,,,,,,,,,,,,,,,,,,,,,,5.0,,,,,,,,,,,,,
3723,Suky Suky,Oishi,1.0,bungkus (20 g),100.0,,,13.0,,1.0,5.0,2.5,,,,0.0,1.0,,,4.0,,,,,,,,,,,,,,,,,,,,,,150.0,,,,,,,,,,,,,
3724,Summer Caesar,Salad Point,1.0,porsi,449.0,,,16.0,,17.0,37.0,,,,,,4.0,,,4.0,,,,,,,,,,,,,,,,,,,,,,465.0,,,,,,,,,,,,,
3725,Summer Passion,Nakedpress,,,,,,,,,,,,,,,,,,,,,,,,,,,,,,,,,,,,,,,,,,,,,,,,,,,,,
3726,Sun Dried Tomato Pesto,Filippo Berio,1.0,serving (60 g),236.0,,,2.8,,1.5,24.0,2.8,,,,,,,,2.2,,,,,,,,,,,,,,,,,,,,,,,,,,,,,,,,,,,
3727,Sundubu Jjigae With Shrimp Paste And Korean Corn Rice,Yellow Fit,,,,,,,,,,,,,,,,,,,,,,,,,,,,,,,,,,,,,,,,,,,,,,,,,,,,,
3728,Sunrise,Nakedpress,,,,,,,,,,,,,,,,,,,,,,,,,,,,,,,,,,,,,,,,,,,,,,,,,,,,,
3729,Sup,Makanan,,,,,,,,,,,,,,,,,,,,,,,,,,,,,,,,,,,,,,,,,,,,,,,,,,,,,
3730,Sup Ayam,Sup,1.0,mangkok,75.0,,,9.35,,4.05,2.46,0.651,0.554,1.109,,7.0,0.7,,,0.27,,,,,,,,,,,,,,,,,,,,,,1106.0,55.0,,,,,,,,,,,,
"3731,""Sup Ayam (dan) Sayur (dengan Volume Air yang Sama, Kalengan)"",Sup,1.0,gelas (240 ml),75.0,,,8.58,,3.62,2.84,0.844,0.602,1.277,,10.0,1.0,,,1.3,,,,,,,,,,,,,,,,,,,,,,945.0,154.0,,,,,,,,,,,,"
3732,Sup Ayam Kental (Kalengan),Sup,1.0,mangkok,170.0,,,16.51,,12.14,6.34,1.896,1.32,2.832,,29.0,1.4,,,2.09,,,,,,,,,,,,,,,,,,,,,,850.0,168.0,,,,,,,,,,,,
3733,Sup Krim Ayam,Mama Suka,1.0,takaran saji (15 g),50.0,,,10.0,,1.0,1.0,1.0,,,,0.0,1.0,,,3.0,,,,,,,,,,,,,,,,,,,,,,650.0,0.0,,,,,,,,,,,,
3734,Sup Krim Jagung,Mama Suka,,,,,,,,,,,,,,,,,,,,,,,,,,,,,,,,,,,,,,,,,,,,,,,,,,,,,
3735,Sup Krim Jamur,Mama Suka,,,,,,,,,,,,,,,,,,,,,,,,,,,,,,,,,,,,,,,,,,,,,,,,,,,,,
3736,Sup Mie Ayam,Sup,1.0,mangkok,65.0,,,7.4,,3.18,2.39,0.658,0.663,1.048,,14.0,0.0,,,1.06,,,,,,,,,,,,,,,,,,,,,,868.0,53.0,,,,,,,,,,,,
3737,Sup Mie Daging Sapi,Sup,1.0,mangkok,83.0,,,8.98,,4.83,3.07,1.142,0.49,1.242,,5.0,0.7,,,2.59,,,,,,,,,,,,,,,,,,,,,,954.0,100.0,,,,,,,,,,,,
3738,Sup Mie Instan,Sup,1.0,mangkok,46.0,,,7.32,,2.16,0.84,0.262,0.177,0.322,,7.0,0.5,,,0.43,,,,,,,,,,,,,,,,,,,,,,758.0,60.0,,,,,,,,,,,,
3739,Sup Miso,Sup,1.0,mangkok,84.0,,,7.78,,6.02,3.36,0.622,1.394,1.085,,0.0,1.9,,,2.59,,,,,,,,,,,,,,,,,,,,,,998.0,367.0,,,,,,,,,,,,
3740,Sup Nasi Ayam,Sup,1.0,mangkok,60.0,,,7.16,,3.54,1.9,0.453,0.417,0.906,,7.0,0.7,,,0.19,,,,,,,,,,,,,,,,,,,,,,817.0,101.0,,,,,,,,,,,,
3741,Sup Tomat,Sup,1.0,mangkok,102.0,,,17.93,,3.05,2.93,0.988,0.988,0.727,,5.0,1.0,,,10.54,,,,,,,,,,,,,,,,,,,,,,705.0,307.0,,,,,,,,,,,,
3742,Sup Tomat (Disiapkan dengan Air),Sup,1.0,mangkok,76.0,,,16.84,,2.03,0.71,0.344,0.449,0.422,,0.0,1.5,,,10.17,,,,,,,,,,,,,,,,,,,,,,693.0,288.0,,,,,,,,,,,,
"3743,""Sup Tomat (Kalengan, Terkondensasi)"",Sup,1.0,mangkok,151.0,,,33.66,,4.04,1.41,0.688,0.896,0.846,,0.0,3.0,,,20.36,,,,,,,,,,,,,,,,,,,,,,1383.0,575.0,,,,,,,,,,,,"
3744,Super Orange,Acaii Tea,1.0,botol (500 ml),210.0,,,49.0,,4.0,0.0,,,,,,,,,,,,,,,,,,,,,,,,,,,,,,,,,,,,,,,,,,,,
"3745,Super Slices,Bega,1.0,""slice (20,8 g)"",63.0,,,0.6,,3.4,5.3,3.5,,,,0.0,,,,0.6,,,,,,,,,,,,,,,,,,,,,,275.0,,,,,,,,,,,,,"
"3746,Super Zuper,Unifam,1.0,""piece (2,5 g)"",20.0,,,5.0,,0.0,0.0,,,,,0.0,,,,3.0,,,,,,,,,,,,,,,,,,,,,,0.0,0.0,,,,,,,,,,,,"
3747,Suplemen Kesehatan,PANTHER,1.0,cup (170 ml),30.0,,,7.0,,0.0,0.0,0.0,0.0,0.0,,,,,,7.0,,,,,,,,,,,,,,,,,,,,,,,,,,,,,,,,,,,
3748,Sushi,Makanan Ringan,1.0,buah,37.0,,,7.77,,1.12,0.11,0.023,0.033,0.033,,1.0,0.2,,,1.63,,,,,,,,,,,,,,,,,,,,,,155.0,34.0,,,,,,,,,,,,
"3749,Sushi Nori,Javasuperfood,1.0,""lembar (2,5 g)"",10.0,,,1.0,,1.0,0.0,,,,,,,,,,,,,,,,,,,,,,,,,,,,,,,5.0,,,,,,,,,,,,,"
3750,Sushi dengan Sayuran,Makanan Ringan,1.0,buah,38.0,,,8.24,,0.8,0.07,0.018,0.023,0.017,,0.0,0.3,,,1.7,,,,,,,,,,,,,,,,,,,,,,62.0,26.0,,,,,,,,,,,,
3751,Sushi dengan Sayuran dan Seafood,Makanan Ringan,1.0,buah,36.0,,,7.15,,1.4,0.11,0.026,0.032,0.023,,2.0,0.3,,,1.47,,,,,,,,,,,,,,,,,,,,,,56.0,34.0,,,,,,,,,,,,
3752,Sushi dengan Sayuran yang Digulung dengan Rumput Laut,Makanan Ringan,1.0,buah,31.0,,,6.71,,0.57,0.06,0.017,0.018,0.018,,0.0,0.1,,,1.16,,,,,,,,,,,,,,,,,,,,,,25.0,16.0,,,,,,,,,,,,
3753,Susu,Dancow,1.0,sachet (26 g),120.0,,,13.0,,5.0,5.0,3.5,,,,15.0,,,,11.0,,,,,,,,,,,,,,,,,,,,,,90.0,,,,,,,,,,,,,
3754,Susu,Ensure,1.0,gelas (230 ml),190.0,,,26.0,,7.0,6.0,1.0,1.5,4.5,,4.0,2.0,,,8.0,,,,,,,,,,,,,,,,,,,,,,160.0,290.0,,,,,,,,,,,,
3755,Susu,Indomilk,100.0,g,90.0,,,14.0,,3.0,2.5,0.0,0.0,1.0,,5.0,,,,14.0,,,,,,,,,,,,,,,,,,,,,,30.0,4.0,,,,,,,,,,,,
3756,Susu,Keju & Susu,1.0,gelas,122.0,,,11.49,,8.03,4.88,2.965,0.249,1.301,,17.0,0.0,,,12.59,,,,,,,,,,,,,,,,,,,,,,100.0,361.0,,,,,,,,,,,,
3757,Susu,WRP,,,,,,,,,,,,,,,,,,,,,,,,,,,,,,,,,,,,,,,,,,,,,,,,,,,,,
3758,Susu,Zee,1.0,sachet (40 g),160.0,,,25.0,,5.0,4.0,3.5,0.0,0.0,,5.0,0.0,,,16.0,,,,,,,,,,,,,,,,,,,,,,85.0,,,,,,,,,,,,,
3759,Susu (tanpa Lemak),Keju & Susu,1.0,gelas,86.0,,,11.88,,8.35,0.44,0.287,0.017,0.115,,5.0,0.0,,,12.47,,,,,,,,,,,,,,,,,,,,,,127.0,407.0,,,,,,,,,,,,
3760,Susu Bear Brand,Nestle,1.0,kaleng (189 ml),120.0,,,9.0,,6.0,7.0,5.0,,,,25.0,,,,9.0,,,,,,,,,,,,,,,,,,,,,,95.0,115.0,,,,,,,,,,,,
3761,Susu Bubuk,Lactona,1.0,porsi (40 g),170.0,,,27.0,,7.0,3.5,2.0,,,,10.0,4.0,,,20.0,,,,,,,,,,,,,,,,,,,,,,120.0,,,,,,,,,,,,,
3762,Susu Bubuk Cokelat,Indoprima,1.0,porsi (35 g),170.0,,,26.0,,8.0,5.0,0.0,,,,15.0,,,,15.0,,,,,,,,,,,,,,,,,,,,,,50.0,,,,,,,,,,,,,
3763,Susu Bubuk Instan Rasa Cokelat,Gizzi,1.0,porsi (38 g),170.0,,,25.0,,5.0,6.0,4.0,,,,15.0,,,,19.0,,,,,,,,,,,,,,,,,,,,,,110.0,,,,,,,,,,,,,
3764,Susu Bubuk Instant Rasa Original,Gizzi,1.0,porsi (27 g),130.0,,,14.0,,5.0,6.0,0.144,,,,20.0,,,,11.0,,,,,,,,,,,,,,,,,,,,,,120.0,,,,,,,,,,,,,
3765,Susu Bubuk Skim,Vitayang,1.0,bungkus  (15 g),60.0,,,9.0,,5.0,0.0,,,,,,,,,5.0,,,,,,,,,,,,,,,,,,,,,,20.0,,,,,,,,,,,,,
3766,Susu Coklat,Entrasol,1.0,gelas (200 ml),130.0,,,22.0,,6.0,2.5,1.5,0.0,0.0,,5.0,2.0,,,20.0,,,,,,,,,,,,,,,,,,,,,,150.0,6.0,,,,,,,,,,,,
3767,Susu Coklat (Lemak telah Dikurangi),Minuman,1.0,gelas,190.0,,,30.32,,7.48,4.75,2.942,0.222,1.138,,20.0,1.8,,,23.88,,,,,,,,,,,,,,,,,,,,,,165.0,422.0,,,,,,,,,,,,
3768,Susu Coklat (Rendah Lemak ),Minuman,1.0,gelas,158.0,,,26.1,,8.1,2.5,1.54,0.088,0.75,,8.0,1.2,,,24.85,,,,,,,,,,,,,,,,,,,,,,152.0,425.0,,,,,,,,,,,,
3769,Susu Coklat (Seluruhnya),Minuman,100.0,ml,88.0,,,10.91,,3.34,3.58,2.22,0.131,1.044,,13.0,0.8,,,10.06,,,,,,,,,,,,,,,,,,,,,,63.0,176.0,,,,,,,,,,,,
3770,Susu Coklat Panas,Minuman,1.0,cangkir,192.0,,,26.58,,8.8,5.82,3.578,0.085,1.692,,20.0,2.5,,,24.18,,,,,,,,,,,,,,,,,,,,,,110.0,492.0,,,,,,,,,,,,
3771,Susu Evaporasi,Carnation,1.0,porsi (40 g),50.0,,,5.0,,2.0,2.5,1.0,,,,,,,,3.0,,,,,,,,,,,,,,,,,,,,,,25.0,,,,,,,,,,,,,
3772,Susu Evaporasi,F&N,1.0,serving (20 g),30.0,,,2.0,,0.0,2.5,1.0,,,,0.0,0.0,,,1.0,,,,,,,,,,,,,,,,,,,,,,10.0,0.0,,,,,,,,,,,,
3773,Susu Full Cream,Indomilk,1.0,kotak (250 ml),150.0,,,13.0,,8.0,8.0,4.0,4.0,4.0,,25.0,1.0,,,5.0,,,,,,,,,,,,,,,,,,,,,,130.0,380.0,,,,,,,,,,,,
3774,Susu Full Cream,Indoprima,1.0,sendok makan (35 g),180.0,,,14.0,,8.0,10.0,0.0,,,,5.0,,,,,,,,,,,,,,,,,,,,,,,,,,75.0,,,,,,,,,,,,,
3775,Susu Kedelai,Kent Protein,1.0,porsi (50 g),203.0,,,6.0,,21.17,1.9,1.9,11.5,,,,9.4,,,0.0,,,,,,,,,,,,,,,,,,,,,,,,,,,,,,,,,,,
3776,Susu Kedelai,Minuman,100.0,ml,54.0,,,5.1,,4.64,1.99,0.241,0.793,0.396,,0.0,1.3,,,0.52,,,,,,,,,,,,,,,,,,,,,,57.0,128.0,,,,,,,,,,,,
3777,Susu Kedelai,Naraya,,,,,,,,,,,,,,,,,,,,,,,,,,,,,,,,,,,,,,,,,,,,,,,,,,,,,
3778,Susu Kedelai,Yeo's,1.0,kaleng (300 ml),120.0,,,18.0,,6.0,3.0,,,,,,,,,13.0,,,,,,,,,,,,,,,,,,,,,,20.0,,,,,,,,,,,,,
3779,Susu Kedelai (Kalsium Difortifikasi),Minuman,1.0,gelas,98.0,,,8.38,,7.35,3.97,0.507,1.534,0.642,,0.0,,,,0.91,,,,,,,,,,,,,,,,,,,,,,96.0,225.0,,,,,,,,,,,,
3780,Susu Kental Manis,Indomilk,1.0,sendok (30 g),100.0,,,17.0,,1.0,3.0,1.5,,1.0,,2.0,1.0,,,15.0,,,,,,,,,,,,,,,,,,,,,,,190.0,,,,,,,,,,,,
3781,Susu Kental Manis,Cap Enaak,1.0,sachet (30 g),100.0,,,18.0,,1.0,3.0,1.5,0.0,1.5,,0.0,1.0,,,16.0,,,,,,,,,,,,,,,,,,,,,,25.0,110.0,,,,,,,,,,,,
3782,Susu Kental Manis Cokelat,Indomilk,2.0,sendok makan (37 g),100.0,,,18.0,,1.0,3.0,1.5,,1.5,,,2.0,,,14.0,,,,,,,,,,,,,,,,,,,,,,20.0,,,,,,,,,,,,,
3783,Susu Kurma,Joyday,1.0,porsi,130.0,,,12.0,,1.0,8.0,6.0,,,,,,,,11.0,,,,,,,,,,,,,,,,,,,,,,15.0,,,,,,,,,,,,,
3784,Susu Murni,Keju & Susu,100.0,ml,62.0,,,4.66,,3.32,3.35,1.923,0.201,0.837,,10.0,0.0,,,5.42,,,,,,,,,,,,,,,,,,,,,,41.0,147.0,,,,,,,,,,,,
3785,Susu Murni,Nasional,,,,,,,,,,,,,,,,,,,,,,,,,,,,,,,,,,,,,,,,,,,,,,,,,,,,,
3786,Susu Pasteurisasi Rasa Coklat,Nasional,,,,,,,,,,,,,,,,,,,,,,,,,,,,,,,,,,,,,,,,,,,,,,,,,,,,,
3787,Susu Pasteurisasi Rasa Moka,Nasional,,,,,,,,,,,,,,,,,,,,,,,,,,,,,,,,,,,,,,,,,,,,,,,,,,,,,
3788,Susu Pasteurisasi Rasa Stroberi,Nasional,1.0,sajian (160 ml),170.0,,,29.0,,4.0,4.5,2.5,,,,,,,,28.0,,,,,,,,,,,,,,,,,,,,,,50.0,,,,,,,,,,,,,
3789,Susu Pasteurisasi Rasa Vanilla,Nasional,,,,,,,,,,,,,,,,,,,,,,,,,,,,,,,,,,,,,,,,,,,,,,,,,,,,,
3790,Susu Putih Manis,Nasional,,,,,,,,,,,,,,,,,,,,,,,,,,,,,,,,,,,,,,,,,,,,,,,,,,,,,
3791,Susu Rasa Melon,Indomilk,1.0,porsi (190 ml),120.0,,,18.0,,4.0,4.0,2.5,0.0,1.0,,10.0,2.0,,,17.0,,,,,,,,,,,,,,,,,,,,,,55.0,240.0,,,,,,,,,,,,
3792,Susu Rasa Sereal Coklat,Real Good,1.0,kemasan  (80 ml),50.0,,,9.0,,1.0,1.5,1.0,,,,0.0,,,,6.0,,,,,,,,,,,,,,,,,,,,,,30.0,,,,,,,,,,,,,
3793,Susu Rasa Sereal Stroberi,Real Good,1.0,porsi (125 ml),80.0,,,14.0,,1.0,2.5,2.5,,,,0.0,,,,9.0,,,,,,,,,,,,,,,,,,,,,,65.0,,,,,,,,,,,,,
3794,Susu Rendah Lemak,Keju & Susu,1.0,mangkok,102.0,,,12.18,,8.22,2.37,1.545,0.085,0.676,,12.0,0.0,,,12.69,,,,,,,,,,,,,,,,,,,,,,107.0,366.0,,,,,,,,,,,,
3795,Susu SKM,Indomilk,1.0,bungkus (37 g),120.0,,,22.0,,1.0,3.5,1.5,0.0,1.5,,1.0,3.0,,,18.0,,,,,,,,,,,,,,,,,,,,,,25.0,3.0,,,,,,,,,,,,
3796,Susu Segar Tawar,Nasional,,,,,,,,,,,,,,,,,,,,,,,,,,,,,,,,,,,,,,,,,,,,,,,,,,,,,
3797,Susu Skim Bubuk,Lactona,3.0,sdm (30 g),110.0,,,17.0,,9.0,0.0,0.0,,,,0.0,2.0,,,,,,,,,,,,,,,,,,,,,,,,,140.0,300.0,,,,,,,,,,,,
3798,Susu Skim Coklat,Minuman,1.0,gelas,140.0,,,27.22,,8.55,0.7,0.582,0.032,0.285,,5.0,1.2,,,25.4,,,,,,,,,,,,,,,,,,,,,,98.0,462.0,,,,,,,,,,,,
3799,Susu Steril,Entrasol,1.0,kaleng (180 ml),100.0,,,9.0,,6.0,4.0,3.0,,,,15.0,,,,9.0,,,,,,,,,,,,,,,,,,,,,,80.0,,,,,,,,,,,,,
3800,Susu Steril Ekstrak Buah Zaitun,Entrasol,100.0,ml,100.0,,,9.0,,6.0,4.0,3.0,,,,,,,,9.0,,,,,,,,,,,,,,,,,,,,,,80.0,15.0,,,,,,,,,,,,
3801,Susu Tango Kido Full Cream,Tango,1.0,porsi (115 ml),60.0,,,7.0,,2.0,2.5,2.0,,,,3.0,1.0,,,5.0,,,,,,,,,,,,,,,,,,,,,,20.0,,,,,,,,,,,,,
3802,Susu UHT,Real Good,1.0,kantong (50 ml),35.0,,,6.0,,1.0,1.0,0.5,,,,0.0,3.0,,,4.0,,,,,,,,,,,,,,,,,,,,,,20.0,235.0,,,,,,,,,,,,
3803,Susu UHT,Ultra Milk,1.0,porsi (250 ml),200.0,,,30.0,,8.0,5.0,4.0,,,,14.0,,,,24.0,,,,,,,,,,,,,,,,,,,,,,55.0,320.0,,,,,,,,,,,,
3804,Susu UHT Coklat,Indomilk,1.0,pak (200 ml),170.0,,,26.0,,4.0,5.0,,,,,100.0,1.0,,,20.0,,,,,,,,,,,,,,,,,,,,,,90.0,,,,,,,,,,,,,
3805,Susu UHT Full Cream,Ultra Milk,1.0,gelas (250 ml),150.0,,,12.0,,8.0,8.0,3.5,,,,24.0,2.0,,,10.0,,,,,,,,,,,,,,,,,,,,,,50.0,490.0,,,,,,,,,,,,
3806,Susu UHT Full Cream (200ml),Ultra Milk,1.0,pak (200 ml),120.0,,,10.0,,6.0,6.0,3.0,,,,18.0,1.0,,,8.0,,,,,,,,,,,,,,,,,,,,,,40.0,400.0,,,,,,,,,,,,
3807,Susu UHT Full Cream (250ml),Ultra Milk,1.0,pak (250 ml),150.0,,,12.0,,8.0,8.0,3.5,1.5,3.0,,20.0,2.0,,,10.0,,,,,,,,,,,,,,,,,,,,,,55.0,400.0,,,,,,,,,,,,
3808,Susu UHT Full Cream Plain,Indomilk,1.0,gelas (250 ml),150.0,,,12.0,,8.0,8.0,3.5,2.0,2.0,,25.0,4.0,,,11.0,,,,,,,,,,,,,,,,,,,,,,130.0,380.0,,,,,,,,,,,,
3809,Susu UHT Kids Cokelat,Indomilk,1.0,porsi (115 ml),80.0,,,10.0,,2.0,2.5,2.0,0.0,0.0,,5.0,1.0,,,9.0,,,,,,,,,,,,,,,,,,,,,,40.0,160.0,,,,,,,,,,,,
3810,Susu UHT Kids Vanila,Indomilk,1.0,kotak (115 g),80.0,,,11.0,,3.0,2.5,1.0,0.0,1.0,,10.0,,,,11.0,,,,,,,,,,,,,,,,,,,,,,50.0,,,,,,,,,,,,,
3811,Susu UHT Low Fat,Ultra Milk,2.0,gelas (200 ml),90.0,,,11.0,,7.0,2.5,1.5,,,,10.0,0.0,,,0.0,,,,,,,,,,,,,,,,,,,,,,105.0,350.0,,,,,,,,,,,,
3812,Susu UHT Low Fat High Calcium,Ultra Milk,1.0,kotak (250 ml),110.0,,,13.0,,8.0,3.0,2.0,,,,10.0,0.0,,,11.0,,,,,,,,,,,,,,,,,,,,,,105.0,350.0,,,,,,,,,,,,
3813,Susu UHT Low Fat Source of Calcium Rasa Coklat,Ultra Milk,1.0,kotak (250 ml),160.0,,,25.0,,9.0,2.5,2.0,,,,10.0,0.0,,,15.0,,,,,,,,,,,,,,,,,,,,,,160.0,450.0,,,,,,,,,,,,
3814,Susu UHT Rasa Coklat,Ultra Milk,1.0,cangkir (250 ml),200.0,,,30.0,,8.0,5.0,4.0,,,,10.0,4.0,,,23.0,,,,,,,,,,,,,,,,,,,,,,45.0,260.0,,,,,,,,,,,,
3815,Susu UHT Rasa Stroberi,Ultra Milk,1.0,kotak (200 ml),150.0,,,22.0,,6.0,4.5,2.5,,,,15.0,1.0,,,19.0,,,,,,,,,,,,,,,,,,,,,,50.0,360.0,,,,,,,,,,,,
3816,Susu UHT Rasa Sweet Cheese,Real Good,1.0,porsi (125 ml),80.0,,,12.0,,2.0,2.5,2.0,,,,5.0,,,,10.0,,,,,,,,,,,,,,,,,,,,,,75.0,,,,,,,,,,,,,
3817,Susu UHT Stroberi,Indomilk,1.0,kotak kecil (190 ml),130.0,,,20.0,,4.0,4.0,2.5,,,,4.0,2.0,,,12.0,,,,,,,,,,,,,,,,,,,,,,85.0,340.0,,,,,,,,,,,,
3818,Susu UHT Stroberi,Ultra Milk,1.0,kotak (125 ml),100.0,,,14.0,,4.0,3.0,1.5,,,,10.0,1.0,,,12.0,,,,,,,,,,,,,,,,,,,,,,30.0,230.0,,,,,,,,,,,,
3819,Susu UHT Vanilla,Indomilk,1.0,pak (190 ml),110.0,,,15.0,,4.0,4.0,2.5,,1.0,,2.0,2.0,,,15.0,,,,,,,,,,,,,,,,,,,,,,80.0,350.0,,,,,,,,,,,,
3820,Susu Ultra Rasa Karamel,Ultra Milk,1.0,pak (200 ml),160.0,,,23.0,,6.0,5.0,4.0,,,,15.0,,,,11.0,,,,,,,,,,,,,,,,,,,,,,85.0,220.0,,,,,,,,,,,,
3821,Susu Vanilla,Entrasol,1.0,gelas (21 g),70.0,,,13.0,,5.0,0.0,,,,,4.0,,,,13.0,,,,,,,,,,,,,,,,,,,,,,85.0,250.0,,,,,,,,,,,,
3822,Susu Whey,Rimbalife,,,,,,,,,,,,,,,,,,,,,,,,,,,,,,,,,,,,,,,,,,,,,,,,,,,,,
3823,Susu Zee,Kalbe,,,,,,,,,,,,,,,,,,,,,,,,,,,,,,,,,,,,,,,,,,,,,,,,,,,,,
3824,Susu dengan Lemak yang telah Dikurangi,Keju & Susu,1.0,gelas,122.0,,,11.42,,8.05,4.81,3.067,0.178,1.366,,20.0,0.0,,,12.35,,,,,,,,,,,,,,,,,,,,,,100.0,366.0,,,,,,,,,,,,
3825,Swedish Meatball,Ikea,100.0,g,190.0,,,13.0,,13.0,9.0,4.5,,,,,,,,0.0,,,,,,,,,,,,,,,,,,,,,,790.0,,,,,,,,,,,,,
3826,Swedish Meatballs,Ikea,5.0,meatballs (79 g),190.0,,,4.0,,11.0,14.0,5.0,,,,45.0,1.0,,,1.0,,,,,,,,,,,,,,,,,,,,,,370.0,,,,,,,,,,,,,
3827,Sweet & Spicy Cashew Nuts,East Bali Cashews,1.0,porsi (30 g),150.0,,,9.0,,5.0,10.0,,,,,0.0,3.0,,,4.0,,,,,,,,,,,,,,,,,,,,,,450.0,,,,,,,,,,,,,
3828,Sweet Cheese,Oh Ma Grain,1.0,porsi (25 g),110.0,,,20.0,,2.0,2.0,1.0,,,,,3.0,,,1.0,,,,,,,,,,,,,,,,,,,,,,20.0,,,,,,,,,,,,,
3829,Sweet Corn,Joyday,1.0,porsi (80 ml),90.0,,,14.0,,1.0,3.0,1.5,,,,,,,,8.0,,,,,,,,,,,,,,,,,,,,,,30.0,,,,,,,,,,,,,
3830,Sweet Green,Nakedpress,1.0,porsi (330 ml),110.0,,,26.0,,1.0,0.0,,,,,,3.0,,,23.0,,,,,,,,,,,,,,,,,,,,,,,,,,,,,,,,,,,
3831,Sweet Sourdough Cracker,Namaste Organic,,,,,,,,,,,,,,,,,,,,,,,,,,,,,,,,,,,,,,,,,,,,,,,,,,,,,
3832,Sweet Stick,Jetz,1.0,bungkus (20 g),100.0,,,14.0,,1.0,4.5,2.0,,,,,,,,6.0,,,,,,,,,,,,,,,,,,,,,,125.0,,,,,,,,,,,,,
3833,Sweet Stick Chocolate Flavour,Jetz,,,,,,,,,,,,,,,,,,,,,,,,,,,,,,,,,,,,,,,,,,,,,,,,,,,,,
3834,Sweetener,Thermolyte,1.0,sachet (1 g),0.0,,,1.0,,0.0,0.0,,,,,,,,,,,,,,,,,,,,,,,,,,,,,,,,,,,,,,,,,,,,
3835,Swiss Choco Bits,Familia,100.0,g,450.0,,,68.0,,7.0,15.0,8.0,,,,,5.0,,,39.0,,,,,,,,,,,,,,,,,,,,,,530.0,,,,,,,,,,,,,
"3836,Swiss Herb Candy,Ricola,1.0,""butir (2,5 g)"",10.0,,,3.0,,0.0,0.0,0.0,,,,0.0,0.0,,,2.0,,,,,,,,,,,,,,,,,,,,,,0.0,0.0,,,,,,,,,,,,"
3837,Swizz Chocolate,Zee,1.0,bungkus (50 g),160.0,,,26.0,,5.0,6.0,4.0,,,,3.0,,,,24.0,,,,,,,,,,,,,,,,,,,,,,90.0,,,,,,,,,,,,,
3838,Swizz Chocolate Milk,Zee,1.0,bedak wangi (38 g),160.0,,,27.0,,5.0,4.0,3.5,,,,10.0,0.0,,,16.0,,,,,,,,,,,,,,,,,,,,,,90.0,,,,,,,,,,,,,
3839,Syntha Gold,Ultimate Nutrition,1.0,scoop (34 g),130.0,,,10.0,,20.0,1.5,1.0,,,,45.0,6.0,,,2.0,,,,,,,,,,,,,,,,,,,,,,40.0,,,,,,,,,,,,,
"3840,""Taco atau Tostada dengan Ayam, Keju, Selada, Tomat dan Salsa"",Makanan Cepat Saji,1.0,taco atau tostada,142.0,,,9.84,,10.11,7.05,2.376,1.612,2.449,,28.0,1.4,,,0.98,,,,,,,,,,,,,,,,,,,,,,202.0,158.0,,,,,,,,,,,,"
"3841,""Taco atau Tostada dengan Daging Sapi, Keju dan Selada"",Makanan Cepat Saji,1.0,taco atau tostada,221.0,,,16.2,,10.88,12.65,3.924,2.332,5.147,,31.0,2.1,,,0.47,,,,,,,,,,,,,,,,,,,,,,462.0,179.0,,,,,,,,,,,,"
"3842,""Taco atau Tostada dengan Daging, Keju, Selada, Tomat dan Salsa"",Makanan Cepat Saji,1.0,taco atau tostada,173.0,,,10.96,,9.67,10.25,3.792,1.473,4.032,,29.0,1.6,,,1.1,,,,,,,,,,,,,,,,,,,,,,227.0,208.0,,,,,,,,,,,,"
"3843,""Taco atau Tostada dengan Kacang-kacangan, Keju, Daging, Selada, Tomat dan Salsa"",Makanan Cepat Saji,1.0,taco atau tostada,151.0,,,12.54,,8.12,7.85,2.726,1.584,2.895,,22.0,2.3,,,1.05,,,,,,,,,,,,,,,,,,,,,,274.0,198.0,,,,,,,,,,,,"
"3844,""Taco tanpa Daging atau Tostada dengan Kacang-kacangan dan Keju, Selada, Tomat dan Salsa"",Makanan Cepat Saji,1.0,taco atau tostada,144.0,,,16.42,,5.29,6.83,2.247,1.68,2.447,,9.0,3.8,,,1.12,,,,,,,,,,,,,,,,,,,,,,278.0,228.0,,,,,,,,,,,,"
3845,Tahu Ayam Balado,Mad About Protein,,,,,,,,,,,,,,,,,,,,,,,,,,,,,,,,,,,,,,,,,,,,,,,,,,,,,
3846,Tahu Baso Seafood (Seafood Tofu),Cedea,1.0,porsi (50 g),100.0,,,8.0,,4.0,6.0,2.5,,,,,,,,2.0,,,,,,,,,,,,,,,,,,,,,,600.0,,,,,,,,,,,,,
3847,Tahu Goreng,Kacang-Kacangan,1.0,buah,35.0,,,1.36,,2.23,2.62,0.379,1.481,0.579,,0.0,0.5,,,0.35,,,,,,,,,,,,,,,,,,,,,,2.0,19.0,,,,,,,,,,,,
3848,Tahu Sutera,Sakake,100.0,g,110.0,,,6.0,,10.0,5.0,1.0,,,,0.0,1.0,,,1.0,,,,,,,,,,,,,,,,,,,,,,135.0,,,,,,,,,,,,,
3849,Tahu Sutera Telur,Sakake,,,,,,,,,,,,,,,,,,,,,,,,,,,,,,,,,,,,,,,,,,,,,,,,,,,,,
3850,Tahu Sutra Silken Tofu,Sakura,100.0,g,115.0,,,2.0,,9.0,8.0,1.5,,,,,,,,,,,,,,,,,,,,,,,,,,,,,,,,,,,,,,,,,,,
3851,Take It,Delfi,1.0,porsi (35 ml),170.0,,,18.0,,2.0,9.0,,,,,,,,,12.0,,,,,,,,,,,,,,,,,,,,,,20.0,,,,,,,,,,,,,
3852,Take-It Big,Delfi,1.0,bar (33 g),170.0,,,22.0,,2.0,8.0,5.0,,,,,2.0,,,15.0,,,,,,,,,,,,,,,,,,,,,,25.0,,,,,,,,,,,,,
3853,Tandoori Seasoning,Jay's Kitchen,1.0,serving (10 g),35.0,,,6.0,,1.0,1.0,0.0,,,,,,,,3.0,,,,,,,,,,,,,,,,,,,,,,430.0,,,,,,,,,,,,,
3854,Tango,Tango,1.0,bungkus (7 g),35.0,,,5.0,,0.0,1.5,0.6,,,,0.0,,,,2.0,,,,,,,,,,,,,,,,,,,,,,20.0,25.0,,,,,,,,,,,,
3855,Tango Sassy Strawberry,Tango,1.0,porsi (20 g),100.0,,,14.0,,1.0,4.0,1.5,,,,,,,,6.0,,,,,,,,,,,,,,,,,,,,,,110.0,,,,,,,,,,,,,
3856,Taro,Whey To Go,,,,,,,,,,,,,,,,,,,,,,,,,,,,,,,,,,,,,,,,,,,,,,,,,,,,,
3857,Taro Crispy,Aice,1.0,sajian (70 ml),70.0,,,10.0,,1.0,6.0,3.5,,,,3.0,1.0,,,7.0,,,,,,,,,,,,,,,,,,,,,,15.0,0.0,,,,,,,,,,,,
3858,Taro Latte,Go Milky Go,1.0,sachet (14 g),60.0,,,11.0,,0.0,2.0,,,,,,,,,9.0,,,,,,,,,,,,,,,,,,,,,,135.0,,,,,,,,,,,,,
3859,Taro Net (20g),Taro,1.0,porsi (5 g),25.0,,,3.0,,0.0,1.5,0.5,,,,0.0,,,,,,,,,,,,,,,,,,,,,,,,,,20.0,0.0,,,,,,,,,,,,
3860,Taro Net (40g),Taro,1.0,porsi (8 g),35.0,,,6.0,,1.0,1.0,0.0,0.0,0.0,,0.0,0.0,,,0.0,,,,,,,,,,,,,,,,,,,,,,120.0,0.0,,,,,,,,,,,,
3861,Taro Net 3D Potato,Taro,100.0,g,80.0,,,12.0,,1.0,3.0,,,,,,,,,,,,,,,,,,,,,,,,,,,,,,,15.0,,,,,,,,,,,,,
3862,Taro Net Cheesy Mexican Jalapeno,Taro,1.0,kemasan (15 g),60.0,,,11.0,,1.0,2.0,1.0,,,,0.0,,,,1.0,,,,,,,,,,,,,,,,,,,,,,200.0,,,,,,,,,,,,,
3863,Taro Net Mix Teriyaki Barbecue,Taro,1.0,porsi (15 g),70.0,,,11.0,,1.0,2.5,1.0,,,,,1.0,,,1.0,,,,,,,,,,,,,,,,,,,,,,150.0,,,,,,,,,,,,,
3864,Taro Net Sapi Panggang,Taro,1.0,porsi (20 g),90.0,,,15.0,,1.0,3.0,1.5,,,,0.0,2.0,,,1.0,,,,,,,,,,,,,,,,,,,,,,210.0,,,,,,,,,,,,,
3865,Taro Net Seaweed,Taro,1.0,porsi (15 g),60.0,,,11.0,,1.0,1.5,0.5,,,,0.0,1.0,,,1.0,,,,,,,,,,,,,,,,,,,,,,230.0,,,,,,,,,,,,,
3866,Taro Puff Crunchy Cheese,Taro,1.0,sajian (10 g),45.0,,,7.0,,1.0,1.5,1.0,,,,0.0,1.0,,,,,,,,,,,,,,,,,,,,,,,,,20.0,,,,,,,,,,,,,
3867,Taro Puff Roasted Corn,Taro,1.0,porsi (10 g),45.0,,,8.0,,1.0,1.0,0.5,,,,,1.0,,,,,,,,,,,,,,,,,,,,,,,,,20.0,,,,,,,,,,,,,
3868,Tasty Dressing Mentaiko,Kewpie,,,,,,,,,,,,,,,,,,,,,,,,,,,,,,,,,,,,,,,,,,,,,,,,,,,,,
3869,Tater Thins Potato Snack Truffle Flavor,Oishi,1.0,sajian (20 g),110.0,,,12.0,,1.0,6.0,,,,,0.0,1.0,,,1.0,,,,,,,,,,,,,,,,,,,,,,180.0,,,,,,,,,,,,,
3870,Teajus,Wings Food,1.0,sachet (6 g),25.0,,,6.0,,0.0,0.0,0.0,0.0,0.0,,0.0,0.0,,,5.0,,,,,,,,,,,,,,,,,,,,,,7.0,0.0,,,,,,,,,,,,
3871,Teajus Apel,Wings Food,1.0,sachet (7 g),25.0,,,7.0,,0.0,0.0,0.0,,,,,,,,7.0,,,,,,,,,,,,,,,,,,,,,,5.0,,,,,,,,,,,,,
3872,Teatox Berry,Acaii Tea,1.0,serving (500 ml),80.0,,,15.0,,1.0,0.0,,,,,,,,,,,,,,,,,,,,,,,,,,,,,,,,,,,,,,,,,,,,
3873,Teh,Teh Pucuk Harum,1.0,botol (350 ml),105.0,,,27.0,,0.0,0.0,,,,,,,,,18.0,,,,,,,,,,,,,,,,,,,,,,15.0,,,,,,,,,,,,,
3874,Teh (Buatan),Minuman,1.0,cangkir (240 ml),2.0,,,0.71,,0.0,0.0,0.005,0.009,0.002,,0.0,0.0,,,0.0,,,,,,,,,,,,,,,,,,,,,,7.0,88.0,,,,,,,,,,,,
"3875,Teh Asli,SariWangi,1.0,""cangkir (1,85 g)"",0.0,,,0.0,,0.0,0.0,0.0,,,,,,,,0.0,,,,,,,,,,,,,,,,,,,,,,,,,,,,,,,,,,,"
3876,Teh Herbal,Minuman,1.0,cangkir (240 ml),2.0,,,0.47,,0.0,0.0,0.005,0.012,0.002,,0.0,0.0,,,0.0,,,,,,,,,,,,,,,,,,,,,,2.0,21.0,,,,,,,,,,,,
3877,Teh Hijau,Kepala Djenggot,1.0,gelas (200 ml),0.0,,,0.0,,0.0,0.0,0.0,,,,0.0,0.0,,,0.0,,,,,,,,,,,,,,,,,,,,,,0.0,0.0,,,,,,,,,,,,
3878,Teh Hijau,Minuman,1.0,cangkir (180 ml),2.0,,,0.36,,0.0,0.0,0.004,0.009,0.002,,0.0,0.0,,,0.0,,,,,,,,,,,,,,,,,,,,,,2.0,16.0,,,,,,,,,,,,
3879,Teh Hijau,SariWangi,1.0,bedak wangi (500 ml),0.0,,,0.0,,0.0,0.0,0.0,0.0,0.0,,0.0,0.0,,,0.0,,,,,,,,,,,,,,,,,,,,,,0.0,0.0,,,,,,,,,,,,
"3880,Teh Hijau Asli,SariWangi,1.0,""porsi (1,85 g)"",0.0,,,0.0,,0.0,0.0,0.0,,,,0.0,0.0,,,0.0,,,,,,,,,,,,,,,,,,,,,,0.0,0.0,,,,,,,,,,,,"
"3881,Teh Hitam Jahe & Kunyit,SariWangi,1.0,""porsi (1,5 g)"",0.0,,,0.0,,0.0,0.0,0.0,,,,,0.0,,,0.0,,,,,,,,,,,,,,,,,,,,,,0.0,,,,,,,,,,,,,"
3882,Teh Kotak,Ultra Jaya,1.0,pack (200 ml),70.0,,,17.0,,0.0,0.0,0.0,0.0,0.0,,0.0,0.0,,,17.0,,,,,,,,,,,,,,,,,,,,,,10.0,0.0,,,,,,,,,,,,
3883,Teh Kotak,Teh Kotak,1.0,kotak (200 g),70.0,,,17.0,,0.0,0.0,0.0,,,,,,,,17.0,,,,,,,,,,,,,,,,,,,,,,10.0,,,,,,,,,,,,,
3884,Teh Kotak Less Sugar,Teh Kotak,1.0,kotak  (300 ml),70.0,,,19.0,,0.0,0.0,0.0,,,,0.0,0.0,,,15.0,,,,,,,,,,,,,,,,,,,,,,5.0,0.0,,,,,,,,,,,,
3885,Teh Kotak Less Sugar,Ultra Jaya,1.0,kemasan (300 ml),70.0,,,19.0,,0.0,0.0,0.0,,,,,,,,15.0,,,,,,,,,,,,,,,,,,,,,,5.0,,,,,,,,,,,,,
3886,Teh Kotak Melati,Ultra Jaya,1.0,porsi (200 ml),70.0,,,17.0,,0.0,0.0,0.0,,,,0.0,,,,17.0,,,,,,,,,,,,,,,,,,,,,,10.0,,,,,,,,,,,,,
3887,Teh Kotak Rasa Lemon,Ultra Jaya,1.0,kotak  (200 ml),100.0,,,23.0,,0.0,0.0,0.0,,,,0.0,0.0,,,20.0,,,,,,,,,,,,,,,,,,,,,,25.0,0.0,,,,,,,,,,,,
3888,Teh Manis,SariWangi,1.0,gelas (250 ml),55.0,,,14.36,,0.0,0.0,0.0,,,,0.0,0.0,,,13.85,,,,,,,,,,,,,,,,,,,,,,5.0,61.0,,,,,,,,,,,,
"3889,Teh Melati,SariWangi,1.0,""porsi (1,9 g)"",0.0,,,0.0,,0.0,0.0,0.0,,,,0.0,0.0,,,0.0,,,,,,,,,,,,,,,,,,,,,,0.0,0.0,,,,,,,,,,,,"
3890,Teh Pucuk Harum,Teh Pucuk Harum,1.0,porsi (240 ml),70.0,,,18.0,,0.0,0.0,0.0,0.0,0.0,,0.0,0.0,,,18.0,,,,,,,,,,,,,,,,,,,,,,10.0,0.0,,,,,,,,,,,,
3891,Teh Pucuk Harum Less Sugar,Teh Pucuk Harum,1.0,bottle (240 ml),45.0,,,12.0,,0.0,0.0,0.0,0.0,0.0,,0.0,,,,12.0,,,,,,,,,,,,,,,,,,,,,,15.0,,,,,,,,,,,,,
3892,Teh Rio Gula Batu,Wings Food,1.0,porsi (180 ml),60.0,,,15.0,,0.0,0.0,0.0,0.0,0.0,,0.0,0.0,,,14.0,,,,,,,,,,,,,,,,,,,,,,5.0,0.0,,,,,,,,,,,,
3893,Teh Susu Jasmine,Teh Pucuk Harum,1.0,takaran saji (29 g),130.0,,,23.0,,1.0,4.0,4.0,,,,,1.0,,,16.0,,,,,,,,,,,,,,,,,,,,,,45.0,,,,,,,,,,,,,
3894,Teh Tarik,Aik Cheong,1.0,porsi (40 g),190.0,,,31.0,,1.0,6.0,6.0,,,,0.0,3.0,,,22.0,,,,,,,,,,,,,,,,,,,,,,125.0,,,,,,,,,,,,,
3895,Teh Tarik,SariWangi,1.0,gelas (23 g),100.0,,,16.0,,0.0,4.0,4.0,,,,0.0,0.0,,,15.0,,,,,,,,,,,,,,,,,,,,,,0.0,55.0,,,,,,,,,,,,
3896,Teh Tawar,Minuman,1.0,cangkir (240 ml),2.0,,,0.76,,0.02,0.0,0.005,0.009,0.002,,0.0,0.0,,,0.0,,,,,,,,,,,,,,,,,,,,,,7.0,83.0,,,,,,,,,,,,
3897,Telur,Telur,1.0,besar,74.0,,,0.38,,6.29,4.97,1.55,0.682,1.905,,212.0,0.0,,,0.38,,,,,,,,,,,,,,,,,,,,,,70.0,67.0,,,,,,,,,,,,
3898,Telur,Telur Ayam Kampung,100.0,g,174.0,,,1.2,,10.8,14.0,,,,,,,,,,,,,,,,,,,,,,,,,,,,,,,190.0,,,,,,,,,,,,,
3899,Telur,Makanan,,,,,,,,,,,,,,,,,,,,,,,,,,,,,,,,,,,,,,,,,,,,,,,,,,,,,
3900,Telur Ayam Kampung,Telur Ayam Kampung,1.0,butir (30 g),42.0,,,0.5,,6.0,2.7,1.2,,,,187.0,,,,,,,,,,,,,,,,,,,,,,,,,,41.0,,,,,,,,,,,,,
3901,Telur Ceplok,Telur,1.0,besar,92.0,,,0.4,,6.27,7.04,1.975,1.224,2.919,,210.0,0.0,,,0.38,,,,,,,,,,,,,,,,,,,,,,94.0,68.0,,,,,,,,,,,,
3902,Telur Dadar,Telur,1.0,besar,93.0,,,0.42,,6.48,7.33,2.053,1.279,3.044,,217.0,0.0,,,0.4,,,,,,,,,,,,,,,,,,,,,,98.0,70.0,,,,,,,,,,,,
3903,Telur Dadar atau Telur Orak-Arik,Telur,1.0,besar,98.0,,,1.15,,6.81,7.14,2.086,1.243,2.867,,213.0,0.0,,,1.17,,,,,,,,,,,,,,,,,,,,,,247.0,91.0,,,,,,,,,,,,
3904,Telur Dadar atau Telur Orak-Arik dengan Jamur,Telur,1.0,besar,91.0,,,2.05,,6.37,6.34,1.869,1.104,2.514,,185.0,0.4,,,1.6,,,,,,,,,,,,,,,,,,,,,,289.0,107.0,,,,,,,,,,,,
3905,Telur Dadar atau Telur Orak-Arik dengan Keju,Telur,1.0,besar,140.0,,,2.23,,9.15,10.37,4.131,1.333,3.751,,213.0,0.0,,,2.21,,,,,,,,,,,,,,,,,,,,,,411.0,129.0,,,,,,,,,,,,
3906,Telur Dadar atau Telur Orak-Arik dengan Sayuran,Telur,1.0,besar,106.0,,,2.38,,7.22,7.34,2.169,1.274,2.925,,216.0,0.3,,,1.86,,,,,,,,,,,,,,,,,,,,,,280.0,117.0,,,,,,,,,,,,
3907,Telur Dadar atau Telur Orak-Arik dengan Sosis,Telur,1.0,sedang,181.0,,,1.29,,11.13,14.26,4.329,2.26,6.005,,215.0,0.0,,,1.31,,,,,,,,,,,,,,,,,,,,,,322.0,161.0,,,,,,,,,,,,
3908,Telur Gabus Gula Aren,Kata Oma,1.0,porsi (20 g),110.0,,,11.0,,1.0,7.0,,,,,,,,,4.0,,,,,,,,,,,,,,,,,,,,,,35.0,,,,,,,,,,,,,
3909,Telur Gabus Keju,Kata Oma,1.0,porsi (50 g),120.0,,,10.0,,1.0,8.0,4.0,,,,10.0,,,,0.0,,,,,,,,,,,,,,,,,,,,,,190.0,,,,,,,,,,,,,
3910,Telur Gabus Rasa Balado Padang,Kata Oma,,,,,,,,,,,,,,,,,,,,,,,,,,,,,,,,,,,,,,,,,,,,,,,,,,,,,
3911,Telur Gabus Rasa Gula Aren,Kata Oma,,,,,,,,,,,,,,,,,,,,,,,,,,,,,,,,,,,,,,,,,,,,,,,,,,,,,
3912,Telur Gabus Rasa Keju Cheddar Inggris,Kata Oma,1.0,porsi (22 g),180.0,,,9.0,,1.0,10.0,,,,,,,,,4.0,,,,,,,,,,,,,,,,,,,,,,37.0,,,,,,,,,,,,,
3913,Telur Gabus Rasa Telur Asin,Kata Oma,1.0,porsi (20 g),120.0,,,8.0,,1.0,10.0,,,,,,,,,0.0,,,,,,,,,,,,,,,,,,,,,,150.0,,,,,,,,,,,,,
3914,Telur Gabus Sambal Balado,Kata Oma,1.0,porsi (20 g),110.0,,,11.0,,1.0,7.0,3.0,,,,5.0,,,,1.0,,,,,,,,,,,,,,,,,,,,,,130.0,,,,,,,,,,,,,
3915,Telur Goreng,Telur,1.0,besar,89.0,,,0.43,,6.24,6.76,1.88,1.214,2.754,,210.0,0.0,,,0.38,,,,,,,,,,,,,,,,,,,,,,238.0,67.0,,,,,,,,,,,,
3916,Telur Goreng tanpa Lemak,Telur,1.0,besar,73.0,,,0.38,,6.24,4.93,1.537,0.677,1.89,,210.0,0.0,,,0.38,,,,,,,,,,,,,,,,,,,,,,223.0,66.0,,,,,,,,,,,,
3917,Telur Gulung dengan Ayam atau Kalkun,Lainnya,1.0,telur gulung,103.0,,,9.31,,3.96,5.5,1.226,1.18,2.671,,38.0,0.6,,,0.48,,,,,,,,,,,,,,,,,,,,,,163.0,74.0,,,,,,,,,,,,
3918,Telur Gulung dengan Daging Sapi dan / atau Daging Babi,Lainnya,1.0,telur gulung,113.0,,,9.16,,5.0,6.2,1.441,1.32,2.981,,37.0,0.7,,,0.67,,,,,,,,,,,,,,,,,,,,,,270.0,125.0,,,,,,,,,,,,
3919,Telur Gulung dengan Udang,Lainnya,1.0,telur gulung,103.0,,,9.73,,3.44,5.59,1.166,1.345,2.681,,43.0,0.7,,,0.7,,,,,,,,,,,,,,,,,,,,,,318.0,95.0,,,,,,,,,,,,
3920,Telur Gulung tanpa Daging,Lainnya,1.0,telur gulung,100.0,,,9.73,,2.6,5.8,1.229,1.324,2.857,,30.0,0.8,,,0.99,,,,,,,,,,,,,,,,,,,,,,271.0,98.0,,,,,,,,,,,,
3921,Telur Orak-Arik,Telur,2.0,telur,199.0,,,1.96,,13.01,15.21,5.784,1.851,5.536,,400.0,0.0,,,1.43,,,,,,,,,,,,,,,,,,,,,,211.0,138.0,,,,,,,,,,,,
"3922,""Telur Orak-Arik (Utuh, Dimasak)"",Telur,1.0,besar,101.0,,,1.34,,6.76,7.45,2.244,1.31,2.908,,215.0,0.0,,,1.06,,,,,,,,,,,,,,,,,,,,,,171.0,84.0,,,,,,,,,,,,"
3923,Telur Rebus,Telur,1.0,besar,77.0,,,0.56,,6.26,5.28,1.627,0.704,2.03,,211.0,0.0,,,0.56,,,,,,,,,,,,,,,,,,,,,,139.0,63.0,,,,,,,,,,,,
3924,Telur Rebus Lunak,Telur,1.0,sedang,68.0,,,0.49,,5.51,4.65,1.432,0.62,1.787,,186.0,0.0,,,0.49,,,,,,,,,,,,,,,,,,,,,,122.0,55.0,,,,,,,,,,,,
3925,Tempe Chicken Onion,Taro,1.0,porsi (20 g),110.0,,,12.0,,2.0,6.0,2.0,0.0,0.0,,0.0,2.0,,,0.0,,,,,,,,,,,,,,,,,,,,,,20.0,,,,,,,,,,,,,
3926,Tempe Himalayan Salt,Taro,1.0,takaran saji (15 g),90.0,,,7.0,,2.0,6.0,2.5,,,,0.0,2.0,,,0.0,,,,,,,,,,,,,,,,,,,,,,70.0,,,,,,,,,,,,,
3927,Tempe Rasa Original,Qtela,1.0,porsi (20 g),110.0,,,8.0,,4.0,7.0,3.0,,,,,,,,0.0,,,,,,,,,,,,,,,,,,,,,,125.0,,,,,,,,,,,,,
3928,Tempe Rumput Laut,Qtela,1.0,porsi (20 g),120.0,,,7.0,,4.0,8.0,3.0,,,,10.0,2.0,,,1.0,,,,,,,,,,,,,,,,,,,,,,160.0,,,,,,,,,,,,,
3929,Tempe Teriyaki Barbecue,Taro,1.0,porsi (20 g),120.0,,,9.0,,2.0,9.0,4.0,,,,0.0,2.0,,,0.0,,,,,,,,,,,,,,,,,,,,,,25.0,,,,,,,,,,,,,
3930,Tempeh Chips (Spicy Balado),Woh,1.0,porsi (25 g),140.0,,,13.0,,3.0,9.0,4.0,,,,0.0,,,,,,,,,,,,,,,,,,,,,,,,,,290.0,,,,,,,,,,,,,
3931,Tempura Sayur,Lainnya,1.0,buah,11.0,,,0.96,,0.3,0.71,0.187,0.082,0.387,,5.0,0.1,,,0.1,,,,,,,,,,,,,,,,,,,,,,2.0,12.0,,,,,,,,,,,,
3932,Tempura Seaweed,Tao Kae Noi,1.0,porsi (5 g),30.0,,,2.0,,0.0,2.5,0.0,,,,0.0,0.0,,,0.0,,,,,,,,,,,,,,,,,,,,,,40.0,,,,,,,,,,,,,
"3933,Tempura Seaweed Salted Egg,Tao Kae Noi,1.0,""porsi (22,5 g)"",134.0,,,9.4,,2.5,9.6,4.0,,,,75.0,0.6,,,1.4,,,,,,,,,,,,,,,,,,,,,,158.0,,,,,,,,,,,,,"
3934,Tempura Udang,Lainnya,1.0,potong sedang,16.0,,,1.14,,2.0,0.31,0.074,0.089,0.075,,18.0,0.0,,,0.05,,,,,,,,,,,,,,,,,,,,,,47.0,19.0,,,,,,,,,,,,
3935,Tenderloin Sate Maranggi with Soto Betawi,Yellow Fit,,,,,,,,,,,,,,,,,,,,,,,,,,,,,,,,,,,,,,,,,,,,,,,,,,,,,
3936,Tenderloin Sate Maranggi with Soto Betawi + Tempe Goreng Bawang,Yellow Fit Kitchen,1.0,serving,477.0,,,59.0,,31.0,13.0,,,,,,6.0,,,,,,,,,,,,,,,,,,,,,,,,,,,,,,,,,,,,,,
3937,Tepung Bakwan,Ladang Lima,,,,,,,,,,,,,,,,,,,,,,,,,,,,,,,,,,,,,,,,,,,,,,,,,,,,,
3938,Tepung Bakwan Crispy,Sajiku,1.0,porsi (13 g),45.0,,,9.0,,2.0,0.0,0.0,,,,,,,,0.0,,,,,,,,,,,,,,,,,,,,,,270.0,,,,,,,,,,,,,
3939,Tepung Bumbu Bakwan Crispy,Sajiku,1.0,takaran saji (13 g),45.0,,,9.0,,2.0,0.0,0.0,,,,,,,,0.0,,,,,,,,,,,,,,,,,,,,,,300.0,,,,,,,,,,,,,
3940,Tepung Bumbu Golden Crispy,Sajiku,1.0,porsi (26 g),90.0,,,19.0,,2.0,0.0,0.0,,,,,,,,1.0,,,,,,,,,,,,,,,,,,,,,,470.0,,,,,,,,,,,,,
3941,Tepung Bumbu Krispi Serbaguna,Mama Suka,,,,,,,,,,,,,,,,,,,,,,,,,,,,,,,,,,,,,,,,,,,,,,,,,,,,,
3942,Tepung Bumbu Serbaguna,Ladang Lima,,,,,,,,,,,,,,,,,,,,,,,,,,,,,,,,,,,,,,,,,,,,,,,,,,,,,
3943,Tepung Bumbu Serbaguna,Sajiku,1.0,sajian (16 g),50.0,,,12.0,,1.0,0.0,0.0,,,,,,,,1.0,,,,,,,,,,,,,,,,,,,,,,360.0,,,,,,,,,,,,,
3944,Tepung Gandum,Lainnya,100.0,gram (g),339.0,,,72.57,,13.7,1.87,0.322,0.779,0.232,,0.0,12.2,,,0.41,,,,,,,,,,,,,,,,,,,,,,5.0,405.0,,,,,,,,,,,,
3945,Tepung Mocaf,Ladang Lima,100.0,g,350.0,,,85.0,,1.0,0.0,,,,,,9.6,,,0.0,,,,,,,,,,,,,,,,,,,,,,35.0,190.0,,,,,,,,,,,,
3946,Tepung Pati Jagung,Maizenaku,100.0,g,360.0,,,89.0,,1.0,0.0,,,,,,7.0,,,,,,,,,,,,,,,,,,,,,,,,,0.0,,,,,,,,,,,,,
3947,Tepung Pisang Goreng,Ladang Lima,1.0,porsi (20 g),70.0,,,18.0,,0.0,0.0,0.0,0.0,0.0,,0.0,2.0,,,4.0,,,,,,,,,,,,,,,,,,,,,,25.0,,,,,,,,,,,,,
3948,Tepung Putih,Lainnya,100.0,gram (g),364.0,,,76.31,,10.33,0.98,0.155,0.413,0.087,,0.0,2.7,,,0.27,,,,,,,,,,,,,,,,,,,,,,2.0,107.0,,,,,,,,,,,,
3949,Tepung Terigu,Sania,100.0,g,350.0,,,75.0,,10.0,1.0,1.0,,,,,,,,,,,,,,,,,,,,,,,,,,,,,,15.0,,,,,,,,,,,,,
3950,Tepung Terigu Putih (Semua Keperluan),Lainnya,100.0,gram (g),364.0,,,76.31,,10.33,0.98,0.155,0.413,0.087,,0.0,2.7,,,0.27,,,,,,,,,,,,,,,,,,,,,,2.0,107.0,,,,,,,,,,,,
3951,Tepung Tortilla,Roti & Sereal,1.0,tortilla (berdiameter sekitar 10 cm),41.0,,,6.68,,1.08,1.01,0.245,0.206,0.506,,0.0,0.4,,,0.25,,,,,,,,,,,,,,,,,,,,,,83.0,20.0,,,,,,,,,,,,
3952,Terasi Udang,ABC,1.0,porsi (4 g),5.0,,,0.0,,1.0,0.0,0.0,,,,,,,,0.0,,,,,,,,,,,,,,,,,,,,,,440.0,,,,,,,,,,,,,
3953,Terong Goreng,Sayuran,100.0,gram (g),148.0,,,11.58,,2.4,10.75,2.118,3.465,4.569,,16.0,3.1,,,2.41,,,,,,,,,,,,,,,,,,,,,,62.0,222.0,,,,,,,,,,,,
3954,Terung,Sayuran,100.0,gram (g),24.0,,,5.7,,1.01,0.19,0.034,0.076,0.016,,0.0,3.4,,,2.35,,,,,,,,,,,,,,,,,,,,,,2.0,230.0,,,,,,,,,,,,
3955,Terung Dimasak,Sayuran,100.0,gram (g),65.0,,,8.31,,0.79,3.85,0.723,1.153,1.735,,0.0,2.4,,,3.02,,,,,,,,,,,,,,,,,,,,,,488.0,117.0,,,,,,,,,,,,
3956,Tesona,Adem Sari,1.0,sachet (15 g),60.0,,,15.0,,0.0,0.0,0.0,,,,0.0,,,,14.0,,,,,,,,,,,,,,,,,,,,,,,,,,,,,,,,,,,
3957,Texas Style Smoke Chicken,Daily Intake,1.0,porsi (155 g),195.0,,,8.1,,25.9,6.6,,,,,,,,,,,,,,,,,,,,,,,,,,,,,,,,,,,,,,,,,,,,
3958,Texas Style Smoked Chicken,Daily Intake,1.0,porsi (155 g),195.0,,,8.1,,25.9,6.6,,,,,0.0,,,,,,,,,,,,,,,,,,,,,,,,,,,,,,,,,,,,,,,
3959,Thai Basil Chicken,Mad About Protein,,,,,,,,,,,,,,,,,,,,,,,,,,,,,,,,,,,,,,,,,,,,,,,,,,,,,
3960,Thai Coco Water,Ichitan,,,,,,,,,,,,,,,,,,,,,,,,,,,,,,,,,,,,,,,,,,,,,,,,,,,,,
3961,Thai Mango Coconut,Ichitan,,,,,,,,,,,,,,,,,,,,,,,,,,,,,,,,,,,,,,,,,,,,,,,,,,,,,
3962,Thai Mango Salad Dressing,Mae Ploy,,,,,,,,,,,,,,,,,,,,,,,,,,,,,,,,,,,,,,,,,,,,,,,,,,,,,
3963,Thai Milk Coffee,Ichitan,,,,,,,,,,,,,,,,,,,,,,,,,,,,,,,,,,,,,,,,,,,,,,,,,,,,,
3964,Thai Milk Green Tea,Ichitan,1.0,botol (250 ml),130.0,,,25.0,,4.0,6.0,,,,,,,,,21.0,,,,,,,,,,,,,,,,,,,,,,190.0,,,,,,,,,,,,,
3965,Thai Milk Tea,Ichitan,1.0,botol (250 ml),150.0,,,24.0,,2.0,5.0,5.0,,,,4.0,6.0,,,17.0,,,,,,,,,,,,,,,,,,,,,,130.0,,,,,,,,,,,,,
3966,Thai Milk Tea,GaGa,100.0,g,80.0,,,10.0,,1.0,4.0,,,,,,,,,6.0,,,,,,,,,,,,,,,,,,,,,,,,,,,,,,,,,,,
3967,Thai Pineapple Salad Dressing,Mae Ploy,,,,,,,,,,,,,,,,,,,,,,,,,,,,,,,,,,,,,,,,,,,,,,,,,,,,,
3968,Thai Salad Dressing,Mae Ploy,2.0,sendok makan (30 ml),50.0,,,12.0,,0.0,0.0,0.0,0.0,,,0.0,,,,12.0,,,,,,,,,,,,,,,,,,,,,,360.0,,,,,,,,,,,,,
3969,Thai Style Salad Dressing,Mae Ploy,,,,,,,,,,,,,,,,,,,,,,,,,,,,,,,,,,,,,,,,,,,,,,,,,,,,,
3970,Thai Tea,Whey To Go,1.0,cup (275 ml),160.0,,,7.0,,24.3,3.8,,,,,17.0,,,,1.8,,,,,,,,,,,,,,,,,,,,,,,,,,,,,,,,,,,
3971,Thai Tea,Zenlatte,27.0,g),120.0,,,22.0,,1.0,3.0,3.0,0.0,0.0,,0.0,0.0,,,16.0,,,,,,,,,,,,,,,,,,,,,,0.0,0.0,,,,,,,,,,,,
"3972,Thalasa Snack Talas Rasa Jagung Bakar,Thalasa,1.0,""porsi, g (25 g)"",140.0,,,15.0,,1.0,8.0,4.0,,,,,,,,1.0,,,,,,,,,,,,,,,,,,,,,,65.0,,,,,,,,,,,,,"
3973,The Big Cheez,Jolly Time,100.0,g,514.0,,,53.0,,7.0,35.0,17.0,,,,0.0,11.0,,,0.0,,,,,,,,,,,,,,,,,,,,,,1120.0,,,,,,,,,,,,,
3974,The Italian Wrap Regular,Salad Point,,,,,,,,,,,,,,,,,,,,,,,,,,,,,,,,,,,,,,,,,,,,,,,,,,,,,
3975,Thick Yogurt Tropical Crunch,Yoseo,100.0,g,120.0,,,15.0,,3.0,5.0,3.5,,,,15.0,,,,12.0,,,,,,,,,,,,,,,,,,,,,,45.0,,,,,,,,,,,,,
3976,Thousand Island Dressing,Kewpie,1.0,sdm (25 g),70.0,,,5.0,,0.0,5.0,1.0,,,,0.0,0.0,,,4.0,,,,,,,,,,,,,,,,,,,,,,430.0,,,,,,,,,,,,,
3977,Thousand Island Salad Dressing,Maestro,100.0,g,250.0,,,20.0,,0.0,22.5,2.5,,,,15.0,,,,15.0,,,,,,,,,,,,,,,,,,,,,,800.0,,,,,,,,,,,,,
3978,Thousand Island Salad Dressing,Remia,100.0,ml,238.0,,,11.0,,0.7,21.0,1.6,,,,,,,,7.9,,,,,,,,,,,,,,,,,,,,,,1700.0,,,,,,,,,,,,,
3979,Time Break,Richoco,3.0,keping (20 g),100.0,,,13.0,,1.0,5.0,3.0,,,,0.0,,,,7.0,,,,,,,,,,,,,,,,,,,,,,50.0,,,,,,,,,,,,,
3980,Tin Tin,L'Agie,1.0,bungkus (25 g),130.0,,,14.0,,3.0,7.0,,,,,,,,,9.0,,,,,,,,,,,,,,,,,,,,,,5.0,,,,,,,,,,,,,
3981,Tiram,Ikan & Seafood,100.0,gram (g),68.0,,,3.91,,7.05,2.46,0.772,0.968,0.314,,53.0,0.0,,,0.0,,,,,,,,,,,,,,,,,,,,,,211.0,156.0,,,,,,,,,,,,
3982,Tiramisu,Whey To Go,,,,,,,,,,,,,,,,,,,,,,,,,,,,,,,,,,,,,,,,,,,,,,,,,,,,,
3983,Tiramisu,Neo Coffee,,,,,,,,,,,,,,,,,,,,,,,,,,,,,,,,,,,,,,,,,,,,,,,,,,,,,
3984,Tiramisu Sandwich,Joyday,1.0,porsi (100 ml),140.0,,,20.0,,2.0,6.0,3.5,,,,,,,,9.0,,,,,,,,,,,,,,,,,,,,,,35.0,35.0,,,,,,,,,,,,
3985,Tiramisu Spread,Bella,1.0,sendok (30 g),180.0,,,16.0,,1.0,12.0,6.0,,,,3.0,1.0,,,12.0,,,,,,,,,,,,,,,,,,,,,,65.0,,,,,,,,,,,,,
3986,Toast,Janji Jiwa,1.0,porsi,370.0,,,71.0,,12.0,4.5,1.0,0.0,0.0,,5.0,9.0,,,26.0,,,,,,,,,,,,,,,,,,,,,,520.0,260.0,,,,,,,,,,,,
"3987,Toast Bread,Kartika Toast,1.0,""pack (7,12 g)"",35.0,,,4.0,,1.0,1.5,1.0,,,,,0.0,,,1.0,,,,,,,,,,,,,,,,,,,,,,35.0,,,,,,,,,,,,,"
3988,Toast Bread,Paroti,1.0,sajian (15 g),80.0,,,9.0,,2.0,3.5,2.0,,,,,1.0,,,3.0,,,,,,,,,,,,,,,,,,,,,,80.0,,,,,,,,,,,,,
"3989,Toast Bread Butter,Kartika Sari,4.0,""potong (31,25 g)"",160.0,,,18.0,,3.0,8.0,4.5,,,,,2.0,,,,,,,,,,,,,,,,,,,,,,,,,130.0,,,,,,,,,,,,,"
3990,Toast Bread Chocolate,Kartika Toast,,,,,,,,,,,,,,,,,,,,,,,,,,,,,,,,,,,,,,,,,,,,,,,,,,,,,
3991,Toasted Sunflower Rye Bread,De Bakker,1.0,slice (25 g),67.0,,,13.0,,2.0,1.0,0.0,,,,0.0,2.0,,,0.0,,,,,,,,,,,,,,,,,,,,,,125.0,,,,,,,,,,,,,
3992,Toasties,Gardenia,1.0,serving (25 g),116.0,,,17.0,,3.0,4.0,2.0,,,,,0.0,,,6.0,,,,,,,,,,,,,,,,,,,,,,153.0,,,,,,,,,,,,,
3993,Toasty Cheese Crackers,Aim Biscuits,25.0,keping (25 g),120.0,,,17.0,,3.0,4.0,2.5,,,,,,,,1.0,,,,,,,,,,,,,,,,,,,,,,160.0,100.0,,,,,,,,,,,,
3994,Today Croissant,Elvan,1.0,pcs (40 g),170.0,,,23.0,,3.0,7.0,,,,,,,,,7.0,,,,,,,,,,,,,,,,,,,,,,115.0,,,,,,,,,,,,,
3995,Today Croissant Strawberry,Elvan,1.0,bungkus (40 g),170.0,,,23.0,,3.0,7.0,,,,,,,,,8.0,,,,,,,,,,,,,,,,,,,,,,115.0,,,,,,,,,,,,,
3996,Tofu Fish Cake,Edo,1.0,porsi (20 g),45.0,,,3.0,,2.0,3.5,,,,,,,,,0.0,,,,,,,,,,,,,,,,,,,,,,170.0,,,,,,,,,,,,,
3997,Tofu Kimchi Snack,Paldo,1.0,porsi (30 g),150.0,,,19.0,,2.0,8.0,2.5,,,,3.0,0.5,,,0.9,,,,,,,,,,,,,,,,,,,,,,270.0,40.0,,,,,,,,,,,,
3998,Tofu Tempe Delight,Healthi,150.0,g),252.0,,,6.0,,16.0,19.0,,,,,,,,,,,,,,,,,,,,,,,,,,,,,,,,,,,,,,,,,,,,
3999,Tokpokki,Javasuperfood,1.0,porsi (117 g),410.0,,,77.0,,7.0,8.0,2.0,,,,,,,,6.0,,,,,,,,,,,,,,,,,,,,,,960.0,,,,,,,,,,,,,
4000,Tokyo Delight Chicken Salad,Easy Peasy,1.0,porsi,220.0,,,17.0,,15.0,8.0,,,,,,,,,,,,,,,,,,,,,,,,,,,,,,,,,,,,,,,,,,,,
4001,Tom Yam,Adabi,1.0,porsi (40 g),35.0,,,4.0,,2.0,1.5,,,,,,,,,2.0,,,,,,,,,,,,,,,,,,,,,,,,,,,,,,,,,,,
4002,Tom Yum,Bamboe,1.0,porsi (12 g),35.0,,,6.0,,1.0,1.0,1.0,,,,0.0,1.0,,,4.0,,,,,,,,,,,,,,,,,,,,,,880.0,,,,,,,,,,,,,
4003,Tom Yum,Mad About Protein,,,,,,,,,,,,,,,,,,,,,,,,,,,,,,,,,,,,,,,,,,,,,,,,,,,,,
4004,Tomat,Sayuran,100.0,gram (g),18.0,,,3.92,,0.88,0.2,0.046,0.135,0.051,,0.0,1.2,,,2.63,,,,,,,,,,,,,,,,,,,,,,5.0,237.0,,,,,,,,,,,,
4005,Tomat Ceri,Sayuran,100.0,gram (g),18.0,,,3.92,,0.88,0.2,0.046,0.135,0.051,,0.0,1.2,,,2.63,,,,,,,,,,,,,,,,,,,,,,5.0,237.0,,,,,,,,,,,,
4006,Tomat Dihancurkan/Dihaluskan (Kaleng),Sayuran,100.0,gram (g),32.0,,,7.29,,1.64,0.28,0.04,0.113,0.043,,0.0,1.9,,,,,,,,,,,,,,,,,,,,,,,,,132.0,293.0,,,,,,,,,,,,
"4007,Tomat Merah,Lainnya,1.0,""utuh sedang (diameter 6,5 cm)"",22.0,,,4.82,,1.08,0.25,0.057,0.166,0.063,,0.0,1.5,,,3.23,,,,,,,,,,,,,,,,,,,,,,6.0,292.0,,,,,,,,,,,,"
"4008,Tomat Merah,Sayuran,1.0,""utuh sedang (diameter 6,5 cm)"",22.0,,,4.82,,1.08,0.25,0.057,0.166,0.063,,0.0,1.5,,,3.23,,,,,,,,,,,,,,,,,,,,,,6.0,292.0,,,,,,,,,,,,"
4009,Tomat Merah (Kaleng),Sayuran,1.0,mangkok,41.0,,,9.38,,1.92,0.31,0.043,0.13,0.05,,0.0,2.2,,,6.14,,,,,,,,,,,,,,,,,,,,,,307.0,451.0,,,,,,,,,,,,
4010,Tomato & Basil,San Remo,1.0,serving (125 g),86.0,,,7.0,,2.0,5.0,0.6,,,,1.0,2.9,,,6.9,,,,,,,,,,,,,,,,,,,,,,788.0,,,,,,,,,,,,,
4011,Tomato Ketchup,Del Monte,1.0,tbsp (17 g),15.0,,,4.0,,0.0,0.0,0.0,,,,0.0,0.0,,,3.0,,,,,,,,,,,,,,,,,,,,,,160.0,45.0,,,,,,,,,,,,
4012,Tomato Noodle,Javara,,,,,,,,,,,,,,,,,,,,,,,,,,,,,,,,,,,,,,,,,,,,,,,,,,,,,
4013,Tomyam Flavour,Maggi,1.0,packet (83 g),385.0,,,49.1,,7.4,17.6,,,,,,,,,,,,,,,,,,,,,,,,,,,,,,,,,,,,,,,,,,,,
"4014,Tongseng Khas Solo,Bango,1.0,""sachet (12,5 g)"",35.0,,,5.0,,0.0,1.5,0.5,,,,0.0,,,,4.0,,,,,,,,,,,,,,,,,,,,,,800.0,,,,,,,,,,,,,"
4015,Top,Delfi,1.0,bungkus (9 ml),45.0,,,6.0,,0.0,2.0,,,,,,,,,4.0,,,,,,,,,,,,,,,,,,,,,,15.0,,,,,,,,,,,,,
4016,Top (Black in White),Delfi,1.0,bungkus (9 g),45.0,,,6.0,,0.0,2.5,1.5,,,,,,,,3.0,,,,,,,,,,,,,,,,,,,,,,15.0,,,,,,,,,,,,,
4017,Top Chocolate,Delfi,1.0,serving (16 g),80.0,,,10.0,,1.0,4.5,3.5,,,,,,,,6.0,,,,,,,,,,,,,,,,,,,,,,25.0,,,,,,,,,,,,,
4018,Top Coffee Gula Aren,Wings Food,1.0,sachet (22 g),100.0,,,18.0,,1.0,2.5,2.5,,,,,,,,14.0,,,,,,,,,,,,,,,,,,,,,,35.0,,,,,,,,,,,,,
4019,Top Xtra Large,Delfi,1.0,pack (32 g),160.0,,,22.0,,1.0,7.0,5.0,,,,,,,,12.0,,,,,,,,,,,,,,,,,,,,,,45.0,,,,,,,,,,,,,
4020,Topokki,Yopokki,140.0,g),330.0,,,76.0,,6.0,0.5,0.0,0.0,0.0,,,,,,4.0,,,,,,,,,,,,,,,,,,,,,,,,,,,,,,,,,,,
4021,Topokki Snack Cheese Truffle Mayo,Wonhae,1.0,porsi (16 g),60.0,,,14.0,,1.0,0.0,0.0,,,,,,,,2.0,,,,,,,,,,,,,,,,,,,,,,55.0,,,,,,,,,,,,,
4022,Topokki Snack Creamy Rose,Wonhae,1.0,porsi (20 g),80.0,,,16.0,,2.0,1.5,0.5,,,,,,,,2.0,,,,,,,,,,,,,,,,,,,,,,140.0,,,,,,,,,,,,,
4023,Topokki Snack Spicy Sweet,Wonhae,1.0,porsi (20 g),80.0,,,16.0,,2.0,1.5,0.5,,,,0.0,,,,2.0,,,,,,,,,,,,,,,,,,,,,,150.0,,,,,,,,,,,,,
4024,Tortilla,Central,1.0,sedang (35 g),120.0,,,17.0,,3.0,5.0,2.5,,,,,,,,0.0,,,,,,,,,,,,,,,,,,,,,,110.0,,,,,,,,,,,,,
4025,Tortilla Chips,Happytos,1.0,porsi (25 g),130.0,,,16.0,,2.0,7.0,3.0,0.0,0.0,,0.0,1.0,,,1.0,,,,,,,,,,,,,,,,,,,,,,100.0,0.0,,,,,,,,,,,,
4026,Tortilla Chips Rasa Jagung Bakar,Happytos,1.0,bungkus (28 g),140.0,,,18.0,,3.0,6.0,2.5,,,,0.0,1.0,,,1.0,,,,,,,,,,,,,,,,,,,,,,180.0,,,,,,,,,,,,,
4027,Tortilla Chips Rasa Pedas,Happytos,1.0,sajian (20 g),100.0,,,13.0,,2.0,5.0,2.0,,,,0.0,2.0,,,1.0,,,,,,,,,,,,,,,,,,,,,,60.0,,,,,,,,,,,,,
4028,Tortilla Jagung,Roti & Sereal,100.0,gram (g),218.0,,,44.64,,5.7,2.85,0.453,1.419,0.692,,0.0,6.3,,,0.88,,,,,,,,,,,,,,,,,,,,,,45.0,186.0,,,,,,,,,,,,
4029,Tortilla Roasted Corn,Jetz,,,,,,,,,,,,,,,,,,,,,,,,,,,,,,,,,,,,,,,,,,,,,,,,,,,,,
4030,Total Mass Matrix,The Protein Works,1.0,serving (120 g),477.0,,,63.0,,31.0,11.0,,,,,,,,,,,,,,,,,,,,,,,,,,,,,,,,,,,,,,,,,,,,
4031,Trail Mix,Safiya,1.0,porsi (20 g),90.0,,,11.0,,2.0,4.0,0.5,,,,,2.0,,,5.0,,,,,,,,,,,,,,,,,,,,,,4.0,,,,,,,,,,,,,
4032,Treasures,Delfi,1.0,porsi (30 g),170.0,,,15.0,,3.0,11.0,5.0,,,,4.0,2.0,,,12.0,,,,,,,,,,,,,,,,,,,,,,15.0,,,,,,,,,,,,,
"4033,Trimshake Chocolate,Pharmanex,1.0,""sacet (56,9 g)"",210.0,,,27.0,,20.0,3.0,3.0,,,,10.0,15.0,,,11.0,,,,,,,,,,,,,,,,,,,,,,200.0,,,,,,,,,,,,,"
4034,Trimshake Mocha,Pharmanex,1.0,sachet (57 g),220.0,,,28.0,,19.0,3.5,0.5,,,,15.0,8.0,,,18.0,,,,,,,,,,,,,,,,,,,,,,170.0,,,,,,,,,,,,,
"4035,Trimshake Vanilla,Pharmanex,1.0,""sachet (53,3 g)"",210.0,,,24.0,,20.0,3.0,0.5,0.0,0.0,,5.0,6.0,,,14.0,,,,,,,,,,,,,,,,,,,,,,150.0,430.0,,,,,,,,,,,,"
4036,Triple Cheese Garlic Butter Bread,First Wish Bakery,1.0,serving,304.0,,,43.0,,9.0,13.0,,,,,,,,,,,,,,,,,,,,,,,,,,,,,,,,,,,,,,,,,,,,
4037,Tropic Chia,Rejuve,1.0,porsi (250 ml),70.0,,,19.0,,1.0,0.0,0.0,,,,0.0,4.0,,,15.0,,,,,,,,,,,,,,,,,,,,,,0.0,570.0,,,,,,,,,,,,
4038,Tropic Joy,Rejuve,1.0,porsi (250 ml),130.0,,,30.0,,1.0,0.0,0.0,,,,0.0,6.0,,,24.0,,,,,,,,,,,,,,,,,,,,,,10.0,439.0,,,,,,,,,,,,
4039,Tropical Fruit Muesli,Oatsy,1.0,porsi (45 g),170.0,,,30.0,,5.0,3.5,1.0,1.0,1.5,,0.0,8.0,,,4.0,,,,,,,,,,,,,,,,,,,,,,0.0,0.0,,,,,,,,,,,,
4040,Tropicana Choco Vanilla,Campina,1.0,es krim (65 ml),170.0,,,14.0,,2.0,11.0,8.0,,,,,,,,9.0,,,,,,,,,,,,,,,,,,,,,,30.0,,,,,,,,,,,,,
4041,Tropicana Krez Krez,Campina,1.0,bungkus (65 ml),160.0,,,13.0,,1.0,12.0,6.0,,,,,,,,9.0,,,,,,,,,,,,,,,,,,,,,,20.0,,,,,,,,,,,,,
4042,True Essentials,Mama Roz,,,,,,,,,,,,,,,,,,,,,,,,,,,,,,,,,,,,,,,,,,,,,,,,,,,,,
4043,True Isolate Whey Protein,Fitlife,1.0,scoop (25 g),97.0,,,1.0,,25.0,0.6,0.3,,,,15.0,,,,,,,,,,,,,,,,,,,,,,,,,,72.0,,,,,,,,,,,,,
4044,Truffle,Elvan,1.0,serving (40 g),220.0,,,26.0,,1.0,12.0,7.0,,,,,,,,22.0,,,,,,,,,,,,,,,,,,,,,,35.0,,,,,,,,,,,,,
4045,Truffle Potato Chips,Irvins,,,,,,,,,,,,,,,,,,,,,,,,,,,,,,,,,,,,,,,,,,,,,,,,,,,,,
4046,Truiso,Fitlife,1.0,scoop (36 g),140.0,,,4.0,,30.0,1.0,0.0,,,,13.0,,,,1.0,,,,,,,,,,,,,,,,,,,,,,90.0,,,,,,,,,,,,,
4047,Truiso Whey Protein Isolate,Fitlife,1.0,porsi (36 g),140.0,,,4.0,,30.0,1.0,0.0,,,,13.0,,,,1.0,,,,,,,,,,,,,,,,,,,,,,90.0,,,,,,,,,,,,,
4048,Tsukune,OMOIDE,1.0,bungkus (55 g),90.0,,,8.0,,7.0,3.0,1.0,,,,,,,,3.0,,,,,,,,,,,,,,,,,,,,,,330.0,,,,,,,,,,,,,
4049,Tteokbokki,Ommason,1.0,porsi (180 g),400.0,,,91.0,,8.0,0.0,0.0,,,,,,,,19.0,,,,,,,,,,,,,,,,,,,,,,1310.0,,,,,,,,,,,,,
4050,Tummy Yogurt Bar Berries,Heavenly Blush,1.0,sachet (25 g),130.0,,,16.0,,1.0,6.0,4.0,,,,0.0,3.0,,,10.0,,,,,,,,,,,,,,,,,,,,,,10.0,80.0,,,,,,,,,,,,
4051,Tuna Chunks in Brine,CARVINNA,1.0,serving (130 g),170.0,,,0.0,,41.0,1.0,,,,,40.0,,,,,,,,,,,,,,,,,,,,,,,,,,500.0,,,,,,,,,,,,,
"4052,Tuna Curry Padang,Vinisi,1.0,""porsi (77,5 g)"",100.0,,,1.0,,21.0,1.5,1.0,,,,,,,,,,,,,,,,,,,,,,,,,,,,,,360.0,,,,,,,,,,,,,"
4053,Tuna Mayo Crunchy Toast,Easy Peasy,1.0,porsi,371.0,,,38.6,,23.7,11.1,,,,,,,,,,,,,,,,,,,,,,,,,,,,,,,,,,,,,,,,,,,,
4054,Tuna Rica-Rica Untuk Nasi Goreng,Vinisi,1.0,serving (60 g),160.0,,,6.0,,9.0,11.0,2.5,,,,3.0,,,,2.0,,,,,,,,,,,,,,,,,,,,,,780.0,188.0,,,,,,,,,,,,
4055,Tuna Sambal Rica-Rica,CARVINNA,1.0,porsi (130 g),180.0,,,0.0,,41.0,2.0,,,,,40.0,,,,,,,,,,,,,,,,,,,,,,,,,,210.0,,,,,,,,,,,,,
4056,Tuna Sambal Woku,CARVINNA,1.0,sajian (130 g),200.0,,,3.0,,39.0,3.5,,,,,35.0,,,,,,,,,,,,,,,,,,,,,,,,,,390.0,,,,,,,,,,,,,
4057,Tuna Sirip Biru (Ikan),Ikan & Seafood,100.0,gram (g),144.0,,,0.0,,23.33,4.9,1.257,1.433,1.6,,38.0,0.0,,,0.0,,,,,,,,,,,,,,,,,,,,,,39.0,252.0,,,,,,,,,,,,
4058,Tuna Sirip Kuning (Ikan),Ikan & Seafood,100.0,gram (g),108.0,,,0.0,,23.38,0.95,0.235,0.284,0.154,,45.0,0.0,,,0.0,,,,,,,,,,,,,,,,,,,,,,37.0,444.0,,,,,,,,,,,,
4059,Tuna dalam Air (Kalengan),Ikan & Seafood,100.0,gram (g),116.0,,,0.0,,25.51,0.82,0.234,0.337,0.159,,30.0,0.0,,,0.0,,,,,,,,,,,,,,,,,,,,,,338.0,237.0,,,,,,,,,,,,
4060,Tuna dalam Minyak,Vinisi,1.0,takaran saji (57 g),70.0,,,0.0,,16.0,1.0,,,,,38.0,,,,,,,,,,,,,,,,,,,,,,,,,,,135.0,,,,,,,,,,,,
4061,Tuna dalam Minyak (Kalengan),Ikan & Seafood,100.0,gram (g),198.0,,,0.0,,29.13,8.21,1.534,2.885,2.949,,18.0,0.0,,,0.0,,,,,,,,,,,,,,,,,,,,,,354.0,207.0,,,,,,,,,,,,
4062,Tuna untuk Bumbu Nasi Goreng,Vinisi,1.0,takaran saji (60 g),180.0,,,6.0,,10.0,13.0,2.5,,,,20.0,,,,2.0,,,,,,,,,,,,,,,,,,,,,,760.0,,,,,,,,,,,,,
4063,Turmeric Ginger Shot,Rejuve,1.0,serving (50 ml),10.0,,,2.0,,0.0,0.0,0.0,,,,0.0,1.0,,,1.0,,,,,,,,,,,,,,,,,,,,,,0.0,,,,,,,,,,,,,
4064,Twice Baked Brownies Cookies,The Harvest,1.0,porsi (52 g),280.0,,,30.0,,4.0,16.0,10.0,,,,,4.0,,,13.0,,,,,,,,,,,,,,,,,,,,,,115.0,,,,,,,,,,,,,
4065,Twins Chocolate & Strawberry,Hatari,3.0,pasang (22 g),100.0,,,16.0,,1.0,4.0,1.0,,,,,1.0,,,7.0,,,,,,,,,,,,,,,,,,,,,,65.0,,,,,,,,,,,,,
"4066,Twish,Relaxa,1.0,""porsi (2,8 g)"",10.0,,,2.0,,0.0,0.0,0.0,,,,,,,,1.0,,,,,,,,,,,,,,,,,,,,,,0.0,,,,,,,,,,,,,"
4067,Twiss Tuul,Inafood,4.0,batang (19 g),80.0,,,15.0,,1.0,2.0,1.0,,,,,1.0,,,7.0,,,,,,,,,,,,,,,,,,,,,,20.0,,,,,,,,,,,,,
4068,Twister Minis Black,Delfi,1.0,bungkus (30 ml),140.0,,,23.0,,2.0,4.5,3.5,,0.0,,0.0,,,,12.0,,,,,,,,,,,,,,,,,,,,,,135.0,0.0,,,,,,,,,,,,
4069,Twister Minis Choco,Delfi,1.0,porsi (30 g),140.0,,,23.0,,2.0,4.5,3.5,,,,,,,,12.0,,,,,,,,,,,,,,,,,,,,,,75.0,,,,,,,,,,,,,
4070,U Glow,Rejuve,100.0,ml,40.0,,,9.2,,0.8,0.0,0.0,,,,0.0,2.0,,,6.4,,,,,,,,,,,,,,,,,,,,,,50.0,,,,,,,,,,,,,
4071,UHT Full Cream Kids,Indomilk,1.0,porsi (115 ml),70.0,,,6.0,,3.0,3.5,2.0,0.0,1.5,,10.0,1.0,,,5.0,,,,,,,,,,,,,,,,,,,,,,60.0,160.0,,,,,,,,,,,,
4072,Ube Halaya,First Wish Bakery,100.0,g,324.0,,,44.0,,6.0,13.0,,,,,,,,,7.0,,,,,,,,,,,,,,,,,,,,,,,,,,,,,,,,,,,
4073,Ube Mochi,First Wish Bakery,1.0,porsi,165.0,,,30.0,,4.0,5.0,,,,,,1.5,,,6.0,,,,,,,,,,,,,,,,,,,,,,,,,,,,,,,,,,,
4074,Ubi Jalar (Manis),Sayuran,100.0,gram (g),86.0,,,20.12,,1.57,0.05,0.018,0.014,0.001,,0.0,3.0,,,4.18,,,,,,,,,,,,,,,,,,,,,,55.0,337.0,,,,,,,,,,,,
"4075,""Ubi Jalar (dengan Garam, Dikeringkan, Dimasak, Direbus)"",Sayuran,100.0,gram (g),116.0,,,27.58,,1.49,0.14,0.029,0.06,0.005,,0.0,3.9,,,0.49,,,,,,,,,,,,,,,,,,,,,,244.0,670.0,,,,,,,,,,,,"
"4076,""Ubi Jalar (tanpa Garam, Dipanggang dengan Kulitnya, Dimasak)"",Sayuran,100.0,gram (g),90.0,,,20.71,,2.01,0.15,0.052,0.096,0.002,,0.0,3.3,,,8.44,,,,,,,,,,,,,,,,,,,,,,36.0,475.0,,,,,,,,,,,,"
"4077,""Ubi Jalar (tanpa Kulit, Dimasak, Direbus)"",Sayuran,100.0,gram (g),76.0,,,17.72,,1.37,0.14,0.04,0.08,0.0,,0.0,2.5,,,5.74,,,,,,,,,,,,,,,,,,,,,,27.0,230.0,,,,,,,,,,,,"
"4078,""Ubi Jalar/Manis (Tumbuk, Kaleng)"",Sayuran,100.0,gram (g),101.0,,,23.19,,1.98,0.2,0.041,0.084,0.008,,0.0,1.7,,,5.45,,,,,,,,,,,,,,,,,,,,,,75.0,210.0,,,,,,,,,,,,"
4079,Ubi Rambat,Sayuran,100.0,gram (g),118.0,,,27.88,,1.53,0.17,0.037,0.076,0.006,,0.0,4.1,,,0.5,,,,,,,,,,,,,,,,,,,,,,9.0,816.0,,,,,,,,,,,,
"4080,""Ubi Rambat (tanpa Garam, Dikeringkan, Dimasak, Direbus, Dipanggang)"",Sayuran,100.0,gram (g),116.0,,,27.58,,1.49,0.14,0.029,0.06,0.005,,0.0,3.9,,,0.49,,,,,,,,,,,,,,,,,,,,,,8.0,670.0,,,,,,,,,,,,"
4081,Udang,Ikan & Seafood,100.0,gram (g),144.0,,,1.24,,27.59,2.35,0.446,0.909,0.344,,206.0,0.0,,,0.0,,,,,,,,,,,,,,,,,,,,,,613.0,176.0,,,,,,,,,,,,
4082,Udang (Karang) Rebus atau Kukus,Ikan & Seafood,100.0,gram (g),81.0,,,0.0,,16.63,1.19,0.179,0.364,0.242,,132.0,0.0,,,0.0,,,,,,,,,,,,,,,,,,,,,,416.0,294.0,,,,,,,,,,,,
4083,Udang Cabe Garam with Red Grain Rice + Fishball Soup,Yellow Fit Kitchen,1.0,serving,506.0,,,66.0,,29.0,14.0,,,,,,6.0,,,,,,,,,,,,,,,,,,,,,,,,,,,,,,,,,,,,,,
4084,Udang Goreng Saus Lada Hitam with Nasi Liwet,Yellow Fit,,,,,,,,,,,,,,,,,,,,,,,,,,,,,,,,,,,,,,,,,,,,,,,,,,,,,
4085,Udang Goreng Tepung,Ikan & Seafood,100.0,gram (g),245.0,,,11.77,,20.7,12.26,2.589,3.724,4.829,,183.0,0.5,,,0.54,,,,,,,,,,,,,,,,,,,,,,487.0,197.0,,,,,,,,,,,,
4086,Udang Karang (Udang),Ikan & Seafood,100.0,gram (g),72.0,,,0.0,,14.85,0.97,0.163,0.313,0.178,,107.0,0.0,,,,,,,,,,,,,,,,,,,,,,,,,62.0,261.0,,,,,,,,,,,,
4087,Udang Keju Ala Mie Gacoan,Healthy Go,1.0,porsi,474.0,,,48.0,,29.0,18.0,,,,,,,,,,,,,,,,,,,,,,,,,,,,,,,,,,,,,,,,,,,,
4088,Udang Kukus atau Rebus,Ikan & Seafood,100.0,gram (g),138.0,,,1.19,,26.5,2.26,0.428,0.873,0.33,,198.0,0.0,,,0.0,,,,,,,,,,,,,,,,,,,,,,589.0,169.0,,,,,,,,,,,,
4089,Udang Panggang,Ikan & Seafood,100.0,gram (g),154.0,,,1.17,,24.47,5.03,0.949,1.671,1.698,,183.0,0.0,,,0.0,,,,,,,,,,,,,,,,,,,,,,512.0,224.0,,,,,,,,,,,,
4090,Udang Saus Padang With Nasi Uduk + Free Tahu Bumbu Rendang,Yellow Fit Kitchen,1.0,porsi,523.0,,,68.0,,29.0,15.0,,,,,,6.0,,,,,,,,,,,,,,,,,,,,,,,,,,,,,,,,,,,,,,
4091,Udang Scampi,Ikan & Seafood,100.0,gram (g),212.0,,,0.01,,16.87,15.83,9.475,1.112,3.903,,245.0,0.0,,,0.01,,,,,,,,,,,,,,,,,,,,,,741.0,70.0,,,,,,,,,,,,
4092,Udon,OMOIDE,100.0,g,50.0,,,11.0,,2.0,0.0,,,,,0.0,,,,10.0,,,,,,,,,,,,,,,,,,,,,,0.0,0.0,,,,,,,,,,,,
4093,Ulala,Ulala,1.0,sajian (20 g),100.0,,,12.0,,2.0,6.0,2.6,,,,,,,,2.0,,,,,,,,,,,,,,,,,,,,,,180.0,,,,,,,,,,,,,
4094,Ulala Rumput Laut,Ulala,1.0,porsi (20 g),100.0,,,12.0,,2.0,6.0,2.6,,,,,,,,2.0,,,,,,,,,,,,,,,,,,,,,,180.0,,,,,,,,,,,,,
4095,Uleg Sambal Rawit,Finna,1.0,takaran saji (8 g),10.0,,,1.0,,0.0,0.0,0.0,,,,0.0,1.0,,,1.0,,,,,,,,,,,,,,,,,,,,,,170.0,,,,,,,,,,,,,
4096,Ultra Milk,Ultra Jaya,1.0,kotak (200 ml),160.0,,,24.0,,6.0,4.0,3.0,,,,10.0,1.0,,,19.0,,,,,,,,,,,,,,,,,,,,,,45.0,260.0,,,,,,,,,,,,
4097,Ultra Milk Full Cream,Ultra Jaya,1.0,gelas (200 ml),120.0,,,10.0,,6.0,6.0,3.0,,,,18.0,1.0,,,8.0,,,,,,,,,,,,,,,,,,,,,,40.0,400.0,,,,,,,,,,,,
4098,Ultra Milk Full Cream Made From Fresh Milk,Ultra Milk,1.0,sajian (250 ml),120.0,,,10.0,,6.0,6.0,3.0,,,,18.0,1.0,,,8.0,,,,,,,,,,,,,,,,,,,,,,40.0,,,,,,,,,,,,,
4099,Ultra Milk Low Fat,Ultra Milk,5.0,sendok makan (250 ml),110.0,,,13.0,,8.0,3.0,1.5,,,,10.0,2.0,,,11.0,,,,,,,,,,,,,,,,,,,,,,100.0,440.0,,,,,,,,,,,,
4100,Ultra Milk Rasa Coklat,Ultra Milk,2.0,cangkir (125 ml),100.0,,,15.0,,4.0,2.5,2.0,,,,6.0,2.0,,,12.0,,,,,,,,,,,,,,,,,,,,,,25.0,160.0,,,,,,,,,,,,
4101,Ultra Milk Rasa Stroberi,Ultra Jaya,1.0,kotak  (200 ml),150.0,,,22.0,,6.0,4.5,2.5,,,,12.0,,,,19.0,,,,,,,,,,,,,,,,,,,,,,50.0,360.0,,,,,,,,,,,,
4102,Ultra Mimi Full Cream,Ultra Jaya,1.0,kotak (125 ml),70.0,,,6.0,,4.0,4.0,2.5,,,,5.0,2.0,,,0.0,,,,,,,,,,,,,,,,,,,,,,30.0,210.0,,,,,,,,,,,,
4103,Ultra Mimi Full Cream,Ultra Milk,1.0,kotak (125 ml),70.0,,,6.0,,4.0,4.0,2.5,,,,10.0,2.0,,,6.0,,,,,,,,,,,,,,,,,,,,,,25.0,170.0,,,,,,,,,,,,
4104,Ultra Mimi Kids Full Cream,Ultra Jaya,1.0,kotak (125 ml),70.0,,,7.0,,4.0,3.5,2.5,,,,10.0,2.0,,,6.0,,,,,,,,,,,,,,,,,,,,,,60.0,170.0,,,,,,,,,,,,
4105,Ultra Mimi Rasa Coklat,Ultra Jaya,1.0,kotak (125 ml),100.0,,,15.0,,4.0,3.0,2.0,,,,5.0,2.0,,,8.0,,,,,,,,,,,,,,,,,,,,,,30.0,190.0,,,,,,,,,,,,
4106,Ultra Sari Kacang Ijo,Ultra Jaya,1.0,bungkus (250 ml),110.0,,,26.0,,2.0,0.0,0.0,,,,0.0,0.0,,,20.0,,,,,,,,,,,,,,,,,,,,,,65.0,45.0,,,,,,,,,,,,
4107,Under The Sea,Hadi Kitchen,1.0,porsi,423.0,,,30.0,,24.0,23.0,,,,,,,,,,,,,,,,,,,,,,,,,,,,,,,,,,,,,,,,,,,,
4108,Unsalted Butter,Elle & Vire,1.0,porsi (10 g),74.0,,,0.08,,0.07,8.2,5.3,,,,0.0,0.0,,,0.01,,,,,,,,,,,,,,,,,,,,,,0.0,0.0,,,,,,,,,,,,
4109,V-Oat,V-Soy,100.0,ml,36.0,,,4.0,,0.5,1.4,0.9,0.1,0.3,,0.0,3.0,,,2.3,,,,,,,,,,,,,,,,,,,,,,57.0,0.0,,,,,,,,,,,,
4110,V-Soy Cocoa,V-Soy,1.0,botol (300 ml),177.0,,,21.3,,9.9,5.4,1.2,2.4,1.2,,0.0,2.4,,,14.1,,,,,,,,,,,,,,,,,,,,,,198.0,0.0,,,,,,,,,,,,
4111,V-Soy Multi-Grain,V-Soy,,,,,,,,,,,,,,,,,,,,,,,,,,,,,,,,,,,,,,,,,,,,,,,,,,,,,
4112,V-Soy Sugar Free,V-Soy,100.0,ml,55.0,,,5.7,,2.5,2.3,1.0,0.9,0.5,,0.0,0.3,,,0.4,,,,,,,,,,,,,,,,,,,,,,55.0,,,,,,,,,,,,,
4113,VEGRAIN,Xpose,,,,,,,,,,,,,,,,,,,,,,,,,,,,,,,,,,,,,,,,,,,,,,,,,,,,,
4114,VIP CHIPS,Happy Island,2.0,bungkus (28 g),150.0,,,16.0,,3.0,8.0,4.0,,,,,,,,1.0,,,,,,,,,,,,,,,,,,,,,,180.0,,,,,,,,,,,,,
4115,Vanila Milkshake,Joyday,1.0,porsi (50 g),90.0,,,9.0,,1.0,6.0,,,,,,,,,9.0,,,,,,,,,,,,,,,,,,,,,,20.0,,,,,,,,,,,,,
4116,Vanilla,Haagen Dazs,100.0,g,249.0,,,19.9,,4.3,16.9,11.3,0.6,4.5,,96.0,0.0,,,19.9,,,,,,,,,,,,,,,,,,,,,,64.0,,,,,,,,,,,,,
4117,Vanilla Berry Sandwich,Joyday,100.0,ml,140.0,,,18.0,,2.0,7.0,3.5,,,,,,,,9.0,,,,,,,,,,,,,,,,,,,,,,40.0,,,,,,,,,,,,,
4118,Vanilla Butter Cookies,The Harvest,1.0,porsi (25 g),130.0,,,15.0,,2.0,7.0,5.0,,,,0.0,1.0,,,6.0,,,,,,,,,,,,,,,,,,,,,,70.0,,,,,,,,,,,,,
4119,Vanilla Custard Cream Puff,Beard Papa's,1.0,piece,220.0,,,22.0,,4.0,13.0,6.0,,,,80.0,1.0,,,7.0,,,,,,,,,,,,,,,,,,,,,,140.0,,,,,,,,,,,,,
4120,Vanilla Ice Cream,Campina,100.0,g,120.0,,,15.0,,3.0,6.0,,,,,,,,,10.0,,,,,,,,,,,,,,,,,,,,,,50.0,,,,,,,,,,,,,
4121,Vanilla Latte,Entrasol,1.0,takaran saji. (1 kotak kemasan) (200 ml),110.0,,,18.0,,6.0,2.0,1.0,0.0,0.0,,5.0,1.0,,,9.0,,,,,,,,,,,,,,,,,,,,,,180.0,,,,,,,,,,,,,
4122,Vanilla Milk Flavour,Baricho,1.0,bungkus (7 g),40.0,,,4.0,,0.0,2.0,1.5,,,,0.0,0.0,,,3.0,,,,,,,,,,,,,,,,,,,,,,15.0,,,,,,,,,,,,,
4123,Vanilla Mint,Whey To Go,1.0,cup (275 ml),159.0,,,7.0,,24.0,3.9,,,,,15.0,,,,1.8,,,,,,,,,,,,,,,,,,,,,,,,,,,,,,,,,,,
4124,Vanilla Twist Milk,Zee,1.0,glass (50 g),200.0,,,35.0,,6.0,3.0,2.5,,,,5.0,1.0,,,20.0,,,,,,,,,,,,,,,,,,,,,,113.0,0.0,,,,,,,,,,,,
4125,Vanwheat,Ranjani,1.0,sajian per kemasan (5 g),25.0,,,3.0,,0.0,1.5,0.5,,,,,,,,2.0,,,,,,,,,,,,,,,,,,,,,,0.0,,,,,,,,,,,,,
4126,Vectorbar,VECTORLABS,1.0,porsi (22 g),100.0,,,16.0,,2.0,3.5,3.0,,,,0.0,2.0,,,5.0,,,,,,,,,,,,,,,,,,,,,,15.0,,,,,,,,,,,,,
4127,Vegan Almond & Berries,Van Houten,1.0,serving (20 g),114.0,,,10.1,,1.7,7.4,,,,,,,,,,,,,,,,,,,,,,,,,,,,,,,,,,,,,,,,,,,,
4128,Vegan Noodle,DAAI,1.0,porsi (85 g),390.0,,,51.0,,7.0,17.0,8.0,,,,,6.0,,,2.0,,,,,,,,,,,,,,,,,,,,,,,,,,,,,,,,,,,
4129,Vegan Noodle Rasa Soto,DAAI,1.0,porsi (85 g),390.0,,,51.0,,7.0,17.0,8.0,,,,,6.0,,,2.0,,,,,,,,,,,,,,,,,,,,,,1230.0,,,,,,,,,,,,,
4130,Vegan Protein Milk,Lean Gain,5.0,tbsp (43 g),170.0,,,19.0,,22.0,0.0,0.0,0.0,0.0,,,0.0,,,0.0,,,,,,,,,,,,,,,,,,,,,,0.0,,,,,,,,,,,,,
4131,Vegan Protein Powder,Veganea,1.0,scoop (33 g),130.0,,,7.0,,23.0,1.0,,,,,0.0,,,,,,,,,,,,,,,,,,,,,,,,,,120.0,25.0,,,,,,,,,,,,
4132,Vegan Salted Caramel,Van Houten,1.0,serving (20 g),113.0,,,10.6,,1.6,7.1,,,,,,,,,,,,,,,,,,,,,,,,,,,,,,,,,,,,,,,,,,,,
4133,Vegeroni Spirals,San Remo,,,,,,,,,,,,,,,,,,,,,,,,,,,,,,,,,,,,,,,,,,,,,,,,,,,,,
"4134,Vegeta,Vegeta,1.0,""sachet (6,3 g)"",22.0,,,5.6,,0.0,0.0,0.0,0.0,0.0,,0.0,3.0,,,1.6,,,,,,,,,,,,,,,,,,,,,,26.0,0.0,,,,,,,,,,,,"
4135,Vegetable Crackers,Aim Biscuits,10.0,keping  (5 g),25.0,,,4.0,,0.0,1.0,,,,,,,,,,,,,,,,,,,,,,,,,,,,,,,50.0,10.0,,,,,,,,,,,,
4136,Vermicelli,San Remo,100.0,g,366.0,,,72.0,,12.5,2.0,1.0,1.2,1.0,,0.0,3.0,,,3.1,,,,,,,,,,,,,,,,,,,,,,30.0,,,,,,,,,,,,,
4137,Viennese Vanilla Sable Cookies,The Harvest,3.0,potong (40 g),210.0,,,26.0,,2.0,11.0,8.0,,,,20.0,2.0,,,13.0,,,,,,,,,,,,,,,,,,,,,,80.0,,,,,,,,,,,,,
4138,Vietnamese Lemongrass Salad Dressing,Mae Ploy,,,,,,,,,,,,,,,,,,,,,,,,,,,,,,,,,,,,,,,,,,,,,,,,,,,,,
4139,Virgin Coconut Oil,Safiya,1.0,sendok makan (15 ml),130.0,,,0.0,,0.0,14.0,13.0,0.5,1.0,,0.0,0.0,,,0.0,,,,,,,,,,,,,,,,,,,,,,0.0,0.0,,,,,,,,,,,,
4140,Virgin Coconut Oil,Vico Bagoes,1.0,sdm (10 ml),120.0,,,0.0,,0.0,9.0,8.0,,,,1.0,,,,,,,,,,,,,,,,,,,,,,,,,,,,,,,,,,,,,,,
4141,Vita Quaker,Quaker,1.0,porsi (29 g),110.0,,,23.0,,1.0,2.0,1.0,,,,0.0,2.0,,,11.0,,,,,,,,,,,,,,,,,,,,,,54.0,,,,,,,,,,,,,
4142,Vitafruit,Oatbits,,,,,,,,,,,,,,,,,,,,,,,,,,,,,,,,,,,,,,,,,,,,,,,,,,,,,
4143,Vitamin Apple,You C1000,1.0,botol (140 ml),60.0,,,14.0,,0.0,0.0,0.0,,,,,,,,14.0,,,,,,,,,,,,,,,,,,,,,,,,,,,,,,,,,,,
4144,Vitamin Lemon,You C1000,1.0,botol (140 ml),70.0,,,16.0,,0.0,0.0,0.0,,,,0.0,,,,16.0,,,,,,,,,,,,,,,,,,,,,,100.0,,,,,,,,,,,,,
4145,Vitamin Mango,You C1000,1.0,porsi (140 ml),80.0,,,20.0,,0.0,0.0,0.0,,,,,,,,20.0,,,,,,,,,,,,,,,,,,,,,,55.0,,,,,,,,,,,,,
4146,Vitamin Orange,You C1000,1.0,botol (140 ml),80.0,,,20.0,,0.0,0.0,0.0,,,,0.0,0.0,,,20.0,,,,,,,,,,,,,,,,,,,,,,60.0,0.0,,,,,,,,,,,,
4147,Viva La Vegan,Hadi Kitchen,1.0,porsi,393.0,,,27.0,,15.0,25.0,,,,,,,,,,,,,,,,,,,,,,,,,,,,,,,,,,,,,,,,,,,,
4148,Vodka,Minuman,100.0,gram (g),231.0,,,0.0,,0.0,0.0,0.0,0.0,0.0,,0.0,0.0,,,0.0,,,,,,,,,,,,,,,,,,,,,,1.0,2.0,,,,,,,,,,,,
4149,Volcano Chicken Noodle,Paldo,1.0,bungkus (140 g),520.0,,,88.0,,10.0,14.0,7.0,,,,,3.0,,,13.0,,,,,,,,,,,,,,,,,,,,,,1263.0,4273.0,,,,,,,,,,,,
4150,WPRO,Fitlife,1.0,scoop (30 g),120.0,,,6.0,,20.0,1.5,1.0,,,,55.0,,,,1.0,,,,,,,,,,,,,,,,,,,,,,35.0,,,,,,,,,,,,,
4151,WPRO Isolate,Fitlife,1.0,scoop (30 g),120.0,,,3.0,,25.0,0.0,0.0,0.0,0.0,,10.0,,,,1.0,,,,,,,,,,,,,,,,,,,,,,50.0,,,,,,,,,,,,,
4152,WPRO Isolate Japanese Matcha,Fitlife,1.0,scoop (30 g),120.0,,,3.0,,25.0,0.0,0.0,,,,9.0,0.0,,,0.0,,,,,,,,,,,,,,,,,,,,,,45.0,,,,,,,,,,,,,
4153,WPRO Matcha,Fitlife,1.0,porsi  (30 g),120.0,,,6.0,,20.0,1.5,1.0,,,,55.0,,,,1.0,,,,,,,,,,,,,,,,,,,,,,35.0,,,,,,,,,,,,,
4154,WPRO Whey Concentrate,Fitlife,1.0,scoop (30 g),120.0,,,6.0,,20.0,1.5,1.0,,,,25.0,0.0,,,1.0,,,,,,,,,,,,,,,,,,,,,,50.0,,,,,,,,,,,,,
4155,WRP Active Body Shape Chococino,WRP,1.0,bedak wangi (39 g),150.0,,,22.0,,11.0,2.0,1.0,,,,0.0,2.0,,,15.0,,,,,,,,,,,,,,,,,,,,,,110.0,250.0,,,,,,,,,,,,
4156,WRP Everyday 110,WRP,,,,,,,,,,,,,,,,,,,,,,,,,,,,,,,,,,,,,,,,,,,,,,,,,,,,,
4157,WRP Everyday 140,WRP,1.0,porsi (35 g),140.0,,,23.0,,7.0,2.0,1.0,,,,0.0,,,,16.0,,,,,,,,,,,,,,,,,,,,,,,,,,,,,,,,,,,
4158,WRP Everyday 150,WRP,,,,,,,,,,,,,,,,,,,,,,,,,,,,,,,,,,,,,,,,,,,,,,,,,,,,,
4159,WRP Everyday 200,WRP,1.0,gelas (50 g),200.0,,,32.0,,11.0,3.0,2.5,,,,0.0,,,,25.0,,,,,,,,,,,,,,,,,,,,,,,360.0,,,,,,,,,,,,
4160,WRP On The Go,WRP,1.0,sachet (200 ml),150.0,,,24.0,,7.0,3.0,2.0,,,,8.0,5.0,,,,,,,,,,,,,,,,,,,,,,,,,105.0,130.0,,,,,,,,,,,,
4161,WRP on The Go Rasa Coklat,WRP,3.0,sendok makan (200 ml),140.0,,,23.0,,7.0,3.0,1.5,,,,0.0,5.0,,,16.0,,,,,,,,,,,,,,,,,,,,,,70.0,100.0,,,,,,,,,,,,
4162,Wafer,Nabati,,,,,,,,,,,,,,,,,,,,,,,,,,,,,,,,,,,,,,,,,,,,,,,,,,,,,
4163,Wafer,Richoco,1.0,wafer (5 g),25.0,,,4.0,,0.0,1.0,0.5,,,,0.0,,,,2.0,,,,,,,,,,,,,,,,,,,,,,15.0,,,,,,,,,,,,,
4164,Wafer Chocolate,Tango,1.0,potong (20 g),100.0,,,14.0,,1.0,4.0,1.0,,,,,,,,5.0,,,,,,,,,,,,,,,,,,,,,,50.0,,,,,,,,,,,,,
4165,Wafer Cokelat Susu,Gizzi,1.0,potong (15 g),70.0,,,10.0,,1.0,3.5,1.5,,,,,1.0,,,4.0,,,,,,,,,,,,,,,,,,,,,,25.0,,,,,,,,,,,,,
4166,Wafer Coklat,Makanan Penutup,1.0,wafer,26.0,,,4.34,,0.4,0.85,0.254,0.249,0.292,,0.0,0.2,,,1.78,,,,,,,,,,,,,,,,,,,,,,35.0,13.0,,,,,,,,,,,,
4167,Wafer Coklat,Nitto,1.0,porsi (17 g),80.0,,,9.0,,1.0,35.0,3.0,,,,,,,,5.0,,,,,,,,,,,,,,,,,,,,,,15.0,,,,,,,,,,,,,
"4168,Wafer Krim Cokelat,Nabati,1.0,""bungkus (7,5 g)"",70.0,,,5.0,,1.0,1.5,0.5,,,,0.0,,,,2.0,,,,,,,,,,,,,,,,,,,,,,15.0,0.0,,,,,,,,,,,,"
4169,Wafer Krim Keju,Nabati,,,,,,,,,,,,,,,,,,,,,,,,,,,,,,,,,,,,,,,,,,,,,,,,,,,,,
4170,Wafer Kurma Susu,Gizzi,1.0,porsi (15 g),80.0,,,10.0,,1.0,4.0,1.5,,,,,1.0,,,4.0,,,,,,,,,,,,,,,,,,,,,,25.0,,,,,,,,,,,,,
4171,Wafer Milky Chocolate,Tango,1.0,porsi (20 g),90.0,,,14.0,,1.0,3.5,1.5,0.0,0.0,,0.0,1.0,,,6.0,,,,,,,,,,,,,,,,,,,,,,45.0,,,,,,,,,,,,,
4172,Wafer Roll,Deka,1.0,roll (14 g),70.0,,,10.0,,1.0,2.5,1.5,,,,,3.0,,,6.0,,,,,,,,,,,,,,,,,,,,,,20.0,,,,,,,,,,,,,
4173,Wafer Roll Choconut,Deka,1.0,sajian (30 g),140.0,,,23.0,,2.0,5.0,2.0,,,,0.0,2.0,,,11.0,,,,,,,,,,,,,,,,,,,,,,35.0,,,,,,,,,,,,,
4174,Wafer Roll Cokelat Mede,Gery,1.0,bungkus (15 g),60.0,,,8.0,,1.0,2.5,1.5,,,,0.0,1.0,,,5.0,,,,,,,,,,,,,,,,,,,,,,25.0,,,,,,,,,,,,,
4175,Wafer Strawberry,Tango,1.0,buah (20 g),100.0,,,14.0,,1.0,4.0,3.0,,,,0.0,0.0,,,7.0,,,,,,,,,,,,,,,,,,,,,,110.0,,,,,,,,,,,,,
4176,Wafer Tango Vanilla Delight,Tango,1.0,takaran saji (20 g),100.0,,,14.0,,1.0,4.5,1.5,,,,,,,,4.0,,,,,,,,,,,,,,,,,,,,,,80.0,,,,,,,,,,,,,
4177,Wafer Vanila (Lemak Lebih Rendah),Makanan Penutup,1.0,sedang,18.0,,,2.94,,0.2,0.61,0.154,0.155,0.262,,2.0,0.1,,,1.5,,,,,,,,,,,,,,,,,,,,,,12.0,4.0,,,,,,,,,,,,
4178,Wafer Vanila (Lemak Lebih Tinggi),Makanan Penutup,1.0,wafer,28.0,,,4.27,,0.26,1.16,0.296,0.146,0.665,,0.0,0.1,,,,,,,,,,,,,,,,,,,,,,,,,18.0,6.0,,,,,,,,,,,,
4179,Wafer Vanilla,Tango,3.0,buah (20 g),100.0,,,14.0,,1.0,4.5,1.5,,,,,,,,4.0,,,,,,,,,,,,,,,,,,,,,,80.0,50.0,,,,,,,,,,,,
4180,Wafers Chocolate,Nissin,,,,,,,,,,,,,,,,,,,,,,,,,,,,,,,,,,,,,,,,,,,,,,,,,,,,,
4181,Wafers Strawberry,Nissin,,,,,,,,,,,,,,,,,,,,,,,,,,,,,,,,,,,,,,,,,,,,,,,,,,,,,
4182,Waffle,Tango,1.0,bungkus (8 g),40.0,,,5.0,,0.0,2.0,1.5,,,,,1.0,,,5.0,,,,,,,,,,,,,,,,,,,,,,5.0,35.0,,,,,,,,,,,,
4183,Waffle (Mocha Latte),Tango,1.0,bungkus (25 g),130.0,,,16.0,,1.0,7.0,4.0,,,,,1.0,,,6.0,,,,,,,,,,,,,,,,,,,,,,55.0,,,,,,,,,,,,,
4184,Waffle Avocado Latte,Tango,1.0,serving (25 g),120.0,,,16.0,,1.0,6.0,4.0,,,,,2.0,,,6.0,,,,,,,,,,,,,,,,,,,,,,65.0,,,,,,,,,,,,,
4185,Waffle Choco Hazelnut,Tango,1.0,bungkus (25 g),120.0,,,16.0,,1.0,6.0,3.5,,,,,1.0,,,5.0,,,,,,,,,,,,,,,,,,,,,,55.0,,,,,,,,,,,,,
4186,Waffle Cookiez & Cream,Tango,1.0,porsi (25 g),120.0,,,15.0,,1.0,7.0,4.0,,,,,1.0,,,6.0,,,,,,,,,,,,,,,,,,,,,,50.0,,,,,,,,,,,,,
4187,Waffle Fries,Richeese,,,,,,,,,,,,,,,,,,,,,,,,,,,,,,,,,,,,,,,,,,,,,,,,,,,,,
4188,Waku Waku Choco Berry Loop,Glico Wings,1.0,sajian (50 ml),80.0,,,11.0,,1.0,4.0,4.0,0.0,0.0,,0.0,0.0,,,6.0,,,,,,,,,,,,,,,,,,,,,,0.0,0.0,,,,,,,,,,,,
4189,Waku Waku Choco Dinosaur,Glico Wings,1.0,bungkus (50 ml),100.0,,,14.0,,1.0,5.0,4.0,,,,,,,,8.0,,,,,,,,,,,,,,,,,,,,,,20.0,,,,,,,,,,,,,
4190,Waku Waku Choco Loop,Glico Wings,1.0,stick (50 ml),100.0,,,15.0,,1.0,4.5,4.0,,,,,,,,8.0,,,,,,,,,,,,,,,,,,,,,,20.0,,,,,,,,,,,,,
4191,Waku Waku Mango Loop,Glico,1.0,porsi (55 ml),80.0,,,19.0,,0.0,0.0,,,,,,,,,11.0,,,,,,,,,,,,,,,,,,,,,,,,,,,,,,,,,,,
4192,Walens Blueberry,Nissin,,,,,,,,,,,,,,,,,,,,,,,,,,,,,,,,,,,,,,,,,,,,,,,,,,,,,
4193,Walens Cheese Soes,Nissin,,,,,,,,,,,,,,,,,,,,,,,,,,,,,,,,,,,,,,,,,,,,,,,,,,,,,
4194,Walens Choco Soes (15g),Nissin,,,,,,,,,,,,,,,,,,,,,,,,,,,,,,,,,,,,,,,,,,,,,,,,,,,,,
4195,Walens Choco Soes (25g),Nissin,,,,,,,,,,,,,,,,,,,,,,,,,,,,,,,,,,,,,,,,,,,,,,,,,,,,,
4196,Walut,Tango,1.0,potong (15 g),80.0,,,9.0,,1.0,4.0,3.0,,,,,1.0,,,4.0,,,,,,,,,,,,,,,,,,,,,,35.0,50.0,,,,,,,,,,,,
4197,Watermelon,Regen,1.0,serving (230 g),0.0,,,1.0,,0.0,0.0,,,,,,,,,0.0,,,,,,,,,,,,,,,,,,,,,,85.0,,,,,,,,,,,,,
4198,Watermelon Flavour,Pocky,1.0,porsi (36 g),180.0,,,23.0,,2.0,9.0,8.0,,,,,,,,13.0,,,,,,,,,,,,,,,,,,,,,,70.0,,,,,,,,,,,,,
4199,Watermelon Milk,Wonhae,1.0,porsi (250 g),180.0,,,29.0,,5.0,4.0,3.5,,,,,,,,21.0,,,,,,,,,,,,,,,,,,,,,,,,,,,,,,,,,,,
4200,Wavy Rasa Ayam Goreng Bawang,Lay's,,,,,,,,,,,,,,,,,,,,,,,,,,,,,,,,,,,,,,,,,,,,,,,,,,,,,
4201,Weet-Bix,Sanitarium,2.0,biscuits (30 g),110.0,,,24.0,,4.0,0.0,0.0,0.0,0.0,,0.0,3.0,,,1.0,,,,,,,,,,,,,,,,,,,,,,81.0,116.0,,,,,,,,,,,,
4202,Wheat Cracker,Julie's,3.0,pieces (25 g),130.0,,,15.0,,2.0,8.0,3.5,0.0,0.0,,0.0,1.0,,,1.0,,,,,,,,,,,,,,,,,,,,,,150.0,0.0,,,,,,,,,,,,
4203,Wheat Sourdough,De Bakker,1.0,porsi (38 g),110.0,,,20.0,,3.0,2.0,,,,,0.0,2.0,,,0.0,,,,,,,,,,,,,,,,,,,,,,190.0,,,,,,,,,,,,,
4204,Whey,Rimbalife,1.0,scoop (40 g),150.0,,,9.0,,25.0,2.0,1.0,,,,30.0,,,,3.0,,,,,,,,,,,,,,,,,,,,,,60.0,,,,,,,,,,,,,
4205,Whey Blend Pro,The Infinity,4.0,sendok makan (33 g),120.0,,,4.9,,24.0,0.45,,,,,0.0,,,,0.0,,,,,,,,,,,,,,,,,,,,,,75.0,180.0,,,,,,,,,,,,
4206,Whey Concentrate,Fitlife,1.0,porsi (41 g),170.0,,,12.0,,25.0,3.0,1.0,,,,95.0,,,,2.0,,,,,,,,,,,,,,,,,,,,,,90.0,,,,,,,,,,,,,
4207,Whey Isolate Soy,The Infinity,1.0,(38 g),140.0,,,6.0,,28.0,0.5,0.2,0.2,,,,0.0,,,0.0,,,,,,,,,,,,,,,,,,,,,,,,,,,,,,,,,,,
4208,Whey Protein,Kent Protein,,,,,,,,,,,,,,,,,,,,,,,,,,,,,,,,,,,,,,,,,,,,,,,,,,,,,
"4209,Whey Protein,Optimum Nutrition,1.0,""porsi (30,4 g)"",119.0,,,3.0,,24.0,1.0,0.5,,,,,,,,1.0,,,,,,,,,,,,,,,,,,,,,,50.0,,,,,,,,,,,,,"
4210,Whey Protein,PH Nutrition,1.0,scoop (30 g),120.0,,,3.0,,24.0,1.0,0.5,,,,30.0,0.0,,,1.0,,,,,,,,,,,,,,,,,,,,,,120.0,,,,,,,,,,,,,
4211,Whey Protein,R3ACT,1.0,scoop (35 g),133.0,,,3.0,,28.0,1.0,0.5,,,,25.0,2.0,,,1.0,,,,,,,,,,,,,,,,,,,,,,30.0,,,,,,,,,,,,,
4212,Whey Protein,Rimbalife,,,,,,,,,,,,,,,,,,,,,,,,,,,,,,,,,,,,,,,,,,,,,,,,,,,,,
4213,Whey Protein,VECTORLABS,1.0,scoop (45 g),170.0,,,11.0,,25.0,3.0,2.0,,,,5.0,0.0,,,2.0,,,,,,,,,,,,,,,,,,,,,,,,,,,,,,,,,,,
4214,Whey Protein (Chocolate Silk),The Protein Works,100.0,g,397.0,,,10.0,,79.0,6.3,4.0,,,,,,,,7.0,,,,,,,,,,,,,,,,,,,,,,0.0,,,,,,,,,,,,,
4215,Whey Protein Concentrate,Davisco,100.0,g,406.0,,,5.5,,78.0,8.0,5.0,,,,200.0,0.0,,,5.5,,,,,,,,,,,,,,,,,,,,,,140.0,750.0,,,,,,,,,,,,
4216,Whey Protein Concentrate,Fitlife,1.0,scoop (30 g),120.0,,,6.0,,25.0,1.5,1.0,,,,25.0,,,,1.0,,,,,,,,,,,,,,,,,,,,,,50.0,,,,,,,,,,,,,
4217,Whey Protein Isolate,Fitlife,1.0,scoop (30 g),120.0,,,3.0,,30.0,0.0,0.0,0.0,0.0,,10.0,,,,0.0,,,,,,,,,,,,,,,,,,,,,,55.0,,,,,,,,,,,,,
4218,Whey Protein Isolate,GALLANT NUTRITION,1.0,scoop (25 g),95.0,,,0.5,,23.5,0.0,0.0,0.0,0.0,,0.0,0.5,,,0.0,,,,,,,,,,,,,,,,,,,,,,,,,,,,,,,,,,,
"4219,Whey Protein Isolate,Carnivor,1.0,""scoop (36,4 g)"",120.0,,,8.0,,23.0,0.0,0.0,,,,0.0,,,,0.0,,,,,,,,,,,,,,,,,,,,,,370.0,,,,,,,,,,,,,"
4220,Whey Protein Isolate 90,WPI 90,1.0,porsi (30 g),127.0,,,1.0,,27.0,0.9,,,,,5.0,,,,,,,,,,,,,,,,,,,,,,,,,,60.0,80.0,,,,,,,,,,,,
4221,Whey Protein Isolate Choco Malt,Fitlife,1.0,scoop (30 g),120.0,,,3.0,,25.0,0.0,,,,,10.0,,,,,,,,,,,,,,,,,,,,,,,,,,55.0,,,,,,,,,,,,,
4222,Whey Protein Vanilla Ice Cream,Optimum Nutrition,1.0,serving (31 g),126.0,,,4.0,,24.0,1.5,1.0,,,,,,,,1.0,,,,,,,,,,,,,,,,,,,,,,130.0,,,,,,,,,,,,,
4223,Wheygan,Rimbalife,1.0,scoop (35 g),140.0,,,8.0,,22.0,2.0,1.0,,,,0.0,4.0,,,1.0,,,,,,,,,,,,,,,,,,,,,,260.0,20.0,,,,,,,,,,,,
4224,Wheygan Blueberry Muffin,Rimbalife,,,,,,,,,,,,,,,,,,,,,,,,,,,,,,,,,,,,,,,,,,,,,,,,,,,,,
4225,Wheygan Chocolate,Rimbalife,1.0,scoop (35 g),140.0,,,8.0,,22.0,2.0,1.0,,,,0.0,4.0,,,1.0,,,,,,,,,,,,,,,,,,,,,,260.0,,,,,,,,,,,,,
4226,Wheygan Matcha,Rimbalife,,,,,,,,,,,,,,,,,,,,,,,,,,,,,,,,,,,,,,,,,,,,,,,,,,,,,
4227,Wheygan Strawberry,Rimbalife,,,,,,,,,,,,,,,,,,,,,,,,,,,,,,,,,,,,,,,,,,,,,,,,,,,,,
4228,Whip Creme Powder,Ellenka,1.0,serving (20 g),110.0,,,11.0,,1.0,7.0,7.0,,,,,,,,4.0,,,,,,,,,,,,,,,,,,,,,,25.0,,,,,,,,,,,,,
4229,Whipping Cream,Elle & Vire,1.0,porsi (15 g),50.0,,,0.0,,0.0,5.0,0.0,0.0,0.0,,0.0,0.0,,,0.0,,,,,,,,,,,,,,,,,,,,,,0.0,0.0,,,,,,,,,,,,
"4230,White Bread Baguette Large,De Bakker,1.0,""serving (36,5 g)"",121.0,,,23.6,,3.4,1.1,0.2,0.6,0.2,,0.0,0.9,,,,,,,,,,,,,,,,,,,,,,,,,148.0,49.0,,,,,,,,,,,,"
4231,White Brown Sugar,Indocafe,1.0,gelas (21 g),90.0,,,18.0,,1.0,2.0,1.5,,,,0.0,0.0,,,14.0,,,,,,,,,,,,,,,,,,,,,,0.0,0.0,,,,,,,,,,,,
4232,White Chocolate Cream,Bella,1.0,bungkus (10 g),60.0,,,6.0,,0.0,3.5,3.0,0.0,0.0,,0.0,1.0,,,5.0,,,,,,,,,,,,,,,,,,,,,,20.0,0.0,,,,,,,,,,,,
4233,White Coffee,Indocafe,1.0,sachet (12 g),60.0,,,7.0,,1.0,3.5,3.5,,,,,1.0,,,1.0,,,,,,,,,,,,,,,,,,,,,,5.0,,,,,,,,,,,,,
4234,White Coffee,Aik Cheong,1.0,bungkus (38 g),170.0,,,28.0,,2.0,6.0,6.0,,,,0.0,1.0,,,18.0,,,,,,,,,,,,,,,,,,,,,,55.0,214.0,,,,,,,,,,,,
4235,White Coffee Classic,Old Town,1.0,serving (35 g),154.0,,,23.2,,1.1,5.5,5.5,,,,0.0,1.1,,,11.2,,,,,,,,,,,,,,,,,,,,,,47.0,,,,,,,,,,,,,
4236,White Coffee Extra Rich,Old Town,1.0,sachet (35 g),155.0,,,21.5,,2.2,5.1,,,,,,,,,10.9,,,,,,,,,,,,,,,,,,,,,,62.0,,,,,,,,,,,,,
4237,White Coffee Hazelnut,Old Town,1.0,porsi (35 g),154.0,,,22.4,,1.3,5.8,0.0,,,,0.0,,,,10.3,,,,,,,,,,,,,,,,,,,,,,47.0,,,,,,,,,,,,,
4238,White Coffee Less Sugar,Old Town,1.0,porsi (35 g),160.0,,,24.6,,1.0,7.5,6.1,,,,0.0,1.5,,,10.2,,,,,,,,,,,,,,,,,,,,,,71.0,,,,,,,,,,,,,
4239,White Coffee Salted Caramel,Old Town,100.0,g,155.0,,,24.8,,0.9,5.4,,,,,,,,,10.6,,,,,,,,,,,,,,,,,,,,,,121.0,,,,,,,,,,,,,
4240,White Milk Tea,Old Town,1.0,porsi (40 g),185.0,,,30.5,,1.3,6.4,6.1,,,,1.0,0.8,,,19.8,,,,,,,,,,,,,,,,,,,,,,30.0,,,,,,,,,,,,,
4241,Whole Rolled Oats,Quaker,100.0,g,400.0,,,67.5,,12.5,10.0,1.25,,3.75,,0.0,10.0,,,1.3,,,,,,,,,,,,,,,,,,,,,,0.0,,,,,,,,,,,,,
4242,Whole Wheat Bread,De Bakker,1.0,serving (35 g),118.0,,,20.0,,3.0,3.0,0.0,,,,0.0,5.0,,,3.0,,,,,,,,,,,,,,,,,,,,,,140.0,,,,,,,,,,,,,
4243,Whole Wheat Bread,First Wish Bakery,1.0,porsi (70 g),177.0,,,27.0,,6.0,4.0,,,,,,,,,1.0,,,,,,,,,,,,,,,,,,,,,,,,,,,,,,,,,,,
4244,Wholegrain Oat Cereal Bar,Oatside,1.0,bungkus (18 g),90.0,,,11.0,,1.0,4.0,2.5,0.0,0.0,,0.0,2.0,,,6.0,,,,,,,,,,,,,,,,,,,,,,45.0,45.0,,,,,,,,,,,,
4245,Wholegrain Oat Cereal Bar (Chocolate),Oatside,1.0,serving (18 g),90.0,,,12.0,,1.0,3.5,2.5,,,,0.0,2.0,,,6.0,,,,,,,,,,,,,,,,,,,,,,45.0,,,,,,,,,,,,,
4246,Wholegrain Oat Cereal Bar Strawberry White Chocolate,Oatside,1.0,takaran saji. (1 bar) (18 g),90.0,,,12.0,,1.0,3.5,2.0,,,,0.0,1.0,,,5.0,,,,,,,,,,,,,,,,,,,,,,25.0,,,,,,,,,,,,,
4247,Wholegrain Rolled Oats,Oatsy,1.0,porsi (35 g),140.0,,,24.0,,6.0,2.5,0.0,,2.0,,0.0,4.0,,,,,,,,,,,,,,,,,,,,,,,,,,,,,,,,,,,,,,
4248,Wholemeal,Gardenia,100.0,g,249.0,,,43.2,,12.2,2.1,1.0,0.7,0.4,,0.0,7.1,,,,,,,,,,,,,,,,,,,,,,,,,430.0,,,,,,,,,,,,,
4249,Wholemeal Spaghetti,San Remo,1.0,porsi (125 g),452.0,,,77.6,,18.8,4.9,1.0,2.9,1.0,,1.0,15.0,,,3.6,,,,,,,,,,,,,,,,,,,,,,38.0,,,,,,,,,,,,,
4250,Wijen Sangrai,Maestro,1.0,sajian (20 g),70.0,,,6.0,,1.0,4.0,1.5,,,,4.0,,,,4.0,,,,,,,,,,,,,,,,,,,,,,290.0,,,,,,,,,,,,,
4251,Wild Flower,Nakedpress,,,,,,,,,,,,,,,,,,,,,,,,,,,,,,,,,,,,,,,,,,,,,,,,,,,,,
4252,Wild Flower Juice,Nakedpress,,,,,,,,,,,,,,,,,,,,,,,,,,,,,,,,,,,,,,,,,,,,,,,,,,,,,
4253,Wild Harvested Cacao Cashew Nuts,East Bali Cashews,1.0,porsi (35 g),209.0,,,11.5,,6.0,15.5,3.5,,,,0.0,3.5,,,3.0,,,,,,,,,,,,,,,,,,,,,,88.0,,,,,,,,,,,,,
4254,Wild Harvested Cashews,Yava,,,,,,,,,,,,,,,,,,,,,,,,,,,,,,,,,,,,,,,,,,,,,,,,,,,,,
4255,Wild-Harvested Cashews Garlic Pepper,Yava,,,,,,,,,,,,,,,,,,,,,,,,,,,,,,,,,,,,,,,,,,,,,,,,,,,,,
4256,Wincheez Gold,Wincheez,1.0,porsi (30 g),90.0,,,7.0,,1.0,6.0,3.0,,,,,,,,,,,,,,,,,,,,,,,,,,,,,,530.0,,,,,,,,,,,,,
4257,Winter Melon Flavoured Drink,Yeo's,1.0,pack (250 ml),45.0,,,11.0,,0.0,0.0,0.0,,,,,,,,10.0,,,,,,,,,,,,,,,,,,,,,,10.0,,,,,,,,,,,,,
4258,Wippy Cream,Haan,1.0,takaran saji (20 g),100.0,,,14.0,,1.0,4.5,4.0,,,,0.0,1.0,,,9.0,,,,,,,,,,,,,,,,,,,,,,50.0,,,,,,,,,,,,,
4259,Worms,Haribo,1.0,porsi (30 g),110.0,,,25.0,,2.0,0.0,0.0,,,,,,,,14.0,,,,,,,,,,,,,,,,,,,,,,,,,,,,,,,,,,,
4260,Wortel,Lainnya,100.0,gram (g),41.0,,,9.58,,0.93,0.24,0.037,0.117,0.014,,0.0,2.8,,,4.54,,,,,,,,,,,,,,,,,,,,,,69.0,320.0,,,,,,,,,,,,
4261,Wortel,Sayuran,100.0,gram (g),41.0,,,9.58,,0.93,0.24,0.037,0.117,0.014,,0.0,2.8,,,4.54,,,,,,,,,,,,,,,,,,,,,,69.0,320.0,,,,,,,,,,,,
"4262,""Wortel (Padat dan Cair, Kaleng)"",Sayuran,2.0,""mangkok, irisan"",28.0,,,6.61,,0.71,0.17,0.031,0.08,0.007,,0.0,2.2,,,3.03,,,,,,,,,,,,,,,,,,,,,,295.0,213.0,,,,,,,,,,,,"
4263,Wortel Bayi,Sayuran,1.0,sedang,4.0,,,0.82,,0.06,0.01,0.002,0.006,0.001,,0.0,0.2,,,0.48,,,,,,,,,,,,,,,,,,,,,,8.0,24.0,,,,,,,,,,,,
4264,Wortel Dimasak,Sayuran,100.0,gram (g),54.0,,,7.99,,0.74,2.48,0.468,0.778,1.094,,0.0,2.9,,,3.33,,,,,,,,,,,,,,,,,,,,,,306.0,227.0,,,,,,,,,,,,
4265,Wow Spageti Aglio Olio,Wow Spageti,1.0,porsi (75 g),300.0,,,46.0,,11.0,8.0,3.0,,,,,4.0,,,6.0,,,,,,,,,,,,,,,,,,,,,,1160.0,,,,,,,,,,,,,
4266,Xpose Light,Xpose,1.0,botol (450 ml),130.0,,,5.0,,28.0,1.0,,,,,,,,,0.0,,,,,,,,,,,,,,,,,,,,,,,,,,,,,,,,,,,
4267,YA'bar Chocolate,Yava,1.0,(28 g),130.0,,,18.0,,2.0,5.0,3.0,,,,0.0,2.0,,,5.0,,,,,,,,,,,,,,,,,,,,,,45.0,,,,,,,,,,,,,
4268,YA'bar Peanut Caramel Flavor,Yava,,,,,,,,,,,,,,,,,,,,,,,,,,,,,,,,,,,,,,,,,,,,,,,,,,,,,
4269,YA'bites Tropical Fruits,Yava,,,,,,,,,,,,,,,,,,,,,,,,,,,,,,,,,,,,,,,,,,,,,,,,,,,,,
4270,Yakiniku Beef Bowl With Red Grain Rice + Free Karaage,Yellow Fit,,,,,,,,,,,,,,,,,,,,,,,,,,,,,,,,,,,,,,,,,,,,,,,,,,,,,
4271,Yakult,Yakult,100.0,g,72.0,,,16.1,,1.2,0.0,0.0,,,,,0.0,,,13.6,,,,,,,,,,,,,,,,,,,,,,20.0,0.0,,,,,,,,,,,,
4272,Yakult Mangga,Yakult,1.0,serving (65 ml),50.0,,,11.0,,1.0,0.0,,,,,,,,,10.0,,,,,,,,,,,,,,,,,,,,,,10.0,,,,,,,,,,,,,
4273,Yami Yami,Happy Island,,,,,,,,,,,,,,,,,,,,,,,,,,,,,,,,,,,,,,,,,,,,,,,,,,,,,
4274,Yami-Yami,Happy Island,1.0,porsi (20 g),110.0,,,11.0,,2.0,7.0,3.0,,,,,,,,1.0,,,,,,,,,,,,,,,,,,,,,,125.0,,,,,,,,,,,,,
4275,Yangnyeom Chikin,Daily Intake,1.0,porsi (130 g),181.0,,,10.0,,27.3,3.5,,,,,0.0,,,,,,,,,,,,,,,,,,,,,,,,,,,,,,,,,,,,,,,
4276,Yasai Yakimeshi,Zenbu,1.0,serving,659.0,,,100.0,,9.0,23.0,,,,,,,,,,,,,,,,,,,,,,,,,,,,,,,,,,,,,,,,,,,,
4277,Yellow Ube,Whole Chips,,,,,,,,,,,,,,,,,,,,,,,,,,,,,,,,,,,,,,,,,,,,,,,,,,,,,
4278,Yoghurt,Yummy,100.0,g,80.0,,,8.0,,4.0,3.0,,,,,,,,,3.0,,,,,,,,,,,,,,,,,,,,,,75.0,,,,,,,,,,,,,
4279,Yoghurt,Yoyic,1.0,cup (140 ml),120.0,,,22.0,,4.0,2.0,1.0,,,,,,,,14.0,,,,,,,,,,,,,,,,,,,,,,50.0,,,,,,,,,,,,,
4280,Yoghurt Almond Apricot,Go Natural,100.0,g,500.0,,,62.0,,7.0,26.0,,20.0,4.0,,0.0,6.0,,,36.0,,,,,,,,,,,,,,,,,,,,,,35.0,0.0,,,,,,,,,,,,
4281,Yoghurt Natural Plain,Yummy,1.0,porsi (80 g),70.0,,,6.0,,4.0,3.0,,,,,,,,,3.0,,,,,,,,,,,,,,,,,,,,,,45.0,,,,,,,,,,,,,
4282,Yoghurt Rasa Plain,Yummy,1.0,porsi (80 g),70.0,,,6.0,,4.0,3.0,,,,,,,,,3.0,,,,,,,,,,,,,,,,,,,,,,45.0,,,,,,,,,,,,,
4283,Yoghurt Skim Plain,Yummy,1.0,cangkir (80 g),45.0,,,7.0,,4.0,0.0,,,,,,,,,5.0,,,,,,,,,,,,,,,,,,,,,,0.0,,,,,,,,,,,,,
4284,Yoghurt Vanila (Rendah Lemak),Keju & Susu,1.0,mangkok (240 ml),208.0,,,33.81,,12.08,3.06,1.975,0.088,0.84,,12.0,0.0,,,33.81,,,,,,,,,,,,,,,,,,,,,,162.0,537.0,,,,,,,,,,,,
4285,Yogurt,Yoforia,1.0,botol (200 ml),140.0,,,26.0,,3.0,2.5,1.5,,,,4.0,,,,16.0,,,,,,,,,,,,,,,,,,,,,,60.0,,,,,,,,,,,,,
4286,Yogurt,Yoguruto,1.0,box (200 ml),100.0,,,17.0,,4.0,2.0,1.0,,,,4.0,4.0,,,12.0,,,,,,,,,,,,,,,,,,,,,,105.0,0.0,,,,,,,,,,,,
4287,Yogurt,Yakult,1.0,botol (65 ml),50.0,,,11.0,,1.0,0.0,0.0,,,,0.0,,,,11.0,,,,,,,,,,,,,,,,,,,,,,,,,,,,,,,,,,,
4288,Yogurt,Nasional,,,,,,,,,,,,,,,,,,,,,,,,,,,,,,,,,,,,,,,,,,,,,,,,,,,,,
4289,Yogurt,Elle & Vire,100.0,ml),41.0,,,5.9,,3.2,0.1,0.0,,,,,1.6,,,4.6,,,,,,,,,,,,,,,,,,,,,,120.0,,,,,,,,,,,,,
4290,Yogurt,Activia,1.0,cangkir (80 g),80.0,,,12.0,,3.0,2.5,,,,,,,,,10.0,,,,,,,,,,,,,,,,,,,,,,,,,,,,,,,,,,,
4291,Yogurt 0.1% Fat Fraise Strawberry,Elle & Vire,100.0,ml),41.0,,,5.9,,3.2,0.1,,,,,,1.6,,,4.6,,,,,,,,,,,,,,,,,,,,,,120.0,,,,,,,,,,,,,
4292,Yogurt AB,Uni-President,100.0,g,58.0,,,8.4,,3.1,1.3,0.8,,,,,,,,4.6,,,,,,,,,,,,,,,,,,,,,,52.0,,,,,,,,,,,,,
4293,Yogurt Anggur,Nasional,,,,,,,,,,,,,,,,,,,,,,,,,,,,,,,,,,,,,,,,,,,,,,,,,,,,,
4294,Yogurt Blueberry,Yoyic,100.0,g,110.0,,,17.0,,3.0,3.0,2.0,,,,,,,,13.0,,,,,,,,,,,,,,,,,,,,,,40.0,,,,,,,,,,,,,
4295,Yogurt Dressing,Maestro,,,,,,,,,,,,,,,,,,,,,,,,,,,,,,,,,,,,,,,,,,,,,,,,,,,,,
4296,Yogurt Drink,Want Want,,,,,,,,,,,,,,,,,,,,,,,,,,,,,,,,,,,,,,,,,,,,,,,,,,,,,
4297,Yogurt Drink,Yoyic,1.0,porsi (80 ml),70.0,,,12.0,,2.0,1.0,1.0,0.0,0.0,,,,,,11.0,,,,,,,,,,,,,,,,,,,,,,,,,,,,,,,,,,,
4298,Yogurt Drink Mangga,Yoyic,1.0,porsi (80 g),60.0,,,11.0,,2.0,1.0,1.0,,,,0.0,0.0,,,11.0,,,,,,,,,,,,,,,,,,,,,,25.0,,,,,,,,,,,,,
4299,Yogurt Drink Strawberry,Yoguruto,1.0,porsi (200 ml),70.0,,,13.0,,2.0,1.0,1.0,,,,0.0,3.0,,,7.0,,,,,,,,,,,,,,,,,,,,,,105.0,0.0,,,,,,,,,,,,
4300,Yogurt Drink Strawberry Flavor,Yoyic,1.0,porsi (140 ml),120.0,,,22.0,,4.0,2.0,1.0,,,,,,,,14.0,,,,,,,,,,,,,,,,,,,,,,50.0,,,,,,,,,,,,,
4301,Yogurt Gummy,Wonhae,1.0,serving (15 g),60.0,,,13.0,,1.0,0.0,0.0,,,,,,,,7.0,,,,,,,,,,,,,,,,,,,,,,0.0,,,,,,,,,,,,,
4302,Yogurt Original,Indomilk,1.0,serving (70 g),60.0,,,9.0,,2.0,2.0,1.5,0.0,0.5,,10.0,1.0,,,8.0,,,,,,,,,,,,,,,,,,,,,,30.0,0.0,,,,,,,,,,,,
4303,Yogurt Plain,Heavenly Blush,1.0,kotak (200 ml),100.0,,,17.0,,4.0,2.0,1.0,1.0,0.0,,4.0,4.0,,,12.0,,,,,,,,,,,,,,,,,,,,,,0.0,0.0,,,,,,,,,,,,
4304,Yogurt Polos,Keju & Susu,100.0,gram (g),63.0,,,7.04,,5.25,1.55,1.0,0.044,0.426,,6.0,0.0,,,7.04,,,,,,,,,,,,,,,,,,,,,,70.0,234.0,,,,,,,,,,,,
4305,Yogurt Polos (Rendah Lemak ),Keju & Susu,100.0,gram (g),63.0,,,7.04,,5.25,1.55,1.0,0.044,0.426,,6.0,0.0,,,7.04,,,,,,,,,,,,,,,,,,,,,,70.0,234.0,,,,,,,,,,,,
4306,Yogurt Polos Rendah Lemak,Keju & Susu,100.0,gram (g),63.0,,,7.04,,5.25,1.55,1.0,0.044,0.426,,6.0,0.0,,,7.04,,,,,,,,,,,,,,,,,,,,,,70.0,234.0,,,,,,,,,,,,
4307,Yogurt Polos tanpa Lemak,Keju & Susu,100.0,gram (g),56.0,,,7.68,,5.73,0.18,0.116,0.005,0.049,,2.0,0.0,,,7.68,,,,,,,,,,,,,,,,,,,,,,77.0,255.0,,,,,,,,,,,,
4308,Yogurt Strawberry (200ml),Heavenly Blush,1.0,pak (200 ml),100.0,,,17.0,,4.0,2.0,,,,,,3.0,,,13.0,,,,,,,,,,,,,,,,,,,,,,100.0,,,,,,,,,,,,,
4309,Yogurt Stroberi,Nasional,,,,,,,,,,,,,,,,,,,,,,,,,,,,,,,,,,,,,,,,,,,,,,,,,,,,,
4310,Yogurt tanpa Lemak,Lactel,100.0,g,78.0,,,16.2,,3.1,0.1,,,,,3.0,,,,14.0,,,,,,,,,,,,,,,,,,,,,,57.0,117.0,,,,,,,,,,,,
4311,Yoyic,Yoyic,1.0,porsi (200 ml),130.0,,,29.0,,2.0,0.0,0.0,,,,0.0,0.0,,,26.0,,,,,,,,,,,,,,,,,,,,,,30.0,0.0,,,,,,,,,,,,
4312,Yum Yum,Ajinomoto,1.0,porsi (70 g),340.0,,,47.0,,5.0,15.0,7.0,,,,,,,,4.0,,,,,,,,,,,,,,,,,,,,,,1090.0,,,,,,,,,,,,,
4313,Yum Yum Mi Goreng Rasa Ayam Panggang Pedas Thailand,Ajinomoto,1.0,bungkus (70 g),330.0,,,45.0,,5.0,14.0,7.0,,,,,4.0,,,5.0,,,,,,,,,,,,,,,,,,,,,,970.0,,,,,,,,,,,,,
4314,Yum Yum Mi Instan Rasa Tom Yum Udang Kuah Creamy,Ajinomoto,1.0,bungkus (70 g),340.0,,,47.0,,5.0,15.0,7.0,,,,,6.0,,,4.0,,,,,,,,,,,,,,,,,,,,,,1090.0,,,,,,,,,,,,,
4315,Zaitun,Sayuran,100.0,gram (g),117.0,,,5.4,,0.92,11.27,1.493,0.962,8.324,,0.0,3.1,,,0.16,,,,,,,,,,,,,,,,,,,,,,1083.0,18.0,,,,,,,,,,,,
4316,Zaitun Hijau,Sayuran,1.0,10 porsi kecil,42.0,,,1.11,,0.3,4.44,0.588,0.379,3.281,,0.0,1.0,,,0.16,,,,,,,,,,,,,,,,,,,,,,451.0,12.0,,,,,,,,,,,,
"4317,""Zaitun Hijau (Acar, Kaleng atau Botol)"",Sayuran,100.0,gram (g),145.0,,,3.84,,1.03,15.32,2.029,1.307,11.314,,0.0,3.3,,,0.54,,,,,,,,,,,,,,,,,,,,,,1556.0,42.0,,,,,,,,,,,,"
4318,Zaitun Hijau Isi,Sayuran,1.0,10 porsi kecil,44.0,,,1.37,,0.35,4.49,0.595,0.39,3.309,,0.0,1.1,,,0.3,,,,,,,,,,,,,,,,,,,,,,456.0,20.0,,,,,,,,,,,,
4319,Zaitun Hitam,Sayuran,100.0,gram (g),105.0,,,6.06,,0.88,9.54,1.263,0.814,7.043,,0.0,3.0,,,0.0,,,,,,,,,,,,,,,,,,,,,,880.0,8.0,,,,,,,,,,,,
4320,Zoya Mix,Mama Bear,,,,,,,,,,,,,,,,,,,,,,,,,,,,,,,,,,,,,,,,,,,,,,,,,,,,,
